#VRML V2.0 utf8
# 3D model generated by easyeda2kicad.py (https://github.com/uPesy/easyeda2kicad.py)

Shape{
    appearance Appearance {
        material  Material 	{
            diffuseColor 0.6470588235294118 0.5176470588235295 0.0
            specularColor 0.45098039215686275 0.3607843137254902 0.0
            ambientIntensity 0.4973
            transparency 0.0
            shininess 0.5
        }
    }
    geometry IndexedFaceSet {
        ccw TRUE
        solid FALSE
        coord DEF co Coordinate {
            point [
                -1.0079 -3.9586 1.9439, -1.0079 -3.9392 1.9417, -1.0079 -4.0012 1.7961, -1.0079 -3.9584 1.9655, -1.0079 -3.9819 1.9639, -1.0079 -4.0431 1.9631, -1.0079 -3.8915 1.7829, -1.0079 -3.8771 1.798, -1.0079 -3.8414 1.7663, -1.0079 -3.9389 1.765, -1.0079 -3.7406 1.7663, -1.0079 -3.9825 1.9408, -1.0079 -4.0047 1.7981, -1.0079 -4.0047 1.9313, -1.0079 -4.1391 1.8551, -1.0079 -4.1679 1.765, -1.0079 -4.1391 1.8767, -1.0079 -4.1439 1.9415, -1.0079 -4.0695 1.8767, -1.0079 -4.0695 1.9415, -1.0079 -2.8346 2.1063, -1.0079 -3.7406 1.9631, -1.0079 -3.767 1.9631, -1.0079 -3.8687 1.9113, -1.0079 -3.8804 1.9299, -1.0079 -3.8983 1.947, -1.0079 -3.917 1.9577, -1.0079 -3.8414 1.7879, -1.0079 -3.8665 1.8164, -1.0079 -3.767 1.7879, -1.0079 -4.1439 1.9631, -1.0079 -4.1679 2.1063, -1.0079 -3.9389 1.9639, -1.0079 -4.0047 1.9577, -1.0079 -4.0431 1.7663, -1.0079 -4.0047 1.7765, -1.0079 -3.9263 1.7664, -1.0079 -3.9073 1.7729, -1.0079 -3.9245 1.9364, -1.0079 -3.9108 1.9273, -1.0079 -3.899 1.9142, -1.0079 -3.8847 1.8626, -1.0079 -3.8866 1.8413, -1.0079 -3.892 1.8243, -1.0079 -3.9358 1.7875, -1.0079 -3.9542 1.7855, -1.0079 -3.9215 1.7928, -1.0079 -3.9094 1.8009, -1.0079 -3.9001 1.8107, -1.0079 -3.9803 1.7884, -1.0079 -3.8603 1.8375, -1.0079 -3.8582 1.861, -1.0079 -3.8611 1.889, -1.0079 -3.8908 1.899, -1.0079 -3.8856 1.8779, -1.0079 -4.0695 1.8551, -1.0079 -4.0695 1.7879, -1.0079 -4.1487 1.7879, -1.0079 -4.1487 1.7663, -1.0079 -3.9638 1.765, -1.0079 -3.9559 1.7639, -1.0079 -4.1679 1.6732, -1.0079 -3.9505 1.7638, -1.0079 -2.8346 1.765, -1.0079 -2.8346 1.6732, -1.0079 -4.4344 1.9631, -1.0079 -4.4608 1.9631, -1.0079 -4.2407 1.7663, -1.0079 -4.1871 1.7663, -1.0079 -4.1871 1.9631, -1.0079 -4.5088 1.7663, -1.0079 -4.5376 1.7663, -1.0079 -5.4196 1.765, -1.0079 -5.4196 2.1063, -1.0079 -4.2427 1.9631, -1.0079 -4.2711 1.9601, -1.0079 -4.2942 1.952, -1.0079 -4.3156 1.9376, -1.0079 -4.36 1.7663, -1.0079 -4.2883 1.7754, -1.0079 -4.2656 1.7685, -1.0079 -4.3358 1.8203, -1.0079 -4.3247 1.8029, -1.0079 -4.3086 1.7874, -1.0079 -4.3888 1.7663, -1.0079 -4.4076 1.8215, -1.0079 -4.4889 1.8215, -1.0079 -4.3158 1.9374, -1.0079 -4.3297 1.922, -1.0079 -4.3389 1.9048, -1.0079 -4.3442 1.8852, -1.0079 -4.3456 1.8672, -1.0079 -4.3428 1.8408, -1.0079 -3.9837 1.7678, -1.0079 -5.4196 1.6732
            ]
        }
        coordIndex [
            0,1,2,-1,3,4,5,-1,6,7,8,-1,9,8,10,-1,0,2,11,-1,11,2,12,-1,11,12,13,-1,14,15,16,-1,16,15,17,-1,16,17,18,-1,18,17,19,-1,20,21,22,-1,23,24,22,-1,22,24,25,-1,22,25,26,-1,8,7,27,-1,27,7,28,-1,27,28,29,-1,30,31,5,-1,5,31,20,-1,5,20,3,-1,3,20,22,-1,3,22,32,-1,32,22,26,-1,4,33,5,-1,5,33,13,-1,5,13,34,-1,34,13,12,-1,34,12,35,-1,9,36,8,-1,8,36,37,-1,8,37,6,-1,1,38,2,-1,2,38,39,-1,2,39,40,-1,41,42,2,-1,2,42,43,-1,44,45,46,-1,46,45,47,-1,43,48,2,-1,2,48,47,-1,2,47,49,-1,49,47,45,-1,28,50,29,-1,29,50,51,-1,29,51,22,-1,22,51,52,-1,22,52,23,-1,40,53,2,-1,2,53,54,-1,2,54,41,-1,55,56,14,-1,14,56,57,-1,14,57,15,-1,15,57,58,-1,15,58,34,-1,59,60,61,-1,61,60,62,-1,61,62,9,-1,21,20,10,-1,10,20,63,-1,10,63,9,-1,9,63,64,-1,9,64,61,-1,31,65,66,-1,67,68,15,-1,30,17,31,-1,31,17,15,-1,31,15,69,-1,69,15,68,-1,70,15,71,-1,71,15,72,-1,71,72,66,-1,66,72,73,-1,66,73,31,-1,69,74,31,-1,31,74,75,-1,31,75,65,-1,65,75,76,-1,65,76,77,-1,78,79,80,-1,81,82,78,-1,78,82,83,-1,78,83,79,-1,80,67,78,-1,78,67,15,-1,78,15,84,-1,84,15,70,-1,84,70,85,-1,85,70,86,-1,77,87,65,-1,65,87,88,-1,65,88,89,-1,89,90,65,-1,65,90,91,-1,65,91,78,-1,78,91,92,-1,78,92,81,-1,35,93,34,-1,34,93,59,-1,34,59,15,-1,15,59,61,-1,15,61,72,-1,72,61,94,-1,
        ]
    }
}
Shape{
    appearance Appearance {
        material  Material 	{
            diffuseColor 1.0 1.0 1.0
            specularColor 0.30196078431372547 0.30196078431372547 0.30196078431372547
            ambientIntensity 1.0
            transparency 0.0
            shininess 0.5
        }
    }
    geometry IndexedFaceSet {
        ccw TRUE
        solid FALSE
        coord DEF co Coordinate {
            point [
                -1.1654 -1.752 0.1772, -1.1654 -1.752 0.0197, -1.1654 -1.5945 0.0197, -1.1654 -1.7533 0.7575, -1.1654 -1.7572 0.748, -1.1654 -1.7811 0.2152, -1.1654 -1.7635 0.7399, -1.1654 -1.7717 0.7336, -1.1654 -1.5945 3.1299, -1.1654 -1.7717 0.2113, -1.1654 -1.7913 0.7283, -1.1654 -2.3425 0.7283, -1.1654 -2.3425 0.2165, -1.1654 -1.7635 0.205, -1.1654 -1.7572 0.1969, -1.1654 -1.7533 0.1874, -1.1654 -1.752 0.7677, -1.1654 -1.752 3.1299, -1.1654 -1.7811 0.7297, -1.1654 -1.7913 0.2165, -1.1457 -1.7717 0.1772, -0.3976 -1.7717 0.1772, -1.1457 -1.7717 0.0197, -0.3976 -1.7717 0.0197, -0.3583 -1.5748 3.1496, 0.374 -1.5748 3.1496, -0.3583 -1.5748 0.0, 0.374 -1.5748 0.0
            ]
        }
        coordIndex [
            0,1,2,-1,3,4,5,-1,5,4,6,-1,5,6,7,-1,8,5,9,-1,10,11,12,-1,9,13,8,-1,8,13,14,-1,8,14,2,-1,2,14,15,-1,2,15,0,-1,3,5,16,-1,16,5,8,-1,16,8,17,-1,7,18,5,-1,5,18,10,-1,5,10,19,-1,19,10,12,-1,20,21,22,-1,22,21,23,-1,24,25,26,-1,26,25,27,-1,
        ]
    }
}
Shape{
    appearance Appearance {
        material  Material 	{
            diffuseColor 0.6470588235294118 0.5176470588235295 0.0
            specularColor 0.45098039215686275 0.3607843137254902 0.0
            ambientIntensity 0.4973
            transparency 0.0
            shininess 0.5
        }
    }
    geometry IndexedFaceSet {
        ccw TRUE
        solid FALSE
        coord DEF co Coordinate {
            point [
                0.5512 -3.9586 1.9439, 0.5512 -3.9392 1.9417, 0.5512 -4.0012 1.7961, 0.5512 -3.9584 1.9655, 0.5512 -3.9819 1.9639, 0.5512 -4.0431 1.9631, 0.5512 -3.8915 1.7829, 0.5512 -3.8771 1.798, 0.5512 -3.8414 1.7663, 0.5512 -3.9389 1.765, 0.5512 -3.7406 1.7663, 0.5512 -3.9825 1.9408, 0.5512 -4.0047 1.7981, 0.5512 -4.0047 1.9313, 0.5512 -4.1391 1.8551, 0.5512 -4.1679 1.765, 0.5512 -4.1391 1.8767, 0.5512 -4.1439 1.9415, 0.5512 -4.0695 1.8767, 0.5512 -4.0695 1.9415, 0.5512 -2.8346 2.1063, 0.5512 -3.7406 1.9631, 0.5512 -3.767 1.9631, 0.5512 -3.8687 1.9113, 0.5512 -3.8804 1.9299, 0.5512 -3.8983 1.947, 0.5512 -3.917 1.9577, 0.5512 -3.8414 1.7879, 0.5512 -3.8665 1.8164, 0.5512 -3.767 1.7879, 0.5512 -4.1439 1.9631, 0.5512 -4.1679 2.1063, 0.5512 -3.9389 1.9639, 0.5512 -4.0047 1.9577, 0.5512 -4.0431 1.7663, 0.5512 -4.0047 1.7765, 0.5512 -3.9263 1.7664, 0.5512 -3.9073 1.7729, 0.5512 -3.9245 1.9364, 0.5512 -3.9108 1.9273, 0.5512 -3.899 1.9142, 0.5512 -3.8847 1.8626, 0.5512 -3.8866 1.8413, 0.5512 -3.892 1.8243, 0.5512 -3.9358 1.7875, 0.5512 -3.9542 1.7855, 0.5512 -3.9215 1.7928, 0.5512 -3.9094 1.8009, 0.5512 -3.9001 1.8107, 0.5512 -3.9803 1.7884, 0.5512 -3.8603 1.8375, 0.5512 -3.8582 1.861, 0.5512 -3.8611 1.889, 0.5512 -3.8908 1.899, 0.5512 -3.8856 1.8779, 0.5512 -4.0695 1.8551, 0.5512 -4.0695 1.7879, 0.5512 -4.1487 1.7879, 0.5512 -4.1487 1.7663, 0.5512 -3.9638 1.765, 0.5512 -3.9559 1.7639, 0.5512 -4.1679 1.6732, 0.5512 -3.9505 1.7638, 0.5512 -2.8346 1.765, 0.5512 -2.8346 1.6732, 0.5512 -4.4344 1.9631, 0.5512 -4.4608 1.9631, 0.5512 -4.2407 1.7663, 0.5512 -4.1871 1.7663, 0.5512 -4.1871 1.9631, 0.5512 -4.5088 1.7663, 0.5512 -4.5376 1.7663, 0.5512 -5.4196 1.765, 0.5512 -5.4196 2.1063, 0.5512 -4.2427 1.9631, 0.5512 -4.2711 1.9601, 0.5512 -4.2942 1.952, 0.5512 -4.3156 1.9376, 0.5512 -4.36 1.7663, 0.5512 -4.2883 1.7754, 0.5512 -4.2656 1.7685, 0.5512 -4.3358 1.8203, 0.5512 -4.3247 1.8029, 0.5512 -4.3086 1.7874, 0.5512 -4.3888 1.7663, 0.5512 -4.4076 1.8215, 0.5512 -4.4889 1.8215, 0.5512 -4.3158 1.9374, 0.5512 -4.3297 1.922, 0.5512 -4.3389 1.9048, 0.5512 -4.3442 1.8852, 0.5512 -4.3456 1.8672, 0.5512 -4.3428 1.8408, 0.5512 -3.9837 1.7678, 0.5512 -5.4196 1.6732
            ]
        }
        coordIndex [
            0,1,2,-1,3,4,5,-1,6,7,8,-1,9,8,10,-1,0,2,11,-1,11,2,12,-1,11,12,13,-1,14,15,16,-1,16,15,17,-1,16,17,18,-1,18,17,19,-1,20,21,22,-1,23,24,22,-1,22,24,25,-1,22,25,26,-1,8,7,27,-1,27,7,28,-1,27,28,29,-1,30,31,5,-1,5,31,20,-1,5,20,3,-1,3,20,22,-1,3,22,32,-1,32,22,26,-1,4,33,5,-1,5,33,13,-1,5,13,34,-1,34,13,12,-1,34,12,35,-1,9,36,8,-1,8,36,37,-1,8,37,6,-1,1,38,2,-1,2,38,39,-1,2,39,40,-1,41,42,2,-1,2,42,43,-1,44,45,46,-1,46,45,47,-1,43,48,2,-1,2,48,47,-1,2,47,49,-1,49,47,45,-1,28,50,29,-1,29,50,51,-1,29,51,22,-1,22,51,52,-1,22,52,23,-1,40,53,2,-1,2,53,54,-1,2,54,41,-1,55,56,14,-1,14,56,57,-1,14,57,15,-1,15,57,58,-1,15,58,34,-1,59,60,61,-1,61,60,62,-1,61,62,9,-1,21,20,10,-1,10,20,63,-1,10,63,9,-1,9,63,64,-1,9,64,61,-1,31,65,66,-1,67,68,15,-1,30,17,31,-1,31,17,15,-1,31,15,69,-1,69,15,68,-1,70,15,71,-1,71,15,72,-1,71,72,66,-1,66,72,73,-1,66,73,31,-1,69,74,31,-1,31,74,75,-1,31,75,65,-1,65,75,76,-1,65,76,77,-1,78,79,80,-1,81,82,78,-1,78,82,83,-1,78,83,79,-1,80,67,78,-1,78,67,15,-1,78,15,84,-1,84,15,70,-1,84,70,85,-1,85,70,86,-1,77,87,65,-1,65,87,88,-1,65,88,89,-1,89,90,65,-1,65,90,91,-1,65,91,78,-1,78,91,92,-1,78,92,81,-1,35,93,34,-1,34,93,59,-1,34,59,15,-1,15,59,61,-1,15,61,72,-1,72,61,94,-1,
        ]
    }
}
Shape{
    appearance Appearance {
        material  Material 	{
            diffuseColor 1.0 1.0 1.0
            specularColor 0.30196078431372547 0.30196078431372547 0.30196078431372547
            ambientIntensity 1.0
            transparency 0.0
            shininess 0.5
        }
    }
    geometry IndexedFaceSet {
        ccw TRUE
        solid FALSE
        coord DEF co Coordinate {
            point [
                0.3937 -1.752 0.1772, 0.3937 -1.752 0.0197, 0.3937 -1.5945 0.0197, 0.3937 -1.7533 0.7575, 0.3937 -1.7572 0.748, 0.3937 -1.7811 0.2152, 0.3937 -1.7635 0.7399, 0.3937 -1.7717 0.7336, 0.3937 -1.5945 3.1299, 0.3937 -1.7717 0.2113, 0.3937 -1.7913 0.7283, 0.3937 -2.3425 0.7283, 0.3937 -2.3425 0.2165, 0.3937 -1.7635 0.205, 0.3937 -1.7572 0.1969, 0.3937 -1.7533 0.1874, 0.3937 -1.752 0.7677, 0.3937 -1.752 3.1299, 0.3937 -1.7811 0.7297, 0.3937 -1.7913 0.2165, 0.4134 -1.7717 0.1772, 1.1614 -1.7717 0.1772, 0.4134 -1.7717 0.0197, 1.1614 -1.7717 0.0197, 1.4569 -1.5748 3.1449, 1.5591 -1.5748 3.0118, 1.4213 -1.5748 3.1496, 1.4213 -1.5748 0.0, 1.2008 -1.5748 3.1496, 1.2008 -1.5748 0.0, 1.4902 -1.5748 3.1311, 1.5187 -1.5748 3.1092, 1.5544 -1.5748 3.0475, 1.5406 -1.5748 3.0807, 1.5591 -1.5748 0.1378, 1.5544 -1.5748 0.1021, 1.5406 -1.5748 0.0689, 1.5187 -1.5748 0.0404, 1.4902 -1.5748 0.0185, 1.4569 -1.5748 0.0047, 1.5591 -2.8346 0.1378, 1.5591 -2.8346 3.0118, 1.0472 -2.8346 2.6772, 1.0472 -2.8346 3.1496, -0.998 -2.8346 1.6562, -1.0021 -2.8346 1.6593, -1.5591 -2.8346 0.1378, -1.0472 -2.8346 3.1496, -1.5591 -2.8346 3.0118, -1.0472 -2.8346 2.6772, 1.4213 -2.8346 3.1496, 1.5544 -2.8346 3.0475, 1.5406 -2.8346 3.0807, 1.5187 -2.8346 3.1092, 1.4902 -2.8346 3.1311, 1.4569 -2.8346 3.1449, 1.4213 -2.8346 0.0, 1.0039 -2.8346 1.6535, 0.5709 -2.8346 1.6535, -1.4213 -2.8346 3.1496, -1.4569 -2.8346 3.1449, -1.4902 -2.8346 3.1311, -1.5406 -2.8346 0.0689, -1.5187 -2.8346 0.0404, -0.9933 -2.8346 1.6542, -1.4902 -2.8346 0.0185, 0.561 -2.8346 1.6562, 0.5569 -2.8346 1.6593, -0.5381 -2.8346 1.6634, 0.5538 -2.8346 2.1161, 0.5569 -2.8346 2.1202, -0.5361 -2.8346 2.1114, -0.5412 -2.8346 1.6593, -0.5453 -2.8346 1.6562, -1.4213 -2.8346 0.0, -0.55 -2.8346 1.6542, -0.5551 -2.8346 1.6535, -1.5187 -2.8346 3.1092, -1.5406 -2.8346 3.0807, -1.5544 -2.8346 3.0475, -1.5544 -2.8346 0.1021, -0.9882 -2.8346 1.6535, -1.4569 -2.8346 0.0047, 0.5658 -2.8346 1.6542, -1.0052 -2.8346 1.6634, -1.0072 -2.8346 1.6681, -1.0079 -2.8346 1.6732, -1.0079 -2.8346 1.765, -1.0079 -2.8346 2.1063, -1.0072 -2.8346 2.1114, -1.0052 -2.8346 2.1161, -0.55 -2.8346 2.1253, -0.5453 -2.8346 2.1233, -0.5412 -2.8346 2.1202, -0.5381 -2.8346 2.1161, 0.5538 -2.8346 1.6634, 0.5519 -2.8346 1.6681, -0.5361 -2.8346 1.6681, -0.5354 -2.8346 1.6732, 1.0039 -2.8346 2.126, 1.009 -2.8346 2.1253, 0.5709 -2.8346 2.126, -1.0021 -2.8346 2.1202, -0.998 -2.8346 2.1233, -0.9933 -2.8346 2.1253, 0.561 -2.8346 2.1233, 0.5658 -2.8346 2.1253, 1.0138 -2.8346 2.1233, 1.0179 -2.8346 2.1202, 1.021 -2.8346 2.1161, 1.023 -2.8346 2.1114, 1.0236 -2.8346 2.1063, 1.0236 -2.8346 1.6732, 1.023 -2.8346 1.6681, 1.009 -2.8346 1.6542, 1.4569 -2.8346 0.0047, 1.0138 -2.8346 1.6562, 1.4902 -2.8346 0.0185, 1.5187 -2.8346 0.0404, -0.9882 -2.8346 2.126, -0.5551 -2.8346 2.126, 0.5512 -2.8346 1.6732, 0.5512 -2.8346 2.1063, 0.5519 -2.8346 2.1114, 1.021 -2.8346 1.6634, 1.0179 -2.8346 1.6593, 1.5544 -2.8346 0.1021, 1.5406 -2.8346 0.0689, -0.5354 -2.8346 2.1063, -1.5591 -1.5748 0.1378, -1.5591 -1.5748 3.0118, 1.2008 -1.752 0.0, -1.185 -1.5748 0.0, -1.185 -1.752 0.0, -1.4213 -1.5748 0.0, -1.1837 -1.7622 0.0, 0.3793 -1.7717 0.0, 0.3855 -1.7798 0.0, -0.378 -1.7861 0.0, 0.3937 -1.7861 0.0, -0.3874 -1.79 0.0, 0.4134 -1.7913 0.0, 1.1614 -1.7913 0.0, 1.1716 -1.79 0.0, 1.1811 -1.7861 0.0, 1.1893 -1.7798 0.0, 1.1955 -1.7717 0.0, 1.1994 -1.7622 0.0, -1.1798 -1.7717 0.0, -1.1735 -1.7798 0.0, -1.1654 -1.7861 0.0, -1.1559 -1.79 0.0, -1.1457 -1.7913 0.0, -0.3976 -1.7913 0.0, 0.3754 -1.7622 0.0, -0.3698 -1.7798 0.0, -0.3635 -1.7717 0.0, -0.3583 -1.752 0.0, -0.3583 -1.5748 0.0, 0.374 -1.5748 0.0, 0.4032 -1.79 0.0, -0.3596 -1.7622 0.0, 0.374 -1.752 0.0, 0.3855 -1.7798 3.1496, 0.3793 -1.7717 3.1496, -1.4213 -1.5748 3.1496, -1.1798 -1.7717 3.1496, -1.1837 -1.7622 3.1496, -1.185 -1.752 3.1496, -1.185 -1.5748 3.1496, 0.3754 -1.7622 3.1496, 0.374 -1.752 3.1496, 0.374 -1.5748 3.1496, -0.3596 -1.7622 3.1496, -0.3583 -1.752 3.1496, -0.3583 -1.5748 3.1496, -1.0472 -4.4882 3.1496, 1.0472 -4.4882 3.1496, 1.2008 -1.752 3.1496, 1.1994 -1.7622 3.1496, 1.1955 -1.7717 3.1496, 1.1893 -1.7798 3.1496, 0.4134 -1.7913 3.1496, 0.4032 -1.79 3.1496, 0.3937 -1.7861 3.1496, -1.1457 -1.7913 3.1496, -1.1559 -1.79 3.1496, -0.3976 -1.7913 3.1496, -1.1654 -1.7861 3.1496, -1.1735 -1.7798 3.1496, -0.3635 -1.7717 3.1496, -0.3698 -1.7798 3.1496, -0.378 -1.7861 3.1496, -0.3874 -1.79 3.1496, 1.1811 -1.7861 3.1496, 1.1716 -1.79 3.1496, 1.1614 -1.7913 3.1496, -1.4569 -1.5748 3.1449, -1.5187 -1.5748 0.0404, -1.4902 -1.5748 0.0185, -1.4569 -1.5748 0.0047, -1.5544 -1.5748 3.0475, -1.5406 -1.5748 3.0807, -1.5406 -1.5748 0.0689, -1.5544 -1.5748 0.1021, -1.5187 -1.5748 3.1092, -1.4902 -1.5748 3.1311, 1.0472 -4.5276 2.6772, 1.0472 -5.2756 2.9192, 1.0472 -5.2753 2.9172, 1.0472 -5.2746 2.9153, 1.0472 -5.2734 2.9137, 1.0472 -4.4882 3.3465, 1.0472 -5.27 3.1119, 1.0472 -5.2756 3.1044, 1.0472 -5.2718 3.1111, 1.0472 -5.2719 2.9125, 1.0472 -5.2701 2.9117, 1.0472 -5.2734 3.1098, 1.0472 -5.2746 3.1082, 1.0472 -5.2753 3.1064, -1.0472 -5.27 3.1119, -1.0472 -4.4882 3.3465, -1.0472 -4.5276 2.6772, -1.0472 -5.2701 2.9117, -1.0472 -5.2719 2.9125, -1.0472 -5.2734 2.9137, -1.0472 -5.2746 2.9153, -1.0472 -5.2746 3.1082, -1.0472 -5.2734 3.1098, -1.0472 -5.2718 3.1111, -1.0472 -5.2753 2.9172, -1.0472 -5.2756 2.9192, -1.0472 -5.2756 3.1044, -1.0472 -5.2753 3.1064, 1.1614 -1.7717 3.1299, 1.0039 -1.7717 2.126, 0.4134 -1.7717 3.1299, 0.5709 -1.7717 2.126, 0.5658 -1.7717 2.1253, 0.561 -1.7717 2.1233, 0.5569 -1.7717 2.1202, 0.5538 -1.7717 2.1161, 1.0236 -1.7717 2.1063, 1.023 -1.7717 2.1114, 1.021 -1.7717 2.1161, 1.0179 -1.7717 2.1202, 1.0138 -1.7717 2.1233, 1.009 -1.7717 2.1253, 0.5519 -1.7717 1.6681, 0.5538 -1.7717 1.6634, 0.4134 -1.7717 0.7677, 0.5569 -1.7717 1.6593, 0.561 -1.7717 1.6562, 1.0236 -1.7717 1.6732, 1.1614 -1.7717 0.7677, 1.023 -1.7717 1.6681, 0.5519 -1.7717 2.1114, 0.5512 -1.7717 2.1063, 0.5512 -1.7717 1.6732, 1.009 -1.7717 1.6542, 1.0138 -1.7717 1.6562, 1.0179 -1.7717 1.6593, 1.021 -1.7717 1.6634, 0.5658 -1.7717 1.6542, 0.5709 -1.7717 1.6535, 1.0039 -1.7717 1.6535, 1.1811 -1.7811 0.2152, 1.1811 -1.5945 3.1299, 1.1811 -1.7717 0.2113, 1.1811 -1.7635 0.205, 1.1811 -1.7572 0.748, 1.1811 -1.7635 0.7399, 1.1811 -1.7717 0.7336, 1.1811 -1.752 0.0197, 1.1811 -1.752 0.1772, 1.1811 -1.5945 0.0197, 1.1811 -1.7533 0.1874, 1.1811 -1.7572 0.1969, 1.1811 -2.3425 0.2165, 1.1811 -2.3425 0.7283, 1.1811 -1.7913 0.2165, 1.1811 -1.7913 0.7283, 1.1811 -1.7811 0.7297, 1.1811 -1.752 3.1299, 1.1811 -1.752 0.7677, 1.1811 -1.7533 0.7575, 1.1614 -2.3425 0.1969, 1.1614 -1.7913 0.1969, 0.4134 -2.3425 0.1969, 0.4134 -1.7913 0.1969, 0.4134 -2.3425 0.748, 0.4134 -1.7913 0.748, 1.1614 -2.3425 0.748, 1.1614 -1.7913 0.748, 0.4134 -2.3622 0.7283, 1.1614 -2.3622 0.7283, 0.4134 -2.3622 0.2165, 1.1614 -2.3622 0.2165, 0.4098 -2.3461 0.1975, 0.409 -2.3451 0.1975, 0.4049 -2.3474 0.1995, 0.4121 -2.3474 0.1975, 0.4134 -2.3476 0.1975, 0.4108 -2.3469 0.1975, 0.4134 -2.3524 0.1995, 0.4108 -2.352 0.1995, 0.4085 -2.351 0.1995, 0.4064 -2.3495 0.1995, 0.3999 -2.3461 0.2026, 0.4039 -2.3451 0.1995, 0.4085 -2.3438 0.1975, 0.4134 -2.3564 0.2026, 0.4098 -2.356 0.2026, 0.4064 -2.3546 0.2026, 0.4035 -2.3524 0.2026, 0.4013 -2.3495 0.2026, 0.3963 -2.3425 0.2067, 0.3995 -2.3425 0.2026, 0.4035 -2.3425 0.1995, 0.4083 -2.3425 0.1975, 0.4134 -2.3596 0.2067, 0.409 -2.359 0.2067, 0.4049 -2.3573 0.2067, 0.4013 -2.3546 0.2067, 0.3986 -2.351 0.2067, 0.3969 -2.3469 0.2067, 0.3944 -2.3425 0.2114, 0.395 -2.3474 0.2114, 0.3969 -2.352 0.2114, 0.3999 -2.356 0.2114, 0.4039 -2.359 0.2114, 0.4085 -2.3609 0.2114, 0.4134 -2.3615 0.2114, 0.3944 -2.3476 0.2165, 0.3963 -2.3524 0.2165, 0.3995 -2.3564 0.2165, 0.4035 -2.3596 0.2165, 0.4083 -2.3615 0.2165, 0.3944 -1.7913 0.2114, 0.3963 -1.7913 0.2067, 0.3995 -1.7913 0.2026, 0.4035 -1.7913 0.1995, 0.4083 -1.7913 0.1975, 0.4083 -2.3615 0.7283, 0.4035 -2.3596 0.7283, 0.3995 -2.3564 0.7283, 0.3963 -2.3524 0.7283, 0.3944 -2.3476 0.7283, 1.1614 -2.3615 0.2114, 1.1614 -2.3596 0.2067, 1.1614 -2.3564 0.2026, 1.1614 -2.3524 0.1995, 1.1614 -2.3476 0.1975, 0.3944 -1.7825 0.2103, 0.3944 -1.7742 0.2069, 0.3944 -1.7671 0.2014, 0.3944 -1.7617 0.1943, 0.3944 -1.7582 0.186, 0.3944 -1.7571 0.1772, 0.3963 -1.7837 0.2057, 0.3963 -1.7766 0.2027, 0.3963 -1.7705 0.198, 0.3963 -1.7658 0.1919, 0.3963 -1.7628 0.1848, 0.3963 -1.7618 0.1772, 0.3995 -1.7848 0.2018, 0.3995 -1.7786 0.1992, 0.3995 -1.7733 0.1952, 0.3995 -1.7693 0.1899, 0.3995 -1.7668 0.1838, 0.3995 -1.7659 0.1772, 0.4035 -1.7856 0.1987, 0.4035 -1.7802 0.1965, 0.4035 -1.7756 0.193, 0.4035 -1.772 0.1883, 0.4035 -1.7698 0.1829, 0.4035 -1.769 0.1772, 0.4083 -1.7861 0.1968, 0.4083 -1.7812 0.1948, 0.4083 -1.7769 0.1916, 0.4083 -1.7737 0.1873, 0.4083 -1.7717 0.1824, 0.4083 -1.771 0.1772, 0.4134 -1.7862 0.1962, 0.4134 -1.7815 0.1942, 0.4134 -1.7774 0.1911, 0.4134 -1.7743 0.187, 0.4134 -1.7723 0.1823, 0.4085 -2.3609 0.7334, 0.4134 -2.3615 0.7334, 0.409 -2.359 0.7382, 0.4134 -2.3596 0.7382, 0.4064 -2.3546 0.7423, 0.4049 -2.3573 0.7382, 0.4039 -2.359 0.7334, 0.4098 -2.356 0.7423, 0.4134 -2.3564 0.7423, 0.4064 -2.3495 0.7454, 0.4035 -2.3524 0.7423, 0.4013 -2.3546 0.7382, 0.3999 -2.356 0.7334, 0.4108 -2.352 0.7454, 0.4134 -2.3524 0.7454, 0.409 -2.3451 0.7474, 0.4049 -2.3474 0.7454, 0.4013 -2.3495 0.7423, 0.3986 -2.351 0.7382, 0.3969 -2.352 0.7334, 0.4134 -2.3476 0.7474, 0.4121 -2.3474 0.7474, 0.4108 -2.3469 0.7474, 0.4085 -2.351 0.7454, 0.4098 -2.3461 0.7474, 0.4085 -2.3438 0.7474, 0.4039 -2.3451 0.7454, 0.3999 -2.3461 0.7423, 0.3969 -2.3469 0.7382, 0.395 -2.3474 0.7334, 0.4083 -2.3425 0.7474, 0.4035 -2.3425 0.7454, 0.3995 -2.3425 0.7423, 0.3963 -2.3425 0.7382, 0.3944 -2.3425 0.7334, 1.165 -2.3461 0.1975, 1.164 -2.3469 0.1975, 1.1663 -2.351 0.1995, 1.1663 -2.3438 0.1975, 1.1665 -2.3425 0.1975, 1.1658 -2.3451 0.1975, 1.1713 -2.3425 0.1995, 1.1709 -2.3451 0.1995, 1.1699 -2.3474 0.1995, 1.1684 -2.3495 0.1995, 1.165 -2.356 0.2026, 1.164 -2.352 0.1995, 1.1627 -2.3474 0.1975, 1.1753 -2.3425 0.2026, 1.1749 -2.3461 0.2026, 1.1735 -2.3495 0.2026, 1.1713 -2.3524 0.2026, 1.1684 -2.3546 0.2026, 1.1785 -2.3425 0.2067, 1.1779 -2.3469 0.2067, 1.1762 -2.351 0.2067, 1.1735 -2.3546 0.2067, 1.1699 -2.3573 0.2067, 1.1658 -2.359 0.2067, 1.1663 -2.3609 0.2114, 1.1709 -2.359 0.2114, 1.1749 -2.356 0.2114, 1.1779 -2.352 0.2114, 1.1798 -2.3474 0.2114, 1.1804 -2.3425 0.2114, 1.1665 -2.3615 0.2165, 1.1713 -2.3596 0.2165, 1.1753 -2.3564 0.2165, 1.1785 -2.3524 0.2165, 1.1804 -2.3476 0.2165, 1.1665 -1.7913 0.1975, 1.1713 -1.7913 0.1995, 1.1753 -1.7913 0.2026, 1.1785 -1.7913 0.2067, 1.1804 -1.7913 0.2114, 1.1614 -1.7862 0.1962, 1.1614 -1.7815 0.1942, 1.1614 -1.7774 0.1911, 1.1614 -1.7743 0.187, 1.1614 -1.7723 0.1823, 0.3944 -1.7571 0.0197, 0.3963 -1.7618 0.0197, 0.3995 -1.7659 0.0197, 0.4035 -1.769 0.0197, 0.4083 -1.771 0.0197, 0.393 -1.752 0.0146, 0.393 -1.5894 0.0146, 0.3911 -1.752 0.0098, 0.3911 -1.5846 0.0098, 0.3879 -1.752 0.0058, 0.3879 -1.5806 0.0058, 0.386 -1.5789 0.0041, 0.3839 -1.752 0.0026, 0.3839 -1.5774 0.0026, 0.3815 -1.5763 0.0015, 0.3791 -1.752 0.0007, 0.3791 -1.5755 0.0007, 0.3766 -1.575 0.0002, 0.4083 -1.7913 0.7474, 0.4035 -1.7913 0.7454, 0.3995 -1.7913 0.7423, 0.3963 -1.7913 0.7382, 0.3944 -1.7913 0.7334, 1.1614 -2.3615 0.7334, 1.1614 -2.3596 0.7382, 1.1614 -2.3564 0.7423, 1.1614 -2.3524 0.7454, 1.1614 -2.3476 0.7474, 1.1665 -2.3615 0.7283, 1.1713 -2.3596 0.7283, 1.1753 -2.3564 0.7283, 1.1785 -2.3524 0.7283, 1.1804 -2.3476 0.7283, 1.1804 -1.7571 0.1772, 1.1804 -1.7582 0.186, 1.1804 -1.7617 0.1943, 1.1804 -1.7671 0.2014, 1.1804 -1.7742 0.2069, 1.1804 -1.7825 0.2103, 1.1785 -1.7618 0.1772, 1.1785 -1.7628 0.1848, 1.1785 -1.7658 0.1919, 1.1785 -1.7705 0.198, 1.1785 -1.7766 0.2027, 1.1785 -1.7837 0.2057, 1.1753 -1.7659 0.1772, 1.1753 -1.7668 0.1838, 1.1753 -1.7693 0.1899, 1.1753 -1.7733 0.1952, 1.1753 -1.7786 0.1992, 1.1753 -1.7848 0.2018, 1.1713 -1.769 0.1772, 1.1713 -1.7698 0.1829, 1.1713 -1.772 0.1883, 1.1713 -1.7756 0.193, 1.1713 -1.7802 0.1965, 1.1713 -1.7856 0.1987, 1.1665 -1.771 0.1772, 1.1665 -1.7717 0.1824, 1.1665 -1.7737 0.1873, 1.1665 -1.7769 0.1916, 1.1665 -1.7812 0.1948, 1.1665 -1.7861 0.1968, 0.4134 -1.7862 0.0007, 0.4045 -1.7851 0.0007, 0.4134 -1.7815 0.0026, 0.4057 -1.7805 0.0026, 0.4134 -1.7774 0.0058, 0.4068 -1.7766 0.0058, 0.4134 -1.7743 0.0098, 0.4076 -1.7735 0.0098, 0.4134 -1.7723 0.0146, 0.4081 -1.7716 0.0146, 0.3962 -1.7817 0.0007, 0.3986 -1.7775 0.0026, 0.4007 -1.774 0.0058, 0.4022 -1.7713 0.0098, 0.4032 -1.7696 0.0146, 0.3891 -1.7762 0.0007, 0.3925 -1.7728 0.0026, 0.3954 -1.77 0.0058, 0.3976 -1.7678 0.0098, 0.399 -1.7664 0.0146, 0.3837 -1.7691 0.0007, 0.3878 -1.7667 0.0026, 0.3913 -1.7647 0.0058, 0.3941 -1.7631 0.0098, 0.3958 -1.7621 0.0146, 0.3803 -1.7608 0.0007, 0.3849 -1.7596 0.0026, 0.3888 -1.7586 0.0058, 0.3918 -1.7577 0.0098, 0.3937 -1.7572 0.0146, 0.386 -1.5789 3.1455, 0.3879 -1.5806 3.1438, 0.3911 -1.5846 3.1398, 0.393 -1.5894 3.135, 0.3839 -1.5774 3.147, 0.3815 -1.5763 3.1481, 0.3791 -1.5755 3.1489, 0.3766 -1.575 3.1494, 0.3944 -1.7571 0.7677, 0.3944 -1.7582 0.7588, 0.3944 -1.7617 0.7506, 0.3944 -1.7671 0.7435, 0.3944 -1.7742 0.738, 0.3944 -1.7825 0.7346, 0.3963 -1.7618 0.7677, 0.3963 -1.7628 0.7601, 0.3963 -1.7658 0.753, 0.3963 -1.7705 0.7468, 0.3963 -1.7766 0.7421, 0.3963 -1.7837 0.7392, 0.3995 -1.7659 0.7677, 0.3995 -1.7668 0.7611, 0.3995 -1.7693 0.755, 0.3995 -1.7733 0.7497, 0.3995 -1.7786 0.7457, 0.3995 -1.7848 0.7431, 0.4035 -1.769 0.7677, 0.4035 -1.7698 0.7619, 0.4035 -1.772 0.7566, 0.4035 -1.7756 0.7519, 0.4035 -1.7802 0.7484, 0.4035 -1.7856 0.7462, 0.4083 -1.771 0.7677, 0.4083 -1.7717 0.7625, 0.4083 -1.7737 0.7575, 0.4083 -1.7769 0.7533, 0.4083 -1.7812 0.7501, 0.4083 -1.7861 0.7481, 0.4134 -1.7723 0.7626, 0.4134 -1.7743 0.7579, 0.4134 -1.7774 0.7538, 0.4134 -1.7815 0.7507, 0.4134 -1.7862 0.7487, 1.1798 -2.3474 0.7334, 1.1804 -2.3425 0.7334, 1.1779 -2.3469 0.7382, 1.1785 -2.3425 0.7382, 1.1735 -2.3495 0.7423, 1.1762 -2.351 0.7382, 1.1779 -2.352 0.7334, 1.1749 -2.3461 0.7423, 1.1753 -2.3425 0.7423, 1.1684 -2.3495 0.7454, 1.1713 -2.3524 0.7423, 1.1735 -2.3546 0.7382, 1.1749 -2.356 0.7334, 1.1709 -2.3451 0.7454, 1.1713 -2.3425 0.7454, 1.164 -2.3469 0.7474, 1.1663 -2.351 0.7454, 1.1684 -2.3546 0.7423, 1.1699 -2.3573 0.7382, 1.1709 -2.359 0.7334, 1.1665 -2.3425 0.7474, 1.1663 -2.3438 0.7474, 1.1658 -2.3451 0.7474, 1.1699 -2.3474 0.7454, 1.165 -2.3461 0.7474, 1.1627 -2.3474 0.7474, 1.164 -2.352 0.7454, 1.165 -2.356 0.7423, 1.1658 -2.359 0.7382, 1.1663 -2.3609 0.7334, 1.1804 -1.7571 0.0197, 1.1785 -1.7618 0.0197, 1.1753 -1.7659 0.0197, 1.1713 -1.769 0.0197, 1.1665 -1.771 0.0197, 1.1614 -1.7723 0.0146, 1.1614 -1.7743 0.0098, 1.1614 -1.7774 0.0058, 1.1614 -1.7815 0.0026, 1.1614 -1.7862 0.0007, 0.3791 -1.752 3.1489, 0.3839 -1.752 3.147, 0.3879 -1.752 3.1438, 0.3911 -1.752 3.1398, 0.393 -1.752 3.135, 0.3944 -1.7571 3.1299, 0.3963 -1.7618 3.1299, 0.3995 -1.7659 3.1299, 0.4035 -1.769 3.1299, 0.4083 -1.771 3.1299, 1.1614 -1.7862 0.7487, 1.1614 -1.7815 0.7507, 1.1614 -1.7774 0.7538, 1.1614 -1.7743 0.7579, 1.1614 -1.7723 0.7626, 1.1806 -1.7913 0.7327, 1.1804 -1.7913 0.7334, 1.1792 -1.7913 0.7369, 1.1784 -1.7913 0.7381, 1.1768 -1.7913 0.7406, 1.1752 -1.7913 0.7422, 1.1737 -1.7913 0.7437, 1.1712 -1.7913 0.7453, 1.17 -1.7913 0.7461, 1.1665 -1.7913 0.7473, 1.1658 -1.7913 0.7475, 1.1957 -1.752 0.0007, 1.1945 -1.7608 0.0007, 1.1909 -1.752 0.0026, 1.1899 -1.7596 0.0026, 1.1869 -1.752 0.0058, 1.186 -1.7586 0.0058, 1.1837 -1.752 0.0098, 1.183 -1.7577 0.0098, 1.1818 -1.752 0.0146, 1.1811 -1.7572 0.0146, 1.1911 -1.7691 0.0007, 1.187 -1.7667 0.0026, 1.1835 -1.7647 0.0058, 1.1807 -1.7631 0.0098, 1.179 -1.7621 0.0146, 1.1857 -1.7762 0.0007, 1.1823 -1.7728 0.0026, 1.1794 -1.77 0.0058, 1.1772 -1.7678 0.0098, 1.1758 -1.7664 0.0146, 1.1786 -1.7817 0.0007, 1.1762 -1.7775 0.0026, 1.1741 -1.774 0.0058, 1.1726 -1.7713 0.0098, 1.1716 -1.7696 0.0146, 1.1703 -1.7851 0.0007, 1.1691 -1.7805 0.0026, 1.168 -1.7766 0.0058, 1.1672 -1.7735 0.0098, 1.1667 -1.7716 0.0146, 0.3803 -1.7608 3.1489, 0.3849 -1.7596 3.147, 0.3888 -1.7586 3.1438, 0.3918 -1.7577 3.1398, 0.3937 -1.7572 3.135, 0.3837 -1.7691 3.1489, 0.3878 -1.7667 3.147, 0.3913 -1.7647 3.1438, 0.3941 -1.7631 3.1398, 0.3958 -1.7621 3.135, 0.3891 -1.7762 3.1489, 0.3925 -1.7728 3.147, 0.3954 -1.77 3.1438, 0.3976 -1.7678 3.1398, 0.399 -1.7664 3.135, 0.3962 -1.7817 3.1489, 0.3986 -1.7775 3.147, 0.4007 -1.774 3.1438, 0.4022 -1.7713 3.1398, 0.4032 -1.7696 3.135, 0.4045 -1.7851 3.1489, 0.4057 -1.7805 3.147, 0.4068 -1.7766 3.1438, 0.4076 -1.7735 3.1398, 0.4081 -1.7716 3.135, 0.4134 -1.7862 3.1489, 0.4134 -1.7815 3.147, 0.4134 -1.7774 3.1438, 0.4134 -1.7743 3.1398, 0.4134 -1.7723 3.135, 1.1658 -1.7861 0.7482, 1.1665 -1.7709 0.7677, 1.17 -1.7697 0.7677, 1.17 -1.7704 0.7621, 1.17 -1.7857 0.7468, 1.1712 -1.7689 0.7677, 1.1737 -1.7674 0.7677, 1.1737 -1.7682 0.7615, 1.1737 -1.7851 0.7446, 1.1752 -1.7658 0.7677, 1.1768 -1.7642 0.7677, 1.1768 -1.7652 0.7607, 1.1768 -1.7843 0.7415, 1.1784 -1.7618 0.7677, 1.1792 -1.7605 0.7677, 1.1792 -1.7616 0.7597, 1.1792 -1.7834 0.7379, 1.1804 -1.757 0.7677, 1.1806 -1.7563 0.7677, 1.1806 -1.7575 0.7587, 1.1806 -1.7823 0.7339, 1.1806 -1.7738 0.7374, 1.1806 -1.7666 0.743, 1.1806 -1.761 0.7502, 1.1792 -1.7759 0.741, 1.1792 -1.7695 0.7459, 1.1792 -1.7646 0.7523, 1.1768 -1.7778 0.7443, 1.1768 -1.7722 0.7486, 1.1768 -1.7679 0.7542, 1.1737 -1.7793 0.747, 1.1737 -1.7744 0.7508, 1.1737 -1.7706 0.7557, 1.17 -1.7805 0.749, 1.17 -1.776 0.7524, 1.17 -1.7726 0.7569, 1.1658 -1.7812 0.7502, 1.1658 -1.7771 0.7535, 1.1658 -1.7739 0.7576, 1.1658 -1.7718 0.7625, 1.1658 -1.7712 0.7677, 1.1986 -1.5749 0.0001, 1.1964 -1.5753 0.0005, 1.1957 -1.5755 0.0007, 1.1922 -1.5768 0.002, 1.191 -1.5775 0.0027, 1.1838 -1.5847 0.0099, 1.1854 -1.5822 0.0074, 1.187 -1.5807 0.0059, 1.1885 -1.5791 0.0043, 1.1816 -1.5901 0.0153, 1.1818 -1.5894 0.0146, 1.1831 -1.5859 0.0111, 1.1614 -1.7723 3.135, 1.1614 -1.7743 3.1398, 1.1614 -1.7774 3.1438, 1.1614 -1.7815 3.147, 1.1614 -1.7862 3.1489, 1.1804 -1.7571 3.1299, 1.1785 -1.7618 3.1299, 1.1753 -1.7659 3.1299, 1.1713 -1.769 3.1299, 1.1665 -1.771 3.1299, 1.1986 -1.5749 3.1495, 1.1964 -1.5753 3.1491, 1.1943 -1.5759 3.1485, 1.1922 -1.5768 3.1477, 1.1885 -1.5791 3.1453, 1.1854 -1.5822 3.1422, 1.1831 -1.5859 3.1385, 1.1816 -1.5901 3.1343, 1.1964 -1.752 3.149, 1.1945 -1.7608 3.1489, 1.1957 -1.752 3.1489, 1.1923 -1.752 3.1475, 1.1899 -1.7596 3.147, 1.1909 -1.752 3.147, 1.1886 -1.752 3.1452, 1.186 -1.7586 3.1438, 1.1869 -1.752 3.1438, 1.1855 -1.752 3.1421, 1.183 -1.7577 3.1398, 1.1703 -1.7851 3.1489, 1.1691 -1.7805 3.147, 1.168 -1.7766 3.1438, 1.1672 -1.7735 3.1398, 1.1667 -1.7716 3.135, 1.1786 -1.7817 3.1489, 1.1762 -1.7775 3.147, 1.1741 -1.774 3.1438, 1.1726 -1.7713 3.1398, 1.1716 -1.7696 3.135, 1.1857 -1.7762 3.1489, 1.1823 -1.7728 3.147, 1.1794 -1.77 3.1438, 1.1772 -1.7678 3.1398, 1.1758 -1.7664 3.135, 1.1911 -1.7691 3.1489, 1.187 -1.7667 3.147, 1.1835 -1.7647 3.1438, 1.1807 -1.7631 3.1398, 1.179 -1.7621 3.135, 1.1811 -1.7572 3.135, 1.1837 -1.752 3.1398, 1.1832 -1.752 3.1384, 1.1818 -1.752 3.135, 1.1817 -1.752 3.1343
            ]
        }
        coordIndex [
            0,1,2,-1,3,4,5,-1,5,4,6,-1,5,6,7,-1,8,5,9,-1,10,11,12,-1,9,13,8,-1,8,13,14,-1,8,14,2,-1,2,14,15,-1,2,15,0,-1,3,5,16,-1,16,5,8,-1,16,8,17,-1,7,18,5,-1,5,18,10,-1,5,10,19,-1,19,10,12,-1,20,21,22,-1,22,21,23,-1,24,25,26,-1,26,25,27,-1,26,27,28,-1,28,27,29,-1,24,30,25,-1,25,30,31,-1,25,31,32,-1,32,31,33,-1,25,34,27,-1,27,34,35,-1,27,35,36,-1,36,37,27,-1,27,37,38,-1,27,38,39,-1,40,41,42,-1,42,41,43,-1,44,45,46,-1,47,48,49,-1,49,48,46,-1,43,41,50,-1,50,41,51,-1,50,51,52,-1,53,54,52,-1,52,54,55,-1,52,55,50,-1,56,57,58,-1,47,59,48,-1,48,59,60,-1,48,60,61,-1,62,63,64,-1,64,63,65,-1,66,67,68,-1,69,70,71,-1,72,73,74,-1,74,73,75,-1,74,75,76,-1,61,77,48,-1,48,77,78,-1,48,78,79,-1,44,46,64,-1,64,46,80,-1,64,80,62,-1,76,81,74,-1,74,81,64,-1,74,64,82,-1,82,64,65,-1,74,56,72,-1,72,56,58,-1,72,58,68,-1,68,58,83,-1,68,83,66,-1,45,84,46,-1,46,84,85,-1,46,85,86,-1,86,87,46,-1,46,87,88,-1,46,88,49,-1,49,88,89,-1,49,89,90,-1,91,92,70,-1,92,93,70,-1,70,93,94,-1,70,94,71,-1,67,95,68,-1,68,95,96,-1,68,96,97,-1,97,96,98,-1,99,100,42,-1,99,42,101,-1,90,102,49,-1,49,102,103,-1,49,103,104,-1,91,70,49,-1,49,70,105,-1,49,105,42,-1,42,105,106,-1,42,106,101,-1,100,107,42,-1,42,107,108,-1,42,108,109,-1,109,110,42,-1,42,110,111,-1,42,111,40,-1,40,111,112,-1,40,112,113,-1,57,56,114,-1,114,56,115,-1,114,115,116,-1,116,115,117,-1,116,117,118,-1,104,119,49,-1,49,119,120,-1,49,120,91,-1,121,122,71,-1,71,122,123,-1,71,123,69,-1,113,124,40,-1,40,124,125,-1,40,125,126,-1,126,125,116,-1,126,116,127,-1,127,116,118,-1,121,71,96,-1,96,71,128,-1,96,128,98,-1,46,48,129,-1,129,48,130,-1,131,29,27,-1,132,133,134,-1,134,133,135,-1,134,135,74,-1,136,137,138,-1,138,137,139,-1,138,139,140,-1,141,142,56,-1,56,142,143,-1,56,143,144,-1,144,145,56,-1,56,145,146,-1,56,146,27,-1,27,146,147,-1,27,147,131,-1,135,148,74,-1,74,148,149,-1,74,149,150,-1,150,151,74,-1,74,151,152,-1,74,152,153,-1,136,138,154,-1,154,138,155,-1,154,155,156,-1,157,158,159,-1,153,140,74,-1,74,140,139,-1,74,139,56,-1,56,139,160,-1,56,160,141,-1,156,161,154,-1,154,161,157,-1,154,157,162,-1,162,157,159,-1,34,25,40,-1,40,25,41,-1,163,164,43,-1,165,59,166,-1,166,167,165,-1,165,167,168,-1,165,168,169,-1,164,170,47,-1,47,170,171,-1,47,171,172,-1,173,172,174,-1,174,172,175,-1,164,47,43,-1,43,47,176,-1,43,176,177,-1,28,178,26,-1,26,178,179,-1,26,179,50,-1,50,179,180,-1,50,180,181,-1,182,183,43,-1,43,183,184,-1,43,184,163,-1,185,186,59,-1,185,59,187,-1,186,188,59,-1,59,188,189,-1,59,189,166,-1,173,190,172,-1,172,190,191,-1,172,191,47,-1,47,191,192,-1,47,192,59,-1,59,192,193,-1,59,193,187,-1,181,194,50,-1,50,194,195,-1,50,195,43,-1,43,195,196,-1,43,196,182,-1,169,132,134,-1,197,165,130,-1,130,165,169,-1,130,169,129,-1,129,169,134,-1,198,134,199,-1,199,134,200,-1,130,201,202,-1,198,203,134,-1,134,203,204,-1,134,204,129,-1,202,205,130,-1,130,205,206,-1,130,206,197,-1,43,177,42,-1,42,177,207,-1,208,209,177,-1,177,209,210,-1,177,210,211,-1,177,212,208,-1,208,212,213,-1,208,213,214,-1,214,213,215,-1,211,216,177,-1,177,216,217,-1,177,217,207,-1,218,219,215,-1,215,219,220,-1,215,220,214,-1,221,222,176,-1,47,49,176,-1,176,49,223,-1,176,223,224,-1,224,225,176,-1,176,225,226,-1,176,226,227,-1,228,229,230,-1,227,231,176,-1,176,231,232,-1,176,232,221,-1,221,232,233,-1,221,233,230,-1,230,233,234,-1,230,234,228,-1,223,49,207,-1,207,49,42,-1,235,236,237,-1,237,236,238,-1,237,238,239,-1,239,240,237,-1,237,240,241,-1,237,241,242,-1,243,244,235,-1,235,244,245,-1,235,245,246,-1,246,247,235,-1,235,247,248,-1,235,248,236,-1,249,250,251,-1,251,250,252,-1,251,252,253,-1,243,235,254,-1,254,235,255,-1,254,255,256,-1,242,257,237,-1,237,257,258,-1,237,258,251,-1,251,258,259,-1,251,259,249,-1,255,260,261,-1,261,262,255,-1,255,262,263,-1,255,263,256,-1,253,264,251,-1,251,264,265,-1,251,265,255,-1,255,265,266,-1,255,266,260,-1,267,268,269,-1,269,268,270,-1,271,267,272,-1,272,267,273,-1,274,275,276,-1,276,275,277,-1,276,277,268,-1,268,277,278,-1,268,278,270,-1,279,280,281,-1,281,280,282,-1,281,282,267,-1,267,282,283,-1,267,283,273,-1,284,268,285,-1,285,268,267,-1,285,267,286,-1,286,267,271,-1,287,288,289,-1,289,288,290,-1,291,292,293,-1,293,292,294,-1,295,296,297,-1,297,296,298,-1,222,212,176,-1,176,212,177,-1,233,232,214,-1,214,232,208,-1,224,223,217,-1,217,223,207,-1,213,212,221,-1,221,212,222,-1,213,221,230,-1,213,230,215,-1,215,230,229,-1,215,229,218,-1,218,229,228,-1,218,228,219,-1,219,228,234,-1,219,234,220,-1,220,234,233,-1,220,233,214,-1,208,232,231,-1,208,231,209,-1,209,231,227,-1,209,227,210,-1,210,227,226,-1,210,226,211,-1,211,226,225,-1,211,225,216,-1,216,225,224,-1,216,224,217,-1,299,300,301,-1,300,299,289,-1,289,302,303,-1,304,302,289,-1,305,303,306,-1,306,303,302,-1,306,302,307,-1,307,302,304,-1,307,304,308,-1,309,301,310,-1,310,301,300,-1,310,300,311,-1,311,300,289,-1,312,305,313,-1,313,305,306,-1,313,306,314,-1,314,306,307,-1,314,307,315,-1,315,307,308,-1,315,308,316,-1,317,309,318,-1,318,309,310,-1,318,310,319,-1,319,310,311,-1,319,311,320,-1,320,311,289,-1,321,312,322,-1,322,312,313,-1,322,313,323,-1,323,313,314,-1,323,314,324,-1,324,314,315,-1,324,315,325,-1,325,315,316,-1,325,316,326,-1,317,326,309,-1,309,326,316,-1,309,316,301,-1,301,316,308,-1,301,308,299,-1,299,308,304,-1,299,304,289,-1,317,327,326,-1,326,327,328,-1,326,328,325,-1,325,328,329,-1,325,329,324,-1,324,329,330,-1,324,330,323,-1,323,330,331,-1,323,331,322,-1,322,331,332,-1,322,332,321,-1,321,332,333,-1,327,12,328,-1,328,12,334,-1,328,334,329,-1,329,334,335,-1,329,335,330,-1,330,335,336,-1,330,336,331,-1,331,336,337,-1,331,337,332,-1,332,337,338,-1,332,338,333,-1,333,338,297,-1,19,12,339,-1,339,12,327,-1,339,327,340,-1,340,327,317,-1,340,317,341,-1,341,317,318,-1,341,318,342,-1,342,318,319,-1,342,319,343,-1,343,319,320,-1,343,320,290,-1,290,320,289,-1,295,297,344,-1,344,297,338,-1,344,338,345,-1,345,338,337,-1,345,337,346,-1,346,337,336,-1,346,336,347,-1,347,336,335,-1,347,335,348,-1,348,335,334,-1,348,334,11,-1,11,334,12,-1,297,298,333,-1,333,298,349,-1,333,349,321,-1,321,349,350,-1,321,350,312,-1,312,350,351,-1,312,351,305,-1,305,351,352,-1,305,352,303,-1,303,352,353,-1,303,353,289,-1,289,353,287,-1,19,339,5,-1,5,339,354,-1,5,354,9,-1,9,354,355,-1,9,355,13,-1,13,355,356,-1,13,356,14,-1,14,356,357,-1,14,357,15,-1,15,357,358,-1,15,358,0,-1,0,358,359,-1,339,340,354,-1,354,340,360,-1,354,360,355,-1,355,360,361,-1,355,361,356,-1,356,361,362,-1,356,362,357,-1,357,362,363,-1,357,363,358,-1,358,363,364,-1,358,364,359,-1,359,364,365,-1,340,341,360,-1,360,341,366,-1,360,366,361,-1,361,366,367,-1,361,367,362,-1,362,367,368,-1,362,368,363,-1,363,368,369,-1,363,369,364,-1,364,369,370,-1,364,370,365,-1,365,370,371,-1,341,342,366,-1,366,342,372,-1,366,372,367,-1,367,372,373,-1,367,373,368,-1,368,373,374,-1,368,374,369,-1,369,374,375,-1,369,375,370,-1,370,375,376,-1,370,376,371,-1,371,376,377,-1,342,343,372,-1,372,343,378,-1,372,378,373,-1,373,378,379,-1,373,379,374,-1,374,379,380,-1,374,380,375,-1,375,380,381,-1,375,381,376,-1,376,381,382,-1,376,382,377,-1,377,382,383,-1,343,290,378,-1,378,290,384,-1,378,384,379,-1,379,384,385,-1,379,385,380,-1,380,385,386,-1,380,386,381,-1,381,386,387,-1,381,387,382,-1,382,387,388,-1,382,388,383,-1,383,388,20,-1,295,344,389,-1,295,389,390,-1,390,389,391,-1,390,391,392,-1,393,391,394,-1,394,391,389,-1,394,389,395,-1,395,389,344,-1,395,344,345,-1,396,397,392,-1,398,393,399,-1,399,393,394,-1,399,394,400,-1,400,394,395,-1,400,395,401,-1,401,395,345,-1,401,345,346,-1,402,403,397,-1,404,398,405,-1,405,398,399,-1,405,399,406,-1,406,399,400,-1,406,400,407,-1,407,400,401,-1,407,401,408,-1,408,401,346,-1,408,346,347,-1,291,409,410,-1,410,409,403,-1,403,402,410,-1,410,402,411,-1,410,411,291,-1,397,396,402,-1,402,396,412,-1,402,412,411,-1,411,412,413,-1,411,413,291,-1,291,404,414,-1,414,404,405,-1,414,405,415,-1,415,405,406,-1,415,406,416,-1,416,406,407,-1,416,407,417,-1,417,407,408,-1,417,408,418,-1,418,408,347,-1,418,347,348,-1,291,414,419,-1,419,414,415,-1,419,415,420,-1,420,415,416,-1,420,416,421,-1,421,416,417,-1,421,417,422,-1,422,417,418,-1,422,418,423,-1,423,418,348,-1,423,348,11,-1,392,391,396,-1,396,391,393,-1,396,393,412,-1,412,393,398,-1,412,398,413,-1,413,398,404,-1,413,404,291,-1,424,425,426,-1,425,424,287,-1,287,427,428,-1,429,427,287,-1,430,428,431,-1,431,428,427,-1,431,427,432,-1,432,427,429,-1,432,429,433,-1,434,426,435,-1,435,426,425,-1,435,425,436,-1,436,425,287,-1,437,430,438,-1,438,430,431,-1,438,431,439,-1,439,431,432,-1,439,432,440,-1,440,432,433,-1,440,433,441,-1,350,434,351,-1,351,434,435,-1,351,435,352,-1,352,435,436,-1,352,436,353,-1,353,436,287,-1,442,437,443,-1,443,437,438,-1,443,438,444,-1,444,438,439,-1,444,439,445,-1,445,439,440,-1,445,440,446,-1,446,440,441,-1,446,441,447,-1,350,447,434,-1,434,447,441,-1,434,441,426,-1,426,441,433,-1,426,433,424,-1,424,433,429,-1,424,429,287,-1,350,349,447,-1,447,349,448,-1,447,448,446,-1,446,448,449,-1,446,449,445,-1,445,449,450,-1,445,450,444,-1,444,450,451,-1,444,451,443,-1,443,451,452,-1,443,452,442,-1,442,452,453,-1,349,298,448,-1,448,298,454,-1,448,454,449,-1,449,454,455,-1,449,455,450,-1,450,455,456,-1,450,456,451,-1,451,456,457,-1,451,457,452,-1,452,457,458,-1,452,458,453,-1,453,458,279,-1,288,287,459,-1,459,287,428,-1,459,428,460,-1,460,428,430,-1,460,430,461,-1,461,430,437,-1,461,437,462,-1,462,437,442,-1,462,442,463,-1,463,442,453,-1,463,453,281,-1,281,453,279,-1,290,288,464,-1,290,464,384,-1,384,464,465,-1,384,465,385,-1,385,465,466,-1,385,466,386,-1,386,466,467,-1,386,467,387,-1,387,467,468,-1,387,468,388,-1,388,468,21,-1,388,21,20,-1,1,0,469,-1,469,0,359,-1,469,359,470,-1,470,359,365,-1,470,365,471,-1,471,365,371,-1,471,371,472,-1,472,371,377,-1,472,377,473,-1,473,377,383,-1,473,383,22,-1,22,383,20,-1,2,1,474,-1,2,474,475,-1,475,474,476,-1,475,476,477,-1,477,476,478,-1,477,478,479,-1,479,478,480,-1,480,478,481,-1,480,481,482,-1,482,481,483,-1,483,481,484,-1,483,484,485,-1,485,484,486,-1,486,484,162,-1,486,162,159,-1,292,291,487,-1,487,291,419,-1,487,419,488,-1,488,419,420,-1,488,420,489,-1,489,420,421,-1,489,421,490,-1,490,421,422,-1,490,422,491,-1,491,422,423,-1,491,423,10,-1,10,423,11,-1,296,295,492,-1,492,295,390,-1,492,390,493,-1,493,390,392,-1,493,392,494,-1,494,392,397,-1,494,397,495,-1,495,397,403,-1,495,403,496,-1,496,403,409,-1,496,409,293,-1,293,409,291,-1,298,296,454,-1,454,296,497,-1,454,497,455,-1,455,497,498,-1,455,498,456,-1,456,498,499,-1,456,499,457,-1,457,499,500,-1,457,500,458,-1,458,500,501,-1,458,501,279,-1,279,501,280,-1,275,502,277,-1,277,502,503,-1,277,503,278,-1,278,503,504,-1,278,504,270,-1,270,504,505,-1,270,505,269,-1,269,505,506,-1,269,506,267,-1,267,506,507,-1,267,507,281,-1,281,507,463,-1,502,508,503,-1,503,508,509,-1,503,509,504,-1,504,509,510,-1,504,510,505,-1,505,510,511,-1,505,511,506,-1,506,511,512,-1,506,512,507,-1,507,512,513,-1,507,513,463,-1,463,513,462,-1,508,514,509,-1,509,514,515,-1,509,515,510,-1,510,515,516,-1,510,516,511,-1,511,516,517,-1,511,517,512,-1,512,517,518,-1,512,518,513,-1,513,518,519,-1,513,519,462,-1,462,519,461,-1,514,520,515,-1,515,520,521,-1,515,521,516,-1,516,521,522,-1,516,522,517,-1,517,522,523,-1,517,523,518,-1,518,523,524,-1,518,524,519,-1,519,524,525,-1,519,525,461,-1,461,525,460,-1,520,526,521,-1,521,526,527,-1,521,527,522,-1,522,527,528,-1,522,528,523,-1,523,528,529,-1,523,529,524,-1,524,529,530,-1,524,530,525,-1,525,530,531,-1,525,531,460,-1,460,531,459,-1,526,21,527,-1,527,21,468,-1,527,468,528,-1,528,468,467,-1,528,467,529,-1,529,467,466,-1,529,466,530,-1,530,466,465,-1,530,465,531,-1,531,465,464,-1,531,464,459,-1,459,464,288,-1,141,160,532,-1,532,160,533,-1,532,533,534,-1,534,533,535,-1,534,535,536,-1,536,535,537,-1,536,537,538,-1,538,537,539,-1,538,539,540,-1,540,539,541,-1,540,541,22,-1,22,541,473,-1,160,139,533,-1,533,139,542,-1,533,542,535,-1,535,542,543,-1,535,543,537,-1,537,543,544,-1,537,544,539,-1,539,544,545,-1,539,545,541,-1,541,545,546,-1,541,546,473,-1,473,546,472,-1,139,137,542,-1,542,137,547,-1,542,547,543,-1,543,547,548,-1,543,548,544,-1,544,548,549,-1,544,549,545,-1,545,549,550,-1,545,550,546,-1,546,550,551,-1,546,551,472,-1,472,551,471,-1,137,136,547,-1,547,136,552,-1,547,552,548,-1,548,552,553,-1,548,553,549,-1,549,553,554,-1,549,554,550,-1,550,554,555,-1,550,555,551,-1,551,555,556,-1,551,556,471,-1,471,556,470,-1,136,154,552,-1,552,154,557,-1,552,557,553,-1,553,557,558,-1,553,558,554,-1,554,558,559,-1,554,559,555,-1,555,559,560,-1,555,560,556,-1,556,560,561,-1,556,561,470,-1,470,561,469,-1,154,162,557,-1,557,162,484,-1,557,484,558,-1,558,484,481,-1,558,481,559,-1,559,481,478,-1,559,478,560,-1,560,478,476,-1,560,476,561,-1,561,476,474,-1,561,474,469,-1,469,474,1,-1,562,563,479,-1,479,563,564,-1,479,564,477,-1,477,564,565,-1,477,565,475,-1,475,565,8,-1,475,8,2,-1,479,480,562,-1,562,480,482,-1,562,482,566,-1,566,482,483,-1,566,483,567,-1,567,483,485,-1,567,485,568,-1,568,485,486,-1,568,486,569,-1,569,486,159,-1,569,159,172,-1,16,570,3,-1,3,570,571,-1,3,571,4,-1,4,571,572,-1,4,572,6,-1,6,572,573,-1,6,573,7,-1,7,573,574,-1,7,574,18,-1,18,574,575,-1,18,575,10,-1,10,575,491,-1,570,576,571,-1,571,576,577,-1,571,577,572,-1,572,577,578,-1,572,578,573,-1,573,578,579,-1,573,579,574,-1,574,579,580,-1,574,580,575,-1,575,580,581,-1,575,581,491,-1,491,581,490,-1,576,582,577,-1,577,582,583,-1,577,583,578,-1,578,583,584,-1,578,584,579,-1,579,584,585,-1,579,585,580,-1,580,585,586,-1,580,586,581,-1,581,586,587,-1,581,587,490,-1,490,587,489,-1,582,588,583,-1,583,588,589,-1,583,589,584,-1,584,589,590,-1,584,590,585,-1,585,590,591,-1,585,591,586,-1,586,591,592,-1,586,592,587,-1,587,592,593,-1,587,593,489,-1,489,593,488,-1,588,594,589,-1,589,594,595,-1,589,595,590,-1,590,595,596,-1,590,596,591,-1,591,596,597,-1,591,597,592,-1,592,597,598,-1,592,598,593,-1,593,598,599,-1,593,599,488,-1,488,599,487,-1,594,251,595,-1,595,251,600,-1,595,600,596,-1,596,600,601,-1,596,601,597,-1,597,601,602,-1,597,602,598,-1,598,602,603,-1,598,603,599,-1,599,603,604,-1,599,604,487,-1,487,604,292,-1,280,501,605,-1,280,605,606,-1,606,605,607,-1,606,607,608,-1,609,607,610,-1,610,607,605,-1,610,605,611,-1,611,605,501,-1,611,501,500,-1,612,613,608,-1,614,609,615,-1,615,609,610,-1,615,610,616,-1,616,610,611,-1,616,611,617,-1,617,611,500,-1,617,500,499,-1,618,619,613,-1,620,614,621,-1,621,614,615,-1,621,615,622,-1,622,615,616,-1,622,616,623,-1,623,616,617,-1,623,617,624,-1,624,617,499,-1,624,499,498,-1,293,625,626,-1,626,625,619,-1,619,618,626,-1,626,618,627,-1,626,627,293,-1,613,612,618,-1,618,612,628,-1,618,628,627,-1,627,628,629,-1,627,629,293,-1,293,620,630,-1,630,620,621,-1,630,621,631,-1,631,621,622,-1,631,622,632,-1,632,622,623,-1,632,623,633,-1,633,623,624,-1,633,624,634,-1,634,624,498,-1,634,498,497,-1,293,630,496,-1,496,630,631,-1,496,631,495,-1,495,631,632,-1,495,632,494,-1,494,632,633,-1,494,633,493,-1,493,633,634,-1,493,634,492,-1,492,634,497,-1,492,497,296,-1,608,607,612,-1,612,607,609,-1,612,609,628,-1,628,609,614,-1,628,614,629,-1,629,614,620,-1,629,620,293,-1,275,274,502,-1,502,274,635,-1,502,635,508,-1,508,635,636,-1,508,636,514,-1,514,636,637,-1,514,637,520,-1,520,637,638,-1,520,638,526,-1,526,638,639,-1,526,639,21,-1,21,639,23,-1,22,23,640,-1,22,640,540,-1,540,640,641,-1,540,641,538,-1,538,641,642,-1,538,642,536,-1,536,642,643,-1,536,643,534,-1,534,643,644,-1,534,644,532,-1,532,644,142,-1,532,142,141,-1,172,171,569,-1,569,171,645,-1,646,567,645,-1,645,567,568,-1,645,568,569,-1,563,562,646,-1,646,562,566,-1,646,566,567,-1,646,647,563,-1,563,647,648,-1,563,648,564,-1,564,648,649,-1,564,649,565,-1,565,649,17,-1,565,17,8,-1,16,17,570,-1,570,17,650,-1,570,650,576,-1,576,650,651,-1,576,651,582,-1,582,651,652,-1,582,652,588,-1,588,652,653,-1,588,653,594,-1,594,653,654,-1,594,654,251,-1,251,654,237,-1,294,292,604,-1,294,604,655,-1,655,604,603,-1,655,603,656,-1,656,603,602,-1,656,602,657,-1,657,602,601,-1,657,601,658,-1,658,601,600,-1,658,600,659,-1,659,600,251,-1,659,251,255,-1,660,282,280,-1,660,280,661,-1,661,280,606,-1,661,606,662,-1,662,606,663,-1,663,606,608,-1,663,608,664,-1,664,608,665,-1,665,608,613,-1,665,613,666,-1,666,613,619,-1,666,619,667,-1,667,619,668,-1,668,619,625,-1,668,625,669,-1,669,625,670,-1,670,625,293,-1,670,293,294,-1,131,147,671,-1,671,147,672,-1,671,672,673,-1,673,672,674,-1,673,674,675,-1,675,674,676,-1,675,676,677,-1,677,676,678,-1,677,678,679,-1,679,678,680,-1,679,680,274,-1,274,680,635,-1,147,146,672,-1,672,146,681,-1,672,681,674,-1,674,681,682,-1,674,682,676,-1,676,682,683,-1,676,683,678,-1,678,683,684,-1,678,684,680,-1,680,684,685,-1,680,685,635,-1,635,685,636,-1,146,145,681,-1,681,145,686,-1,681,686,682,-1,682,686,687,-1,682,687,683,-1,683,687,688,-1,683,688,684,-1,684,688,689,-1,684,689,685,-1,685,689,690,-1,685,690,636,-1,636,690,637,-1,145,144,686,-1,686,144,691,-1,686,691,687,-1,687,691,692,-1,687,692,688,-1,688,692,693,-1,688,693,689,-1,689,693,694,-1,689,694,690,-1,690,694,695,-1,690,695,637,-1,637,695,638,-1,144,143,691,-1,691,143,696,-1,691,696,692,-1,692,696,697,-1,692,697,693,-1,693,697,698,-1,693,698,694,-1,694,698,699,-1,694,699,695,-1,695,699,700,-1,695,700,638,-1,638,700,639,-1,143,142,696,-1,696,142,644,-1,696,644,697,-1,697,644,643,-1,697,643,698,-1,698,643,642,-1,698,642,699,-1,699,642,641,-1,699,641,700,-1,700,641,640,-1,700,640,639,-1,639,640,23,-1,171,170,645,-1,645,170,701,-1,645,701,646,-1,646,701,702,-1,646,702,647,-1,647,702,703,-1,647,703,648,-1,648,703,704,-1,648,704,649,-1,649,704,705,-1,649,705,17,-1,17,705,650,-1,170,164,701,-1,701,164,706,-1,701,706,702,-1,702,706,707,-1,702,707,703,-1,703,707,708,-1,703,708,704,-1,704,708,709,-1,704,709,705,-1,705,709,710,-1,705,710,650,-1,650,710,651,-1,164,163,706,-1,706,163,711,-1,706,711,707,-1,707,711,712,-1,707,712,708,-1,708,712,713,-1,708,713,709,-1,709,713,714,-1,709,714,710,-1,710,714,715,-1,710,715,651,-1,651,715,652,-1,163,184,711,-1,711,184,716,-1,711,716,712,-1,712,716,717,-1,712,717,713,-1,713,717,718,-1,713,718,714,-1,714,718,719,-1,714,719,715,-1,715,719,720,-1,715,720,652,-1,652,720,653,-1,184,183,716,-1,716,183,721,-1,716,721,717,-1,717,721,722,-1,717,722,718,-1,718,722,723,-1,718,723,719,-1,719,723,724,-1,719,724,720,-1,720,724,725,-1,720,725,653,-1,653,725,654,-1,183,182,721,-1,721,182,726,-1,721,726,722,-1,722,726,727,-1,722,727,723,-1,723,727,728,-1,723,728,724,-1,724,728,729,-1,724,729,725,-1,725,729,730,-1,725,730,654,-1,654,730,237,-1,669,670,731,-1,732,733,734,-1,667,668,735,-1,736,737,738,-1,665,666,739,-1,740,741,742,-1,663,664,743,-1,744,745,746,-1,661,662,747,-1,748,749,750,-1,282,660,283,-1,283,660,751,-1,283,751,273,-1,273,751,752,-1,273,752,272,-1,272,752,753,-1,272,753,271,-1,271,753,754,-1,271,754,286,-1,286,754,750,-1,286,750,285,-1,285,750,749,-1,660,661,751,-1,751,661,747,-1,751,747,752,-1,752,747,755,-1,752,755,753,-1,753,755,756,-1,753,756,754,-1,754,756,757,-1,754,757,750,-1,750,757,746,-1,750,746,748,-1,748,746,745,-1,662,663,747,-1,747,663,743,-1,747,743,755,-1,755,743,758,-1,755,758,756,-1,756,758,759,-1,756,759,757,-1,757,759,760,-1,757,760,746,-1,746,760,742,-1,746,742,744,-1,744,742,741,-1,664,665,743,-1,743,665,739,-1,743,739,758,-1,758,739,761,-1,758,761,759,-1,759,761,762,-1,759,762,760,-1,760,762,763,-1,760,763,742,-1,742,763,738,-1,742,738,740,-1,740,738,737,-1,666,667,739,-1,739,667,735,-1,739,735,761,-1,761,735,764,-1,761,764,762,-1,762,764,765,-1,762,765,763,-1,763,765,766,-1,763,766,738,-1,738,766,734,-1,738,734,736,-1,736,734,733,-1,668,669,735,-1,735,669,731,-1,735,731,764,-1,764,731,767,-1,764,767,765,-1,765,767,768,-1,765,768,766,-1,766,768,769,-1,766,769,734,-1,734,769,770,-1,734,770,732,-1,732,770,771,-1,670,294,731,-1,731,294,655,-1,731,655,767,-1,767,655,656,-1,767,656,768,-1,768,656,657,-1,768,657,769,-1,769,657,658,-1,769,658,770,-1,770,658,659,-1,770,659,771,-1,771,659,255,-1,29,131,772,-1,772,131,773,-1,773,131,774,-1,774,131,671,-1,774,671,775,-1,775,671,673,-1,775,673,776,-1,675,677,777,-1,777,778,675,-1,675,778,779,-1,675,779,673,-1,673,779,780,-1,673,780,776,-1,679,274,276,-1,276,781,679,-1,679,781,782,-1,679,782,677,-1,677,782,783,-1,677,783,777,-1,235,237,730,-1,235,730,784,-1,784,730,729,-1,784,729,785,-1,785,729,728,-1,785,728,786,-1,786,728,727,-1,786,727,787,-1,787,727,726,-1,787,726,788,-1,788,726,182,-1,788,182,196,-1,285,749,284,-1,284,749,789,-1,749,748,789,-1,789,748,745,-1,789,745,790,-1,745,744,790,-1,790,744,741,-1,790,741,791,-1,791,741,740,-1,791,740,792,-1,740,737,792,-1,792,737,736,-1,792,736,793,-1,736,733,793,-1,793,733,732,-1,793,732,235,-1,235,732,771,-1,235,771,255,-1,28,29,794,-1,794,29,772,-1,794,772,795,-1,795,772,773,-1,795,773,796,-1,796,773,774,-1,796,774,797,-1,797,774,775,-1,797,775,798,-1,775,776,798,-1,798,776,780,-1,798,780,799,-1,780,779,799,-1,799,779,778,-1,799,778,800,-1,778,777,800,-1,800,777,783,-1,800,783,801,-1,801,783,782,-1,782,781,801,-1,801,781,276,-1,801,276,268,-1,178,802,179,-1,179,802,803,-1,802,804,803,-1,803,804,805,-1,803,805,806,-1,805,807,806,-1,806,807,808,-1,806,808,809,-1,808,810,809,-1,809,810,811,-1,809,811,812,-1,196,195,788,-1,788,195,813,-1,788,813,787,-1,787,813,814,-1,787,814,786,-1,786,814,815,-1,786,815,785,-1,785,815,816,-1,785,816,784,-1,784,816,817,-1,784,817,235,-1,195,194,813,-1,813,194,818,-1,813,818,814,-1,814,818,819,-1,814,819,815,-1,815,819,820,-1,815,820,816,-1,816,820,821,-1,816,821,817,-1,817,821,822,-1,194,181,818,-1,818,181,823,-1,818,823,819,-1,819,823,824,-1,819,824,820,-1,820,824,825,-1,820,825,821,-1,821,825,826,-1,821,826,822,-1,822,826,827,-1,181,180,823,-1,823,180,828,-1,823,828,824,-1,824,828,829,-1,824,829,825,-1,825,829,830,-1,825,830,826,-1,826,830,831,-1,826,831,827,-1,827,831,832,-1,180,179,828,-1,828,179,803,-1,828,803,829,-1,829,803,806,-1,829,806,830,-1,830,806,809,-1,830,809,831,-1,831,809,812,-1,831,812,832,-1,832,812,833,-1,811,834,812,-1,812,834,835,-1,812,835,833,-1,833,835,836,-1,833,836,837,-1,235,817,793,-1,793,817,822,-1,793,822,792,-1,792,822,827,-1,792,827,791,-1,791,827,832,-1,791,832,790,-1,790,832,833,-1,790,833,789,-1,789,833,837,-1,789,837,284,-1,268,284,837,-1,836,800,837,-1,837,800,801,-1,837,801,268,-1,836,835,800,-1,800,835,834,-1,800,834,799,-1,799,834,811,-1,799,811,798,-1,798,811,810,-1,810,808,798,-1,798,808,807,-1,798,807,797,-1,797,807,805,-1,797,805,796,-1,796,805,804,-1,796,804,795,-1,795,804,802,-1,795,802,794,-1,794,802,178,-1,794,178,28,-1,46,129,204,-1,46,204,80,-1,80,204,203,-1,80,203,62,-1,62,203,198,-1,62,198,63,-1,63,198,199,-1,63,199,65,-1,65,199,200,-1,65,200,82,-1,82,200,134,-1,82,134,74,-1,59,165,197,-1,59,197,60,-1,60,197,206,-1,60,206,61,-1,61,206,205,-1,61,205,77,-1,77,205,202,-1,77,202,78,-1,78,202,201,-1,78,201,79,-1,79,201,130,-1,79,130,48,-1,56,27,39,-1,56,39,115,-1,115,39,38,-1,115,38,117,-1,117,38,37,-1,117,37,118,-1,118,37,36,-1,118,36,127,-1,127,36,35,-1,127,35,126,-1,126,35,34,-1,126,34,40,-1,41,25,32,-1,41,32,51,-1,51,32,33,-1,51,33,52,-1,52,33,31,-1,52,31,53,-1,53,31,30,-1,53,30,54,-1,54,30,24,-1,54,24,55,-1,55,24,26,-1,55,26,50,-1,
        ]
    }
}
Shape{
    appearance Appearance {
        material  Material 	{
            diffuseColor 0.6470588235294118 0.5176470588235295 0.0
            specularColor 0.45098039215686275 0.3607843137254902 0.0
            ambientIntensity 0.4973
            transparency 0.0
            shininess 0.5
        }
    }
    geometry IndexedFaceSet {
        ccw TRUE
        solid FALSE
        coord DEF co Coordinate {
            point [
                1.0039 -0.5906 2.126, 0.5709 -0.5906 2.126, 1.0039 -1.7717 2.126, 0.5709 -1.7717 2.126, 1.0236 -0.5906 1.6732, 1.0236 -0.5906 2.1063, 1.0236 -1.7717 1.6732, 1.0236 -1.7717 2.1063, 0.5709 -0.5906 1.6535, 1.0039 -0.5906 1.6535, 0.5709 -1.7717 1.6535, 1.0039 -1.7717 1.6535, 0.5512 -1.7717 1.6732, 0.5512 -1.7717 2.1063, 0.5512 -0.5906 1.6732, 0.5512 -0.5906 2.1063, 0.5709 -0.4612 2.1158, 1.0039 -0.4612 2.1158, 0.5709 -0.4297 2.1082, 1.0039 -0.4297 2.1082, 0.5709 -0.3351 2.0855, 1.0039 -0.3351 2.0855, 0.5709 -0.2751 2.0607, 1.0039 -0.2751 2.0607, 0.5709 -0.2152 2.0359, 1.0039 -0.2152 2.0359, 0.5709 -0.1322 1.985, 1.0039 -0.1322 1.985, 0.5709 -0.1046 1.9681, 1.0039 -0.1046 1.9681, 0.5709 -0.0059 1.8838, 1.0039 -0.0059 1.8838, 0.5709 0.0783 1.7852, 1.0039 0.0783 1.7852, 0.5709 0.0953 1.7575, 1.0039 0.0953 1.7575, 0.5709 0.1461 1.6746, 1.0039 0.1461 1.6746, 0.5709 0.1709 1.6146, 1.0039 0.1709 1.6146, 0.5709 0.1958 1.5547, 1.0039 0.1958 1.5547, 0.5709 0.2185 1.4601, 1.0039 0.2185 1.4601, 0.5709 0.226 1.4286, 1.0039 0.226 1.4286, 0.5709 0.2362 1.2992, 1.0039 0.2362 1.2992, 1.0236 -0.2259 1.3824, 1.0236 -0.2165 1.2992, 1.0236 0.2165 1.2992, 1.0236 -0.4643 2.0964, 1.0236 -0.5073 1.6639, 1.0236 -0.3411 2.0668, 1.0236 -0.4283 1.6362, 1.0236 -0.2981 1.5324, 1.0236 -0.0199 1.8699, 1.0236 -0.3574 1.5916, 1.0236 -0.1162 1.9522, 1.0236 -0.2241 2.0183, 1.0236 0.2066 1.4255, 1.0236 0.177 1.5486, 1.0236 -0.2536 1.4615, 1.0236 0.1286 1.6656, 1.0236 0.0624 1.7736, 1.0039 -0.5117 1.6447, 0.5709 -0.5117 1.6447, 1.0039 -0.4993 1.6403, 0.5709 -0.4993 1.6403, 1.0039 -0.4368 1.6185, 0.5709 -0.4368 1.6185, 1.0039 -0.4144 1.6044, 0.5709 -0.4144 1.6044, 1.0039 -0.3696 1.5762, 0.5709 -0.3696 1.5762, 1.0039 -0.3416 1.5482, 0.5709 -0.3416 1.5482, 1.0039 -0.3135 1.5201, 0.5709 -0.3135 1.5201, 1.0039 -0.2854 1.4753, 0.5709 -0.2854 1.4753, 1.0039 -0.2713 1.453, 0.5709 -0.2713 1.453, 1.0039 -0.2495 1.3905, 0.5709 -0.2495 1.3905, 1.0039 -0.2451 1.3781, 0.5709 -0.2451 1.3781, 1.0039 -0.2362 1.2992, 0.5709 -0.2362 1.2992, 0.5512 -0.5073 1.6639, 0.5512 0.2165 1.2992, 0.5512 -0.2165 1.2992, 0.5512 0.2066 1.4255, 0.5512 -0.2259 1.3824, 0.5512 0.177 1.5486, 0.5512 -0.2536 1.4615, 0.5512 -0.3574 1.5916, 0.5512 -0.0199 1.8699, 0.5512 -0.2981 1.5324, 0.5512 0.0624 1.7736, 0.5512 0.1286 1.6656, 0.5512 -0.4643 2.0964, 0.5512 -0.3411 2.0668, 0.5512 -0.4283 1.6362, 0.5512 -0.2241 2.0183, 0.5512 -0.1162 1.9522, 0.5709 0.2362 -0.9314, 1.0039 0.2362 -0.9314, 1.0236 -0.2165 -0.9314, 1.0236 0.2165 -0.9314, 0.5709 -0.2362 -0.9314, 1.0039 -0.2362 -0.9314, 0.5512 0.2165 -0.9314, 0.5512 -0.2165 -0.9314, 0.9284 0.141 -1.378, 0.9284 -0.141 -1.378, 0.6464 0.141 -1.378, 0.6464 -0.141 -1.378, 0.5709 -2.8346 1.6535, 1.0039 -2.8346 1.6535, 0.5709 -5.4196 1.6535, 1.0039 -5.4196 1.6535, 1.0236 -2.8346 1.6732, 1.0236 -2.8346 2.1063, 1.0236 -5.4196 1.6732, 1.0236 -5.4196 2.1063, 0.5709 -5.4196 2.126, 1.0039 -5.4196 2.126, 0.5709 -2.8346 2.126, 1.0039 -2.8346 2.126, 0.9284 -5.8661 1.7488, 0.9284 -5.8661 2.0307, 0.6464 -5.8661 1.7488, 0.6464 -5.8661 2.0307, 1.0042 -5.4196 1.6535, 0.9284 -5.8499 1.7294, 0.6464 -5.8499 1.7294, 0.5706 -5.4196 1.6535, 1.0236 -5.4196 2.1066, 0.9477 -5.8499 2.0307, 0.9477 -5.8499 1.7488, 1.0236 -5.4196 1.6729, 0.5512 -5.4196 1.6729, 0.6271 -5.8499 1.7488, 0.5512 -5.4196 1.6732, 0.5512 -5.4196 1.765, 0.5512 -5.4196 2.1063, 0.6271 -5.8499 2.0307, 0.5512 -5.4196 2.1066, 0.5706 -5.4196 2.126, 0.6464 -5.8499 2.0501, 0.9284 -5.8499 2.0501, 1.0042 -5.4196 2.126, 1.0042 0.2362 -0.9314, 0.9284 0.1603 -1.3617, 0.6464 0.1603 -1.3617, 0.5706 0.2362 -0.9314, 0.5512 0.2168 -0.9314, 0.6271 0.141 -1.3617, 0.6271 -0.141 -1.3617, 0.5512 -0.2168 -0.9314, 1.0236 -0.2168 -0.9314, 0.9477 -0.141 -1.3617, 0.9477 0.141 -1.3617, 1.0236 0.2168 -0.9314, 0.5706 -0.2362 -0.9314, 0.6464 -0.1603 -1.3617, 0.9284 -0.1603 -1.3617, 1.0042 -0.2362 -0.9314, 0.5658 -5.42 2.1253, 0.5658 -2.8346 2.1253, 0.5656 -5.42 2.1253, 0.561 -2.8346 2.1233, 0.561 -5.4202 2.1233, 0.5609 -5.4202 2.1233, 0.5569 -2.8346 2.1202, 0.5569 -5.4203 2.1202, 0.5539 -5.4202 2.1162, 0.5538 -2.8346 2.1161, 0.5538 -5.4202 2.1161, 0.5519 -5.42 2.1116, 0.5519 -2.8346 2.1114, 0.5519 -5.42 2.1114, 0.5512 -2.8346 2.1063, 0.5512 -4.1679 2.1063, 1.0229 -5.42 2.1114, 1.023 -2.8346 2.1114, 1.0229 -5.42 2.1116, 1.021 -2.8346 2.1161, 1.021 -5.4202 2.1161, 1.0209 -5.4202 2.1162, 1.0179 -2.8346 2.1202, 1.0179 -5.4203 2.1202, 1.0139 -5.4202 2.1233, 1.0138 -2.8346 2.1233, 1.0138 -5.4202 2.1233, 1.0092 -5.42 2.1253, 1.009 -2.8346 2.1253, 1.009 -5.42 2.1253, 0.6278 -5.8506 2.0353, 0.6278 -5.8506 2.0357, 0.6298 -5.8511 2.0403, 0.6323 -5.8512 2.0434, 0.6329 -5.8512 2.0442, 0.6351 -5.8511 2.0459, 0.6358 -5.8511 2.0465, 0.6369 -5.8511 2.0473, 0.6402 -5.8507 2.0488, 0.6403 -5.8507 2.0488, 0.6415 -5.8506 2.0493, 0.644 -5.8502 2.0497, 0.6454 -5.85 2.0499, 0.9284 -5.8656 2.0353, 0.9284 -5.8541 2.0489, 0.6464 -5.8541 2.0489, 0.9284 -5.8542 2.0488, 0.6464 -5.8542 2.0488, 0.9284 -5.8581 2.0466, 0.6464 -5.8581 2.0466, 0.9284 -5.8582 2.0465, 0.6464 -5.8582 2.0465, 0.9284 -5.8615 2.0434, 0.6464 -5.8615 2.0434, 0.9284 -5.8615 2.0434, 0.6464 -5.8615 2.0434, 0.9284 -5.864 2.0396, 0.6464 -5.864 2.0396, 0.9284 -5.864 2.0396, 0.6464 -5.864 2.0396, 0.9284 -5.8656 2.0353, 0.6464 -5.8656 2.0353, 0.6464 -5.8656 2.0353, 0.9294 -5.85 2.0499, 0.9333 -5.8506 2.0493, 0.9345 -5.8507 2.0488, 0.9308 -5.8502 2.0497, 0.9346 -5.8507 2.0488, 0.9379 -5.8511 2.0473, 0.939 -5.8511 2.0465, 0.9397 -5.8511 2.0459, 0.9419 -5.8512 2.0442, 0.9425 -5.8512 2.0434, 0.945 -5.8511 2.0403, 0.947 -5.8506 2.0357, 0.947 -5.8506 2.0353, 0.5512 -4.1679 1.6732, 0.5512 -2.8346 1.6732, 0.5519 -2.8346 1.6681, 0.5519 -5.42 1.6681, 0.5519 -5.42 1.6679, 0.5538 -2.8346 1.6634, 0.5538 -5.4202 1.6634, 0.5539 -5.4202 1.6633, 0.5569 -2.8346 1.6593, 0.5569 -5.4203 1.6593, 0.5609 -5.4202 1.6562, 0.561 -2.8346 1.6562, 0.561 -5.4202 1.6562, 0.5656 -5.42 1.6543, 0.5658 -2.8346 1.6542, 0.5658 -5.42 1.6542, 0.6284 -5.8542 2.0307, 0.6306 -5.8581 2.0307, 0.631 -5.8578 2.0353, 0.6307 -5.8582 2.0307, 0.6337 -5.8615 2.0307, 0.6341 -5.8611 2.0353, 0.6338 -5.8615 2.0307, 0.6376 -5.864 2.0307, 0.6378 -5.8635 2.0353, 0.6283 -5.8541 2.0307, 0.6288 -5.8539 2.0353, 0.6326 -5.8523 2.0434, 0.6303 -5.8533 2.0396, 0.637 -5.8534 2.0466, 0.6403 -5.851 2.0489, 0.6447 -5.8539 2.0489, 0.6437 -5.8578 2.0466, 0.643 -5.8611 2.0434, 0.6424 -5.8635 2.0396, 0.642 -5.8651 2.0353, 0.6419 -5.8656 2.0307, 0.6419 -5.8656 2.0307, 0.6376 -5.864 2.0307, 0.6385 -5.8621 2.0396, 0.6397 -5.8599 2.0434, 0.6412 -5.8569 2.0466, 0.643 -5.8533 2.0489, 0.6351 -5.8599 2.0396, 0.6367 -5.8579 2.0434, 0.6389 -5.8554 2.0466, 0.6415 -5.8523 2.0489, 0.6323 -5.8569 2.0396, 0.6343 -5.8554 2.0434, 0.9329 -5.8656 2.0307, 0.9329 -5.8656 2.0307, 0.9328 -5.8651 2.0353, 0.9372 -5.864 2.0307, 0.9372 -5.864 2.0307, 0.937 -5.8635 2.0353, 0.941 -5.8615 2.0307, 0.9411 -5.8615 2.0307, 0.9407 -5.8611 2.0353, 0.9441 -5.8582 2.0307, 0.9442 -5.8581 2.0307, 0.9438 -5.8578 2.0353, 0.9464 -5.8542 2.0307, 0.9465 -5.8541 2.0307, 0.946 -5.8539 2.0353, 0.9301 -5.8539 2.0489, 0.9378 -5.8534 2.0466, 0.9345 -5.851 2.0489, 0.9405 -5.8554 2.0434, 0.9422 -5.8523 2.0434, 0.9445 -5.8533 2.0396, 0.9311 -5.8578 2.0466, 0.9319 -5.8611 2.0434, 0.9324 -5.8635 2.0396, 0.9425 -5.8569 2.0396, 0.9397 -5.8599 2.0396, 0.9381 -5.8579 2.0434, 0.9359 -5.8554 2.0466, 0.9333 -5.8523 2.0489, 0.9363 -5.8621 2.0396, 0.9351 -5.8599 2.0434, 0.9336 -5.8569 2.0466, 0.9318 -5.8533 2.0489, 1.009 -5.42 1.6542, 1.009 -2.8346 1.6542, 1.0092 -5.42 1.6543, 1.0138 -2.8346 1.6562, 1.0138 -5.4202 1.6562, 1.0139 -5.4202 1.6562, 1.0179 -2.8346 1.6593, 1.0179 -5.4203 1.6593, 1.0209 -5.4202 1.6633, 1.021 -2.8346 1.6634, 1.021 -5.4202 1.6634, 1.0229 -5.42 1.6679, 1.023 -2.8346 1.6681, 1.0229 -5.42 1.6681, 0.6454 -5.85 1.7296, 0.6415 -5.8506 1.7302, 0.6403 -5.8507 1.7307, 0.644 -5.8502 1.7298, 0.6402 -5.8507 1.7308, 0.6369 -5.8511 1.7322, 0.6358 -5.8511 1.733, 0.6351 -5.8511 1.7336, 0.6329 -5.8512 1.7353, 0.6323 -5.8512 1.7361, 0.6298 -5.8511 1.7393, 0.6278 -5.8506 1.7439, 0.6278 -5.8506 1.7442, 0.6283 -5.8541 1.7488, 0.6284 -5.8542 1.7488, 0.6306 -5.8581 1.7488, 0.6307 -5.8582 1.7488, 0.6337 -5.8615 1.7488, 0.6338 -5.8615 1.7488, 0.6376 -5.864 1.7488, 0.6376 -5.864 1.7488, 0.6419 -5.8656 1.7488, 0.6419 -5.8656 1.7488, 0.9329 -5.8656 1.7488, 0.9465 -5.8541 1.7488, 0.9464 -5.8542 1.7488, 0.9442 -5.8581 1.7488, 0.9441 -5.8582 1.7488, 0.9411 -5.8615 1.7488, 0.941 -5.8615 1.7488, 0.9372 -5.864 1.7488, 0.9372 -5.864 1.7488, 0.9329 -5.8656 1.7488, 0.947 -5.8506 1.7442, 0.947 -5.8506 1.7439, 0.945 -5.8511 1.7393, 0.9425 -5.8512 1.7361, 0.9419 -5.8512 1.7353, 0.9397 -5.8511 1.7336, 0.939 -5.8511 1.733, 0.9379 -5.8511 1.7322, 0.9346 -5.8507 1.7308, 0.9345 -5.8507 1.7307, 0.9333 -5.8506 1.7302, 0.9308 -5.8502 1.7298, 0.9294 -5.85 1.7296, 0.6288 -5.8539 1.7442, 0.631 -5.8578 1.7442, 0.6341 -5.8611 1.7442, 0.6378 -5.8635 1.7442, 0.6447 -5.8539 1.7307, 0.637 -5.8534 1.7329, 0.6403 -5.851 1.7307, 0.6343 -5.8554 1.7361, 0.6326 -5.8523 1.7361, 0.6303 -5.8533 1.7399, 0.642 -5.8651 1.7442, 0.6464 -5.8656 1.7443, 0.6424 -5.8635 1.7399, 0.6464 -5.864 1.74, 0.6464 -5.8656 1.7442, 0.643 -5.8611 1.7361, 0.6464 -5.8615 1.7362, 0.6464 -5.864 1.7399, 0.6323 -5.8569 1.7399, 0.6437 -5.8578 1.7329, 0.6464 -5.8582 1.733, 0.6464 -5.8615 1.7361, 0.6464 -5.8541 1.7307, 0.6464 -5.8542 1.7307, 0.6464 -5.8581 1.7329, 0.6385 -5.8621 1.7399, 0.6397 -5.8599 1.7361, 0.6412 -5.8569 1.7329, 0.643 -5.8533 1.7307, 0.6351 -5.8599 1.7399, 0.6367 -5.8579 1.7361, 0.6389 -5.8554 1.7329, 0.6415 -5.8523 1.7307, 0.946 -5.8539 1.7442, 0.9422 -5.8523 1.7361, 0.9378 -5.8534 1.7329, 0.9345 -5.851 1.7307, 0.9333 -5.8523 1.7307, 0.9318 -5.8533 1.7307, 0.9301 -5.8539 1.7307, 0.9284 -5.8541 1.7307, 0.9438 -5.8578 1.7442, 0.9407 -5.8611 1.7442, 0.937 -5.8635 1.7442, 0.9328 -5.8651 1.7442, 0.9284 -5.8656 1.7443, 0.9445 -5.8533 1.7399, 0.9425 -5.8569 1.7399, 0.9397 -5.8599 1.7399, 0.9363 -5.8621 1.7399, 0.9324 -5.8635 1.7399, 0.9284 -5.8656 1.7442, 0.9284 -5.864 1.74, 0.9284 -5.864 1.7399, 0.9284 -5.8615 1.7362, 0.9319 -5.8611 1.7361, 0.9351 -5.8599 1.7361, 0.9381 -5.8579 1.7361, 0.9405 -5.8554 1.7361, 0.9359 -5.8554 1.7329, 0.9336 -5.8569 1.7329, 0.9311 -5.8578 1.7329, 0.9284 -5.8615 1.7361, 0.9284 -5.8582 1.733, 0.9284 -5.8581 1.7329, 0.9284 -5.8542 1.7307, 0.5658 -1.7717 1.6542, 0.5658 -0.5906 1.6542, 0.561 -1.7717 1.6562, 0.561 -0.5906 1.6562, 0.5569 -1.7717 1.6593, 0.5569 -0.5906 1.6593, 0.5538 -1.7717 1.6634, 0.5538 -0.5906 1.6634, 0.5519 -1.7717 1.6681, 0.5519 -0.5906 1.6681, 1.023 -1.7717 1.6681, 1.023 -0.5906 1.6681, 1.021 -1.7717 1.6634, 1.021 -0.5906 1.6634, 1.0179 -1.7717 1.6593, 1.0179 -0.5906 1.6593, 1.0138 -1.7717 1.6562, 1.0138 -0.5906 1.6562, 1.009 -1.7717 1.6542, 1.009 -0.5906 1.6542, 0.5519 -0.2216 1.2992, 0.5519 -0.2309 1.3813, 0.5538 -0.2264 1.2992, 0.5538 -0.2355 1.3803, 0.5569 -0.2305 1.2992, 0.5569 -0.2395 1.3793, 0.561 -0.2336 1.2992, 0.561 -0.2425 1.3786, 0.5658 -0.2355 1.2992, 0.5658 -0.2444 1.3782, 0.5658 -0.2707 1.4532, 0.5658 -0.313 1.5206, 0.5658 -0.3692 1.5768, 0.5658 -0.4365 1.6191, 0.5658 -0.5116 1.6453, 0.561 -0.2689 1.4541, 0.561 -0.3115 1.5218, 0.561 -0.368 1.5783, 0.561 -0.4357 1.6208, 0.561 -0.5111 1.6472, 0.5569 -0.2661 1.4555, 0.5569 -0.309 1.5237, 0.5569 -0.366 1.5808, 0.5569 -0.4343 1.6237, 0.5569 -0.5104 1.6503, 0.5538 -0.2624 1.4572, 0.5538 -0.3058 1.5263, 0.5538 -0.3635 1.5839, 0.5538 -0.4325 1.6273, 0.5538 -0.5095 1.6543, 0.5519 -0.2582 1.4593, 0.5519 -0.3021 1.5292, 0.5519 -0.3605 1.5876, 0.5519 -0.4305 1.6316, 0.5519 -0.5085 1.6589, 1.023 -0.5085 1.6589, 1.021 -0.5095 1.6543, 1.0179 -0.5104 1.6503, 1.0138 -0.5111 1.6472, 1.009 -0.5116 1.6453, 1.009 -0.4365 1.6191, 1.009 -0.313 1.5206, 1.009 -0.3692 1.5768, 1.009 -0.2707 1.4532, 1.009 -0.2444 1.3782, 1.009 -0.2355 1.2992, 1.0138 -0.4357 1.6208, 1.0138 -0.368 1.5783, 1.0138 -0.3115 1.5218, 1.0138 -0.2689 1.4541, 1.0138 -0.2425 1.3786, 1.0138 -0.2336 1.2992, 1.0179 -0.4343 1.6237, 1.0179 -0.366 1.5808, 1.0179 -0.309 1.5237, 1.0179 -0.2661 1.4555, 1.0179 -0.2395 1.3793, 1.0179 -0.2305 1.2992, 1.021 -0.4325 1.6273, 1.021 -0.3635 1.5839, 1.021 -0.3058 1.5263, 1.021 -0.2624 1.4572, 1.021 -0.2355 1.3803, 1.021 -0.2264 1.2992, 1.023 -0.4305 1.6316, 1.023 -0.3605 1.5876, 1.023 -0.3021 1.5292, 1.023 -0.2582 1.4593, 1.023 -0.2309 1.3813, 1.023 -0.2216 1.2992, 0.5519 -1.7717 2.1114, 0.5519 -0.5906 2.1114, 0.5538 -1.7717 2.1161, 0.5538 -0.5906 2.1161, 0.5569 -1.7717 2.1202, 0.5569 -0.5906 2.1202, 0.561 -1.7717 2.1233, 0.561 -0.5906 2.1233, 0.5658 -1.7717 2.1253, 0.5658 -0.5906 2.1253, 0.5658 -0.2355 -0.9318, 0.5656 -0.2355 -0.9318, 0.561 -0.2336 -0.932, 0.5609 -0.2335 -0.932, 0.5569 -0.2305 -0.9321, 0.5539 -0.2265 -0.932, 0.5538 -0.2264 -0.932, 0.5519 -0.2218 -0.9318, 0.5519 -0.2216 -0.9318, 1.0229 -0.2216 -0.9318, 1.0229 -0.2218 -0.9318, 1.021 -0.2264 -0.932, 1.0209 -0.2265 -0.932, 1.0179 -0.2305 -0.9321, 1.0139 -0.2335 -0.932, 1.0138 -0.2336 -0.932, 1.0092 -0.2355 -0.9318, 1.009 -0.2355 -0.9318, 1.009 -1.7717 2.1253, 1.009 -0.5906 2.1253, 1.0138 -1.7717 2.1233, 1.0138 -0.5906 2.1233, 1.0179 -1.7717 2.1202, 1.0179 -0.5906 2.1202, 1.021 -1.7717 2.1161, 1.021 -0.5906 2.1161, 1.023 -1.7717 2.1114, 1.023 -0.5906 2.1114, 0.5658 -0.3353 2.0849, 0.5658 -0.2155 2.0353, 0.5658 -0.105 1.9675, 0.5658 0.1455 1.6743, 0.5658 0.1951 1.5545, 0.5658 0.2254 1.4284, 0.5518 0.2209 1.2992, 0.5519 0.2116 1.4263, 0.5519 0.2216 1.2992, 0.5533 0.225 1.2992, 0.5538 0.2163 1.427, 0.5538 0.2264 1.2992, 0.5556 0.2287 1.2992, 0.5569 0.2203 1.4276, 0.5569 0.2305 1.2992, 0.5587 0.2318 1.2992, 0.561 0.2234 1.4281, 0.561 0.2336 1.2992, 0.5624 0.2341 1.2992, 0.5658 0.2356 1.2992, 0.5665 0.2356 1.2992, 0.5519 0.1819 1.5502, 0.5538 0.1864 1.5517, 0.5569 0.1903 1.5529, 0.561 0.1932 1.5539, 0.5519 0.1331 1.6679, 0.5538 0.1373 1.6701, 0.5569 0.141 1.6719, 0.561 0.1438 1.6734, 0.5658 0.0778 1.7848, 0.561 0.0762 1.7836, 0.5569 0.0737 1.7818, 0.5538 0.0704 1.7794, 0.5519 0.0665 1.7766, 0.5519 -0.0163 1.8735, 0.5538 -0.0129 1.8769, 0.5569 -0.01 1.8798, 0.561 -0.0078 1.882, 0.5658 -0.0064 1.8834, 0.5519 -0.1132 1.9563, 0.5538 -0.1104 1.9601, 0.5569 -0.108 1.9634, 0.561 -0.1061 1.966, 0.5519 -0.2218 2.0229, 0.5538 -0.2197 2.0271, 0.5569 -0.2178 2.0307, 0.561 -0.2164 2.0335, 0.561 -0.3359 2.083, 0.5569 -0.3368 2.08, 0.5538 -0.3381 2.0762, 0.5519 -0.3396 2.0716, 0.5658 -0.4613 2.1151, 0.561 -0.4616 2.1132, 0.5569 -0.4621 2.1101, 0.5538 -0.4628 2.1061, 0.5519 -0.4635 2.1014, 0.6278 -0.1459 -1.3624, 0.6279 -0.1459 -1.3624, 0.6298 -0.1505 -1.3629, 0.6299 -0.1505 -1.3629, 0.6329 -0.1545 -1.363, 0.6369 -0.1575 -1.3629, 0.6369 -0.1576 -1.3629, 0.6415 -0.1595 -1.3624, 0.6415 -0.1596 -1.3624, 0.9284 -0.1455 -1.3774, 0.9284 -0.1591 -1.3659, 0.6464 -0.1591 -1.3659, 0.9284 -0.159 -1.3661, 0.6464 -0.159 -1.3661, 0.9284 -0.1568 -1.3699, 0.6464 -0.1568 -1.3699, 0.9284 -0.1567 -1.37, 0.6464 -0.1567 -1.37, 0.9284 -0.1537 -1.3733, 0.6464 -0.1537 -1.3733, 0.9284 -0.1536 -1.3733, 0.6464 -0.1536 -1.3733, 0.9284 -0.1498 -1.3758, 0.6464 -0.1498 -1.3758, 0.9284 -0.1498 -1.3758, 0.6464 -0.1498 -1.3758, 0.9284 -0.1455 -1.3774, 0.6464 -0.1455 -1.3774, 0.6464 -0.1455 -1.3774, 0.9333 -0.1596 -1.3624, 0.9333 -0.1595 -1.3624, 0.9379 -0.1576 -1.3629, 0.9379 -0.1575 -1.3629, 0.9419 -0.1545 -1.363, 0.9449 -0.1505 -1.3629, 0.945 -0.1505 -1.3629, 0.9469 -0.1459 -1.3624, 0.947 -0.1459 -1.3624, 1.009 0.1951 1.5545, 1.009 0.1455 1.6743, 1.009 0.0778 1.7848, 1.009 -0.2155 2.0353, 1.009 -0.3353 2.0849, 1.009 -0.4613 2.1151, 1.023 -0.4635 2.1014, 1.021 -0.4628 2.1061, 1.0179 -0.4621 2.1101, 1.0138 -0.4616 2.1132, 1.023 -0.3396 2.0716, 1.021 -0.3381 2.0762, 1.0179 -0.3368 2.08, 1.0138 -0.3359 2.083, 1.023 -0.2218 2.0229, 1.021 -0.2197 2.0271, 1.0179 -0.2178 2.0307, 1.0138 -0.2164 2.0335, 1.009 -0.105 1.9675, 1.0138 -0.1061 1.966, 1.0179 -0.108 1.9634, 1.021 -0.1104 1.9601, 1.023 -0.1132 1.9563, 1.023 -0.0163 1.8735, 1.021 -0.0129 1.8769, 1.0179 -0.01 1.8798, 1.0138 -0.0078 1.882, 1.009 -0.0064 1.8834, 1.023 0.0665 1.7766, 1.021 0.0704 1.7794, 1.0179 0.0737 1.7818, 1.0138 0.0762 1.7836, 1.023 0.1331 1.6679, 1.021 0.1373 1.6701, 1.0179 0.141 1.6719, 1.0138 0.1438 1.6734, 1.023 0.1819 1.5502, 1.021 0.1864 1.5517, 1.0179 0.1903 1.5529, 1.0138 0.1932 1.5539, 1.009 0.2254 1.4284, 1.0138 0.2234 1.4281, 1.0179 0.2203 1.4276, 1.021 0.2163 1.427, 1.023 0.2116 1.4263, 1.023 0.2216 1.2992, 1.021 0.2264 1.2992, 1.0179 0.2305 1.2992, 1.0138 0.2336 1.2992, 1.009 0.2356 1.2992, 0.5665 0.2356 -0.9317, 0.5656 0.2355 -0.9318, 0.5624 0.2341 -0.9319, 0.5609 0.2335 -0.932, 0.5587 0.2318 -0.9321, 0.5569 0.2305 -0.9321, 0.5556 0.2287 -0.9321, 0.5539 0.2265 -0.932, 0.5533 0.225 -0.9319, 0.5519 0.2218 -0.9318, 0.5518 0.2209 -0.9317, 0.6419 -0.141 -1.3774, 0.642 -0.1421 -1.3774, 0.6441 -0.1495 -1.3758, 0.6431 -0.1532 -1.3733, 0.6423 -0.1563 -1.3699, 0.6417 -0.1585 -1.3659, 0.6374 -0.1567 -1.3659, 0.6283 -0.141 -1.3659, 0.6289 -0.1457 -1.3659, 0.6284 -0.141 -1.3661, 0.6311 -0.1451 -1.3699, 0.6385 -0.1547 -1.3699, 0.6336 -0.1538 -1.3659, 0.6306 -0.141 -1.3699, 0.6307 -0.141 -1.37, 0.6342 -0.1443 -1.3733, 0.6401 -0.152 -1.3733, 0.6352 -0.1522 -1.3699, 0.6337 -0.141 -1.3733, 0.6338 -0.141 -1.3733, 0.6379 -0.1433 -1.3758, 0.6374 -0.15 -1.3733, 0.642 -0.1487 -1.3758, 0.6453 -0.1454 -1.3774, 0.6307 -0.15 -1.3659, 0.6327 -0.1489 -1.3699, 0.6354 -0.1473 -1.3733, 0.6387 -0.1454 -1.3758, 0.6425 -0.1432 -1.3774, 0.6402 -0.1472 -1.3758, 0.6442 -0.1449 -1.3774, 0.6432 -0.1442 -1.3774, 0.6376 -0.141 -1.3758, 0.6376 -0.141 -1.3758, 0.6419 -0.141 -1.3774, 0.9295 -0.1454 -1.3774, 0.9372 -0.141 -1.3758, 0.9372 -0.141 -1.3758, 0.9369 -0.1433 -1.3758, 0.941 -0.141 -1.3733, 0.9411 -0.141 -1.3733, 0.9406 -0.1443 -1.3733, 0.9437 -0.1451 -1.3699, 0.9459 -0.1457 -1.3659, 0.9441 -0.15 -1.3659, 0.9331 -0.1585 -1.3659, 0.9465 -0.141 -1.3659, 0.9464 -0.141 -1.3661, 0.9442 -0.141 -1.3699, 0.9441 -0.141 -1.37, 0.9325 -0.1563 -1.3699, 0.9421 -0.1489 -1.3699, 0.9412 -0.1538 -1.3659, 0.9317 -0.1532 -1.3733, 0.9394 -0.1473 -1.3733, 0.9396 -0.1522 -1.3699, 0.9307 -0.1495 -1.3758, 0.9374 -0.15 -1.3733, 0.9361 -0.1454 -1.3758, 0.9328 -0.1421 -1.3774, 0.9374 -0.1567 -1.3659, 0.9363 -0.1547 -1.3699, 0.9347 -0.152 -1.3733, 0.9328 -0.1487 -1.3758, 0.9306 -0.1449 -1.3774, 0.9329 -0.141 -1.3774, 0.9329 -0.141 -1.3774, 0.9346 -0.1472 -1.3758, 0.9323 -0.1432 -1.3774, 0.9316 -0.1442 -1.3774, 1.009 0.2355 -0.9318, 1.0092 0.2355 -0.9318, 1.0138 0.2336 -0.932, 1.0139 0.2335 -0.932, 1.0179 0.2305 -0.9321, 1.0209 0.2265 -0.932, 1.021 0.2264 -0.932, 1.0229 0.2218 -0.9318, 1.0229 0.2216 -0.9318, 0.6415 0.1596 -1.3624, 0.6415 0.1595 -1.3624, 0.6369 0.1576 -1.3629, 0.6369 0.1575 -1.3629, 0.6329 0.1545 -1.363, 0.6299 0.1505 -1.3629, 0.6298 0.1505 -1.3629, 0.6279 0.1459 -1.3624, 0.6278 0.1459 -1.3624, 0.6283 0.141 -1.3659, 0.6284 0.141 -1.3661, 0.6306 0.141 -1.3699, 0.6307 0.141 -1.37, 0.6337 0.141 -1.3733, 0.6338 0.141 -1.3733, 0.6376 0.141 -1.3758, 0.6376 0.141 -1.3758, 0.6419 0.141 -1.3774, 0.6419 0.141 -1.3774, 0.9329 0.141 -1.3774, 0.9465 0.141 -1.3659, 0.9464 0.141 -1.3661, 0.9442 0.141 -1.3699, 0.9441 0.141 -1.37, 0.9411 0.141 -1.3733, 0.941 0.141 -1.3733, 0.9372 0.141 -1.3758, 0.9372 0.141 -1.3758, 0.9329 0.141 -1.3774, 0.947 0.1459 -1.3624, 0.9469 0.1459 -1.3624, 0.945 0.1505 -1.3629, 0.9449 0.1505 -1.3629, 0.9419 0.1545 -1.363, 0.9379 0.1575 -1.3629, 0.9379 0.1576 -1.3629, 0.9333 0.1595 -1.3624, 0.9333 0.1596 -1.3624, 0.6464 0.1455 -1.3774, 0.6453 0.1454 -1.3774, 0.6379 0.1433 -1.3758, 0.6342 0.1443 -1.3733, 0.6311 0.1451 -1.3699, 0.6289 0.1457 -1.3659, 0.6307 0.15 -1.3659, 0.6464 0.1591 -1.3659, 0.6417 0.1585 -1.3659, 0.6464 0.159 -1.3661, 0.6423 0.1563 -1.3699, 0.6327 0.1489 -1.3699, 0.6336 0.1538 -1.3659, 0.6464 0.1568 -1.3699, 0.6464 0.1567 -1.37, 0.6431 0.1532 -1.3733, 0.6354 0.1473 -1.3733, 0.6352 0.1522 -1.3699, 0.6464 0.1537 -1.3733, 0.6464 0.1536 -1.3733, 0.6441 0.1495 -1.3758, 0.6374 0.15 -1.3733, 0.6387 0.1454 -1.3758, 0.642 0.1421 -1.3774, 0.6374 0.1567 -1.3659, 0.6385 0.1547 -1.3699, 0.6401 0.152 -1.3733, 0.642 0.1487 -1.3758, 0.6442 0.1449 -1.3774, 0.6402 0.1472 -1.3758, 0.6425 0.1432 -1.3774, 0.6432 0.1442 -1.3774, 0.6464 0.1498 -1.3758, 0.6464 0.1498 -1.3758, 0.6464 0.1455 -1.3774, 0.9328 0.1421 -1.3774, 0.9284 0.1498 -1.3758, 0.9284 0.1498 -1.3758, 0.9307 0.1495 -1.3758, 0.9284 0.1536 -1.3733, 0.9284 0.1537 -1.3733, 0.9317 0.1532 -1.3733, 0.9325 0.1563 -1.3699, 0.9331 0.1585 -1.3659, 0.9374 0.1567 -1.3659, 0.9459 0.1457 -1.3659, 0.9284 0.1591 -1.3659, 0.9284 0.159 -1.3661, 0.9284 0.1568 -1.3699, 0.9284 0.1567 -1.37, 0.9437 0.1451 -1.3699, 0.9363 0.1547 -1.3699, 0.9412 0.1538 -1.3659, 0.9406 0.1443 -1.3733, 0.9347 0.152 -1.3733, 0.9396 0.1522 -1.3699, 0.9369 0.1433 -1.3758, 0.9374 0.15 -1.3733, 0.9328 0.1487 -1.3758, 0.9295 0.1454 -1.3774, 0.9441 0.15 -1.3659, 0.9421 0.1489 -1.3699, 0.9394 0.1473 -1.3733, 0.9361 0.1454 -1.3758, 0.9323 0.1432 -1.3774, 0.9284 0.1455 -1.3774, 0.9284 0.1455 -1.3774, 0.9346 0.1472 -1.3758, 0.9306 0.1449 -1.3774, 0.9316 0.1442 -1.3774
            ]
        }
        coordIndex [
            0,1,2,-1,2,1,3,-1,4,5,6,-1,6,5,7,-1,8,9,10,-1,10,9,11,-1,12,13,14,-1,14,13,15,-1,1,0,16,-1,16,0,17,-1,16,17,18,-1,18,17,19,-1,18,19,20,-1,20,19,21,-1,20,21,22,-1,22,21,23,-1,22,23,24,-1,24,23,25,-1,24,25,26,-1,26,25,27,-1,26,27,28,-1,28,27,29,-1,28,29,30,-1,30,29,31,-1,30,31,32,-1,32,31,33,-1,32,33,34,-1,34,33,35,-1,34,35,36,-1,36,35,37,-1,36,37,38,-1,38,37,39,-1,38,39,40,-1,40,39,41,-1,40,41,42,-1,42,41,43,-1,42,43,44,-1,44,43,45,-1,44,45,46,-1,46,45,47,-1,48,49,50,-1,5,4,51,-1,51,4,52,-1,51,52,53,-1,53,52,54,-1,55,56,57,-1,57,56,58,-1,57,58,54,-1,54,58,59,-1,54,59,53,-1,50,60,48,-1,48,60,61,-1,48,61,62,-1,62,61,63,-1,62,63,55,-1,55,63,64,-1,55,64,56,-1,9,8,65,-1,65,8,66,-1,65,66,67,-1,67,66,68,-1,67,68,69,-1,69,68,70,-1,69,70,71,-1,71,70,72,-1,71,72,73,-1,73,72,74,-1,73,74,75,-1,75,74,76,-1,75,76,77,-1,77,76,78,-1,77,78,79,-1,79,78,80,-1,79,80,81,-1,81,80,82,-1,81,82,83,-1,83,82,84,-1,83,84,85,-1,85,84,86,-1,85,86,87,-1,87,86,88,-1,89,14,15,-1,90,91,92,-1,92,91,93,-1,92,93,94,-1,94,93,95,-1,96,97,98,-1,98,97,99,-1,98,99,95,-1,95,99,100,-1,95,100,94,-1,15,101,89,-1,89,101,102,-1,89,102,103,-1,103,102,104,-1,103,104,96,-1,96,104,105,-1,96,105,97,-1,46,47,106,-1,106,47,107,-1,108,109,49,-1,49,109,50,-1,110,111,88,-1,88,111,87,-1,112,113,90,-1,90,113,91,-1,114,115,116,-1,116,115,117,-1,118,119,120,-1,120,119,121,-1,122,123,124,-1,124,123,125,-1,126,127,128,-1,128,127,129,-1,130,131,132,-1,132,131,133,-1,134,135,121,-1,121,135,136,-1,121,136,120,-1,120,136,137,-1,138,139,125,-1,125,139,140,-1,125,140,124,-1,124,140,141,-1,142,143,144,-1,144,143,145,-1,145,143,146,-1,146,143,147,-1,146,147,148,-1,149,150,126,-1,126,150,151,-1,126,151,127,-1,127,151,152,-1,107,153,154,-1,107,154,106,-1,106,154,155,-1,106,155,156,-1,112,157,158,-1,112,158,113,-1,113,158,159,-1,113,159,160,-1,108,161,162,-1,108,162,109,-1,109,162,163,-1,109,163,164,-1,110,165,166,-1,110,166,111,-1,111,166,167,-1,111,167,168,-1,149,126,128,-1,149,128,169,-1,169,128,170,-1,169,170,171,-1,171,170,172,-1,171,172,173,-1,173,172,174,-1,174,172,175,-1,174,175,176,-1,176,175,177,-1,177,175,178,-1,177,178,179,-1,179,178,180,-1,180,178,181,-1,180,181,182,-1,181,183,184,-1,182,181,148,-1,148,181,184,-1,148,184,146,-1,138,125,123,-1,138,123,185,-1,185,123,186,-1,185,186,187,-1,187,186,188,-1,187,188,189,-1,189,188,190,-1,190,188,191,-1,190,191,192,-1,192,191,193,-1,193,191,194,-1,193,194,195,-1,195,194,196,-1,196,194,197,-1,196,197,198,-1,129,127,197,-1,197,127,152,-1,197,152,198,-1,148,147,182,-1,182,147,199,-1,182,199,180,-1,180,199,200,-1,180,200,179,-1,179,200,177,-1,200,201,177,-1,177,201,202,-1,177,202,176,-1,202,203,176,-1,176,203,204,-1,176,204,174,-1,204,205,174,-1,174,205,206,-1,174,206,173,-1,173,206,207,-1,173,207,171,-1,207,208,171,-1,171,208,209,-1,171,209,169,-1,169,209,210,-1,169,210,149,-1,149,210,211,-1,149,211,150,-1,133,131,212,-1,151,150,213,-1,213,150,214,-1,213,214,215,-1,215,214,216,-1,215,216,217,-1,217,216,218,-1,217,218,219,-1,219,218,220,-1,219,220,221,-1,221,220,222,-1,221,222,223,-1,223,222,224,-1,223,224,225,-1,225,224,226,-1,225,226,227,-1,227,226,228,-1,227,228,229,-1,229,228,230,-1,229,230,212,-1,212,230,231,-1,212,231,133,-1,232,196,151,-1,151,196,198,-1,151,198,152,-1,233,234,193,-1,232,235,196,-1,196,235,233,-1,196,233,195,-1,195,233,193,-1,234,236,193,-1,193,236,237,-1,193,237,192,-1,192,237,238,-1,238,239,192,-1,192,239,240,-1,192,240,190,-1,240,241,190,-1,190,241,242,-1,190,242,189,-1,189,242,243,-1,139,138,244,-1,244,138,185,-1,244,185,243,-1,243,185,187,-1,243,187,189,-1,142,144,245,-1,245,246,247,-1,142,245,248,-1,248,245,247,-1,248,247,249,-1,249,247,250,-1,249,250,251,-1,251,250,252,-1,252,250,253,-1,252,253,254,-1,254,253,255,-1,255,253,256,-1,255,256,257,-1,257,256,258,-1,258,256,259,-1,258,259,260,-1,118,120,259,-1,259,120,137,-1,259,137,260,-1,261,262,263,-1,264,265,266,-1,267,268,269,-1,147,270,271,-1,272,201,273,-1,273,201,200,-1,273,200,271,-1,271,200,199,-1,271,199,147,-1,204,203,272,-1,272,203,202,-1,272,202,201,-1,206,274,275,-1,209,208,275,-1,275,208,207,-1,275,207,206,-1,214,276,216,-1,216,276,277,-1,278,220,277,-1,277,220,218,-1,277,218,216,-1,279,224,278,-1,278,224,222,-1,278,222,220,-1,231,230,280,-1,280,230,228,-1,280,228,279,-1,279,228,226,-1,279,226,224,-1,133,231,281,-1,281,231,280,-1,281,280,282,-1,282,280,283,-1,268,283,269,-1,269,283,280,-1,269,280,284,-1,284,280,279,-1,284,279,285,-1,285,279,278,-1,285,278,286,-1,286,278,277,-1,286,277,287,-1,287,277,276,-1,265,267,266,-1,266,267,269,-1,266,269,288,-1,288,269,284,-1,288,284,289,-1,289,284,285,-1,289,285,290,-1,290,285,286,-1,290,286,291,-1,291,286,287,-1,262,264,263,-1,263,264,266,-1,263,266,292,-1,292,266,288,-1,292,288,293,-1,293,288,289,-1,293,289,274,-1,274,289,290,-1,274,290,275,-1,275,290,291,-1,275,291,209,-1,209,291,287,-1,209,287,210,-1,210,287,276,-1,210,276,211,-1,211,276,214,-1,211,214,150,-1,270,261,271,-1,271,261,263,-1,271,263,273,-1,273,263,292,-1,273,292,272,-1,272,292,293,-1,272,293,204,-1,204,293,274,-1,204,274,205,-1,205,274,206,-1,294,295,296,-1,297,298,299,-1,300,301,302,-1,303,304,305,-1,306,307,308,-1,309,232,151,-1,310,237,311,-1,311,237,236,-1,311,236,234,-1,312,239,310,-1,310,239,238,-1,310,238,237,-1,240,313,241,-1,241,313,314,-1,241,314,242,-1,242,314,243,-1,243,314,308,-1,243,308,244,-1,244,308,307,-1,244,307,139,-1,151,213,309,-1,309,213,215,-1,309,215,315,-1,215,217,315,-1,315,217,219,-1,315,219,316,-1,219,221,316,-1,316,221,223,-1,316,223,317,-1,223,225,317,-1,317,225,227,-1,317,227,296,-1,304,306,305,-1,305,306,308,-1,305,308,318,-1,318,308,314,-1,318,314,312,-1,312,314,313,-1,312,313,239,-1,239,313,240,-1,301,303,302,-1,302,303,305,-1,302,305,319,-1,319,305,318,-1,319,318,320,-1,320,318,312,-1,320,312,321,-1,321,312,310,-1,321,310,322,-1,322,310,311,-1,322,311,233,-1,233,311,234,-1,298,300,299,-1,299,300,302,-1,299,302,323,-1,323,302,319,-1,323,319,324,-1,324,319,320,-1,324,320,325,-1,325,320,321,-1,325,321,326,-1,326,321,322,-1,326,322,235,-1,235,322,233,-1,295,297,296,-1,296,297,299,-1,296,299,317,-1,317,299,323,-1,317,323,316,-1,316,323,324,-1,316,324,315,-1,315,324,325,-1,315,325,309,-1,309,325,326,-1,309,326,232,-1,232,326,235,-1,131,294,212,-1,212,294,296,-1,212,296,229,-1,229,296,227,-1,134,121,119,-1,134,119,327,-1,327,119,328,-1,327,328,329,-1,329,328,330,-1,329,330,331,-1,331,330,332,-1,332,330,333,-1,332,333,334,-1,334,333,335,-1,335,333,336,-1,335,336,337,-1,337,336,338,-1,338,336,339,-1,338,339,340,-1,122,124,339,-1,339,124,141,-1,339,141,340,-1,341,258,136,-1,136,258,260,-1,136,260,137,-1,342,343,255,-1,341,344,258,-1,258,344,342,-1,258,342,257,-1,257,342,255,-1,343,345,255,-1,255,345,346,-1,255,346,254,-1,254,346,347,-1,347,348,254,-1,254,348,349,-1,254,349,252,-1,349,350,252,-1,252,350,351,-1,252,351,251,-1,251,351,352,-1,143,142,353,-1,353,142,248,-1,353,248,352,-1,352,248,249,-1,352,249,251,-1,132,133,281,-1,147,143,270,-1,270,143,354,-1,270,354,261,-1,261,354,355,-1,261,355,262,-1,262,355,356,-1,262,356,264,-1,264,356,357,-1,264,357,265,-1,265,357,358,-1,265,358,267,-1,267,358,359,-1,267,359,268,-1,268,359,360,-1,268,360,283,-1,283,360,361,-1,283,361,282,-1,282,361,362,-1,282,362,281,-1,281,362,363,-1,281,363,132,-1,131,130,364,-1,140,139,365,-1,365,139,307,-1,365,307,366,-1,366,307,306,-1,366,306,367,-1,367,306,304,-1,367,304,368,-1,368,304,303,-1,368,303,369,-1,369,303,301,-1,369,301,370,-1,370,301,300,-1,370,300,371,-1,371,300,298,-1,371,298,372,-1,372,298,297,-1,372,297,373,-1,373,297,295,-1,373,295,364,-1,364,295,294,-1,364,294,131,-1,141,140,340,-1,340,140,374,-1,340,374,338,-1,338,374,375,-1,338,375,337,-1,337,375,335,-1,375,376,335,-1,335,376,377,-1,335,377,334,-1,377,378,334,-1,334,378,379,-1,334,379,332,-1,379,380,332,-1,332,380,381,-1,332,381,331,-1,331,381,382,-1,331,382,329,-1,382,383,329,-1,329,383,384,-1,329,384,327,-1,327,384,385,-1,327,385,134,-1,134,385,386,-1,134,386,135,-1,355,354,387,-1,357,356,388,-1,359,358,389,-1,361,360,390,-1,391,341,136,-1,392,346,393,-1,393,346,345,-1,393,345,343,-1,394,348,392,-1,392,348,347,-1,392,347,346,-1,349,395,350,-1,350,395,396,-1,350,396,351,-1,351,396,352,-1,352,396,387,-1,352,387,353,-1,353,387,354,-1,353,354,143,-1,362,397,363,-1,363,397,398,-1,363,398,132,-1,399,400,397,-1,397,400,401,-1,397,401,398,-1,402,403,399,-1,399,403,404,-1,399,404,400,-1,356,355,388,-1,388,355,387,-1,388,387,405,-1,405,387,396,-1,405,396,394,-1,394,396,395,-1,394,395,348,-1,348,395,349,-1,406,407,402,-1,402,407,408,-1,402,408,403,-1,136,409,391,-1,391,409,410,-1,391,410,406,-1,406,410,411,-1,406,411,407,-1,362,361,397,-1,397,361,390,-1,397,390,399,-1,399,390,412,-1,399,412,402,-1,402,412,413,-1,402,413,406,-1,406,413,414,-1,406,414,391,-1,391,414,415,-1,391,415,341,-1,341,415,344,-1,360,359,390,-1,390,359,389,-1,390,389,412,-1,412,389,416,-1,412,416,413,-1,413,416,417,-1,413,417,414,-1,414,417,418,-1,414,418,415,-1,415,418,419,-1,415,419,344,-1,344,419,342,-1,358,357,389,-1,389,357,388,-1,389,388,416,-1,416,388,405,-1,416,405,417,-1,417,405,394,-1,417,394,418,-1,418,394,392,-1,418,392,419,-1,419,392,393,-1,419,393,342,-1,342,393,343,-1,375,374,420,-1,420,374,140,-1,378,377,421,-1,421,377,376,-1,381,380,422,-1,422,380,379,-1,384,383,423,-1,423,383,382,-1,423,382,381,-1,423,424,384,-1,384,424,425,-1,384,425,385,-1,385,425,426,-1,385,426,386,-1,386,426,427,-1,386,427,135,-1,140,365,420,-1,420,365,366,-1,420,366,428,-1,366,367,428,-1,428,367,368,-1,428,368,429,-1,368,369,429,-1,429,369,370,-1,429,370,430,-1,370,371,430,-1,430,371,372,-1,430,372,431,-1,130,432,364,-1,364,432,431,-1,364,431,373,-1,373,431,372,-1,375,420,433,-1,433,420,428,-1,433,428,434,-1,434,428,429,-1,434,429,435,-1,435,429,430,-1,435,430,436,-1,436,430,431,-1,436,431,437,-1,432,438,431,-1,431,438,439,-1,431,439,437,-1,437,439,440,-1,437,440,441,-1,441,442,437,-1,437,442,443,-1,437,443,436,-1,436,443,444,-1,436,444,435,-1,435,444,445,-1,435,445,434,-1,434,445,421,-1,434,421,433,-1,433,421,376,-1,433,376,375,-1,378,421,379,-1,379,421,445,-1,379,445,422,-1,422,445,444,-1,422,444,446,-1,446,444,443,-1,446,443,447,-1,447,443,442,-1,447,442,448,-1,441,449,442,-1,442,449,450,-1,442,450,448,-1,448,450,451,-1,448,451,452,-1,381,422,423,-1,423,422,446,-1,423,446,424,-1,424,446,447,-1,424,447,425,-1,425,447,448,-1,425,448,426,-1,426,448,452,-1,426,452,427,-1,130,132,398,-1,136,135,409,-1,409,135,427,-1,409,427,410,-1,410,427,452,-1,410,452,411,-1,411,452,451,-1,411,451,407,-1,407,451,450,-1,407,450,408,-1,408,450,449,-1,408,449,403,-1,403,449,441,-1,403,441,404,-1,404,441,440,-1,404,440,400,-1,400,440,439,-1,400,439,401,-1,401,439,438,-1,401,438,398,-1,398,438,432,-1,398,432,130,-1,8,10,453,-1,8,453,454,-1,454,453,455,-1,454,455,456,-1,456,455,457,-1,456,457,458,-1,458,457,459,-1,458,459,460,-1,460,459,461,-1,460,461,462,-1,462,461,12,-1,462,12,14,-1,4,6,463,-1,4,463,464,-1,464,463,465,-1,464,465,466,-1,466,465,467,-1,466,467,468,-1,468,467,469,-1,468,469,470,-1,470,469,471,-1,470,471,472,-1,472,471,11,-1,472,11,9,-1,91,473,474,-1,473,475,476,-1,475,477,478,-1,477,479,480,-1,479,481,482,-1,481,88,86,-1,481,86,482,-1,482,86,84,-1,482,84,483,-1,84,82,483,-1,483,82,80,-1,483,80,484,-1,80,78,484,-1,484,78,76,-1,484,76,485,-1,76,74,485,-1,485,74,72,-1,485,72,486,-1,486,72,70,-1,486,70,487,-1,487,70,68,-1,68,66,487,-1,487,66,8,-1,487,8,454,-1,479,482,480,-1,480,482,483,-1,480,483,488,-1,488,483,484,-1,488,484,489,-1,489,484,485,-1,489,485,490,-1,490,485,486,-1,490,486,491,-1,491,486,487,-1,491,487,492,-1,492,487,454,-1,492,454,456,-1,477,480,478,-1,478,480,488,-1,478,488,493,-1,493,488,489,-1,493,489,494,-1,494,489,490,-1,494,490,495,-1,495,490,491,-1,495,491,496,-1,496,491,492,-1,496,492,497,-1,497,492,456,-1,497,456,458,-1,475,478,476,-1,476,478,493,-1,476,493,498,-1,498,493,494,-1,498,494,499,-1,499,494,495,-1,499,495,500,-1,500,495,496,-1,500,496,501,-1,501,496,497,-1,501,497,502,-1,502,497,458,-1,502,458,460,-1,473,476,474,-1,474,476,498,-1,474,498,503,-1,503,498,499,-1,503,499,504,-1,504,499,500,-1,504,500,505,-1,505,500,501,-1,505,501,506,-1,506,501,502,-1,506,502,507,-1,507,502,460,-1,507,460,462,-1,91,474,93,-1,93,474,503,-1,93,503,95,-1,95,503,504,-1,95,504,98,-1,98,504,505,-1,98,505,96,-1,96,505,506,-1,96,506,103,-1,103,506,507,-1,103,507,89,-1,89,507,462,-1,89,462,14,-1,4,464,508,-1,464,466,509,-1,466,468,510,-1,468,470,511,-1,470,472,512,-1,472,9,65,-1,472,65,512,-1,512,65,67,-1,512,67,513,-1,75,514,515,-1,67,69,513,-1,513,69,71,-1,513,71,515,-1,515,71,73,-1,515,73,75,-1,75,77,514,-1,514,77,79,-1,514,79,516,-1,516,79,81,-1,516,81,517,-1,517,81,83,-1,83,85,517,-1,517,85,87,-1,517,87,518,-1,470,512,511,-1,511,512,513,-1,511,513,519,-1,519,513,515,-1,519,515,520,-1,520,515,514,-1,520,514,521,-1,521,514,516,-1,521,516,522,-1,522,516,517,-1,522,517,523,-1,523,517,518,-1,523,518,524,-1,468,511,510,-1,510,511,519,-1,510,519,525,-1,525,519,520,-1,525,520,526,-1,526,520,521,-1,526,521,527,-1,527,521,522,-1,527,522,528,-1,528,522,523,-1,528,523,529,-1,529,523,524,-1,529,524,530,-1,466,510,509,-1,509,510,525,-1,509,525,531,-1,531,525,526,-1,531,526,532,-1,532,526,527,-1,532,527,533,-1,533,527,528,-1,533,528,534,-1,534,528,529,-1,534,529,535,-1,535,529,530,-1,535,530,536,-1,464,509,508,-1,508,509,531,-1,508,531,537,-1,537,531,532,-1,537,532,538,-1,538,532,533,-1,538,533,539,-1,539,533,534,-1,539,534,540,-1,540,534,535,-1,540,535,541,-1,541,535,536,-1,541,536,542,-1,4,508,52,-1,52,508,537,-1,52,537,54,-1,54,537,538,-1,54,538,57,-1,57,538,539,-1,57,539,55,-1,55,539,540,-1,55,540,62,-1,62,540,541,-1,62,541,48,-1,48,541,542,-1,48,542,49,-1,15,13,543,-1,15,543,544,-1,544,543,545,-1,544,545,546,-1,546,545,547,-1,546,547,548,-1,548,547,549,-1,548,549,550,-1,550,549,551,-1,550,551,552,-1,552,551,3,-1,552,3,1,-1,165,110,88,-1,165,88,553,-1,553,88,481,-1,553,481,554,-1,554,481,479,-1,554,479,555,-1,555,479,556,-1,556,479,477,-1,556,477,557,-1,557,477,558,-1,558,477,475,-1,558,475,559,-1,559,475,560,-1,560,475,473,-1,560,473,561,-1,91,113,473,-1,473,113,160,-1,473,160,561,-1,161,108,49,-1,161,49,562,-1,562,49,542,-1,562,542,563,-1,563,542,536,-1,563,536,564,-1,564,536,565,-1,565,536,530,-1,565,530,566,-1,566,530,567,-1,567,530,524,-1,567,524,568,-1,568,524,569,-1,569,524,518,-1,569,518,570,-1,87,111,518,-1,518,111,168,-1,518,168,570,-1,0,2,571,-1,0,571,572,-1,572,571,573,-1,572,573,574,-1,574,573,575,-1,574,575,576,-1,576,575,577,-1,576,577,578,-1,578,577,579,-1,578,579,580,-1,580,579,7,-1,580,7,5,-1,18,20,581,-1,22,24,582,-1,26,28,583,-1,34,36,584,-1,38,40,585,-1,42,44,586,-1,90,92,587,-1,587,92,588,-1,587,588,589,-1,589,588,590,-1,590,588,591,-1,590,591,592,-1,592,591,593,-1,593,591,594,-1,593,594,595,-1,595,594,596,-1,596,594,597,-1,596,597,598,-1,598,597,599,-1,599,597,586,-1,599,586,600,-1,600,586,601,-1,601,586,44,-1,601,44,46,-1,92,94,588,-1,588,94,602,-1,588,602,591,-1,591,602,603,-1,591,603,594,-1,594,603,604,-1,594,604,597,-1,597,604,605,-1,597,605,586,-1,586,605,585,-1,586,585,42,-1,42,585,40,-1,94,100,602,-1,602,100,606,-1,602,606,603,-1,603,606,607,-1,603,607,604,-1,604,607,608,-1,604,608,605,-1,605,608,609,-1,605,609,585,-1,585,609,584,-1,585,584,38,-1,38,584,36,-1,32,34,610,-1,610,34,584,-1,610,584,611,-1,611,584,609,-1,611,609,612,-1,612,609,608,-1,612,608,613,-1,613,608,607,-1,613,607,614,-1,614,607,606,-1,614,606,99,-1,99,606,100,-1,99,97,614,-1,614,97,615,-1,614,615,613,-1,613,615,616,-1,613,616,612,-1,612,616,617,-1,612,617,611,-1,611,617,618,-1,611,618,610,-1,610,618,619,-1,610,619,32,-1,32,619,30,-1,97,105,615,-1,615,105,620,-1,615,620,616,-1,616,620,621,-1,616,621,617,-1,617,621,622,-1,617,622,618,-1,618,622,623,-1,618,623,619,-1,619,623,583,-1,619,583,30,-1,30,583,28,-1,105,104,620,-1,620,104,624,-1,620,624,621,-1,621,624,625,-1,621,625,622,-1,622,625,626,-1,622,626,623,-1,623,626,627,-1,623,627,583,-1,583,627,582,-1,583,582,26,-1,26,582,24,-1,20,22,581,-1,581,22,582,-1,581,582,628,-1,628,582,627,-1,628,627,629,-1,629,627,626,-1,629,626,630,-1,630,626,625,-1,630,625,631,-1,631,625,624,-1,631,624,102,-1,102,624,104,-1,16,18,632,-1,632,18,581,-1,632,581,633,-1,633,581,628,-1,633,628,634,-1,634,628,629,-1,634,629,635,-1,635,629,630,-1,635,630,636,-1,636,630,631,-1,636,631,101,-1,101,631,102,-1,101,15,636,-1,636,15,544,-1,636,544,635,-1,635,544,546,-1,635,546,634,-1,634,546,548,-1,634,548,633,-1,633,548,550,-1,633,550,632,-1,632,550,552,-1,632,552,16,-1,16,552,1,-1,558,559,637,-1,637,559,560,-1,637,560,159,-1,159,560,561,-1,159,561,160,-1,637,638,558,-1,558,638,639,-1,558,639,557,-1,557,639,640,-1,640,641,557,-1,557,641,642,-1,557,642,556,-1,556,642,643,-1,556,643,555,-1,555,643,644,-1,555,644,554,-1,554,644,645,-1,554,645,553,-1,553,645,166,-1,553,166,165,-1,117,115,646,-1,167,166,647,-1,647,166,648,-1,647,648,649,-1,649,648,650,-1,649,650,651,-1,651,650,652,-1,651,652,653,-1,653,652,654,-1,653,654,655,-1,655,654,656,-1,655,656,657,-1,657,656,658,-1,657,658,659,-1,659,658,660,-1,659,660,661,-1,661,660,662,-1,661,662,663,-1,663,662,664,-1,663,664,646,-1,646,664,665,-1,646,665,117,-1,567,568,666,-1,666,568,569,-1,666,569,167,-1,167,569,570,-1,167,570,168,-1,666,667,567,-1,567,667,668,-1,567,668,566,-1,566,668,669,-1,669,670,566,-1,566,670,671,-1,566,671,565,-1,565,671,672,-1,565,672,564,-1,564,672,673,-1,564,673,563,-1,563,673,674,-1,563,674,562,-1,562,674,162,-1,562,162,161,-1,43,41,675,-1,39,37,676,-1,35,33,677,-1,27,25,678,-1,23,21,679,-1,19,17,680,-1,5,51,580,-1,580,51,681,-1,580,681,578,-1,578,681,682,-1,578,682,576,-1,576,682,683,-1,576,683,574,-1,574,683,684,-1,574,684,572,-1,572,684,680,-1,572,680,0,-1,0,680,17,-1,51,53,681,-1,681,53,685,-1,681,685,682,-1,682,685,686,-1,682,686,683,-1,683,686,687,-1,683,687,684,-1,684,687,688,-1,684,688,680,-1,680,688,679,-1,680,679,19,-1,19,679,21,-1,53,59,685,-1,685,59,689,-1,685,689,686,-1,686,689,690,-1,686,690,687,-1,687,690,691,-1,687,691,688,-1,688,691,692,-1,688,692,679,-1,679,692,678,-1,679,678,23,-1,23,678,25,-1,29,27,693,-1,693,27,678,-1,693,678,694,-1,694,678,692,-1,694,692,695,-1,695,692,691,-1,695,691,696,-1,696,691,690,-1,696,690,697,-1,697,690,689,-1,697,689,58,-1,58,689,59,-1,58,56,697,-1,697,56,698,-1,697,698,696,-1,696,698,699,-1,696,699,695,-1,695,699,700,-1,695,700,694,-1,694,700,701,-1,694,701,693,-1,693,701,702,-1,693,702,29,-1,29,702,31,-1,56,64,698,-1,698,64,703,-1,698,703,699,-1,699,703,704,-1,699,704,700,-1,700,704,705,-1,700,705,701,-1,701,705,706,-1,701,706,702,-1,702,706,677,-1,702,677,31,-1,31,677,33,-1,64,63,703,-1,703,63,707,-1,703,707,704,-1,704,707,708,-1,704,708,705,-1,705,708,709,-1,705,709,706,-1,706,709,710,-1,706,710,677,-1,677,710,676,-1,677,676,35,-1,35,676,37,-1,63,61,707,-1,707,61,711,-1,707,711,708,-1,708,711,712,-1,708,712,709,-1,709,712,713,-1,709,713,710,-1,710,713,714,-1,710,714,676,-1,676,714,675,-1,676,675,39,-1,39,675,41,-1,45,43,715,-1,715,43,675,-1,715,675,716,-1,716,675,714,-1,716,714,717,-1,717,714,713,-1,717,713,718,-1,718,713,712,-1,718,712,719,-1,719,712,711,-1,719,711,60,-1,60,711,61,-1,60,50,719,-1,719,50,720,-1,719,720,718,-1,718,720,721,-1,718,721,717,-1,717,721,722,-1,717,722,716,-1,716,722,723,-1,716,723,715,-1,715,723,724,-1,715,724,45,-1,45,724,47,-1,601,46,106,-1,106,156,601,-1,601,156,725,-1,601,725,600,-1,600,725,726,-1,600,726,599,-1,599,726,727,-1,599,727,598,-1,598,727,728,-1,598,728,596,-1,596,728,729,-1,596,729,595,-1,595,729,730,-1,595,730,593,-1,593,730,731,-1,593,731,592,-1,592,731,732,-1,592,732,590,-1,590,732,733,-1,590,733,589,-1,589,733,734,-1,589,734,587,-1,587,734,735,-1,587,735,90,-1,90,735,157,-1,90,157,112,-1,736,117,737,-1,662,660,738,-1,658,656,739,-1,740,741,742,-1,637,159,743,-1,639,638,744,-1,744,638,637,-1,645,644,741,-1,741,644,643,-1,741,643,742,-1,742,643,642,-1,742,642,641,-1,166,645,648,-1,648,645,741,-1,648,741,650,-1,650,741,740,-1,650,740,652,-1,652,740,654,-1,637,743,744,-1,744,743,745,-1,744,745,746,-1,656,654,739,-1,739,654,740,-1,739,740,747,-1,747,740,742,-1,747,742,748,-1,748,742,641,-1,745,749,746,-1,746,749,750,-1,746,750,751,-1,660,658,738,-1,738,658,739,-1,738,739,752,-1,752,739,747,-1,752,747,753,-1,753,747,748,-1,750,754,751,-1,751,754,755,-1,751,755,756,-1,753,757,752,-1,752,757,758,-1,752,758,738,-1,738,758,759,-1,738,759,662,-1,640,639,760,-1,760,639,744,-1,760,744,761,-1,761,744,746,-1,761,746,762,-1,762,746,751,-1,762,751,763,-1,763,751,756,-1,763,756,764,-1,764,756,737,-1,764,737,117,-1,117,665,759,-1,759,665,664,-1,759,664,662,-1,757,765,758,-1,758,765,766,-1,758,766,759,-1,759,766,117,-1,765,767,766,-1,766,767,117,-1,755,768,756,-1,756,768,769,-1,756,769,737,-1,737,769,770,-1,737,770,736,-1,641,640,748,-1,748,640,760,-1,748,760,753,-1,753,760,761,-1,753,761,757,-1,757,761,762,-1,757,762,765,-1,765,762,763,-1,765,763,767,-1,767,763,764,-1,767,764,117,-1,646,115,771,-1,772,773,774,-1,775,776,777,-1,778,779,780,-1,666,167,647,-1,668,667,781,-1,781,667,666,-1,674,673,779,-1,779,673,672,-1,779,672,780,-1,780,672,671,-1,780,671,670,-1,162,674,782,-1,782,674,779,-1,782,779,783,-1,783,779,778,-1,783,778,784,-1,784,778,785,-1,666,647,781,-1,781,647,649,-1,781,649,786,-1,776,785,777,-1,777,785,778,-1,777,778,787,-1,787,778,780,-1,787,780,788,-1,788,780,670,-1,649,651,786,-1,786,651,653,-1,786,653,789,-1,773,775,774,-1,774,775,777,-1,774,777,790,-1,790,777,787,-1,790,787,791,-1,791,787,788,-1,653,655,789,-1,789,655,657,-1,789,657,792,-1,791,793,790,-1,790,793,794,-1,790,794,774,-1,774,794,795,-1,774,795,772,-1,669,668,796,-1,796,668,781,-1,796,781,797,-1,797,781,786,-1,797,786,798,-1,798,786,789,-1,798,789,799,-1,799,789,792,-1,799,792,800,-1,800,792,771,-1,800,771,115,-1,115,801,795,-1,795,801,802,-1,795,802,772,-1,793,803,794,-1,794,803,804,-1,794,804,795,-1,795,804,115,-1,803,805,804,-1,804,805,115,-1,657,659,792,-1,792,659,661,-1,792,661,771,-1,771,661,663,-1,771,663,646,-1,670,669,788,-1,788,669,796,-1,788,796,791,-1,791,796,797,-1,791,797,793,-1,793,797,798,-1,793,798,803,-1,803,798,799,-1,803,799,805,-1,805,799,800,-1,805,800,115,-1,153,107,47,-1,153,47,806,-1,806,47,724,-1,806,724,807,-1,807,724,723,-1,807,723,808,-1,808,723,809,-1,809,723,722,-1,809,722,810,-1,810,722,811,-1,811,722,721,-1,811,721,812,-1,812,721,813,-1,813,721,720,-1,813,720,814,-1,50,109,720,-1,720,109,164,-1,720,164,814,-1,728,727,815,-1,815,727,726,-1,815,726,155,-1,155,726,725,-1,155,725,156,-1,815,816,728,-1,728,816,817,-1,728,817,729,-1,729,817,730,-1,817,818,730,-1,730,818,819,-1,730,819,731,-1,731,819,820,-1,731,820,732,-1,732,820,821,-1,732,821,733,-1,733,821,822,-1,733,822,734,-1,734,822,823,-1,734,823,735,-1,735,823,158,-1,735,158,157,-1,116,117,736,-1,159,158,743,-1,743,158,824,-1,743,824,745,-1,745,824,825,-1,745,825,749,-1,749,825,826,-1,749,826,750,-1,750,826,827,-1,750,827,754,-1,754,827,828,-1,754,828,755,-1,755,828,829,-1,755,829,768,-1,768,829,830,-1,768,830,769,-1,769,830,831,-1,769,831,770,-1,770,831,832,-1,770,832,736,-1,736,832,833,-1,736,833,116,-1,115,114,834,-1,163,162,835,-1,835,162,782,-1,835,782,836,-1,836,782,783,-1,836,783,837,-1,837,783,784,-1,837,784,838,-1,838,784,785,-1,838,785,839,-1,839,785,776,-1,839,776,840,-1,840,776,775,-1,840,775,841,-1,841,775,773,-1,841,773,842,-1,842,773,772,-1,842,772,843,-1,843,772,802,-1,843,802,834,-1,834,802,801,-1,834,801,115,-1,811,812,844,-1,844,812,813,-1,844,813,163,-1,163,813,814,-1,163,814,164,-1,844,845,811,-1,811,845,846,-1,811,846,810,-1,810,846,847,-1,847,848,810,-1,810,848,849,-1,810,849,809,-1,809,849,850,-1,809,850,808,-1,808,850,851,-1,808,851,807,-1,807,851,852,-1,807,852,806,-1,806,852,154,-1,806,154,153,-1,853,116,854,-1,831,830,855,-1,829,828,856,-1,857,858,859,-1,815,155,860,-1,817,816,861,-1,861,816,815,-1,823,822,858,-1,858,822,821,-1,858,821,859,-1,859,821,820,-1,859,820,819,-1,158,823,824,-1,824,823,858,-1,824,858,825,-1,825,858,857,-1,825,857,826,-1,826,857,827,-1,815,860,861,-1,861,860,862,-1,861,862,863,-1,828,827,856,-1,856,827,857,-1,856,857,864,-1,864,857,859,-1,864,859,865,-1,865,859,819,-1,862,866,863,-1,863,866,867,-1,863,867,868,-1,830,829,855,-1,855,829,856,-1,855,856,869,-1,869,856,864,-1,869,864,870,-1,870,864,865,-1,867,871,868,-1,868,871,872,-1,868,872,873,-1,870,874,869,-1,869,874,875,-1,869,875,855,-1,855,875,876,-1,855,876,831,-1,818,817,877,-1,877,817,861,-1,877,861,878,-1,878,861,863,-1,878,863,879,-1,879,863,868,-1,879,868,880,-1,880,868,873,-1,880,873,881,-1,881,873,854,-1,881,854,116,-1,116,833,876,-1,876,833,832,-1,876,832,831,-1,874,882,875,-1,875,882,883,-1,875,883,876,-1,876,883,116,-1,882,884,883,-1,883,884,116,-1,872,885,873,-1,873,885,886,-1,873,886,854,-1,854,886,887,-1,854,887,853,-1,819,818,865,-1,865,818,877,-1,865,877,870,-1,870,877,878,-1,870,878,874,-1,874,878,879,-1,874,879,882,-1,882,879,880,-1,882,880,884,-1,884,880,881,-1,884,881,116,-1,834,114,888,-1,889,890,891,-1,892,893,894,-1,895,896,897,-1,844,163,835,-1,846,845,898,-1,898,845,844,-1,852,851,896,-1,896,851,850,-1,896,850,897,-1,897,850,849,-1,897,849,848,-1,154,852,899,-1,899,852,896,-1,899,896,900,-1,900,896,895,-1,900,895,901,-1,901,895,902,-1,844,835,898,-1,898,835,836,-1,898,836,903,-1,893,902,894,-1,894,902,895,-1,894,895,904,-1,904,895,897,-1,904,897,905,-1,905,897,848,-1,836,837,903,-1,903,837,838,-1,903,838,906,-1,890,892,891,-1,891,892,894,-1,891,894,907,-1,907,894,904,-1,907,904,908,-1,908,904,905,-1,838,839,906,-1,906,839,840,-1,906,840,909,-1,908,910,907,-1,907,910,911,-1,907,911,891,-1,891,911,912,-1,891,912,889,-1,847,846,913,-1,913,846,898,-1,913,898,914,-1,914,898,903,-1,914,903,915,-1,915,903,906,-1,915,906,916,-1,916,906,909,-1,916,909,917,-1,917,909,888,-1,917,888,114,-1,114,918,912,-1,912,918,919,-1,912,919,889,-1,910,920,911,-1,911,920,921,-1,911,921,912,-1,912,921,114,-1,920,922,921,-1,921,922,114,-1,840,841,909,-1,909,841,842,-1,909,842,888,-1,888,842,843,-1,888,843,834,-1,848,847,905,-1,905,847,913,-1,905,913,908,-1,908,913,914,-1,908,914,910,-1,910,914,915,-1,910,915,920,-1,920,915,916,-1,920,916,922,-1,922,916,917,-1,922,917,114,-1,114,116,853,-1,155,154,860,-1,860,154,899,-1,860,899,862,-1,862,899,900,-1,862,900,866,-1,866,900,901,-1,866,901,867,-1,867,901,902,-1,867,902,871,-1,871,902,893,-1,871,893,872,-1,872,893,892,-1,872,892,885,-1,885,892,890,-1,885,890,886,-1,886,890,889,-1,886,889,887,-1,887,889,919,-1,887,919,853,-1,853,919,918,-1,853,918,114,-1,
        ]
    }
}
Shape{
    appearance Appearance {
        material  Material 	{
            diffuseColor 0.2235294117647059 0.2235294117647059 0.2235294117647059
            specularColor 0.11372549019607843 0.11372549019607843 0.11372549019607843
            ambientIntensity 0.2235
            transparency 0.0
            shininess 0.5
        }
    }
    geometry IndexedFaceSet {
        ccw TRUE
        solid FALSE
        coord DEF co Coordinate {
            point [
                0.5551 -4.4608 1.9631, 0.5551 -4.5376 1.7663, 0.5512 -4.4608 1.9631, 0.5512 -4.5376 1.7663, 0.5551 -4.5088 1.7663, 0.5512 -4.5088 1.7663, 0.5551 -4.4889 1.8215, 0.5512 -4.4889 1.8215, 0.5551 -4.4076 1.8215, 0.5512 -4.4076 1.8215, 0.5551 -4.3888 1.7663, 0.5512 -4.3888 1.7663, 0.5551 -4.36 1.7663, 0.5512 -4.36 1.7663, 0.5551 -4.4344 1.9631, 0.5512 -4.4344 1.9631, 0.5551 -4.4142 1.8431, 0.5551 -4.4436 1.9253, 0.5551 -4.4454 1.9321, 0.5551 -4.4467 1.9391, 0.5551 -4.4474 1.9391, 0.5551 -4.4487 1.9321, 0.5551 -4.4504 1.9253, 0.5551 -4.48 1.8431, 0.5512 -4.4142 1.8431, 0.5512 -4.48 1.8431, 0.5512 -4.4436 1.9253, 0.5512 -4.4454 1.9321, 0.5512 -4.4467 1.9391, 0.5512 -4.4474 1.9391, 0.5512 -4.4487 1.9321, 0.5512 -4.4504 1.9253, 0.5551 -4.2407 1.7663, 0.5551 -4.1871 1.7663, 0.5512 -4.2407 1.7663, 0.5512 -4.1871 1.7663, 0.5551 -4.1871 1.9631, 0.5512 -4.1871 1.9631, 0.5551 -4.2427 1.9631, 0.5512 -4.2427 1.9631, 0.5551 -4.3456 1.8672, 0.5512 -4.3456 1.8672, 0.5512 -4.3442 1.8852, 0.5551 -4.3442 1.8852, 0.5512 -4.3389 1.9048, 0.5551 -4.3389 1.9048, 0.5512 -4.3297 1.922, 0.5551 -4.3297 1.922, 0.5512 -4.3158 1.9374, 0.5551 -4.3158 1.9374, 0.5512 -4.3156 1.9376, 0.5551 -4.3156 1.9376, 0.5512 -4.2942 1.952, 0.5551 -4.2942 1.952, 0.5512 -4.2711 1.9601, 0.5551 -4.2711 1.9601, 0.5512 -4.2656 1.7685, 0.5551 -4.2656 1.7685, 0.5512 -4.2883 1.7754, 0.5551 -4.2883 1.7754, 0.5512 -4.3086 1.7874, 0.5551 -4.3086 1.7874, 0.5512 -4.3247 1.8029, 0.5551 -4.3247 1.8029, 0.5512 -4.3358 1.8203, 0.5551 -4.3358 1.8203, 0.5512 -4.3428 1.8408, 0.5551 -4.3428 1.8408, 0.5551 -4.3061 1.9139, 0.5551 -4.2965 1.9241, 0.5551 -4.2821 1.9333, 0.5551 -4.2659 1.939, 0.5551 -4.2426 1.9415, 0.5551 -4.2135 1.9415, 0.5551 -4.2135 1.7879, 0.5551 -4.2415 1.7879, 0.5551 -4.2623 1.7898, 0.5551 -4.2788 1.795, 0.5551 -4.2923 1.803, 0.5551 -4.3034 1.814, 0.5551 -4.3116 1.8274, 0.5551 -4.3168 1.8431, 0.5551 -4.3192 1.8666, 0.5551 -4.3175 1.8862, 0.5551 -4.3129 1.9018, 0.5512 -4.2426 1.9415, 0.5512 -4.2135 1.9415, 0.5512 -4.2659 1.939, 0.5512 -4.2821 1.9333, 0.5512 -4.2965 1.9241, 0.5512 -4.3061 1.9139, 0.5512 -4.3129 1.9018, 0.5512 -4.3175 1.8862, 0.5512 -4.3192 1.8666, 0.5512 -4.3168 1.8431, 0.5512 -4.3116 1.8274, 0.5512 -4.3034 1.814, 0.5512 -4.2923 1.803, 0.5512 -4.2788 1.795, 0.5512 -4.2623 1.7898, 0.5512 -4.2415 1.7879, 0.5512 -4.2135 1.7879, 0.5551 -4.1487 1.7879, 0.5551 -4.1487 1.7663, 0.5512 -4.1487 1.7879, 0.5512 -4.1487 1.7663, 0.5551 -4.0431 1.7663, 0.5512 -4.0431 1.7663, 0.5551 -4.0431 1.9631, 0.5512 -4.0431 1.9631, 0.5551 -4.1439 1.9631, 0.5512 -4.1439 1.9631, 0.5551 -4.1439 1.9415, 0.5512 -4.1439 1.9415, 0.5551 -4.0695 1.9415, 0.5512 -4.0695 1.9415, 0.5551 -4.0695 1.8767, 0.5512 -4.0695 1.8767, 0.5551 -4.1391 1.8767, 0.5512 -4.1391 1.8767, 0.5551 -4.1391 1.8551, 0.5512 -4.1391 1.8551, 0.5551 -4.0695 1.8551, 0.5512 -4.0695 1.8551, 0.5551 -4.0695 1.7879, 0.5512 -4.0695 1.7879, 0.5551 -4.0047 1.7981, 0.5551 -4.0047 1.7765, 0.5512 -4.0047 1.7981, 0.5512 -4.0047 1.7765, 0.5551 -3.9837 1.7678, 0.5551 -3.9505 1.7638, 0.5512 -3.9505 1.7638, 0.5512 -3.9559 1.7639, 0.5551 -3.9559 1.7639, 0.5512 -3.9638 1.765, 0.5512 -3.9837 1.7678, 0.5551 -3.8582 1.861, 0.5512 -3.8582 1.861, 0.5512 -3.8603 1.8375, 0.5551 -3.8603 1.8375, 0.5512 -3.8665 1.8164, 0.5551 -3.8665 1.8164, 0.5512 -3.8771 1.798, 0.5551 -3.8771 1.798, 0.5512 -3.8915 1.7829, 0.5551 -3.8915 1.7829, 0.5512 -3.9073 1.7729, 0.5551 -3.9073 1.7729, 0.5512 -3.9263 1.7664, 0.5551 -3.9263 1.7664, 0.5512 -3.9389 1.765, 0.5551 -3.9584 1.9655, 0.5512 -3.9584 1.9655, 0.5512 -3.9389 1.9639, 0.5551 -3.9389 1.9639, 0.5512 -3.917 1.9577, 0.5551 -3.917 1.9577, 0.5512 -3.8983 1.947, 0.5551 -3.8983 1.947, 0.5512 -3.8804 1.9299, 0.5551 -3.8804 1.9299, 0.5512 -3.8687 1.9113, 0.5551 -3.8687 1.9113, 0.5512 -3.8611 1.889, 0.5551 -3.8611 1.889, 0.5551 -4.0047 1.9577, 0.5512 -4.0047 1.9577, 0.5512 -3.9819 1.9639, 0.5551 -3.9819 1.9639, 0.5551 -4.0047 1.9313, 0.5512 -4.0047 1.9313, 0.5551 -3.9586 1.9439, 0.5512 -3.9586 1.9439, 0.5512 -3.9825 1.9408, 0.5551 -3.9825 1.9408, 0.5551 -3.8847 1.8626, 0.5512 -3.8847 1.8626, 0.5512 -3.8856 1.8779, 0.5551 -3.8856 1.8779, 0.5512 -3.8908 1.899, 0.5551 -3.8908 1.899, 0.5512 -3.899 1.9142, 0.5551 -3.899 1.9142, 0.5512 -3.9108 1.9273, 0.5551 -3.9108 1.9273, 0.5512 -3.9245 1.9364, 0.5551 -3.9245 1.9364, 0.5512 -3.9392 1.9417, 0.5551 -3.9392 1.9417, 0.5551 -3.9542 1.7855, 0.5512 -3.9542 1.7855, 0.5512 -3.9358 1.7875, 0.5551 -3.9358 1.7875, 0.5512 -3.9215 1.7928, 0.5551 -3.9215 1.7928, 0.5512 -3.9094 1.8009, 0.5551 -3.9094 1.8009, 0.5512 -3.9001 1.8107, 0.5551 -3.9001 1.8107, 0.5512 -3.892 1.8243, 0.5551 -3.892 1.8243, 0.5512 -3.8866 1.8413, 0.5551 -3.8866 1.8413, 0.5512 -4.0012 1.7961, 0.5551 -4.0012 1.7961, 0.5512 -3.9803 1.7884, 0.5551 -3.9803 1.7884, 0.5551 -3.8414 1.7879, 0.5551 -3.8414 1.7663, 0.5512 -3.8414 1.7879, 0.5512 -3.8414 1.7663, 0.5551 -3.7406 1.7663, 0.5512 -3.7406 1.7663, 0.5551 -3.7406 1.9631, 0.5512 -3.7406 1.9631, 0.5551 -3.767 1.9631, 0.5512 -3.767 1.9631, 0.5551 -3.767 1.7879, 0.5512 -3.767 1.7879
            ]
        }
        coordIndex [
            0,1,2,-1,2,1,3,-1,1,4,3,-1,3,4,5,-1,4,6,5,-1,5,6,7,-1,6,8,7,-1,7,8,9,-1,8,10,9,-1,9,10,11,-1,10,12,11,-1,11,12,13,-1,12,14,13,-1,13,14,15,-1,14,0,15,-1,15,0,2,-1,16,17,14,-1,12,10,8,-1,17,18,14,-1,14,18,19,-1,14,19,0,-1,0,19,20,-1,0,20,21,-1,21,22,0,-1,0,22,23,-1,0,23,1,-1,4,1,6,-1,6,1,23,-1,6,23,8,-1,8,23,16,-1,8,16,12,-1,12,16,14,-1,16,23,24,-1,24,23,25,-1,17,16,26,-1,26,16,24,-1,17,26,27,-1,17,27,18,-1,18,27,28,-1,18,28,19,-1,20,19,29,-1,29,19,28,-1,20,29,30,-1,20,30,21,-1,21,30,31,-1,21,31,22,-1,23,22,25,-1,25,22,31,-1,32,33,34,-1,34,33,35,-1,33,36,35,-1,35,36,37,-1,36,38,37,-1,37,38,39,-1,40,41,42,-1,40,42,43,-1,43,42,44,-1,43,44,45,-1,45,44,46,-1,45,46,47,-1,47,46,48,-1,47,48,49,-1,49,48,50,-1,49,50,51,-1,51,50,52,-1,51,52,53,-1,53,52,54,-1,53,54,55,-1,55,54,39,-1,55,39,38,-1,32,34,56,-1,32,56,57,-1,57,56,58,-1,57,58,59,-1,59,58,60,-1,59,60,61,-1,61,60,62,-1,61,62,63,-1,63,62,64,-1,63,64,65,-1,65,64,66,-1,65,66,67,-1,67,66,41,-1,67,41,40,-1,45,47,68,-1,68,47,49,-1,68,49,69,-1,69,49,51,-1,69,51,70,-1,70,51,53,-1,70,53,71,-1,71,53,55,-1,71,55,72,-1,72,55,38,-1,72,38,73,-1,73,38,36,-1,73,36,74,-1,74,36,33,-1,74,33,75,-1,75,33,32,-1,75,32,76,-1,76,32,57,-1,76,57,77,-1,77,57,59,-1,77,59,78,-1,78,59,61,-1,78,61,79,-1,79,61,63,-1,79,63,80,-1,80,63,65,-1,80,65,81,-1,81,65,67,-1,81,67,82,-1,82,67,40,-1,82,40,83,-1,83,40,43,-1,83,43,84,-1,84,43,45,-1,84,45,68,-1,72,73,85,-1,85,73,86,-1,72,85,87,-1,72,87,71,-1,71,87,88,-1,71,88,70,-1,70,88,89,-1,70,89,69,-1,69,89,90,-1,69,90,68,-1,68,90,91,-1,68,91,84,-1,84,91,92,-1,84,92,83,-1,83,92,93,-1,83,93,82,-1,82,93,94,-1,82,94,81,-1,81,94,95,-1,81,95,80,-1,80,95,96,-1,80,96,79,-1,79,96,97,-1,79,97,78,-1,78,97,98,-1,78,98,77,-1,77,98,99,-1,77,99,76,-1,76,99,100,-1,76,100,75,-1,74,75,101,-1,101,75,100,-1,73,74,86,-1,86,74,101,-1,102,103,104,-1,104,103,105,-1,103,106,105,-1,105,106,107,-1,106,108,107,-1,107,108,109,-1,108,110,109,-1,109,110,111,-1,110,112,111,-1,111,112,113,-1,112,114,113,-1,113,114,115,-1,114,116,115,-1,115,116,117,-1,116,118,117,-1,117,118,119,-1,118,120,119,-1,119,120,121,-1,120,122,121,-1,121,122,123,-1,122,124,123,-1,123,124,125,-1,124,102,125,-1,125,102,104,-1,106,103,102,-1,102,124,106,-1,106,124,122,-1,106,122,108,-1,112,110,114,-1,114,110,108,-1,114,108,116,-1,116,108,122,-1,116,122,118,-1,118,122,120,-1,126,127,128,-1,128,127,129,-1,129,127,130,-1,131,132,133,-1,131,133,134,-1,134,133,135,-1,134,135,130,-1,130,135,136,-1,130,136,129,-1,137,138,139,-1,137,139,140,-1,140,139,141,-1,140,141,142,-1,142,141,143,-1,142,143,144,-1,144,143,145,-1,144,145,146,-1,146,145,147,-1,146,147,148,-1,148,147,149,-1,148,149,150,-1,150,149,131,-1,131,149,151,-1,131,151,132,-1,152,153,154,-1,152,154,155,-1,155,154,156,-1,155,156,157,-1,157,156,158,-1,157,158,159,-1,159,158,160,-1,159,160,161,-1,161,160,162,-1,161,162,163,-1,163,162,164,-1,163,164,165,-1,165,164,138,-1,165,138,137,-1,166,167,168,-1,166,168,169,-1,169,168,153,-1,169,153,152,-1,166,170,167,-1,167,170,171,-1,172,173,174,-1,172,174,175,-1,175,174,171,-1,175,171,170,-1,176,177,178,-1,176,178,179,-1,179,178,180,-1,179,180,181,-1,181,180,182,-1,181,182,183,-1,183,182,184,-1,183,184,185,-1,185,184,186,-1,185,186,187,-1,187,186,188,-1,187,188,189,-1,189,188,173,-1,189,173,172,-1,190,191,192,-1,190,192,193,-1,193,192,194,-1,193,194,195,-1,195,194,196,-1,195,196,197,-1,197,196,198,-1,197,198,199,-1,199,198,200,-1,199,200,201,-1,201,200,202,-1,201,202,203,-1,203,202,177,-1,203,177,176,-1,126,128,204,-1,126,204,205,-1,205,204,206,-1,205,206,207,-1,207,206,191,-1,207,191,190,-1,193,131,190,-1,190,131,134,-1,190,134,207,-1,207,134,130,-1,207,130,205,-1,205,130,127,-1,205,127,126,-1,170,166,175,-1,175,166,169,-1,175,169,172,-1,172,169,152,-1,172,152,189,-1,189,152,155,-1,189,155,187,-1,187,155,157,-1,187,157,185,-1,185,157,159,-1,185,159,183,-1,183,159,161,-1,183,161,181,-1,181,161,163,-1,181,163,179,-1,179,163,165,-1,179,165,176,-1,176,165,137,-1,176,137,203,-1,203,137,140,-1,203,140,201,-1,201,140,142,-1,201,142,199,-1,199,142,144,-1,199,144,197,-1,197,144,146,-1,197,146,195,-1,195,146,148,-1,195,148,193,-1,193,148,150,-1,193,150,131,-1,208,209,210,-1,210,209,211,-1,209,212,211,-1,211,212,213,-1,212,214,213,-1,213,214,215,-1,214,216,215,-1,215,216,217,-1,216,218,217,-1,217,218,219,-1,218,208,219,-1,219,208,210,-1,216,214,218,-1,218,214,212,-1,218,212,208,-1,208,212,209,-1,
        ]
    }
}
Shape{
    appearance Appearance {
        material  Material 	{
            diffuseColor 0.6470588235294118 0.5176470588235295 0.0
            specularColor 0.45098039215686275 0.3607843137254902 0.0
            ambientIntensity 0.4973
            transparency 0.0
            shininess 0.5
        }
    }
    geometry IndexedFaceSet {
        ccw TRUE
        solid FALSE
        coord DEF co Coordinate {
            point [
                0.5512 -4.4142 1.8431, 0.5512 -4.48 1.8431, 0.5512 -4.4436 1.9253, 0.5512 -4.4504 1.9253, 0.5512 -4.4454 1.9321, 0.5512 -4.4487 1.9321, 0.5512 -4.4467 1.9391, 0.5512 -4.4474 1.9391, 0.5512 -4.2135 1.9415, 0.5512 -4.2135 1.7879, 0.5512 -4.2426 1.9415, 0.5512 -4.2415 1.7879, 0.5512 -4.3168 1.8431, 0.5512 -4.3192 1.8666, 0.5512 -4.3175 1.8862, 0.5512 -4.3129 1.9018, 0.5512 -4.2659 1.939, 0.5512 -4.2623 1.7898, 0.5512 -4.2788 1.795, 0.5512 -4.2923 1.803, 0.5512 -4.3061 1.9139, 0.5512 -4.2965 1.9241, 0.5512 -4.2821 1.9333, 0.5512 -4.3034 1.814, 0.5512 -4.3116 1.8274
            ]
        }
        coordIndex [
            0,1,2,-1,2,1,3,-1,2,3,4,-1,4,3,5,-1,4,5,6,-1,6,5,7,-1,8,9,10,-1,10,9,11,-1,12,13,10,-1,13,14,10,-1,10,14,15,-1,10,15,16,-1,11,17,10,-1,10,17,18,-1,10,18,19,-1,20,21,15,-1,15,21,22,-1,15,22,16,-1,19,23,10,-1,10,23,24,-1,10,24,12,-1,
        ]
    }
}
Shape{
    appearance Appearance {
        material  Material 	{
            diffuseColor 1.0 1.0 1.0
            specularColor 0.30196078431372547 0.30196078431372547 0.30196078431372547
            ambientIntensity 1.0
            transparency 0.0
            shininess 0.5
        }
    }
    geometry IndexedFaceSet {
        ccw TRUE
        solid FALSE
        coord DEF co Coordinate {
            point [
                -0.9933 -1.7717 2.1253, -0.998 -1.7717 2.1233, -1.1457 -1.7717 3.1299, -1.0021 -1.7717 2.1202, -1.0052 -1.7717 2.1161, -0.5361 -1.7717 2.1114, -0.5381 -1.7717 2.1161, -0.3976 -1.7717 3.1299, -0.5412 -1.7717 2.1202, -0.5453 -1.7717 2.1233, -0.55 -1.7717 1.6542, -0.5453 -1.7717 1.6562, -0.3976 -1.7717 0.7677, -0.5412 -1.7717 1.6593, -0.5381 -1.7717 1.6634, -0.55 -1.7717 2.1253, -0.5551 -1.7717 2.126, -0.9882 -1.7717 2.126, -1.0072 -1.7717 1.6681, -1.0052 -1.7717 1.6634, -1.1457 -1.7717 0.7677, -1.0021 -1.7717 1.6593, -0.998 -1.7717 1.6562, -0.5361 -1.7717 1.6681, -0.5354 -1.7717 1.6732, -0.5354 -1.7717 2.1063, -1.0072 -1.7717 2.1114, -1.0079 -1.7717 2.1063, -1.0079 -1.7717 1.6732, -0.9933 -1.7717 1.6542, -0.9882 -1.7717 1.6535, -0.5551 -1.7717 1.6535, -0.378 -1.7811 0.2152, -0.378 -1.5945 3.1299, -0.378 -1.7717 0.2113, -0.378 -1.7635 0.205, -0.378 -1.7572 0.748, -0.378 -1.7635 0.7399, -0.378 -1.7717 0.7336, -0.378 -1.752 0.0197, -0.378 -1.752 0.1772, -0.378 -1.5945 0.0197, -0.378 -1.7533 0.1874, -0.378 -1.7572 0.1969, -0.378 -2.3425 0.2165, -0.378 -2.3425 0.7283, -0.378 -1.7913 0.2165, -0.378 -1.7913 0.7283, -0.378 -1.7811 0.7297, -0.378 -1.752 3.1299, -0.378 -1.752 0.7677, -0.378 -1.7533 0.7575, -0.3976 -2.3425 0.1969, -0.3976 -1.7913 0.1969, -1.1457 -2.3425 0.1969, -1.1457 -1.7913 0.1969, -1.1457 -2.3425 0.748, -1.1457 -1.7913 0.748, -0.3976 -2.3425 0.748, -0.3976 -1.7913 0.748, -1.1457 -2.3622 0.7283, -0.3976 -2.3622 0.7283, -1.1457 -2.3622 0.2165, -0.3976 -2.3622 0.2165, -1.1493 -2.3461 0.1975, -1.1501 -2.3451 0.1975, -1.1542 -2.3474 0.1995, -1.147 -2.3474 0.1975, -1.1457 -2.3476 0.1975, -1.1482 -2.3469 0.1975, -1.1457 -2.3524 0.1995, -1.1482 -2.352 0.1995, -1.1506 -2.351 0.1995, -1.1526 -2.3495 0.1995, -1.1591 -2.3461 0.2026, -1.1552 -2.3451 0.1995, -1.1506 -2.3438 0.1975, -1.1457 -2.3564 0.2026, -1.1493 -2.356 0.2026, -1.1526 -2.3546 0.2026, -1.1555 -2.3524 0.2026, -1.1577 -2.3495 0.2026, -1.1627 -2.3425 0.2067, -1.1596 -2.3425 0.2026, -1.1555 -2.3425 0.1995, -1.1508 -2.3425 0.1975, -1.1457 -2.3596 0.2067, -1.1501 -2.359 0.2067, -1.1542 -2.3573 0.2067, -1.1577 -2.3546 0.2067, -1.1604 -2.351 0.2067, -1.1621 -2.3469 0.2067, -1.1647 -2.3425 0.2114, -1.164 -2.3474 0.2114, -1.1621 -2.352 0.2114, -1.1591 -2.356 0.2114, -1.1552 -2.359 0.2114, -1.1506 -2.3609 0.2114, -1.1457 -2.3615 0.2114, -1.1654 -2.3425 0.2165, -1.1647 -2.3476 0.2165, -1.1627 -2.3524 0.2165, -1.1596 -2.3564 0.2165, -1.1555 -2.3596 0.2165, -1.1508 -2.3615 0.2165, -1.1654 -1.7913 0.2165, -1.1647 -1.7913 0.2114, -1.1627 -1.7913 0.2067, -1.1596 -1.7913 0.2026, -1.1555 -1.7913 0.1995, -1.1508 -1.7913 0.1975, -1.1508 -2.3615 0.7283, -1.1555 -2.3596 0.7283, -1.1596 -2.3564 0.7283, -1.1627 -2.3524 0.7283, -1.1647 -2.3476 0.7283, -1.1654 -2.3425 0.7283, -0.3976 -2.3615 0.2114, -0.3976 -2.3596 0.2067, -0.3976 -2.3564 0.2026, -0.3976 -2.3524 0.1995, -0.3976 -2.3476 0.1975, -1.1654 -1.7811 0.2152, -1.1647 -1.7825 0.2103, -1.1654 -1.7717 0.2113, -1.1647 -1.7742 0.2069, -1.1654 -1.7635 0.205, -1.1647 -1.7671 0.2014, -1.1654 -1.7572 0.1969, -1.1647 -1.7617 0.1943, -1.1654 -1.7533 0.1874, -1.1647 -1.7582 0.186, -1.1654 -1.752 0.1772, -1.1647 -1.7571 0.1772, -1.1627 -1.7837 0.2057, -1.1627 -1.7766 0.2027, -1.1627 -1.7705 0.198, -1.1627 -1.7658 0.1919, -1.1627 -1.7628 0.1848, -1.1627 -1.7618 0.1772, -1.1596 -1.7848 0.2018, -1.1596 -1.7786 0.1992, -1.1596 -1.7733 0.1952, -1.1596 -1.7693 0.1899, -1.1596 -1.7668 0.1838, -1.1596 -1.7659 0.1772, -1.1555 -1.7856 0.1987, -1.1555 -1.7802 0.1965, -1.1555 -1.7756 0.193, -1.1555 -1.772 0.1883, -1.1555 -1.7698 0.1829, -1.1555 -1.769 0.1772, -1.1508 -1.7861 0.1968, -1.1508 -1.7812 0.1948, -1.1508 -1.7769 0.1916, -1.1508 -1.7737 0.1873, -1.1508 -1.7717 0.1824, -1.1508 -1.771 0.1772, -1.1457 -1.7862 0.1962, -1.1457 -1.7815 0.1942, -1.1457 -1.7774 0.1911, -1.1457 -1.7743 0.187, -1.1457 -1.7723 0.1823, -1.1457 -1.7717 0.1772, -1.1506 -2.3609 0.7334, -1.1457 -2.3615 0.7334, -1.1501 -2.359 0.7382, -1.1457 -2.3596 0.7382, -1.1526 -2.3546 0.7423, -1.1542 -2.3573 0.7382, -1.1552 -2.359 0.7334, -1.1493 -2.356 0.7423, -1.1457 -2.3564 0.7423, -1.1526 -2.3495 0.7454, -1.1555 -2.3524 0.7423, -1.1577 -2.3546 0.7382, -1.1591 -2.356 0.7334, -1.1482 -2.352 0.7454, -1.1457 -2.3524 0.7454, -1.1501 -2.3451 0.7474, -1.1542 -2.3474 0.7454, -1.1577 -2.3495 0.7423, -1.1604 -2.351 0.7382, -1.1621 -2.352 0.7334, -1.1457 -2.3476 0.7474, -1.147 -2.3474 0.7474, -1.1482 -2.3469 0.7474, -1.1506 -2.351 0.7454, -1.1493 -2.3461 0.7474, -1.1506 -2.3438 0.7474, -1.1552 -2.3451 0.7454, -1.1591 -2.3461 0.7423, -1.1621 -2.3469 0.7382, -1.164 -2.3474 0.7334, -1.1508 -2.3425 0.7474, -1.1555 -2.3425 0.7454, -1.1596 -2.3425 0.7423, -1.1627 -2.3425 0.7382, -1.1647 -2.3425 0.7334, -0.394 -2.3461 0.1975, -0.3951 -2.3469 0.1975, -0.3927 -2.351 0.1995, -0.3927 -2.3438 0.1975, -0.3925 -2.3425 0.1975, -0.3932 -2.3451 0.1975, -0.3878 -2.3425 0.1995, -0.3881 -2.3451 0.1995, -0.3891 -2.3474 0.1995, -0.3907 -2.3495 0.1995, -0.394 -2.356 0.2026, -0.3951 -2.352 0.1995, -0.3963 -2.3474 0.1975, -0.3837 -2.3425 0.2026, -0.3842 -2.3461 0.2026, -0.3856 -2.3495 0.2026, -0.3878 -2.3524 0.2026, -0.3907 -2.3546 0.2026, -0.3806 -2.3425 0.2067, -0.3812 -2.3469 0.2067, -0.3829 -2.351 0.2067, -0.3856 -2.3546 0.2067, -0.3891 -2.3573 0.2067, -0.3932 -2.359 0.2067, -0.3927 -2.3609 0.2114, -0.3881 -2.359 0.2114, -0.3842 -2.356 0.2114, -0.3812 -2.352 0.2114, -0.3793 -2.3474 0.2114, -0.3786 -2.3425 0.2114, -0.3925 -2.3615 0.2165, -0.3878 -2.3596 0.2165, -0.3837 -2.3564 0.2165, -0.3806 -2.3524 0.2165, -0.3786 -2.3476 0.2165, -0.3925 -1.7913 0.1975, -0.3878 -1.7913 0.1995, -0.3837 -1.7913 0.2026, -0.3806 -1.7913 0.2067, -0.3786 -1.7913 0.2114, -0.3976 -1.7862 0.1962, -0.3976 -1.7815 0.1942, -0.3976 -1.7774 0.1911, -0.3976 -1.7743 0.187, -0.3976 -1.7723 0.1823, -0.3976 -1.7717 0.1772, -1.1654 -1.752 0.0197, -1.1647 -1.7571 0.0197, -1.1627 -1.7618 0.0197, -1.1596 -1.7659 0.0197, -1.1555 -1.769 0.0197, -1.1508 -1.771 0.0197, -1.1457 -1.7717 0.0197, -1.1654 -1.5945 0.0197, -1.166 -1.752 0.0146, -1.166 -1.5894 0.0146, -1.168 -1.752 0.0098, -1.168 -1.5846 0.0098, -1.1711 -1.752 0.0058, -1.1711 -1.5806 0.0058, -1.1731 -1.5789 0.0041, -1.1752 -1.752 0.0026, -1.1752 -1.5774 0.0026, -1.1775 -1.5763 0.0015, -1.1799 -1.752 0.0007, -1.1799 -1.5755 0.0007, -1.1825 -1.575 0.0002, -1.185 -1.752 0.0, -1.185 -1.5748 0.0, -1.1508 -1.7913 0.7474, -1.1555 -1.7913 0.7454, -1.1596 -1.7913 0.7423, -1.1627 -1.7913 0.7382, -1.1647 -1.7913 0.7334, -1.1654 -1.7913 0.7283, -0.3976 -2.3615 0.7334, -0.3976 -2.3596 0.7382, -0.3976 -2.3564 0.7423, -0.3976 -2.3524 0.7454, -0.3976 -2.3476 0.7474, -0.3925 -2.3615 0.7283, -0.3878 -2.3596 0.7283, -0.3837 -2.3564 0.7283, -0.3806 -2.3524 0.7283, -0.3786 -2.3476 0.7283, -0.3786 -1.7571 0.1772, -0.3786 -1.7582 0.186, -0.3786 -1.7617 0.1943, -0.3786 -1.7671 0.2014, -0.3786 -1.7742 0.2069, -0.3786 -1.7825 0.2103, -0.3806 -1.7618 0.1772, -0.3806 -1.7628 0.1848, -0.3806 -1.7658 0.1919, -0.3806 -1.7705 0.198, -0.3806 -1.7766 0.2027, -0.3806 -1.7837 0.2057, -0.3837 -1.7659 0.1772, -0.3837 -1.7668 0.1838, -0.3837 -1.7693 0.1899, -0.3837 -1.7733 0.1952, -0.3837 -1.7786 0.1992, -0.3837 -1.7848 0.2018, -0.3878 -1.769 0.1772, -0.3878 -1.7698 0.1829, -0.3878 -1.772 0.1883, -0.3878 -1.7756 0.193, -0.3878 -1.7802 0.1965, -0.3878 -1.7856 0.1987, -0.3925 -1.771 0.1772, -0.3925 -1.7717 0.1824, -0.3925 -1.7737 0.1873, -0.3925 -1.7769 0.1916, -0.3925 -1.7812 0.1948, -0.3925 -1.7861 0.1968, -1.1457 -1.7913 0.0, -1.1559 -1.79 0.0, -1.1457 -1.7862 0.0007, -1.1545 -1.7851 0.0007, -1.1457 -1.7815 0.0026, -1.1533 -1.7805 0.0026, -1.1457 -1.7774 0.0058, -1.1523 -1.7766 0.0058, -1.1457 -1.7743 0.0098, -1.1514 -1.7735 0.0098, -1.1457 -1.7723 0.0146, -1.1509 -1.7716 0.0146, -1.1654 -1.7861 0.0, -1.1628 -1.7817 0.0007, -1.1604 -1.7775 0.0026, -1.1584 -1.774 0.0058, -1.1568 -1.7713 0.0098, -1.1558 -1.7696 0.0146, -1.1735 -1.7798 0.0, -1.1699 -1.7762 0.0007, -1.1665 -1.7728 0.0026, -1.1637 -1.77 0.0058, -1.1615 -1.7678 0.0098, -1.1601 -1.7664 0.0146, -1.1798 -1.7717 0.0, -1.1754 -1.7691 0.0007, -1.1712 -1.7667 0.0026, -1.1677 -1.7647 0.0058, -1.165 -1.7631 0.0098, -1.1633 -1.7621 0.0146, -1.1837 -1.7622 0.0, -1.1788 -1.7608 0.0007, -1.1742 -1.7596 0.0026, -1.1703 -1.7586 0.0058, -1.1672 -1.7577 0.0098, -1.1653 -1.7572 0.0146, -1.1654 -1.5945 3.1299, -1.166 -1.5894 3.135, -1.168 -1.5846 3.1398, -1.1711 -1.5806 3.1438, -1.1752 -1.5774 3.147, -1.1731 -1.5789 3.1455, -1.1775 -1.5763 3.1481, -1.1799 -1.5755 3.1489, -1.1825 -1.575 3.1494, -1.185 -1.5748 3.1496, -1.1654 -1.752 0.7677, -1.1647 -1.7571 0.7677, -1.1654 -1.7533 0.7575, -1.1647 -1.7582 0.7588, -1.1654 -1.7572 0.748, -1.1647 -1.7617 0.7506, -1.1654 -1.7635 0.7399, -1.1647 -1.7671 0.7435, -1.1654 -1.7717 0.7336, -1.1647 -1.7742 0.738, -1.1654 -1.7811 0.7297, -1.1647 -1.7825 0.7346, -1.1627 -1.7618 0.7677, -1.1627 -1.7628 0.7601, -1.1627 -1.7658 0.753, -1.1627 -1.7705 0.7468, -1.1627 -1.7766 0.7421, -1.1627 -1.7837 0.7392, -1.1596 -1.7659 0.7677, -1.1596 -1.7668 0.7611, -1.1596 -1.7693 0.755, -1.1596 -1.7733 0.7497, -1.1596 -1.7786 0.7457, -1.1596 -1.7848 0.7431, -1.1555 -1.769 0.7677, -1.1555 -1.7698 0.7619, -1.1555 -1.772 0.7566, -1.1555 -1.7756 0.7519, -1.1555 -1.7802 0.7484, -1.1555 -1.7856 0.7462, -1.1508 -1.771 0.7677, -1.1508 -1.7717 0.7625, -1.1508 -1.7737 0.7575, -1.1508 -1.7769 0.7533, -1.1508 -1.7812 0.7501, -1.1508 -1.7861 0.7481, -1.1457 -1.7723 0.7626, -1.1457 -1.7743 0.7579, -1.1457 -1.7774 0.7538, -1.1457 -1.7815 0.7507, -1.1457 -1.7862 0.7487, -0.3793 -2.3474 0.7334, -0.3786 -2.3425 0.7334, -0.3812 -2.3469 0.7382, -0.3806 -2.3425 0.7382, -0.3856 -2.3495 0.7423, -0.3829 -2.351 0.7382, -0.3812 -2.352 0.7334, -0.3842 -2.3461 0.7423, -0.3837 -2.3425 0.7423, -0.3907 -2.3495 0.7454, -0.3878 -2.3524 0.7423, -0.3856 -2.3546 0.7382, -0.3842 -2.356 0.7334, -0.3881 -2.3451 0.7454, -0.3878 -2.3425 0.7454, -0.3951 -2.3469 0.7474, -0.3927 -2.351 0.7454, -0.3907 -2.3546 0.7423, -0.3891 -2.3573 0.7382, -0.3881 -2.359 0.7334, -0.3925 -2.3425 0.7474, -0.3927 -2.3438 0.7474, -0.3932 -2.3451 0.7474, -0.3891 -2.3474 0.7454, -0.394 -2.3461 0.7474, -0.3963 -2.3474 0.7474, -0.3951 -2.352 0.7454, -0.394 -2.356 0.7423, -0.3932 -2.359 0.7382, -0.3927 -2.3609 0.7334, -0.3786 -1.7571 0.0197, -0.3806 -1.7618 0.0197, -0.3837 -1.7659 0.0197, -0.3878 -1.769 0.0197, -0.3925 -1.771 0.0197, -0.3976 -1.7717 0.0197, -0.3976 -1.7723 0.0146, -0.3976 -1.7743 0.0098, -0.3976 -1.7774 0.0058, -0.3976 -1.7815 0.0026, -0.3976 -1.7862 0.0007, -0.3976 -1.7913 0.0, -1.185 -1.752 3.1496, -1.1799 -1.752 3.1489, -1.1752 -1.752 3.147, -1.1711 -1.752 3.1438, -1.168 -1.752 3.1398, -1.166 -1.752 3.135, -1.1654 -1.752 3.1299, -1.1647 -1.7571 3.1299, -1.1627 -1.7618 3.1299, -1.1596 -1.7659 3.1299, -1.1555 -1.769 3.1299, -1.1508 -1.771 3.1299, -0.3976 -1.7862 0.7487, -0.3976 -1.7815 0.7507, -0.3976 -1.7774 0.7538, -0.3976 -1.7743 0.7579, -0.3976 -1.7723 0.7626, -0.3784 -1.7913 0.7327, -0.3787 -1.7913 0.7334, -0.3799 -1.7913 0.7369, -0.3807 -1.7913 0.7381, -0.3822 -1.7913 0.7406, -0.3838 -1.7913 0.7422, -0.3854 -1.7913 0.7437, -0.3879 -1.7913 0.7453, -0.3891 -1.7913 0.7461, -0.3926 -1.7913 0.7473, -0.3933 -1.7913 0.7475, -0.3583 -1.752 0.0, -0.3596 -1.7622 0.0, -0.3634 -1.752 0.0007, -0.3645 -1.7608 0.0007, -0.3681 -1.752 0.0026, -0.3691 -1.7596 0.0026, -0.3722 -1.752 0.0058, -0.3731 -1.7586 0.0058, -0.3753 -1.752 0.0098, -0.3761 -1.7577 0.0098, -0.3773 -1.752 0.0146, -0.378 -1.7572 0.0146, -0.3635 -1.7717 0.0, -0.368 -1.7691 0.0007, -0.3721 -1.7667 0.0026, -0.3756 -1.7647 0.0058, -0.3783 -1.7631 0.0098, -0.38 -1.7621 0.0146, -0.3698 -1.7798 0.0, -0.3734 -1.7762 0.0007, -0.3768 -1.7728 0.0026, -0.3796 -1.77 0.0058, -0.3819 -1.7678 0.0098, -0.3832 -1.7664 0.0146, -0.378 -1.7861 0.0, -0.3805 -1.7817 0.0007, -0.3829 -1.7775 0.0026, -0.3849 -1.774 0.0058, -0.3865 -1.7713 0.0098, -0.3875 -1.7696 0.0146, -0.3874 -1.79 0.0, -0.3888 -1.7851 0.0007, -0.39 -1.7805 0.0026, -0.3911 -1.7766 0.0058, -0.3919 -1.7735 0.0098, -0.3924 -1.7716 0.0146, -1.1837 -1.7622 3.1496, -1.1788 -1.7608 3.1489, -1.1742 -1.7596 3.147, -1.1703 -1.7586 3.1438, -1.1672 -1.7577 3.1398, -1.1653 -1.7572 3.135, -1.1798 -1.7717 3.1496, -1.1754 -1.7691 3.1489, -1.1712 -1.7667 3.147, -1.1677 -1.7647 3.1438, -1.165 -1.7631 3.1398, -1.1633 -1.7621 3.135, -1.1735 -1.7798 3.1496, -1.1699 -1.7762 3.1489, -1.1665 -1.7728 3.147, -1.1637 -1.77 3.1438, -1.1615 -1.7678 3.1398, -1.1601 -1.7664 3.135, -1.1654 -1.7861 3.1496, -1.1628 -1.7817 3.1489, -1.1604 -1.7775 3.147, -1.1584 -1.774 3.1438, -1.1568 -1.7713 3.1398, -1.1558 -1.7696 3.135, -1.1559 -1.79 3.1496, -1.1545 -1.7851 3.1489, -1.1533 -1.7805 3.147, -1.1523 -1.7766 3.1438, -1.1514 -1.7735 3.1398, -1.1509 -1.7716 3.135, -1.1457 -1.7913 3.1496, -1.1457 -1.7862 3.1489, -1.1457 -1.7815 3.147, -1.1457 -1.7774 3.1438, -1.1457 -1.7743 3.1398, -1.1457 -1.7723 3.135, -0.3933 -1.7861 0.7482, -0.3926 -1.7709 0.7677, -0.3891 -1.7697 0.7677, -0.3891 -1.7704 0.7621, -0.3891 -1.7857 0.7468, -0.3879 -1.7689 0.7677, -0.3854 -1.7674 0.7677, -0.3854 -1.7682 0.7615, -0.3854 -1.7851 0.7446, -0.3838 -1.7658 0.7677, -0.3822 -1.7642 0.7677, -0.3822 -1.7652 0.7607, -0.3822 -1.7843 0.7415, -0.3807 -1.7618 0.7677, -0.3799 -1.7605 0.7677, -0.3799 -1.7616 0.7597, -0.3799 -1.7834 0.7379, -0.3787 -1.757 0.7677, -0.3784 -1.7563 0.7677, -0.3784 -1.7575 0.7587, -0.3784 -1.7823 0.7339, -0.3784 -1.7738 0.7374, -0.3784 -1.7666 0.743, -0.3784 -1.761 0.7502, -0.3799 -1.7759 0.741, -0.3799 -1.7695 0.7459, -0.3799 -1.7646 0.7523, -0.3822 -1.7778 0.7443, -0.3822 -1.7722 0.7486, -0.3822 -1.7679 0.7542, -0.3854 -1.7793 0.747, -0.3854 -1.7744 0.7508, -0.3854 -1.7706 0.7557, -0.3891 -1.7805 0.749, -0.3891 -1.776 0.7524, -0.3891 -1.7726 0.7569, -0.3933 -1.7812 0.7502, -0.3933 -1.7771 0.7535, -0.3933 -1.7739 0.7576, -0.3933 -1.7718 0.7625, -0.3933 -1.7712 0.7677, -0.3583 -1.5748 0.0, -0.3608 -1.575 0.0002, -0.3658 -1.5763 0.0015, -0.3634 -1.5755 0.0007, -0.3722 -1.5806 0.0058, -0.3703 -1.5789 0.0041, -0.3681 -1.5774 0.0026, -0.3753 -1.5846 0.0098, -0.3773 -1.5894 0.0146, -0.3976 -1.7721 3.1343, -0.3976 -1.7724 3.135, -0.3976 -1.7736 3.1385, -0.3976 -1.7744 3.1397, -0.3976 -1.7759 3.1422, -0.3976 -1.7775 3.1438, -0.3976 -1.7791 3.1453, -0.3976 -1.7816 3.1469, -0.3976 -1.7828 3.1477, -0.3976 -1.7863 3.1489, -0.3976 -1.787 3.1491, -0.3976 -1.7913 3.1496, -0.3786 -1.7571 3.1299, -0.3806 -1.7618 3.1299, -0.3837 -1.7659 3.1299, -0.3878 -1.769 3.1299, -0.3925 -1.771 3.1299, -0.3583 -1.5748 3.1496, -0.3608 -1.575 3.1494, -0.3634 -1.5755 3.1489, -0.3658 -1.5763 3.1481, -0.3681 -1.5774 3.147, -0.3703 -1.5789 3.1455, -0.3722 -1.5806 3.1438, -0.3753 -1.5846 3.1398, -0.3773 -1.5894 3.135, -0.3638 -1.761 3.1491, -0.3596 -1.7622 3.1496, -0.3583 -1.752 3.1496, -0.3874 -1.79 3.1496, -0.3886 -1.7858 3.1491, -0.3897 -1.7817 3.1477, -0.3626 -1.752 3.1491, -0.3633 -1.752 3.1489, -0.3679 -1.7599 3.1477, -0.3906 -1.7781 3.1453, -0.3668 -1.752 3.1477, -0.3681 -1.752 3.1469, -0.3715 -1.759 3.1453, -0.3914 -1.7751 3.1422, -0.3705 -1.752 3.1453, -0.3721 -1.752 3.1438, -0.3745 -1.7582 3.1422, -0.392 -1.7729 3.1385, -0.378 -1.7861 3.1496, -0.3801 -1.7823 3.1491, -0.3822 -1.7787 3.1477, -0.3841 -1.7754 3.1453, -0.3856 -1.7727 3.1422, -0.3868 -1.7707 3.1385, -0.3698 -1.7798 3.1496, -0.3729 -1.7767 3.1491, -0.3758 -1.7738 3.1477, -0.3785 -1.7711 3.1453, -0.3807 -1.7689 3.1422, -0.3823 -1.7673 3.1385, -0.3635 -1.7717 3.1496, -0.3673 -1.7695 3.1491, -0.3709 -1.7674 3.1477, -0.3742 -1.7655 3.1453, -0.3769 -1.764 3.1422, -0.3789 -1.7628 3.1385, -0.3767 -1.7576 3.1385, -0.3924 -1.7715 3.1343, -0.3737 -1.752 3.1422, -0.3752 -1.752 3.1397, -0.376 -1.752 3.1385, -0.3772 -1.752 3.135, -0.3875 -1.7694 3.1343, -0.3834 -1.7662 3.1343, -0.3802 -1.7621 3.1343, -0.3781 -1.7572 3.1343, -0.3775 -1.752 3.1343
            ]
        }
        coordIndex [
            0,1,2,-1,2,1,3,-1,2,3,4,-1,5,6,7,-1,7,6,8,-1,7,8,9,-1,10,11,12,-1,12,11,13,-1,12,13,14,-1,9,15,7,-1,7,15,16,-1,7,16,2,-1,2,16,17,-1,2,17,0,-1,18,19,20,-1,20,19,21,-1,20,21,22,-1,14,23,12,-1,12,23,24,-1,12,24,7,-1,7,24,25,-1,7,25,5,-1,4,26,2,-1,2,26,27,-1,2,27,20,-1,20,27,28,-1,20,28,18,-1,22,29,20,-1,20,29,30,-1,20,30,12,-1,12,30,31,-1,12,31,10,-1,32,33,34,-1,34,33,35,-1,36,32,37,-1,37,32,38,-1,39,40,41,-1,41,40,42,-1,41,42,33,-1,33,42,43,-1,33,43,35,-1,44,45,46,-1,46,45,47,-1,46,47,32,-1,32,47,48,-1,32,48,38,-1,49,33,50,-1,50,33,32,-1,50,32,51,-1,51,32,36,-1,52,53,54,-1,54,53,55,-1,56,57,58,-1,58,57,59,-1,60,61,62,-1,62,61,63,-1,64,65,66,-1,65,64,54,-1,54,67,68,-1,69,67,54,-1,70,68,71,-1,71,68,67,-1,71,67,72,-1,72,67,69,-1,72,69,73,-1,74,66,75,-1,75,66,65,-1,75,65,76,-1,76,65,54,-1,77,70,78,-1,78,70,71,-1,78,71,79,-1,79,71,72,-1,79,72,80,-1,80,72,73,-1,80,73,81,-1,82,74,83,-1,83,74,75,-1,83,75,84,-1,84,75,76,-1,84,76,85,-1,85,76,54,-1,86,77,87,-1,87,77,78,-1,87,78,88,-1,88,78,79,-1,88,79,89,-1,89,79,80,-1,89,80,90,-1,90,80,81,-1,90,81,91,-1,82,91,74,-1,74,91,81,-1,74,81,66,-1,66,81,73,-1,66,73,64,-1,64,73,69,-1,64,69,54,-1,82,92,91,-1,91,92,93,-1,91,93,90,-1,90,93,94,-1,90,94,89,-1,89,94,95,-1,89,95,88,-1,88,95,96,-1,88,96,87,-1,87,96,97,-1,87,97,86,-1,86,97,98,-1,92,99,93,-1,93,99,100,-1,93,100,94,-1,94,100,101,-1,94,101,95,-1,95,101,102,-1,95,102,96,-1,96,102,103,-1,96,103,97,-1,97,103,104,-1,97,104,98,-1,98,104,62,-1,105,99,106,-1,106,99,92,-1,106,92,107,-1,107,92,82,-1,107,82,108,-1,108,82,83,-1,108,83,109,-1,109,83,84,-1,109,84,110,-1,110,84,85,-1,110,85,55,-1,55,85,54,-1,60,62,111,-1,111,62,104,-1,111,104,112,-1,112,104,103,-1,112,103,113,-1,113,103,102,-1,113,102,114,-1,114,102,101,-1,114,101,115,-1,115,101,100,-1,115,100,116,-1,116,100,99,-1,62,63,98,-1,98,63,117,-1,98,117,86,-1,86,117,118,-1,86,118,77,-1,77,118,119,-1,77,119,70,-1,70,119,120,-1,70,120,68,-1,68,120,121,-1,68,121,54,-1,54,121,52,-1,105,106,122,-1,122,106,123,-1,122,123,124,-1,124,123,125,-1,124,125,126,-1,126,125,127,-1,126,127,128,-1,128,127,129,-1,128,129,130,-1,130,129,131,-1,130,131,132,-1,132,131,133,-1,106,107,123,-1,123,107,134,-1,123,134,125,-1,125,134,135,-1,125,135,127,-1,127,135,136,-1,127,136,129,-1,129,136,137,-1,129,137,131,-1,131,137,138,-1,131,138,133,-1,133,138,139,-1,107,108,134,-1,134,108,140,-1,134,140,135,-1,135,140,141,-1,135,141,136,-1,136,141,142,-1,136,142,137,-1,137,142,143,-1,137,143,138,-1,138,143,144,-1,138,144,139,-1,139,144,145,-1,108,109,140,-1,140,109,146,-1,140,146,141,-1,141,146,147,-1,141,147,142,-1,142,147,148,-1,142,148,143,-1,143,148,149,-1,143,149,144,-1,144,149,150,-1,144,150,145,-1,145,150,151,-1,109,110,146,-1,146,110,152,-1,146,152,147,-1,147,152,153,-1,147,153,148,-1,148,153,154,-1,148,154,149,-1,149,154,155,-1,149,155,150,-1,150,155,156,-1,150,156,151,-1,151,156,157,-1,110,55,152,-1,152,55,158,-1,152,158,153,-1,153,158,159,-1,153,159,154,-1,154,159,160,-1,154,160,155,-1,155,160,161,-1,155,161,156,-1,156,161,162,-1,156,162,157,-1,157,162,163,-1,60,111,164,-1,60,164,165,-1,165,164,166,-1,165,166,167,-1,168,166,169,-1,169,166,164,-1,169,164,170,-1,170,164,111,-1,170,111,112,-1,171,172,167,-1,173,168,174,-1,174,168,169,-1,174,169,175,-1,175,169,170,-1,175,170,176,-1,176,170,112,-1,176,112,113,-1,177,178,172,-1,179,173,180,-1,180,173,174,-1,180,174,181,-1,181,174,175,-1,181,175,182,-1,182,175,176,-1,182,176,183,-1,183,176,113,-1,183,113,114,-1,56,184,185,-1,185,184,178,-1,178,177,185,-1,185,177,186,-1,185,186,56,-1,172,171,177,-1,177,171,187,-1,177,187,186,-1,186,187,188,-1,186,188,56,-1,56,179,189,-1,189,179,180,-1,189,180,190,-1,190,180,181,-1,190,181,191,-1,191,181,182,-1,191,182,192,-1,192,182,183,-1,192,183,193,-1,193,183,114,-1,193,114,115,-1,56,189,194,-1,194,189,190,-1,194,190,195,-1,195,190,191,-1,195,191,196,-1,196,191,192,-1,196,192,197,-1,197,192,193,-1,197,193,198,-1,198,193,115,-1,198,115,116,-1,167,166,171,-1,171,166,168,-1,171,168,187,-1,187,168,173,-1,187,173,188,-1,188,173,179,-1,188,179,56,-1,199,200,201,-1,200,199,52,-1,52,202,203,-1,204,202,52,-1,205,203,206,-1,206,203,202,-1,206,202,207,-1,207,202,204,-1,207,204,208,-1,209,201,210,-1,210,201,200,-1,210,200,211,-1,211,200,52,-1,212,205,213,-1,213,205,206,-1,213,206,214,-1,214,206,207,-1,214,207,215,-1,215,207,208,-1,215,208,216,-1,118,209,119,-1,119,209,210,-1,119,210,120,-1,120,210,211,-1,120,211,121,-1,121,211,52,-1,217,212,218,-1,218,212,213,-1,218,213,219,-1,219,213,214,-1,219,214,220,-1,220,214,215,-1,220,215,221,-1,221,215,216,-1,221,216,222,-1,118,222,209,-1,209,222,216,-1,209,216,201,-1,201,216,208,-1,201,208,199,-1,199,208,204,-1,199,204,52,-1,118,117,222,-1,222,117,223,-1,222,223,221,-1,221,223,224,-1,221,224,220,-1,220,224,225,-1,220,225,219,-1,219,225,226,-1,219,226,218,-1,218,226,227,-1,218,227,217,-1,217,227,228,-1,117,63,223,-1,223,63,229,-1,223,229,224,-1,224,229,230,-1,224,230,225,-1,225,230,231,-1,225,231,226,-1,226,231,232,-1,226,232,227,-1,227,232,233,-1,227,233,228,-1,228,233,44,-1,53,52,234,-1,234,52,203,-1,234,203,235,-1,235,203,205,-1,235,205,236,-1,236,205,212,-1,236,212,237,-1,237,212,217,-1,237,217,238,-1,238,217,228,-1,238,228,46,-1,46,228,44,-1,55,53,239,-1,55,239,158,-1,158,239,240,-1,158,240,159,-1,159,240,241,-1,159,241,160,-1,160,241,242,-1,160,242,161,-1,161,242,243,-1,161,243,162,-1,162,243,244,-1,162,244,163,-1,245,132,246,-1,246,132,133,-1,246,133,247,-1,247,133,139,-1,247,139,248,-1,248,139,145,-1,248,145,249,-1,249,145,151,-1,249,151,250,-1,250,151,157,-1,250,157,251,-1,251,157,163,-1,252,245,253,-1,252,253,254,-1,254,253,255,-1,254,255,256,-1,256,255,257,-1,256,257,258,-1,258,257,259,-1,259,257,260,-1,259,260,261,-1,261,260,262,-1,262,260,263,-1,262,263,264,-1,264,263,265,-1,265,263,266,-1,265,266,267,-1,57,56,268,-1,268,56,194,-1,268,194,269,-1,269,194,195,-1,269,195,270,-1,270,195,196,-1,270,196,271,-1,271,196,197,-1,271,197,272,-1,272,197,198,-1,272,198,273,-1,273,198,116,-1,61,60,274,-1,274,60,165,-1,274,165,275,-1,275,165,167,-1,275,167,276,-1,276,167,172,-1,276,172,277,-1,277,172,178,-1,277,178,278,-1,278,178,184,-1,278,184,58,-1,58,184,56,-1,63,61,229,-1,229,61,279,-1,229,279,230,-1,230,279,280,-1,230,280,231,-1,231,280,281,-1,231,281,232,-1,232,281,282,-1,232,282,233,-1,233,282,283,-1,233,283,44,-1,44,283,45,-1,40,284,42,-1,42,284,285,-1,42,285,43,-1,43,285,286,-1,43,286,35,-1,35,286,287,-1,35,287,34,-1,34,287,288,-1,34,288,32,-1,32,288,289,-1,32,289,46,-1,46,289,238,-1,284,290,285,-1,285,290,291,-1,285,291,286,-1,286,291,292,-1,286,292,287,-1,287,292,293,-1,287,293,288,-1,288,293,294,-1,288,294,289,-1,289,294,295,-1,289,295,238,-1,238,295,237,-1,290,296,291,-1,291,296,297,-1,291,297,292,-1,292,297,298,-1,292,298,293,-1,293,298,299,-1,293,299,294,-1,294,299,300,-1,294,300,295,-1,295,300,301,-1,295,301,237,-1,237,301,236,-1,296,302,297,-1,297,302,303,-1,297,303,298,-1,298,303,304,-1,298,304,299,-1,299,304,305,-1,299,305,300,-1,300,305,306,-1,300,306,301,-1,301,306,307,-1,301,307,236,-1,236,307,235,-1,302,308,303,-1,303,308,309,-1,303,309,304,-1,304,309,310,-1,304,310,305,-1,305,310,311,-1,305,311,306,-1,306,311,312,-1,306,312,307,-1,307,312,313,-1,307,313,235,-1,235,313,234,-1,308,244,309,-1,309,244,243,-1,309,243,310,-1,310,243,242,-1,310,242,311,-1,311,242,241,-1,311,241,312,-1,312,241,240,-1,312,240,313,-1,313,240,239,-1,313,239,234,-1,234,239,53,-1,314,315,316,-1,316,315,317,-1,316,317,318,-1,318,317,319,-1,318,319,320,-1,320,319,321,-1,320,321,322,-1,322,321,323,-1,322,323,324,-1,324,323,325,-1,324,325,251,-1,251,325,250,-1,315,326,317,-1,317,326,327,-1,317,327,319,-1,319,327,328,-1,319,328,321,-1,321,328,329,-1,321,329,323,-1,323,329,330,-1,323,330,325,-1,325,330,331,-1,325,331,250,-1,250,331,249,-1,326,332,327,-1,327,332,333,-1,327,333,328,-1,328,333,334,-1,328,334,329,-1,329,334,335,-1,329,335,330,-1,330,335,336,-1,330,336,331,-1,331,336,337,-1,331,337,249,-1,249,337,248,-1,332,338,333,-1,333,338,339,-1,333,339,334,-1,334,339,340,-1,334,340,335,-1,335,340,341,-1,335,341,336,-1,336,341,342,-1,336,342,337,-1,337,342,343,-1,337,343,248,-1,248,343,247,-1,338,344,339,-1,339,344,345,-1,339,345,340,-1,340,345,346,-1,340,346,341,-1,341,346,347,-1,341,347,342,-1,342,347,348,-1,342,348,343,-1,343,348,349,-1,343,349,247,-1,247,349,246,-1,344,266,345,-1,345,266,263,-1,345,263,346,-1,346,263,260,-1,346,260,347,-1,347,260,257,-1,347,257,348,-1,348,257,255,-1,348,255,349,-1,349,255,253,-1,349,253,246,-1,246,253,245,-1,350,252,254,-1,350,254,351,-1,351,254,256,-1,351,256,352,-1,352,256,258,-1,352,258,353,-1,261,354,355,-1,353,258,355,-1,355,258,259,-1,355,259,261,-1,354,261,356,-1,356,261,262,-1,356,262,357,-1,262,264,357,-1,357,264,265,-1,357,265,358,-1,358,265,267,-1,358,267,359,-1,360,361,362,-1,362,361,363,-1,362,363,364,-1,364,363,365,-1,364,365,366,-1,366,365,367,-1,366,367,368,-1,368,367,369,-1,368,369,370,-1,370,369,371,-1,370,371,273,-1,273,371,272,-1,361,372,363,-1,363,372,373,-1,363,373,365,-1,365,373,374,-1,365,374,367,-1,367,374,375,-1,367,375,369,-1,369,375,376,-1,369,376,371,-1,371,376,377,-1,371,377,272,-1,272,377,271,-1,372,378,373,-1,373,378,379,-1,373,379,374,-1,374,379,380,-1,374,380,375,-1,375,380,381,-1,375,381,376,-1,376,381,382,-1,376,382,377,-1,377,382,383,-1,377,383,271,-1,271,383,270,-1,378,384,379,-1,379,384,385,-1,379,385,380,-1,380,385,386,-1,380,386,381,-1,381,386,387,-1,381,387,382,-1,382,387,388,-1,382,388,383,-1,383,388,389,-1,383,389,270,-1,270,389,269,-1,384,390,385,-1,385,390,391,-1,385,391,386,-1,386,391,392,-1,386,392,387,-1,387,392,393,-1,387,393,388,-1,388,393,394,-1,388,394,389,-1,389,394,395,-1,389,395,269,-1,269,395,268,-1,390,20,391,-1,391,20,396,-1,391,396,392,-1,392,396,397,-1,392,397,393,-1,393,397,398,-1,393,398,394,-1,394,398,399,-1,394,399,395,-1,395,399,400,-1,395,400,268,-1,268,400,57,-1,45,283,401,-1,45,401,402,-1,402,401,403,-1,402,403,404,-1,405,403,406,-1,406,403,401,-1,406,401,407,-1,407,401,283,-1,407,283,282,-1,408,409,404,-1,410,405,411,-1,411,405,406,-1,411,406,412,-1,412,406,407,-1,412,407,413,-1,413,407,282,-1,413,282,281,-1,414,415,409,-1,416,410,417,-1,417,410,411,-1,417,411,418,-1,418,411,412,-1,418,412,419,-1,419,412,413,-1,419,413,420,-1,420,413,281,-1,420,281,280,-1,58,421,422,-1,422,421,415,-1,415,414,422,-1,422,414,423,-1,422,423,58,-1,409,408,414,-1,414,408,424,-1,414,424,423,-1,423,424,425,-1,423,425,58,-1,58,416,426,-1,426,416,417,-1,426,417,427,-1,427,417,418,-1,427,418,428,-1,428,418,419,-1,428,419,429,-1,429,419,420,-1,429,420,430,-1,430,420,280,-1,430,280,279,-1,58,426,278,-1,278,426,427,-1,278,427,277,-1,277,427,428,-1,277,428,276,-1,276,428,429,-1,276,429,275,-1,275,429,430,-1,275,430,274,-1,274,430,279,-1,274,279,61,-1,404,403,408,-1,408,403,405,-1,408,405,424,-1,424,405,410,-1,424,410,425,-1,425,410,416,-1,425,416,58,-1,40,39,284,-1,284,39,431,-1,284,431,290,-1,290,431,432,-1,290,432,296,-1,296,432,433,-1,296,433,302,-1,302,433,434,-1,302,434,308,-1,308,434,435,-1,308,435,244,-1,244,435,436,-1,251,436,437,-1,251,437,324,-1,324,437,438,-1,324,438,322,-1,322,438,439,-1,322,439,320,-1,320,439,440,-1,320,440,318,-1,318,440,441,-1,318,441,316,-1,316,441,442,-1,316,442,314,-1,359,443,358,-1,358,443,444,-1,445,356,444,-1,444,356,357,-1,444,357,358,-1,353,355,445,-1,445,355,354,-1,445,354,356,-1,445,446,353,-1,353,446,447,-1,353,447,352,-1,352,447,448,-1,352,448,351,-1,351,448,449,-1,351,449,350,-1,360,449,361,-1,361,449,450,-1,361,450,372,-1,372,450,451,-1,372,451,378,-1,378,451,452,-1,378,452,384,-1,384,452,453,-1,384,453,390,-1,390,453,454,-1,390,454,20,-1,20,454,2,-1,59,57,400,-1,59,400,455,-1,455,400,399,-1,455,399,456,-1,456,399,398,-1,456,398,457,-1,457,398,397,-1,457,397,458,-1,458,397,396,-1,458,396,459,-1,459,396,20,-1,459,20,12,-1,460,47,45,-1,460,45,461,-1,461,45,402,-1,461,402,462,-1,462,402,463,-1,463,402,404,-1,463,404,464,-1,464,404,465,-1,465,404,409,-1,465,409,466,-1,466,409,415,-1,466,415,467,-1,467,415,468,-1,468,415,421,-1,468,421,469,-1,469,421,470,-1,470,421,58,-1,470,58,59,-1,471,472,473,-1,473,472,474,-1,473,474,475,-1,475,474,476,-1,475,476,477,-1,477,476,478,-1,477,478,479,-1,479,478,480,-1,479,480,481,-1,481,480,482,-1,481,482,39,-1,39,482,431,-1,472,483,474,-1,474,483,484,-1,474,484,476,-1,476,484,485,-1,476,485,478,-1,478,485,486,-1,478,486,480,-1,480,486,487,-1,480,487,482,-1,482,487,488,-1,482,488,431,-1,431,488,432,-1,483,489,484,-1,484,489,490,-1,484,490,485,-1,485,490,491,-1,485,491,486,-1,486,491,492,-1,486,492,487,-1,487,492,493,-1,487,493,488,-1,488,493,494,-1,488,494,432,-1,432,494,433,-1,489,495,490,-1,490,495,496,-1,490,496,491,-1,491,496,497,-1,491,497,492,-1,492,497,498,-1,492,498,493,-1,493,498,499,-1,493,499,494,-1,494,499,500,-1,494,500,433,-1,433,500,434,-1,495,501,496,-1,496,501,502,-1,496,502,497,-1,497,502,503,-1,497,503,498,-1,498,503,504,-1,498,504,499,-1,499,504,505,-1,499,505,500,-1,500,505,506,-1,500,506,434,-1,434,506,435,-1,501,442,502,-1,502,442,441,-1,502,441,503,-1,503,441,440,-1,503,440,504,-1,504,440,439,-1,504,439,505,-1,505,439,438,-1,505,438,506,-1,506,438,437,-1,506,437,435,-1,435,437,436,-1,443,507,444,-1,444,507,508,-1,444,508,445,-1,445,508,509,-1,445,509,446,-1,446,509,510,-1,446,510,447,-1,447,510,511,-1,447,511,448,-1,448,511,512,-1,448,512,449,-1,449,512,450,-1,507,513,508,-1,508,513,514,-1,508,514,509,-1,509,514,515,-1,509,515,510,-1,510,515,516,-1,510,516,511,-1,511,516,517,-1,511,517,512,-1,512,517,518,-1,512,518,450,-1,450,518,451,-1,513,519,514,-1,514,519,520,-1,514,520,515,-1,515,520,521,-1,515,521,516,-1,516,521,522,-1,516,522,517,-1,517,522,523,-1,517,523,518,-1,518,523,524,-1,518,524,451,-1,451,524,452,-1,519,525,520,-1,520,525,526,-1,520,526,521,-1,521,526,527,-1,521,527,522,-1,522,527,528,-1,522,528,523,-1,523,528,529,-1,523,529,524,-1,524,529,530,-1,524,530,452,-1,452,530,453,-1,525,531,526,-1,526,531,532,-1,526,532,527,-1,527,532,533,-1,527,533,528,-1,528,533,534,-1,528,534,529,-1,529,534,535,-1,529,535,530,-1,530,535,536,-1,530,536,453,-1,453,536,454,-1,531,537,532,-1,532,537,538,-1,532,538,533,-1,533,538,539,-1,533,539,534,-1,534,539,540,-1,534,540,535,-1,535,540,541,-1,535,541,536,-1,536,541,542,-1,536,542,454,-1,454,542,2,-1,469,470,543,-1,544,545,546,-1,467,468,547,-1,548,549,550,-1,465,466,551,-1,552,553,554,-1,463,464,555,-1,556,557,558,-1,461,462,559,-1,560,561,562,-1,47,460,48,-1,48,460,563,-1,48,563,38,-1,38,563,564,-1,38,564,37,-1,37,564,565,-1,37,565,36,-1,36,565,566,-1,36,566,51,-1,51,566,562,-1,51,562,50,-1,50,562,561,-1,460,461,563,-1,563,461,559,-1,563,559,564,-1,564,559,567,-1,564,567,565,-1,565,567,568,-1,565,568,566,-1,566,568,569,-1,566,569,562,-1,562,569,558,-1,562,558,560,-1,560,558,557,-1,462,463,559,-1,559,463,555,-1,559,555,567,-1,567,555,570,-1,567,570,568,-1,568,570,571,-1,568,571,569,-1,569,571,572,-1,569,572,558,-1,558,572,554,-1,558,554,556,-1,556,554,553,-1,464,465,555,-1,555,465,551,-1,555,551,570,-1,570,551,573,-1,570,573,571,-1,571,573,574,-1,571,574,572,-1,572,574,575,-1,572,575,554,-1,554,575,550,-1,554,550,552,-1,552,550,549,-1,466,467,551,-1,551,467,547,-1,551,547,573,-1,573,547,576,-1,573,576,574,-1,574,576,577,-1,574,577,575,-1,575,577,578,-1,575,578,550,-1,550,578,546,-1,550,546,548,-1,548,546,545,-1,468,469,547,-1,547,469,543,-1,547,543,576,-1,576,543,579,-1,576,579,577,-1,577,579,580,-1,577,580,578,-1,578,580,581,-1,578,581,546,-1,546,581,582,-1,546,582,544,-1,544,582,583,-1,470,59,543,-1,543,59,455,-1,543,455,579,-1,579,455,456,-1,579,456,580,-1,580,456,457,-1,580,457,581,-1,581,457,458,-1,581,458,582,-1,582,458,459,-1,582,459,583,-1,583,459,12,-1,584,471,585,-1,585,471,473,-1,475,586,473,-1,473,586,587,-1,473,587,585,-1,588,589,475,-1,475,589,590,-1,475,590,586,-1,475,477,588,-1,588,477,479,-1,588,479,591,-1,591,479,481,-1,591,481,592,-1,592,481,39,-1,592,39,41,-1,593,7,2,-1,593,2,594,-1,594,2,542,-1,594,542,595,-1,595,542,596,-1,596,542,541,-1,596,541,597,-1,597,541,598,-1,598,541,540,-1,598,540,599,-1,599,540,539,-1,599,539,600,-1,600,539,601,-1,601,539,538,-1,601,538,602,-1,602,538,603,-1,603,538,537,-1,603,537,604,-1,50,561,49,-1,49,561,605,-1,561,560,605,-1,605,560,557,-1,605,557,606,-1,557,556,606,-1,606,556,553,-1,606,553,607,-1,607,553,552,-1,607,552,608,-1,552,549,608,-1,608,549,548,-1,608,548,609,-1,548,545,609,-1,609,545,544,-1,609,544,7,-1,7,544,583,-1,7,583,12,-1,610,584,611,-1,611,584,585,-1,611,585,612,-1,612,585,587,-1,612,587,613,-1,613,587,586,-1,613,586,614,-1,614,586,590,-1,614,590,615,-1,615,590,589,-1,615,589,616,-1,589,588,616,-1,616,588,591,-1,616,591,617,-1,617,591,592,-1,617,592,618,-1,618,592,41,-1,618,41,33,-1,619,620,621,-1,604,622,603,-1,603,622,623,-1,603,623,602,-1,602,623,624,-1,621,625,619,-1,619,625,626,-1,619,626,627,-1,628,600,624,-1,624,600,601,-1,624,601,602,-1,626,629,627,-1,627,629,630,-1,627,630,631,-1,632,598,628,-1,628,598,599,-1,628,599,600,-1,630,633,631,-1,631,633,634,-1,631,634,635,-1,594,595,636,-1,636,595,596,-1,636,596,632,-1,632,596,597,-1,632,597,598,-1,622,637,623,-1,623,637,638,-1,623,638,624,-1,624,638,639,-1,624,639,628,-1,628,639,640,-1,628,640,632,-1,632,640,641,-1,632,641,636,-1,636,641,642,-1,637,643,638,-1,638,643,644,-1,638,644,639,-1,639,644,645,-1,639,645,640,-1,640,645,646,-1,640,646,641,-1,641,646,647,-1,641,647,642,-1,642,647,648,-1,643,649,644,-1,644,649,650,-1,644,650,645,-1,645,650,651,-1,645,651,646,-1,646,651,652,-1,646,652,647,-1,647,652,653,-1,647,653,648,-1,648,653,654,-1,649,620,650,-1,650,620,619,-1,650,619,651,-1,651,619,627,-1,651,627,652,-1,652,627,631,-1,652,631,653,-1,653,631,635,-1,653,635,654,-1,654,635,655,-1,7,593,656,-1,656,593,594,-1,634,657,635,-1,635,657,658,-1,635,658,655,-1,655,658,659,-1,655,659,660,-1,594,636,656,-1,656,636,642,-1,656,642,661,-1,661,642,648,-1,661,648,662,-1,662,648,654,-1,662,654,663,-1,663,654,655,-1,663,655,664,-1,664,655,660,-1,664,660,665,-1,7,656,609,-1,609,656,661,-1,609,661,608,-1,608,661,662,-1,608,662,607,-1,607,662,663,-1,607,663,606,-1,606,663,664,-1,606,664,605,-1,605,664,665,-1,605,665,49,-1,618,33,49,-1,49,665,618,-1,618,665,660,-1,618,660,617,-1,660,659,617,-1,617,659,658,-1,617,658,616,-1,658,657,616,-1,616,657,634,-1,616,634,615,-1,615,634,633,-1,615,633,614,-1,614,633,630,-1,614,630,613,-1,613,630,629,-1,613,629,612,-1,612,629,626,-1,612,626,611,-1,611,626,625,-1,611,625,610,-1,610,625,621,-1,
        ]
    }
}
Shape{
    appearance Appearance {
        material  Material 	{
            diffuseColor 0.6470588235294118 0.5176470588235295 0.0
            specularColor 0.45098039215686275 0.3607843137254902 0.0
            ambientIntensity 0.4973
            transparency 0.0
            shininess 0.5
        }
    }
    geometry IndexedFaceSet {
        ccw TRUE
        solid FALSE
        coord DEF co Coordinate {
            point [
                -0.5551 -0.5906 2.126, -0.9882 -0.5906 2.126, -0.5551 -1.7717 2.126, -0.9882 -1.7717 2.126, -0.5354 -0.5906 1.6732, -0.5354 -0.5906 2.1063, -0.5354 -1.7717 1.6732, -0.5354 -1.7717 2.1063, -0.9882 -0.5906 1.6535, -0.5551 -0.5906 1.6535, -0.9882 -1.7717 1.6535, -0.5551 -1.7717 1.6535, -1.0079 -1.7717 1.6732, -1.0079 -1.7717 2.1063, -1.0079 -0.5906 1.6732, -1.0079 -0.5906 2.1063, -0.9882 -0.4612 2.1158, -0.5551 -0.4612 2.1158, -0.9882 -0.4297 2.1082, -0.5551 -0.4297 2.1082, -0.9882 -0.3351 2.0855, -0.5551 -0.3351 2.0855, -0.9882 -0.2751 2.0607, -0.5551 -0.2751 2.0607, -0.9882 -0.2152 2.0359, -0.5551 -0.2152 2.0359, -0.9882 -0.1322 1.985, -0.5551 -0.1322 1.985, -0.9882 -0.1046 1.9681, -0.5551 -0.1046 1.9681, -0.9882 -0.0059 1.8838, -0.5551 -0.0059 1.8838, -0.9882 0.0783 1.7852, -0.5551 0.0783 1.7852, -0.9882 0.0953 1.7575, -0.5551 0.0953 1.7575, -0.9882 0.1461 1.6746, -0.5551 0.1461 1.6746, -0.9882 0.1709 1.6146, -0.5551 0.1709 1.6146, -0.9882 0.1958 1.5547, -0.5551 0.1958 1.5547, -0.9882 0.2185 1.4601, -0.5551 0.2185 1.4601, -0.9882 0.226 1.4286, -0.5551 0.226 1.4286, -0.9882 0.2362 1.2992, -0.5551 0.2362 1.2992, -0.5354 -0.2259 1.3824, -0.5354 -0.2165 1.2992, -0.5354 0.2165 1.2992, -0.5354 -0.4643 2.0964, -0.5354 -0.5073 1.6639, -0.5354 -0.3411 2.0668, -0.5354 -0.4283 1.6362, -0.5354 -0.2981 1.5324, -0.5354 -0.0199 1.8699, -0.5354 -0.3574 1.5916, -0.5354 -0.1162 1.9522, -0.5354 -0.2241 2.0183, -0.5354 0.2066 1.4255, -0.5354 0.177 1.5486, -0.5354 -0.2536 1.4615, -0.5354 0.1286 1.6656, -0.5354 0.0624 1.7736, -0.9882 -0.2362 1.2992, -0.5551 -0.2362 1.2992, -0.9882 -0.2451 1.3781, -0.5551 -0.2451 1.3781, -0.9882 -0.2495 1.3905, -0.5551 -0.2495 1.3905, -0.9882 -0.2713 1.453, -0.5551 -0.2713 1.453, -0.9882 -0.2854 1.4753, -0.5551 -0.2854 1.4753, -0.9882 -0.3135 1.5201, -0.5551 -0.3135 1.5201, -0.9882 -0.3416 1.5482, -0.5551 -0.3416 1.5482, -0.9882 -0.3696 1.5762, -0.5551 -0.3696 1.5762, -0.9882 -0.4144 1.6044, -0.5551 -0.4144 1.6044, -0.9882 -0.4368 1.6185, -0.5551 -0.4368 1.6185, -0.9882 -0.4993 1.6403, -0.5551 -0.4993 1.6403, -0.9882 -0.5117 1.6447, -0.5551 -0.5117 1.6447, -1.0079 -0.5073 1.6639, -1.0079 0.2165 1.2992, -1.0079 -0.2165 1.2992, -1.0079 0.2066 1.4255, -1.0079 -0.2259 1.3824, -1.0079 0.177 1.5486, -1.0079 -0.2536 1.4615, -1.0079 -0.3574 1.5916, -1.0079 -0.0199 1.8699, -1.0079 -0.2981 1.5324, -1.0079 0.0624 1.7736, -1.0079 0.1286 1.6656, -1.0079 -0.4643 2.0964, -1.0079 -0.3411 2.0668, -1.0079 -0.4283 1.6362, -1.0079 -0.2241 2.0183, -1.0079 -0.1162 1.9522, -0.9882 0.2362 -0.9314, -0.5551 0.2362 -0.9314, -0.5354 -0.2165 -0.9314, -0.5354 0.2165 -0.9314, -0.9882 -0.2362 -0.9314, -0.5551 -0.2362 -0.9314, -1.0079 0.2165 -0.9314, -1.0079 -0.2165 -0.9314, -0.6307 0.141 -1.378, -0.6307 -0.141 -1.378, -0.9126 0.141 -1.378, -0.9126 -0.141 -1.378, -0.9882 -2.8346 1.6535, -0.5551 -2.8346 1.6535, -0.9882 -5.4196 1.6535, -0.5551 -5.4196 1.6535, -0.5354 -2.8346 1.6732, -0.5354 -2.8346 2.1063, -0.5354 -5.4196 1.6732, -0.5354 -5.4196 2.1063, -0.9882 -5.4196 2.126, -0.5551 -5.4196 2.126, -0.9882 -2.8346 2.126, -0.5551 -2.8346 2.126, -0.6307 -5.8661 1.7488, -0.6307 -5.8661 2.0307, -0.9126 -5.8661 1.7488, -0.9126 -5.8661 2.0307, -0.5548 -5.4196 1.6535, -0.6307 -5.8499 1.7294, -0.9126 -5.8499 1.7294, -0.9885 -5.4196 1.6535, -0.5354 -5.4196 2.1066, -0.6113 -5.8499 2.0307, -0.6113 -5.8499 1.7488, -0.5354 -5.4196 1.6729, -1.0079 -5.4196 1.6729, -0.932 -5.8499 1.7488, -1.0079 -5.4196 1.6732, -1.0079 -5.4196 1.765, -1.0079 -5.4196 2.1063, -0.932 -5.8499 2.0307, -1.0079 -5.4196 2.1066, -0.9885 -5.4196 2.126, -0.9126 -5.8499 2.0501, -0.6307 -5.8499 2.0501, -0.5548 -5.4196 2.126, -0.5548 0.2362 -0.9314, -0.6307 0.1603 -1.3617, -0.9126 0.1603 -1.3617, -0.9885 0.2362 -0.9314, -1.0079 0.2168 -0.9314, -0.932 0.141 -1.3617, -0.932 -0.141 -1.3617, -1.0079 -0.2168 -0.9314, -0.5354 -0.2168 -0.9314, -0.6113 -0.141 -1.3617, -0.6113 0.141 -1.3617, -0.5354 0.2168 -0.9314, -0.9885 -0.2362 -0.9314, -0.9126 -0.1603 -1.3617, -0.6307 -0.1603 -1.3617, -0.5548 -0.2362 -0.9314, -0.9933 -5.42 2.1253, -0.9933 -2.8346 2.1253, -0.9935 -5.42 2.1253, -0.998 -2.8346 2.1233, -0.998 -5.4202 2.1233, -0.9981 -5.4202 2.1233, -1.0021 -2.8346 2.1202, -1.0021 -5.4203 2.1202, -1.0052 -5.4202 2.1162, -1.0052 -2.8346 2.1161, -1.0052 -5.4202 2.1161, -1.0072 -5.42 2.1116, -1.0072 -2.8346 2.1114, -1.0072 -5.42 2.1114, -1.0079 -2.8346 2.1063, -1.0079 -4.1679 2.1063, -0.5361 -5.42 2.1114, -0.5361 -2.8346 2.1114, -0.5362 -5.42 2.1116, -0.5381 -2.8346 2.1161, -0.5381 -5.4202 2.1161, -0.5381 -5.4202 2.1162, -0.5412 -2.8346 2.1202, -0.5412 -5.4203 2.1202, -0.5452 -5.4202 2.1233, -0.5453 -2.8346 2.1233, -0.5453 -5.4202 2.1233, -0.5498 -5.42 2.1253, -0.55 -2.8346 2.1253, -0.55 -5.42 2.1253, -0.9313 -5.8506 2.0353, -0.9312 -5.8506 2.0357, -0.9292 -5.8511 2.0403, -0.9268 -5.8512 2.0434, -0.9261 -5.8512 2.0442, -0.9239 -5.8511 2.0459, -0.9232 -5.8511 2.0465, -0.9221 -5.8511 2.0473, -0.9188 -5.8507 2.0488, -0.9187 -5.8507 2.0488, -0.9175 -5.8506 2.0493, -0.915 -5.8502 2.0497, -0.9137 -5.85 2.0499, -0.6307 -5.8656 2.0353, -0.6307 -5.8541 2.0489, -0.9126 -5.8541 2.0489, -0.6307 -5.8542 2.0488, -0.9126 -5.8542 2.0488, -0.6307 -5.8581 2.0466, -0.9126 -5.8581 2.0466, -0.6307 -5.8582 2.0465, -0.9126 -5.8582 2.0465, -0.6307 -5.8615 2.0434, -0.9126 -5.8615 2.0434, -0.6307 -5.8615 2.0434, -0.9126 -5.8615 2.0434, -0.6307 -5.864 2.0396, -0.9126 -5.864 2.0396, -0.6307 -5.864 2.0396, -0.9126 -5.864 2.0396, -0.6307 -5.8656 2.0353, -0.9126 -5.8656 2.0353, -0.9126 -5.8656 2.0353, -0.6296 -5.85 2.0499, -0.6258 -5.8506 2.0493, -0.6246 -5.8507 2.0488, -0.6283 -5.8502 2.0497, -0.6245 -5.8507 2.0488, -0.6212 -5.8511 2.0473, -0.6201 -5.8511 2.0465, -0.6194 -5.8511 2.0459, -0.6172 -5.8512 2.0442, -0.6165 -5.8512 2.0434, -0.6141 -5.8511 2.0403, -0.6121 -5.8506 2.0357, -0.612 -5.8506 2.0353, -1.0079 -4.1679 1.6732, -1.0079 -2.8346 1.6732, -1.0072 -2.8346 1.6681, -1.0072 -5.42 1.6681, -1.0072 -5.42 1.6679, -1.0052 -2.8346 1.6634, -1.0052 -5.4202 1.6634, -1.0052 -5.4202 1.6633, -1.0021 -2.8346 1.6593, -1.0021 -5.4203 1.6593, -0.9981 -5.4202 1.6562, -0.998 -2.8346 1.6562, -0.998 -5.4202 1.6562, -0.9935 -5.42 1.6543, -0.9933 -2.8346 1.6542, -0.9933 -5.42 1.6542, -0.9307 -5.8542 2.0307, -0.9285 -5.8581 2.0307, -0.928 -5.8578 2.0353, -0.9284 -5.8582 2.0307, -0.9253 -5.8615 2.0307, -0.925 -5.8611 2.0353, -0.9253 -5.8615 2.0307, -0.9215 -5.864 2.0307, -0.9213 -5.8635 2.0353, -0.9307 -5.8541 2.0307, -0.9303 -5.8539 2.0353, -0.9265 -5.8523 2.0434, -0.9288 -5.8533 2.0396, -0.922 -5.8534 2.0466, -0.9188 -5.851 2.0489, -0.9144 -5.8539 2.0489, -0.9153 -5.8578 2.0466, -0.9161 -5.8611 2.0434, -0.9167 -5.8635 2.0396, -0.9171 -5.8651 2.0353, -0.9172 -5.8656 2.0307, -0.9172 -5.8656 2.0307, -0.9214 -5.864 2.0307, -0.9205 -5.8621 2.0396, -0.9194 -5.8599 2.0434, -0.9179 -5.8569 2.0466, -0.9161 -5.8533 2.0489, -0.924 -5.8599 2.0396, -0.9223 -5.8579 2.0434, -0.9202 -5.8554 2.0466, -0.9176 -5.8523 2.0489, -0.9268 -5.8569 2.0396, -0.9247 -5.8554 2.0434, -0.6262 -5.8656 2.0307, -0.6261 -5.8656 2.0307, -0.6262 -5.8651 2.0353, -0.6219 -5.864 2.0307, -0.6218 -5.864 2.0307, -0.622 -5.8635 2.0353, -0.618 -5.8615 2.0307, -0.618 -5.8615 2.0307, -0.6183 -5.8611 2.0353, -0.6149 -5.8582 2.0307, -0.6148 -5.8581 2.0307, -0.6153 -5.8578 2.0353, -0.6126 -5.8542 2.0307, -0.6126 -5.8541 2.0307, -0.6131 -5.8539 2.0353, -0.6289 -5.8539 2.0489, -0.6213 -5.8534 2.0466, -0.6245 -5.851 2.0489, -0.6186 -5.8554 2.0434, -0.6169 -5.8523 2.0434, -0.6145 -5.8533 2.0396, -0.628 -5.8578 2.0466, -0.6272 -5.8611 2.0434, -0.6266 -5.8635 2.0396, -0.6165 -5.8569 2.0396, -0.6193 -5.8599 2.0396, -0.621 -5.8579 2.0434, -0.6232 -5.8554 2.0466, -0.6257 -5.8523 2.0489, -0.6228 -5.8621 2.0396, -0.6239 -5.8599 2.0434, -0.6254 -5.8569 2.0466, -0.6272 -5.8533 2.0489, -0.55 -5.42 1.6542, -0.55 -2.8346 1.6542, -0.5498 -5.42 1.6543, -0.5453 -2.8346 1.6562, -0.5453 -5.4202 1.6562, -0.5452 -5.4202 1.6562, -0.5412 -2.8346 1.6593, -0.5412 -5.4203 1.6593, -0.5381 -5.4202 1.6633, -0.5381 -2.8346 1.6634, -0.5381 -5.4202 1.6634, -0.5362 -5.42 1.6679, -0.5361 -2.8346 1.6681, -0.5361 -5.42 1.6681, -0.9137 -5.85 1.7296, -0.9175 -5.8506 1.7302, -0.9187 -5.8507 1.7307, -0.915 -5.8502 1.7298, -0.9188 -5.8507 1.7308, -0.9221 -5.8511 1.7322, -0.9232 -5.8511 1.733, -0.9239 -5.8511 1.7336, -0.9261 -5.8512 1.7353, -0.9268 -5.8512 1.7361, -0.9292 -5.8511 1.7393, -0.9312 -5.8506 1.7439, -0.9313 -5.8506 1.7442, -0.9307 -5.8541 1.7488, -0.9307 -5.8542 1.7488, -0.9285 -5.8581 1.7488, -0.9284 -5.8582 1.7488, -0.9253 -5.8615 1.7488, -0.9253 -5.8615 1.7488, -0.9215 -5.864 1.7488, -0.9214 -5.864 1.7488, -0.9172 -5.8656 1.7488, -0.9172 -5.8656 1.7488, -0.6262 -5.8656 1.7488, -0.6126 -5.8541 1.7488, -0.6126 -5.8542 1.7488, -0.6148 -5.8581 1.7488, -0.6149 -5.8582 1.7488, -0.618 -5.8615 1.7488, -0.618 -5.8615 1.7488, -0.6218 -5.864 1.7488, -0.6219 -5.864 1.7488, -0.6261 -5.8656 1.7488, -0.612 -5.8506 1.7442, -0.6121 -5.8506 1.7439, -0.6141 -5.8511 1.7393, -0.6165 -5.8512 1.7361, -0.6172 -5.8512 1.7353, -0.6194 -5.8511 1.7336, -0.6201 -5.8511 1.733, -0.6212 -5.8511 1.7322, -0.6245 -5.8507 1.7308, -0.6246 -5.8507 1.7307, -0.6258 -5.8506 1.7302, -0.6283 -5.8502 1.7298, -0.6296 -5.85 1.7296, -0.9303 -5.8539 1.7442, -0.928 -5.8578 1.7442, -0.925 -5.8611 1.7442, -0.9213 -5.8635 1.7442, -0.9144 -5.8539 1.7307, -0.922 -5.8534 1.7329, -0.9188 -5.851 1.7307, -0.9247 -5.8554 1.7361, -0.9265 -5.8523 1.7361, -0.9288 -5.8533 1.7399, -0.9171 -5.8651 1.7442, -0.9126 -5.8656 1.7443, -0.9167 -5.8635 1.7399, -0.9126 -5.864 1.74, -0.9126 -5.8656 1.7442, -0.9161 -5.8611 1.7361, -0.9126 -5.8615 1.7362, -0.9126 -5.864 1.7399, -0.9268 -5.8569 1.7399, -0.9153 -5.8578 1.7329, -0.9126 -5.8582 1.733, -0.9126 -5.8615 1.7361, -0.9126 -5.8541 1.7307, -0.9126 -5.8542 1.7307, -0.9126 -5.8581 1.7329, -0.9205 -5.8621 1.7399, -0.9194 -5.8599 1.7361, -0.9179 -5.8569 1.7329, -0.9161 -5.8533 1.7307, -0.924 -5.8599 1.7399, -0.9223 -5.8579 1.7361, -0.9202 -5.8554 1.7329, -0.9176 -5.8523 1.7307, -0.6131 -5.8539 1.7442, -0.6169 -5.8523 1.7361, -0.6213 -5.8534 1.7329, -0.6245 -5.851 1.7307, -0.6257 -5.8523 1.7307, -0.6272 -5.8533 1.7307, -0.6289 -5.8539 1.7307, -0.6307 -5.8541 1.7307, -0.6153 -5.8578 1.7442, -0.6183 -5.8611 1.7442, -0.622 -5.8635 1.7442, -0.6262 -5.8651 1.7442, -0.6307 -5.8656 1.7443, -0.6145 -5.8533 1.7399, -0.6165 -5.8569 1.7399, -0.6193 -5.8599 1.7399, -0.6228 -5.8621 1.7399, -0.6266 -5.8635 1.7399, -0.6307 -5.8656 1.7442, -0.6307 -5.864 1.74, -0.6307 -5.864 1.7399, -0.6307 -5.8615 1.7362, -0.6272 -5.8611 1.7361, -0.6239 -5.8599 1.7361, -0.621 -5.8579 1.7361, -0.6186 -5.8554 1.7361, -0.6232 -5.8554 1.7329, -0.6254 -5.8569 1.7329, -0.628 -5.8578 1.7329, -0.6307 -5.8615 1.7361, -0.6307 -5.8582 1.733, -0.6307 -5.8581 1.7329, -0.6307 -5.8542 1.7307, -0.9933 -1.7717 1.6542, -0.9933 -0.5906 1.6542, -0.998 -1.7717 1.6562, -0.998 -0.5906 1.6562, -1.0021 -1.7717 1.6593, -1.0021 -0.5906 1.6593, -1.0052 -1.7717 1.6634, -1.0052 -0.5906 1.6634, -1.0072 -1.7717 1.6681, -1.0072 -0.5906 1.6681, -0.5361 -1.7717 1.6681, -0.5361 -0.5906 1.6681, -0.5381 -1.7717 1.6634, -0.5381 -0.5906 1.6634, -0.5412 -1.7717 1.6593, -0.5412 -0.5906 1.6593, -0.5453 -1.7717 1.6562, -0.5453 -0.5906 1.6562, -0.55 -1.7717 1.6542, -0.55 -0.5906 1.6542, -1.0072 -0.2216 1.2992, -1.0072 -0.2309 1.3813, -1.0052 -0.2264 1.2992, -1.0052 -0.2355 1.3803, -1.0021 -0.2305 1.2992, -1.0021 -0.2395 1.3793, -0.998 -0.2336 1.2992, -0.998 -0.2425 1.3786, -0.9933 -0.2355 1.2992, -0.9933 -0.2444 1.3782, -0.9933 -0.2707 1.4532, -0.9933 -0.313 1.5206, -0.9933 -0.3692 1.5768, -0.9933 -0.4365 1.6191, -0.9933 -0.5116 1.6453, -0.998 -0.2689 1.4541, -0.998 -0.3115 1.5218, -0.998 -0.368 1.5783, -0.998 -0.4357 1.6208, -0.998 -0.5111 1.6472, -1.0021 -0.2661 1.4555, -1.0021 -0.309 1.5237, -1.0021 -0.366 1.5808, -1.0021 -0.4343 1.6237, -1.0021 -0.5104 1.6503, -1.0052 -0.2624 1.4572, -1.0052 -0.3058 1.5263, -1.0052 -0.3635 1.5839, -1.0052 -0.4325 1.6273, -1.0052 -0.5095 1.6543, -1.0072 -0.2582 1.4593, -1.0072 -0.3021 1.5292, -1.0072 -0.3605 1.5876, -1.0072 -0.4305 1.6316, -1.0072 -0.5085 1.6589, -0.5361 -0.5085 1.6589, -0.5381 -0.5095 1.6543, -0.5412 -0.5104 1.6503, -0.5453 -0.5111 1.6472, -0.55 -0.5116 1.6453, -0.55 -0.4365 1.6191, -0.55 -0.313 1.5206, -0.55 -0.3692 1.5768, -0.55 -0.2707 1.4532, -0.55 -0.2444 1.3782, -0.55 -0.2355 1.2992, -0.5453 -0.4357 1.6208, -0.5453 -0.368 1.5783, -0.5453 -0.3115 1.5218, -0.5453 -0.2689 1.4541, -0.5453 -0.2425 1.3786, -0.5453 -0.2336 1.2992, -0.5412 -0.4343 1.6237, -0.5412 -0.366 1.5808, -0.5412 -0.309 1.5237, -0.5412 -0.2661 1.4555, -0.5412 -0.2395 1.3793, -0.5412 -0.2305 1.2992, -0.5381 -0.4325 1.6273, -0.5381 -0.3635 1.5839, -0.5381 -0.3058 1.5263, -0.5381 -0.2624 1.4572, -0.5381 -0.2355 1.3803, -0.5381 -0.2264 1.2992, -0.5361 -0.4305 1.6316, -0.5361 -0.3605 1.5876, -0.5361 -0.3021 1.5292, -0.5361 -0.2582 1.4593, -0.5361 -0.2309 1.3813, -0.5361 -0.2216 1.2992, -1.0072 -1.7717 2.1114, -1.0072 -0.5906 2.1114, -1.0052 -1.7717 2.1161, -1.0052 -0.5906 2.1161, -1.0021 -1.7717 2.1202, -1.0021 -0.5906 2.1202, -0.998 -1.7717 2.1233, -0.998 -0.5906 2.1233, -0.9933 -1.7717 2.1253, -0.9933 -0.5906 2.1253, -0.9933 -0.2355 -0.9318, -0.9935 -0.2355 -0.9318, -0.998 -0.2336 -0.932, -0.9981 -0.2335 -0.932, -1.0021 -0.2305 -0.9321, -1.0052 -0.2265 -0.932, -1.0052 -0.2264 -0.932, -1.0072 -0.2218 -0.9318, -1.0072 -0.2216 -0.9318, -0.5361 -0.2216 -0.9318, -0.5362 -0.2218 -0.9318, -0.5381 -0.2264 -0.932, -0.5381 -0.2265 -0.932, -0.5412 -0.2305 -0.9321, -0.5452 -0.2335 -0.932, -0.5453 -0.2336 -0.932, -0.5498 -0.2355 -0.9318, -0.55 -0.2355 -0.9318, -0.55 -1.7717 2.1253, -0.55 -0.5906 2.1253, -0.5453 -1.7717 2.1233, -0.5453 -0.5906 2.1233, -0.5412 -1.7717 2.1202, -0.5412 -0.5906 2.1202, -0.5381 -1.7717 2.1161, -0.5381 -0.5906 2.1161, -0.5361 -1.7717 2.1114, -0.5361 -0.5906 2.1114, -0.9933 -0.3353 2.0849, -0.9933 -0.2155 2.0353, -0.9933 -0.105 1.9675, -0.9933 0.1455 1.6743, -0.9933 0.1951 1.5545, -0.9933 0.2254 1.4284, -1.0072 0.2216 1.2992, -1.0072 0.2116 1.4263, -1.0052 0.2264 1.2992, -1.0052 0.2163 1.427, -1.0021 0.2305 1.2992, -1.0021 0.2203 1.4276, -0.998 0.2336 1.2992, -0.998 0.2234 1.4281, -0.9933 0.2356 1.2992, -1.0072 0.1819 1.5502, -1.0052 0.1864 1.5517, -1.0021 0.1903 1.5529, -0.998 0.1932 1.5539, -1.0072 0.1331 1.6679, -1.0052 0.1373 1.6701, -1.0021 0.141 1.6719, -0.998 0.1438 1.6734, -0.9933 0.0778 1.7848, -0.998 0.0762 1.7836, -1.0021 0.0737 1.7818, -1.0052 0.0704 1.7794, -1.0072 0.0665 1.7766, -1.0072 -0.0163 1.8735, -1.0052 -0.0129 1.8769, -1.0021 -0.01 1.8798, -0.998 -0.0078 1.882, -0.9933 -0.0064 1.8834, -1.0072 -0.1132 1.9563, -1.0052 -0.1104 1.9601, -1.0021 -0.108 1.9634, -0.998 -0.1061 1.966, -1.0072 -0.2218 2.0229, -1.0052 -0.2197 2.0271, -1.0021 -0.2178 2.0307, -0.998 -0.2164 2.0335, -0.998 -0.3359 2.083, -1.0021 -0.3368 2.08, -1.0052 -0.3381 2.0762, -1.0072 -0.3396 2.0716, -0.9933 -0.4613 2.1151, -0.998 -0.4616 2.1132, -1.0021 -0.4621 2.1101, -1.0052 -0.4628 2.1061, -1.0072 -0.4635 2.1014, -0.9312 -0.1459 -1.3624, -0.9312 -0.1459 -1.3624, -0.9292 -0.1505 -1.3629, -0.9292 -0.1505 -1.3629, -0.9261 -0.1545 -1.363, -0.9222 -0.1575 -1.3629, -0.9221 -0.1576 -1.3629, -0.9176 -0.1595 -1.3624, -0.9175 -0.1596 -1.3624, -0.6307 -0.1455 -1.3774, -0.6307 -0.1591 -1.3659, -0.9126 -0.1591 -1.3659, -0.6307 -0.159 -1.3661, -0.9126 -0.159 -1.3661, -0.6307 -0.1568 -1.3699, -0.9126 -0.1568 -1.3699, -0.6307 -0.1567 -1.37, -0.9126 -0.1567 -1.37, -0.6307 -0.1537 -1.3733, -0.9126 -0.1537 -1.3733, -0.6307 -0.1536 -1.3733, -0.9126 -0.1536 -1.3733, -0.6307 -0.1498 -1.3758, -0.9126 -0.1498 -1.3758, -0.6307 -0.1498 -1.3758, -0.9126 -0.1498 -1.3758, -0.6307 -0.1455 -1.3774, -0.9126 -0.1455 -1.3774, -0.9126 -0.1455 -1.3774, -0.6258 -0.1596 -1.3624, -0.6257 -0.1595 -1.3624, -0.6212 -0.1576 -1.3629, -0.6211 -0.1575 -1.3629, -0.6172 -0.1545 -1.363, -0.6141 -0.1505 -1.3629, -0.6141 -0.1505 -1.3629, -0.6121 -0.1459 -1.3624, -0.6121 -0.1459 -1.3624, -0.55 0.1951 1.5545, -0.55 0.1455 1.6743, -0.55 0.0778 1.7848, -0.55 -0.2155 2.0353, -0.55 -0.3353 2.0849, -0.55 -0.4613 2.1151, -0.5361 -0.4635 2.1014, -0.5381 -0.4628 2.1061, -0.5412 -0.4621 2.1101, -0.5453 -0.4616 2.1132, -0.5361 -0.3396 2.0716, -0.5381 -0.3381 2.0762, -0.5412 -0.3368 2.08, -0.5453 -0.3359 2.083, -0.5361 -0.2218 2.0229, -0.5381 -0.2197 2.0271, -0.5412 -0.2178 2.0307, -0.5453 -0.2164 2.0335, -0.55 -0.105 1.9675, -0.5453 -0.1061 1.966, -0.5412 -0.108 1.9634, -0.5381 -0.1104 1.9601, -0.5361 -0.1132 1.9563, -0.5361 -0.0163 1.8735, -0.5381 -0.0129 1.8769, -0.5412 -0.01 1.8798, -0.5453 -0.0078 1.882, -0.55 -0.0064 1.8834, -0.5361 0.0665 1.7766, -0.5381 0.0704 1.7794, -0.5412 0.0737 1.7818, -0.5453 0.0762 1.7836, -0.5361 0.1331 1.6679, -0.5381 0.1373 1.6701, -0.5412 0.141 1.6719, -0.5453 0.1438 1.6734, -0.5361 0.1819 1.5502, -0.5381 0.1864 1.5517, -0.5412 0.1903 1.5529, -0.5453 0.1932 1.5539, -0.55 0.2254 1.4284, -0.5453 0.2234 1.4281, -0.5412 0.2203 1.4276, -0.5381 0.2163 1.427, -0.5361 0.2116 1.4263, -0.5361 0.2216 1.2992, -0.5381 0.2264 1.2992, -0.5412 0.2305 1.2992, -0.5453 0.2336 1.2992, -0.55 0.2356 1.2992, -1.0072 0.2216 -0.9318, -1.0072 0.2218 -0.9318, -1.0052 0.2264 -0.932, -1.0052 0.2265 -0.932, -1.0021 0.2305 -0.9321, -0.9981 0.2335 -0.932, -0.998 0.2336 -0.932, -0.9935 0.2355 -0.9318, -0.9933 0.2355 -0.9318, -0.9172 -0.141 -1.3774, -0.917 -0.1421 -1.3774, -0.9149 -0.1495 -1.3758, -0.9159 -0.1532 -1.3733, -0.9167 -0.1563 -1.3699, -0.9173 -0.1585 -1.3659, -0.9217 -0.1567 -1.3659, -0.9307 -0.141 -1.3659, -0.9301 -0.1457 -1.3659, -0.9307 -0.141 -1.3661, -0.9279 -0.1451 -1.3699, -0.9205 -0.1547 -1.3699, -0.9254 -0.1538 -1.3659, -0.9285 -0.141 -1.3699, -0.9284 -0.141 -1.37, -0.9249 -0.1443 -1.3733, -0.919 -0.152 -1.3733, -0.9238 -0.1522 -1.3699, -0.9253 -0.141 -1.3733, -0.9253 -0.141 -1.3733, -0.9212 -0.1433 -1.3758, -0.9216 -0.15 -1.3733, -0.9171 -0.1487 -1.3758, -0.9138 -0.1454 -1.3774, -0.9283 -0.15 -1.3659, -0.9263 -0.1489 -1.3699, -0.9236 -0.1473 -1.3733, -0.9203 -0.1454 -1.3758, -0.9166 -0.1432 -1.3774, -0.9189 -0.1472 -1.3758, -0.9149 -0.1449 -1.3774, -0.9158 -0.1442 -1.3774, -0.9215 -0.141 -1.3758, -0.9214 -0.141 -1.3758, -0.9172 -0.141 -1.3774, -0.6295 -0.1454 -1.3774, -0.6219 -0.141 -1.3758, -0.6218 -0.141 -1.3758, -0.6221 -0.1433 -1.3758, -0.618 -0.141 -1.3733, -0.618 -0.141 -1.3733, -0.6184 -0.1443 -1.3733, -0.6154 -0.1451 -1.3699, -0.6132 -0.1457 -1.3659, -0.615 -0.15 -1.3659, -0.626 -0.1585 -1.3659, -0.6126 -0.141 -1.3659, -0.6126 -0.141 -1.3661, -0.6148 -0.141 -1.3699, -0.6149 -0.141 -1.37, -0.6266 -0.1563 -1.3699, -0.617 -0.1489 -1.3699, -0.6179 -0.1538 -1.3659, -0.6274 -0.1532 -1.3733, -0.6197 -0.1473 -1.3733, -0.6195 -0.1522 -1.3699, -0.6284 -0.1495 -1.3758, -0.6217 -0.15 -1.3733, -0.623 -0.1454 -1.3758, -0.6263 -0.1421 -1.3774, -0.6216 -0.1567 -1.3659, -0.6228 -0.1547 -1.3699, -0.6243 -0.152 -1.3733, -0.6262 -0.1487 -1.3758, -0.6284 -0.1449 -1.3774, -0.6262 -0.141 -1.3774, -0.6261 -0.141 -1.3774, -0.6244 -0.1472 -1.3758, -0.6267 -0.1432 -1.3774, -0.6275 -0.1442 -1.3774, -0.55 0.2355 -0.9318, -0.5498 0.2355 -0.9318, -0.5453 0.2336 -0.932, -0.5452 0.2335 -0.932, -0.5412 0.2305 -0.9321, -0.5381 0.2265 -0.932, -0.5381 0.2264 -0.932, -0.5362 0.2218 -0.9318, -0.5361 0.2216 -0.9318, -0.9175 0.1596 -1.3624, -0.9176 0.1595 -1.3624, -0.9221 0.1576 -1.3629, -0.9222 0.1575 -1.3629, -0.9261 0.1545 -1.363, -0.9292 0.1505 -1.3629, -0.9292 0.1505 -1.3629, -0.9312 0.1459 -1.3624, -0.9312 0.1459 -1.3624, -0.9307 0.141 -1.3659, -0.9307 0.141 -1.3661, -0.9285 0.141 -1.3699, -0.9284 0.141 -1.37, -0.9253 0.141 -1.3733, -0.9253 0.141 -1.3733, -0.9215 0.141 -1.3758, -0.9214 0.141 -1.3758, -0.9172 0.141 -1.3774, -0.9172 0.141 -1.3774, -0.6262 0.141 -1.3774, -0.6126 0.141 -1.3659, -0.6126 0.141 -1.3661, -0.6148 0.141 -1.3699, -0.6149 0.141 -1.37, -0.618 0.141 -1.3733, -0.618 0.141 -1.3733, -0.6218 0.141 -1.3758, -0.6219 0.141 -1.3758, -0.6261 0.141 -1.3774, -0.6121 0.1459 -1.3624, -0.6121 0.1459 -1.3624, -0.6141 0.1505 -1.3629, -0.6141 0.1505 -1.3629, -0.6172 0.1545 -1.363, -0.6211 0.1575 -1.3629, -0.6212 0.1576 -1.3629, -0.6257 0.1595 -1.3624, -0.6258 0.1596 -1.3624, -0.9126 0.1455 -1.3774, -0.9138 0.1454 -1.3774, -0.9212 0.1433 -1.3758, -0.9249 0.1443 -1.3733, -0.9279 0.1451 -1.3699, -0.9301 0.1457 -1.3659, -0.9283 0.15 -1.3659, -0.9126 0.1591 -1.3659, -0.9173 0.1585 -1.3659, -0.9126 0.159 -1.3661, -0.9167 0.1563 -1.3699, -0.9263 0.1489 -1.3699, -0.9254 0.1538 -1.3659, -0.9126 0.1568 -1.3699, -0.9126 0.1567 -1.37, -0.9159 0.1532 -1.3733, -0.9236 0.1473 -1.3733, -0.9238 0.1522 -1.3699, -0.9126 0.1537 -1.3733, -0.9126 0.1536 -1.3733, -0.9149 0.1495 -1.3758, -0.9216 0.15 -1.3733, -0.9203 0.1454 -1.3758, -0.917 0.1421 -1.3774, -0.9217 0.1567 -1.3659, -0.9205 0.1547 -1.3699, -0.919 0.152 -1.3733, -0.9171 0.1487 -1.3758, -0.9149 0.1449 -1.3774, -0.9189 0.1472 -1.3758, -0.9166 0.1432 -1.3774, -0.9158 0.1442 -1.3774, -0.9126 0.1498 -1.3758, -0.9126 0.1498 -1.3758, -0.9126 0.1455 -1.3774, -0.6263 0.1421 -1.3774, -0.6307 0.1498 -1.3758, -0.6307 0.1498 -1.3758, -0.6284 0.1495 -1.3758, -0.6307 0.1536 -1.3733, -0.6307 0.1537 -1.3733, -0.6274 0.1532 -1.3733, -0.6266 0.1563 -1.3699, -0.626 0.1585 -1.3659, -0.6216 0.1567 -1.3659, -0.6132 0.1457 -1.3659, -0.6307 0.1591 -1.3659, -0.6307 0.159 -1.3661, -0.6307 0.1568 -1.3699, -0.6307 0.1567 -1.37, -0.6154 0.1451 -1.3699, -0.6228 0.1547 -1.3699, -0.6179 0.1538 -1.3659, -0.6184 0.1443 -1.3733, -0.6243 0.152 -1.3733, -0.6195 0.1522 -1.3699, -0.6221 0.1433 -1.3758, -0.6217 0.15 -1.3733, -0.6262 0.1487 -1.3758, -0.6295 0.1454 -1.3774, -0.615 0.15 -1.3659, -0.617 0.1489 -1.3699, -0.6197 0.1473 -1.3733, -0.623 0.1454 -1.3758, -0.6267 0.1432 -1.3774, -0.6307 0.1455 -1.3774, -0.6307 0.1455 -1.3774, -0.6244 0.1472 -1.3758, -0.6284 0.1449 -1.3774, -0.6275 0.1442 -1.3774
            ]
        }
        coordIndex [
            0,1,2,-1,2,1,3,-1,4,5,6,-1,6,5,7,-1,8,9,10,-1,10,9,11,-1,12,13,14,-1,14,13,15,-1,1,0,16,-1,16,0,17,-1,16,17,18,-1,18,17,19,-1,18,19,20,-1,20,19,21,-1,20,21,22,-1,22,21,23,-1,22,23,24,-1,24,23,25,-1,24,25,26,-1,26,25,27,-1,26,27,28,-1,28,27,29,-1,28,29,30,-1,30,29,31,-1,30,31,32,-1,32,31,33,-1,32,33,34,-1,34,33,35,-1,34,35,36,-1,36,35,37,-1,36,37,38,-1,38,37,39,-1,38,39,40,-1,40,39,41,-1,40,41,42,-1,42,41,43,-1,42,43,44,-1,44,43,45,-1,44,45,46,-1,46,45,47,-1,48,49,50,-1,5,4,51,-1,51,4,52,-1,51,52,53,-1,53,52,54,-1,55,56,57,-1,57,56,58,-1,57,58,54,-1,54,58,59,-1,54,59,53,-1,50,60,48,-1,48,60,61,-1,48,61,62,-1,62,61,63,-1,62,63,55,-1,55,63,64,-1,55,64,56,-1,65,66,67,-1,67,66,68,-1,67,68,69,-1,69,68,70,-1,69,70,71,-1,71,70,72,-1,71,72,73,-1,73,72,74,-1,73,74,75,-1,75,74,76,-1,75,76,77,-1,77,76,78,-1,77,78,79,-1,79,78,80,-1,79,80,81,-1,81,80,82,-1,81,82,83,-1,83,82,84,-1,83,84,85,-1,85,84,86,-1,85,86,87,-1,87,86,88,-1,87,88,8,-1,8,88,9,-1,89,14,15,-1,90,91,92,-1,92,91,93,-1,92,93,94,-1,94,93,95,-1,96,97,98,-1,98,97,99,-1,98,99,95,-1,95,99,100,-1,95,100,94,-1,15,101,89,-1,89,101,102,-1,89,102,103,-1,103,102,104,-1,103,104,96,-1,96,104,105,-1,96,105,97,-1,46,47,106,-1,106,47,107,-1,108,109,49,-1,49,109,50,-1,110,111,65,-1,65,111,66,-1,112,113,90,-1,90,113,91,-1,114,115,116,-1,116,115,117,-1,118,119,120,-1,120,119,121,-1,122,123,124,-1,124,123,125,-1,126,127,128,-1,128,127,129,-1,130,131,132,-1,132,131,133,-1,121,134,135,-1,121,135,120,-1,120,135,136,-1,120,136,137,-1,125,138,139,-1,125,139,124,-1,124,139,140,-1,124,140,141,-1,142,143,144,-1,144,143,145,-1,145,143,146,-1,146,143,147,-1,146,147,148,-1,149,150,126,-1,126,150,151,-1,126,151,127,-1,127,151,152,-1,107,153,154,-1,107,154,106,-1,106,154,155,-1,106,155,156,-1,157,158,112,-1,112,158,159,-1,112,159,113,-1,113,159,160,-1,108,161,162,-1,108,162,109,-1,109,162,163,-1,109,163,164,-1,110,165,166,-1,110,166,111,-1,111,166,167,-1,111,167,168,-1,149,126,128,-1,149,128,169,-1,169,128,170,-1,169,170,171,-1,171,170,172,-1,171,172,173,-1,173,172,174,-1,174,172,175,-1,174,175,176,-1,176,175,177,-1,177,175,178,-1,177,178,179,-1,179,178,180,-1,180,178,181,-1,180,181,182,-1,181,183,184,-1,182,181,148,-1,148,181,184,-1,148,184,146,-1,138,125,123,-1,138,123,185,-1,185,123,186,-1,185,186,187,-1,187,186,188,-1,187,188,189,-1,189,188,190,-1,190,188,191,-1,190,191,192,-1,192,191,193,-1,193,191,194,-1,193,194,195,-1,195,194,196,-1,196,194,197,-1,196,197,198,-1,129,127,197,-1,197,127,152,-1,197,152,198,-1,148,147,182,-1,182,147,199,-1,182,199,180,-1,180,199,200,-1,180,200,179,-1,179,200,177,-1,200,201,177,-1,177,201,202,-1,177,202,176,-1,202,203,176,-1,176,203,204,-1,176,204,174,-1,204,205,174,-1,174,205,206,-1,174,206,173,-1,173,206,207,-1,173,207,171,-1,207,208,171,-1,171,208,209,-1,171,209,169,-1,169,209,210,-1,169,210,149,-1,149,210,211,-1,149,211,150,-1,133,131,212,-1,151,150,213,-1,213,150,214,-1,213,214,215,-1,215,214,216,-1,215,216,217,-1,217,216,218,-1,217,218,219,-1,219,218,220,-1,219,220,221,-1,221,220,222,-1,221,222,223,-1,223,222,224,-1,223,224,225,-1,225,224,226,-1,225,226,227,-1,227,226,228,-1,227,228,229,-1,229,228,230,-1,229,230,212,-1,212,230,231,-1,212,231,133,-1,232,196,151,-1,151,196,198,-1,151,198,152,-1,233,234,193,-1,232,235,196,-1,196,235,233,-1,196,233,195,-1,195,233,193,-1,234,236,193,-1,193,236,237,-1,193,237,192,-1,192,237,238,-1,238,239,192,-1,192,239,240,-1,192,240,190,-1,240,241,190,-1,190,241,242,-1,190,242,189,-1,189,242,243,-1,139,138,244,-1,244,138,185,-1,244,185,243,-1,243,185,187,-1,243,187,189,-1,142,144,245,-1,245,246,247,-1,142,245,248,-1,248,245,247,-1,248,247,249,-1,249,247,250,-1,249,250,251,-1,251,250,252,-1,252,250,253,-1,252,253,254,-1,254,253,255,-1,255,253,256,-1,255,256,257,-1,257,256,258,-1,258,256,259,-1,258,259,260,-1,118,120,259,-1,259,120,137,-1,259,137,260,-1,261,262,263,-1,264,265,266,-1,267,268,269,-1,147,270,271,-1,272,201,273,-1,273,201,200,-1,273,200,271,-1,271,200,199,-1,271,199,147,-1,204,203,272,-1,272,203,202,-1,272,202,201,-1,206,274,275,-1,209,208,275,-1,275,208,207,-1,275,207,206,-1,214,276,216,-1,216,276,277,-1,278,220,277,-1,277,220,218,-1,277,218,216,-1,279,224,278,-1,278,224,222,-1,278,222,220,-1,231,230,280,-1,280,230,228,-1,280,228,279,-1,279,228,226,-1,279,226,224,-1,133,231,281,-1,281,231,280,-1,281,280,282,-1,282,280,283,-1,268,283,269,-1,269,283,280,-1,269,280,284,-1,284,280,279,-1,284,279,285,-1,285,279,278,-1,285,278,286,-1,286,278,277,-1,286,277,287,-1,287,277,276,-1,265,267,266,-1,266,267,269,-1,266,269,288,-1,288,269,284,-1,288,284,289,-1,289,284,285,-1,289,285,290,-1,290,285,286,-1,290,286,291,-1,291,286,287,-1,262,264,263,-1,263,264,266,-1,263,266,292,-1,292,266,288,-1,292,288,293,-1,293,288,289,-1,293,289,274,-1,274,289,290,-1,274,290,275,-1,275,290,291,-1,275,291,209,-1,209,291,287,-1,209,287,210,-1,210,287,276,-1,210,276,211,-1,211,276,214,-1,211,214,150,-1,270,261,271,-1,271,261,263,-1,271,263,273,-1,273,263,292,-1,273,292,272,-1,272,292,293,-1,272,293,204,-1,204,293,274,-1,204,274,205,-1,205,274,206,-1,294,295,296,-1,297,298,299,-1,300,301,302,-1,303,304,305,-1,306,307,308,-1,309,232,151,-1,310,237,311,-1,311,237,236,-1,311,236,234,-1,312,239,310,-1,310,239,238,-1,310,238,237,-1,240,313,241,-1,241,313,314,-1,241,314,242,-1,242,314,243,-1,243,314,308,-1,243,308,244,-1,244,308,307,-1,244,307,139,-1,151,213,309,-1,309,213,215,-1,309,215,315,-1,215,217,315,-1,315,217,219,-1,315,219,316,-1,219,221,316,-1,316,221,223,-1,316,223,317,-1,223,225,317,-1,317,225,227,-1,317,227,296,-1,304,306,305,-1,305,306,308,-1,305,308,318,-1,318,308,314,-1,318,314,312,-1,312,314,313,-1,312,313,239,-1,239,313,240,-1,301,303,302,-1,302,303,305,-1,302,305,319,-1,319,305,318,-1,319,318,320,-1,320,318,312,-1,320,312,321,-1,321,312,310,-1,321,310,322,-1,322,310,311,-1,322,311,233,-1,233,311,234,-1,298,300,299,-1,299,300,302,-1,299,302,323,-1,323,302,319,-1,323,319,324,-1,324,319,320,-1,324,320,325,-1,325,320,321,-1,325,321,326,-1,326,321,322,-1,326,322,235,-1,235,322,233,-1,295,297,296,-1,296,297,299,-1,296,299,317,-1,317,299,323,-1,317,323,316,-1,316,323,324,-1,316,324,315,-1,315,324,325,-1,315,325,309,-1,309,325,326,-1,309,326,232,-1,232,326,235,-1,131,294,212,-1,212,294,296,-1,212,296,229,-1,229,296,227,-1,134,121,119,-1,134,119,327,-1,327,119,328,-1,327,328,329,-1,329,328,330,-1,329,330,331,-1,331,330,332,-1,332,330,333,-1,332,333,334,-1,334,333,335,-1,335,333,336,-1,335,336,337,-1,337,336,338,-1,338,336,339,-1,338,339,340,-1,122,124,339,-1,339,124,141,-1,339,141,340,-1,341,258,136,-1,136,258,260,-1,136,260,137,-1,342,343,255,-1,341,344,258,-1,258,344,342,-1,258,342,257,-1,257,342,255,-1,343,345,255,-1,255,345,346,-1,255,346,254,-1,254,346,347,-1,347,348,254,-1,254,348,349,-1,254,349,252,-1,349,350,252,-1,252,350,351,-1,252,351,251,-1,251,351,352,-1,143,142,353,-1,353,142,248,-1,353,248,352,-1,352,248,249,-1,352,249,251,-1,132,133,281,-1,147,143,270,-1,270,143,354,-1,270,354,261,-1,261,354,355,-1,261,355,262,-1,262,355,356,-1,262,356,264,-1,264,356,357,-1,264,357,265,-1,265,357,358,-1,265,358,267,-1,267,358,359,-1,267,359,268,-1,268,359,360,-1,268,360,283,-1,283,360,361,-1,283,361,282,-1,282,361,362,-1,282,362,281,-1,281,362,363,-1,281,363,132,-1,131,130,364,-1,140,139,365,-1,365,139,307,-1,365,307,366,-1,366,307,306,-1,366,306,367,-1,367,306,304,-1,367,304,368,-1,368,304,303,-1,368,303,369,-1,369,303,301,-1,369,301,370,-1,370,301,300,-1,370,300,371,-1,371,300,298,-1,371,298,372,-1,372,298,297,-1,372,297,373,-1,373,297,295,-1,373,295,364,-1,364,295,294,-1,364,294,131,-1,141,140,340,-1,340,140,374,-1,340,374,338,-1,338,374,375,-1,338,375,337,-1,337,375,335,-1,375,376,335,-1,335,376,377,-1,335,377,334,-1,377,378,334,-1,334,378,379,-1,334,379,332,-1,379,380,332,-1,332,380,381,-1,332,381,331,-1,331,381,382,-1,331,382,329,-1,382,383,329,-1,329,383,384,-1,329,384,327,-1,327,384,385,-1,327,385,134,-1,134,385,386,-1,134,386,135,-1,355,354,387,-1,357,356,388,-1,359,358,389,-1,361,360,390,-1,391,341,136,-1,392,346,393,-1,393,346,345,-1,393,345,343,-1,394,348,392,-1,392,348,347,-1,392,347,346,-1,349,395,350,-1,350,395,396,-1,350,396,351,-1,351,396,352,-1,352,396,387,-1,352,387,353,-1,353,387,354,-1,353,354,143,-1,362,397,363,-1,363,397,398,-1,363,398,132,-1,399,400,397,-1,397,400,401,-1,397,401,398,-1,402,403,399,-1,399,403,404,-1,399,404,400,-1,356,355,388,-1,388,355,387,-1,388,387,405,-1,405,387,396,-1,405,396,394,-1,394,396,395,-1,394,395,348,-1,348,395,349,-1,406,407,402,-1,402,407,408,-1,402,408,403,-1,136,409,391,-1,391,409,410,-1,391,410,406,-1,406,410,411,-1,406,411,407,-1,362,361,397,-1,397,361,390,-1,397,390,399,-1,399,390,412,-1,399,412,402,-1,402,412,413,-1,402,413,406,-1,406,413,414,-1,406,414,391,-1,391,414,415,-1,391,415,341,-1,341,415,344,-1,360,359,390,-1,390,359,389,-1,390,389,412,-1,412,389,416,-1,412,416,413,-1,413,416,417,-1,413,417,414,-1,414,417,418,-1,414,418,415,-1,415,418,419,-1,415,419,344,-1,344,419,342,-1,358,357,389,-1,389,357,388,-1,389,388,416,-1,416,388,405,-1,416,405,417,-1,417,405,394,-1,417,394,418,-1,418,394,392,-1,418,392,419,-1,419,392,393,-1,419,393,342,-1,342,393,343,-1,375,374,420,-1,420,374,140,-1,378,377,421,-1,421,377,376,-1,381,380,422,-1,422,380,379,-1,384,383,423,-1,423,383,382,-1,423,382,381,-1,423,424,384,-1,384,424,425,-1,384,425,385,-1,385,425,426,-1,385,426,386,-1,386,426,427,-1,386,427,135,-1,140,365,420,-1,420,365,366,-1,420,366,428,-1,366,367,428,-1,428,367,368,-1,428,368,429,-1,368,369,429,-1,429,369,370,-1,429,370,430,-1,370,371,430,-1,430,371,372,-1,430,372,431,-1,130,432,364,-1,364,432,431,-1,364,431,373,-1,373,431,372,-1,375,420,433,-1,433,420,428,-1,433,428,434,-1,434,428,429,-1,434,429,435,-1,435,429,430,-1,435,430,436,-1,436,430,431,-1,436,431,437,-1,432,438,431,-1,431,438,439,-1,431,439,437,-1,437,439,440,-1,437,440,441,-1,441,442,437,-1,437,442,443,-1,437,443,436,-1,436,443,444,-1,436,444,435,-1,435,444,445,-1,435,445,434,-1,434,445,421,-1,434,421,433,-1,433,421,376,-1,433,376,375,-1,378,421,379,-1,379,421,445,-1,379,445,422,-1,422,445,444,-1,422,444,446,-1,446,444,443,-1,446,443,447,-1,447,443,442,-1,447,442,448,-1,441,449,442,-1,442,449,450,-1,442,450,448,-1,448,450,451,-1,448,451,452,-1,381,422,423,-1,423,422,446,-1,423,446,424,-1,424,446,447,-1,424,447,425,-1,425,447,448,-1,425,448,426,-1,426,448,452,-1,426,452,427,-1,130,132,398,-1,136,135,409,-1,409,135,427,-1,409,427,410,-1,410,427,452,-1,410,452,411,-1,411,452,451,-1,411,451,407,-1,407,451,450,-1,407,450,408,-1,408,450,449,-1,408,449,403,-1,403,449,441,-1,403,441,404,-1,404,441,440,-1,404,440,400,-1,400,440,439,-1,400,439,401,-1,401,439,438,-1,401,438,398,-1,398,438,432,-1,398,432,130,-1,8,10,453,-1,8,453,454,-1,454,453,455,-1,454,455,456,-1,456,455,457,-1,456,457,458,-1,458,457,459,-1,458,459,460,-1,460,459,461,-1,460,461,462,-1,462,461,12,-1,462,12,14,-1,4,6,463,-1,4,463,464,-1,464,463,465,-1,464,465,466,-1,466,465,467,-1,466,467,468,-1,468,467,469,-1,468,469,470,-1,470,469,471,-1,470,471,472,-1,472,471,11,-1,472,11,9,-1,91,473,474,-1,473,475,476,-1,475,477,478,-1,477,479,480,-1,479,481,482,-1,481,65,67,-1,481,67,482,-1,482,67,69,-1,482,69,483,-1,69,71,483,-1,483,71,73,-1,483,73,484,-1,73,75,484,-1,484,75,77,-1,484,77,485,-1,77,79,485,-1,485,79,81,-1,485,81,486,-1,486,81,83,-1,486,83,487,-1,487,83,85,-1,85,87,487,-1,487,87,8,-1,487,8,454,-1,479,482,480,-1,480,482,483,-1,480,483,488,-1,488,483,484,-1,488,484,489,-1,489,484,485,-1,489,485,490,-1,490,485,486,-1,490,486,491,-1,491,486,487,-1,491,487,492,-1,492,487,454,-1,492,454,456,-1,477,480,478,-1,478,480,488,-1,478,488,493,-1,493,488,489,-1,493,489,494,-1,494,489,490,-1,494,490,495,-1,495,490,491,-1,495,491,496,-1,496,491,492,-1,496,492,497,-1,497,492,456,-1,497,456,458,-1,475,478,476,-1,476,478,493,-1,476,493,498,-1,498,493,494,-1,498,494,499,-1,499,494,495,-1,499,495,500,-1,500,495,496,-1,500,496,501,-1,501,496,497,-1,501,497,502,-1,502,497,458,-1,502,458,460,-1,473,476,474,-1,474,476,498,-1,474,498,503,-1,503,498,499,-1,503,499,504,-1,504,499,500,-1,504,500,505,-1,505,500,501,-1,505,501,506,-1,506,501,502,-1,506,502,507,-1,507,502,460,-1,507,460,462,-1,91,474,93,-1,93,474,503,-1,93,503,95,-1,95,503,504,-1,95,504,98,-1,98,504,505,-1,98,505,96,-1,96,505,506,-1,96,506,103,-1,103,506,507,-1,103,507,89,-1,89,507,462,-1,89,462,14,-1,4,464,508,-1,464,466,509,-1,466,468,510,-1,468,470,511,-1,470,472,512,-1,472,9,88,-1,472,88,512,-1,512,88,86,-1,512,86,513,-1,78,514,515,-1,86,84,513,-1,513,84,82,-1,513,82,515,-1,515,82,80,-1,515,80,78,-1,78,76,514,-1,514,76,74,-1,514,74,516,-1,516,74,72,-1,516,72,517,-1,517,72,70,-1,70,68,517,-1,517,68,66,-1,517,66,518,-1,470,512,511,-1,511,512,513,-1,511,513,519,-1,519,513,515,-1,519,515,520,-1,520,515,514,-1,520,514,521,-1,521,514,516,-1,521,516,522,-1,522,516,517,-1,522,517,523,-1,523,517,518,-1,523,518,524,-1,468,511,510,-1,510,511,519,-1,510,519,525,-1,525,519,520,-1,525,520,526,-1,526,520,521,-1,526,521,527,-1,527,521,522,-1,527,522,528,-1,528,522,523,-1,528,523,529,-1,529,523,524,-1,529,524,530,-1,466,510,509,-1,509,510,525,-1,509,525,531,-1,531,525,526,-1,531,526,532,-1,532,526,527,-1,532,527,533,-1,533,527,528,-1,533,528,534,-1,534,528,529,-1,534,529,535,-1,535,529,530,-1,535,530,536,-1,464,509,508,-1,508,509,531,-1,508,531,537,-1,537,531,532,-1,537,532,538,-1,538,532,533,-1,538,533,539,-1,539,533,534,-1,539,534,540,-1,540,534,535,-1,540,535,541,-1,541,535,536,-1,541,536,542,-1,4,508,52,-1,52,508,537,-1,52,537,54,-1,54,537,538,-1,54,538,57,-1,57,538,539,-1,57,539,55,-1,55,539,540,-1,55,540,62,-1,62,540,541,-1,62,541,48,-1,48,541,542,-1,48,542,49,-1,15,13,543,-1,15,543,544,-1,544,543,545,-1,544,545,546,-1,546,545,547,-1,546,547,548,-1,548,547,549,-1,548,549,550,-1,550,549,551,-1,550,551,552,-1,552,551,3,-1,552,3,1,-1,165,110,65,-1,165,65,553,-1,553,65,481,-1,553,481,554,-1,554,481,479,-1,554,479,555,-1,555,479,556,-1,556,479,477,-1,556,477,557,-1,557,477,558,-1,558,477,475,-1,558,475,559,-1,559,475,560,-1,560,475,473,-1,560,473,561,-1,91,113,473,-1,473,113,160,-1,473,160,561,-1,161,108,49,-1,161,49,562,-1,562,49,542,-1,562,542,563,-1,563,542,536,-1,563,536,564,-1,564,536,565,-1,565,536,530,-1,565,530,566,-1,566,530,567,-1,567,530,524,-1,567,524,568,-1,568,524,569,-1,569,524,518,-1,569,518,570,-1,66,111,518,-1,518,111,168,-1,518,168,570,-1,0,2,571,-1,0,571,572,-1,572,571,573,-1,572,573,574,-1,574,573,575,-1,574,575,576,-1,576,575,577,-1,576,577,578,-1,578,577,579,-1,578,579,580,-1,580,579,7,-1,580,7,5,-1,18,20,581,-1,22,24,582,-1,26,28,583,-1,34,36,584,-1,38,40,585,-1,42,44,586,-1,90,92,587,-1,587,92,588,-1,587,588,589,-1,589,588,590,-1,589,590,591,-1,591,590,592,-1,591,592,593,-1,593,592,594,-1,593,594,595,-1,595,594,586,-1,595,586,46,-1,46,586,44,-1,92,94,588,-1,588,94,596,-1,588,596,590,-1,590,596,597,-1,590,597,592,-1,592,597,598,-1,592,598,594,-1,594,598,599,-1,594,599,586,-1,586,599,585,-1,586,585,42,-1,42,585,40,-1,94,100,596,-1,596,100,600,-1,596,600,597,-1,597,600,601,-1,597,601,598,-1,598,601,602,-1,598,602,599,-1,599,602,603,-1,599,603,585,-1,585,603,584,-1,585,584,38,-1,38,584,36,-1,32,34,604,-1,604,34,584,-1,604,584,605,-1,605,584,603,-1,605,603,606,-1,606,603,602,-1,606,602,607,-1,607,602,601,-1,607,601,608,-1,608,601,600,-1,608,600,99,-1,99,600,100,-1,99,97,608,-1,608,97,609,-1,608,609,607,-1,607,609,610,-1,607,610,606,-1,606,610,611,-1,606,611,605,-1,605,611,612,-1,605,612,604,-1,604,612,613,-1,604,613,32,-1,32,613,30,-1,97,105,609,-1,609,105,614,-1,609,614,610,-1,610,614,615,-1,610,615,611,-1,611,615,616,-1,611,616,612,-1,612,616,617,-1,612,617,613,-1,613,617,583,-1,613,583,30,-1,30,583,28,-1,105,104,614,-1,614,104,618,-1,614,618,615,-1,615,618,619,-1,615,619,616,-1,616,619,620,-1,616,620,617,-1,617,620,621,-1,617,621,583,-1,583,621,582,-1,583,582,26,-1,26,582,24,-1,20,22,581,-1,581,22,582,-1,581,582,622,-1,622,582,621,-1,622,621,623,-1,623,621,620,-1,623,620,624,-1,624,620,619,-1,624,619,625,-1,625,619,618,-1,625,618,102,-1,102,618,104,-1,16,18,626,-1,626,18,581,-1,626,581,627,-1,627,581,622,-1,627,622,628,-1,628,622,623,-1,628,623,629,-1,629,623,624,-1,629,624,630,-1,630,624,625,-1,630,625,101,-1,101,625,102,-1,101,15,630,-1,630,15,544,-1,630,544,629,-1,629,544,546,-1,629,546,628,-1,628,546,548,-1,628,548,627,-1,627,548,550,-1,627,550,626,-1,626,550,552,-1,626,552,16,-1,16,552,1,-1,558,559,631,-1,631,559,560,-1,631,560,159,-1,159,560,561,-1,159,561,160,-1,631,632,558,-1,558,632,633,-1,558,633,557,-1,557,633,634,-1,634,635,557,-1,557,635,636,-1,557,636,556,-1,556,636,637,-1,556,637,555,-1,555,637,638,-1,555,638,554,-1,554,638,639,-1,554,639,553,-1,553,639,166,-1,553,166,165,-1,117,115,640,-1,167,166,641,-1,641,166,642,-1,641,642,643,-1,643,642,644,-1,643,644,645,-1,645,644,646,-1,645,646,647,-1,647,646,648,-1,647,648,649,-1,649,648,650,-1,649,650,651,-1,651,650,652,-1,651,652,653,-1,653,652,654,-1,653,654,655,-1,655,654,656,-1,655,656,657,-1,657,656,658,-1,657,658,640,-1,640,658,659,-1,640,659,117,-1,567,568,660,-1,660,568,569,-1,660,569,167,-1,167,569,570,-1,167,570,168,-1,660,661,567,-1,567,661,662,-1,567,662,566,-1,566,662,663,-1,663,664,566,-1,566,664,665,-1,566,665,565,-1,565,665,666,-1,565,666,564,-1,564,666,667,-1,564,667,563,-1,563,667,668,-1,563,668,562,-1,562,668,162,-1,562,162,161,-1,43,41,669,-1,39,37,670,-1,35,33,671,-1,27,25,672,-1,23,21,673,-1,19,17,674,-1,5,51,580,-1,580,51,675,-1,580,675,578,-1,578,675,676,-1,578,676,576,-1,576,676,677,-1,576,677,574,-1,574,677,678,-1,574,678,572,-1,572,678,674,-1,572,674,0,-1,0,674,17,-1,51,53,675,-1,675,53,679,-1,675,679,676,-1,676,679,680,-1,676,680,677,-1,677,680,681,-1,677,681,678,-1,678,681,682,-1,678,682,674,-1,674,682,673,-1,674,673,19,-1,19,673,21,-1,53,59,679,-1,679,59,683,-1,679,683,680,-1,680,683,684,-1,680,684,681,-1,681,684,685,-1,681,685,682,-1,682,685,686,-1,682,686,673,-1,673,686,672,-1,673,672,23,-1,23,672,25,-1,29,27,687,-1,687,27,672,-1,687,672,688,-1,688,672,686,-1,688,686,689,-1,689,686,685,-1,689,685,690,-1,690,685,684,-1,690,684,691,-1,691,684,683,-1,691,683,58,-1,58,683,59,-1,58,56,691,-1,691,56,692,-1,691,692,690,-1,690,692,693,-1,690,693,689,-1,689,693,694,-1,689,694,688,-1,688,694,695,-1,688,695,687,-1,687,695,696,-1,687,696,29,-1,29,696,31,-1,56,64,692,-1,692,64,697,-1,692,697,693,-1,693,697,698,-1,693,698,694,-1,694,698,699,-1,694,699,695,-1,695,699,700,-1,695,700,696,-1,696,700,671,-1,696,671,31,-1,31,671,33,-1,64,63,697,-1,697,63,701,-1,697,701,698,-1,698,701,702,-1,698,702,699,-1,699,702,703,-1,699,703,700,-1,700,703,704,-1,700,704,671,-1,671,704,670,-1,671,670,35,-1,35,670,37,-1,63,61,701,-1,701,61,705,-1,701,705,702,-1,702,705,706,-1,702,706,703,-1,703,706,707,-1,703,707,704,-1,704,707,708,-1,704,708,670,-1,670,708,669,-1,670,669,39,-1,39,669,41,-1,45,43,709,-1,709,43,669,-1,709,669,710,-1,710,669,708,-1,710,708,711,-1,711,708,707,-1,711,707,712,-1,712,707,706,-1,712,706,713,-1,713,706,705,-1,713,705,60,-1,60,705,61,-1,60,50,713,-1,713,50,714,-1,713,714,712,-1,712,714,715,-1,712,715,711,-1,711,715,716,-1,711,716,710,-1,710,716,717,-1,710,717,709,-1,709,717,718,-1,709,718,45,-1,45,718,47,-1,157,112,90,-1,157,90,719,-1,719,90,587,-1,719,587,720,-1,720,587,589,-1,720,589,721,-1,721,589,722,-1,722,589,591,-1,722,591,723,-1,723,591,724,-1,724,591,593,-1,724,593,725,-1,725,593,726,-1,726,593,595,-1,726,595,727,-1,46,106,595,-1,595,106,156,-1,595,156,727,-1,728,117,729,-1,656,654,730,-1,652,650,731,-1,732,733,734,-1,631,159,735,-1,633,632,736,-1,736,632,631,-1,639,638,733,-1,733,638,637,-1,733,637,734,-1,734,637,636,-1,734,636,635,-1,166,639,642,-1,642,639,733,-1,642,733,644,-1,644,733,732,-1,644,732,646,-1,646,732,648,-1,631,735,736,-1,736,735,737,-1,736,737,738,-1,650,648,731,-1,731,648,732,-1,731,732,739,-1,739,732,734,-1,739,734,740,-1,740,734,635,-1,737,741,738,-1,738,741,742,-1,738,742,743,-1,654,652,730,-1,730,652,731,-1,730,731,744,-1,744,731,739,-1,744,739,745,-1,745,739,740,-1,742,746,743,-1,743,746,747,-1,743,747,748,-1,745,749,744,-1,744,749,750,-1,744,750,730,-1,730,750,751,-1,730,751,656,-1,634,633,752,-1,752,633,736,-1,752,736,753,-1,753,736,738,-1,753,738,754,-1,754,738,743,-1,754,743,755,-1,755,743,748,-1,755,748,756,-1,756,748,729,-1,756,729,117,-1,117,659,751,-1,751,659,658,-1,751,658,656,-1,749,757,750,-1,750,757,758,-1,750,758,751,-1,751,758,117,-1,757,759,758,-1,758,759,117,-1,747,760,748,-1,748,760,761,-1,748,761,729,-1,729,761,762,-1,729,762,728,-1,635,634,740,-1,740,634,752,-1,740,752,745,-1,745,752,753,-1,745,753,749,-1,749,753,754,-1,749,754,757,-1,757,754,755,-1,757,755,759,-1,759,755,756,-1,759,756,117,-1,640,115,763,-1,764,765,766,-1,767,768,769,-1,770,771,772,-1,660,167,641,-1,662,661,773,-1,773,661,660,-1,668,667,771,-1,771,667,666,-1,771,666,772,-1,772,666,665,-1,772,665,664,-1,162,668,774,-1,774,668,771,-1,774,771,775,-1,775,771,770,-1,775,770,776,-1,776,770,777,-1,660,641,773,-1,773,641,643,-1,773,643,778,-1,768,777,769,-1,769,777,770,-1,769,770,779,-1,779,770,772,-1,779,772,780,-1,780,772,664,-1,643,645,778,-1,778,645,647,-1,778,647,781,-1,765,767,766,-1,766,767,769,-1,766,769,782,-1,782,769,779,-1,782,779,783,-1,783,779,780,-1,647,649,781,-1,781,649,651,-1,781,651,784,-1,783,785,782,-1,782,785,786,-1,782,786,766,-1,766,786,787,-1,766,787,764,-1,663,662,788,-1,788,662,773,-1,788,773,789,-1,789,773,778,-1,789,778,790,-1,790,778,781,-1,790,781,791,-1,791,781,784,-1,791,784,792,-1,792,784,763,-1,792,763,115,-1,115,793,787,-1,787,793,794,-1,787,794,764,-1,785,795,786,-1,786,795,796,-1,786,796,787,-1,787,796,115,-1,795,797,796,-1,796,797,115,-1,651,653,784,-1,784,653,655,-1,784,655,763,-1,763,655,657,-1,763,657,640,-1,664,663,780,-1,780,663,788,-1,780,788,783,-1,783,788,789,-1,783,789,785,-1,785,789,790,-1,785,790,795,-1,795,790,791,-1,795,791,797,-1,797,791,792,-1,797,792,115,-1,153,107,47,-1,153,47,798,-1,798,47,718,-1,798,718,799,-1,799,718,717,-1,799,717,800,-1,800,717,801,-1,801,717,716,-1,801,716,802,-1,802,716,803,-1,803,716,715,-1,803,715,804,-1,804,715,805,-1,805,715,714,-1,805,714,806,-1,50,109,714,-1,714,109,164,-1,714,164,806,-1,724,725,807,-1,807,725,726,-1,807,726,155,-1,155,726,727,-1,155,727,156,-1,807,808,724,-1,724,808,809,-1,724,809,723,-1,723,809,810,-1,810,811,723,-1,723,811,812,-1,723,812,722,-1,722,812,813,-1,722,813,721,-1,721,813,814,-1,721,814,720,-1,720,814,815,-1,720,815,719,-1,719,815,158,-1,719,158,157,-1,116,117,728,-1,159,158,735,-1,735,158,816,-1,735,816,737,-1,737,816,817,-1,737,817,741,-1,741,817,818,-1,741,818,742,-1,742,818,819,-1,742,819,746,-1,746,819,820,-1,746,820,747,-1,747,820,821,-1,747,821,760,-1,760,821,822,-1,760,822,761,-1,761,822,823,-1,761,823,762,-1,762,823,824,-1,762,824,728,-1,728,824,825,-1,728,825,116,-1,115,114,826,-1,163,162,827,-1,827,162,774,-1,827,774,828,-1,828,774,775,-1,828,775,829,-1,829,775,776,-1,829,776,830,-1,830,776,777,-1,830,777,831,-1,831,777,768,-1,831,768,832,-1,832,768,767,-1,832,767,833,-1,833,767,765,-1,833,765,834,-1,834,765,764,-1,834,764,835,-1,835,764,794,-1,835,794,826,-1,826,794,793,-1,826,793,115,-1,803,804,836,-1,836,804,805,-1,836,805,163,-1,163,805,806,-1,163,806,164,-1,836,837,803,-1,803,837,838,-1,803,838,802,-1,802,838,839,-1,839,840,802,-1,802,840,841,-1,802,841,801,-1,801,841,842,-1,801,842,800,-1,800,842,843,-1,800,843,799,-1,799,843,844,-1,799,844,798,-1,798,844,154,-1,798,154,153,-1,845,116,846,-1,823,822,847,-1,821,820,848,-1,849,850,851,-1,807,155,852,-1,809,808,853,-1,853,808,807,-1,815,814,850,-1,850,814,813,-1,850,813,851,-1,851,813,812,-1,851,812,811,-1,158,815,816,-1,816,815,850,-1,816,850,817,-1,817,850,849,-1,817,849,818,-1,818,849,819,-1,807,852,853,-1,853,852,854,-1,853,854,855,-1,820,819,848,-1,848,819,849,-1,848,849,856,-1,856,849,851,-1,856,851,857,-1,857,851,811,-1,854,858,855,-1,855,858,859,-1,855,859,860,-1,822,821,847,-1,847,821,848,-1,847,848,861,-1,861,848,856,-1,861,856,862,-1,862,856,857,-1,859,863,860,-1,860,863,864,-1,860,864,865,-1,862,866,861,-1,861,866,867,-1,861,867,847,-1,847,867,868,-1,847,868,823,-1,810,809,869,-1,869,809,853,-1,869,853,870,-1,870,853,855,-1,870,855,871,-1,871,855,860,-1,871,860,872,-1,872,860,865,-1,872,865,873,-1,873,865,846,-1,873,846,116,-1,116,825,868,-1,868,825,824,-1,868,824,823,-1,866,874,867,-1,867,874,875,-1,867,875,868,-1,868,875,116,-1,874,876,875,-1,875,876,116,-1,864,877,865,-1,865,877,878,-1,865,878,846,-1,846,878,879,-1,846,879,845,-1,811,810,857,-1,857,810,869,-1,857,869,862,-1,862,869,870,-1,862,870,866,-1,866,870,871,-1,866,871,874,-1,874,871,872,-1,874,872,876,-1,876,872,873,-1,876,873,116,-1,826,114,880,-1,881,882,883,-1,884,885,886,-1,887,888,889,-1,836,163,827,-1,838,837,890,-1,890,837,836,-1,844,843,888,-1,888,843,842,-1,888,842,889,-1,889,842,841,-1,889,841,840,-1,154,844,891,-1,891,844,888,-1,891,888,892,-1,892,888,887,-1,892,887,893,-1,893,887,894,-1,836,827,890,-1,890,827,828,-1,890,828,895,-1,885,894,886,-1,886,894,887,-1,886,887,896,-1,896,887,889,-1,896,889,897,-1,897,889,840,-1,828,829,895,-1,895,829,830,-1,895,830,898,-1,882,884,883,-1,883,884,886,-1,883,886,899,-1,899,886,896,-1,899,896,900,-1,900,896,897,-1,830,831,898,-1,898,831,832,-1,898,832,901,-1,900,902,899,-1,899,902,903,-1,899,903,883,-1,883,903,904,-1,883,904,881,-1,839,838,905,-1,905,838,890,-1,905,890,906,-1,906,890,895,-1,906,895,907,-1,907,895,898,-1,907,898,908,-1,908,898,901,-1,908,901,909,-1,909,901,880,-1,909,880,114,-1,114,910,904,-1,904,910,911,-1,904,911,881,-1,902,912,903,-1,903,912,913,-1,903,913,904,-1,904,913,114,-1,912,914,913,-1,913,914,114,-1,832,833,901,-1,901,833,834,-1,901,834,880,-1,880,834,835,-1,880,835,826,-1,840,839,897,-1,897,839,905,-1,897,905,900,-1,900,905,906,-1,900,906,902,-1,902,906,907,-1,902,907,912,-1,912,907,908,-1,912,908,914,-1,914,908,909,-1,914,909,114,-1,114,116,845,-1,155,154,852,-1,852,154,891,-1,852,891,854,-1,854,891,892,-1,854,892,858,-1,858,892,893,-1,858,893,859,-1,859,893,894,-1,859,894,863,-1,863,894,885,-1,863,885,864,-1,864,885,884,-1,864,884,877,-1,877,884,882,-1,877,882,878,-1,878,882,881,-1,878,881,879,-1,879,881,911,-1,879,911,845,-1,845,911,910,-1,845,910,114,-1,
        ]
    }
}
Shape{
    appearance Appearance {
        material  Material 	{
            diffuseColor 0.2235294117647059 0.2235294117647059 0.2235294117647059
            specularColor 0.11372549019607843 0.11372549019607843 0.11372549019607843
            ambientIntensity 0.2235
            transparency 0.0
            shininess 0.5
        }
    }
    geometry IndexedFaceSet {
        ccw TRUE
        solid FALSE
        coord DEF co Coordinate {
            point [
                -1.0039 -4.4608 1.9631, -1.0039 -4.5376 1.7663, -1.0079 -4.4608 1.9631, -1.0079 -4.5376 1.7663, -1.0039 -4.5088 1.7663, -1.0079 -4.5088 1.7663, -1.0039 -4.4889 1.8215, -1.0079 -4.4889 1.8215, -1.0039 -4.4076 1.8215, -1.0079 -4.4076 1.8215, -1.0039 -4.3888 1.7663, -1.0079 -4.3888 1.7663, -1.0039 -4.36 1.7663, -1.0079 -4.36 1.7663, -1.0039 -4.4344 1.9631, -1.0079 -4.4344 1.9631, -1.0039 -4.4142 1.8431, -1.0039 -4.4436 1.9253, -1.0039 -4.4454 1.9321, -1.0039 -4.4467 1.9391, -1.0039 -4.4474 1.9391, -1.0039 -4.4487 1.9321, -1.0039 -4.4504 1.9253, -1.0039 -4.48 1.8431, -1.0079 -4.4142 1.8431, -1.0079 -4.48 1.8431, -1.0079 -4.4436 1.9253, -1.0079 -4.4454 1.9321, -1.0079 -4.4467 1.9391, -1.0079 -4.4474 1.9391, -1.0079 -4.4487 1.9321, -1.0079 -4.4504 1.9253, -1.0039 -4.2407 1.7663, -1.0039 -4.1871 1.7663, -1.0079 -4.2407 1.7663, -1.0079 -4.1871 1.7663, -1.0039 -4.1871 1.9631, -1.0079 -4.1871 1.9631, -1.0039 -4.2427 1.9631, -1.0079 -4.2427 1.9631, -1.0039 -4.3456 1.8672, -1.0079 -4.3456 1.8672, -1.0079 -4.3442 1.8852, -1.0039 -4.3442 1.8852, -1.0079 -4.3389 1.9048, -1.0039 -4.3389 1.9048, -1.0079 -4.3297 1.922, -1.0039 -4.3297 1.922, -1.0079 -4.3158 1.9374, -1.0039 -4.3158 1.9374, -1.0079 -4.3156 1.9376, -1.0039 -4.3156 1.9376, -1.0079 -4.2942 1.952, -1.0039 -4.2942 1.952, -1.0079 -4.2711 1.9601, -1.0039 -4.2711 1.9601, -1.0079 -4.2656 1.7685, -1.0039 -4.2656 1.7685, -1.0079 -4.2883 1.7754, -1.0039 -4.2883 1.7754, -1.0079 -4.3086 1.7874, -1.0039 -4.3086 1.7874, -1.0079 -4.3247 1.8029, -1.0039 -4.3247 1.8029, -1.0079 -4.3358 1.8203, -1.0039 -4.3358 1.8203, -1.0079 -4.3428 1.8408, -1.0039 -4.3428 1.8408, -1.0039 -4.3061 1.9139, -1.0039 -4.2965 1.9241, -1.0039 -4.2821 1.9333, -1.0039 -4.2659 1.939, -1.0039 -4.2426 1.9415, -1.0039 -4.2135 1.9415, -1.0039 -4.2135 1.7879, -1.0039 -4.2415 1.7879, -1.0039 -4.2623 1.7898, -1.0039 -4.2788 1.795, -1.0039 -4.2923 1.803, -1.0039 -4.3034 1.814, -1.0039 -4.3116 1.8274, -1.0039 -4.3168 1.8431, -1.0039 -4.3192 1.8666, -1.0039 -4.3175 1.8862, -1.0039 -4.3129 1.9018, -1.0079 -4.2426 1.9415, -1.0079 -4.2135 1.9415, -1.0079 -4.2659 1.939, -1.0079 -4.2821 1.9333, -1.0079 -4.2965 1.9241, -1.0079 -4.3061 1.9139, -1.0079 -4.3129 1.9018, -1.0079 -4.3175 1.8862, -1.0079 -4.3192 1.8666, -1.0079 -4.3168 1.8431, -1.0079 -4.3116 1.8274, -1.0079 -4.3034 1.814, -1.0079 -4.2923 1.803, -1.0079 -4.2788 1.795, -1.0079 -4.2623 1.7898, -1.0079 -4.2415 1.7879, -1.0079 -4.2135 1.7879, -1.0039 -4.1487 1.7879, -1.0039 -4.1487 1.7663, -1.0079 -4.1487 1.7879, -1.0079 -4.1487 1.7663, -1.0039 -4.0431 1.7663, -1.0079 -4.0431 1.7663, -1.0039 -4.0431 1.9631, -1.0079 -4.0431 1.9631, -1.0039 -4.1439 1.9631, -1.0079 -4.1439 1.9631, -1.0039 -4.1439 1.9415, -1.0079 -4.1439 1.9415, -1.0039 -4.0695 1.9415, -1.0079 -4.0695 1.9415, -1.0039 -4.0695 1.8767, -1.0079 -4.0695 1.8767, -1.0039 -4.1391 1.8767, -1.0079 -4.1391 1.8767, -1.0039 -4.1391 1.8551, -1.0079 -4.1391 1.8551, -1.0039 -4.0695 1.8551, -1.0079 -4.0695 1.8551, -1.0039 -4.0695 1.7879, -1.0079 -4.0695 1.7879, -1.0039 -4.0047 1.7981, -1.0039 -4.0047 1.7765, -1.0079 -4.0047 1.7981, -1.0079 -4.0047 1.7765, -1.0039 -3.9837 1.7678, -1.0039 -3.9505 1.7638, -1.0079 -3.9505 1.7638, -1.0079 -3.9559 1.7639, -1.0039 -3.9559 1.7639, -1.0079 -3.9638 1.765, -1.0079 -3.9837 1.7678, -1.0039 -3.8582 1.861, -1.0079 -3.8582 1.861, -1.0079 -3.8603 1.8375, -1.0039 -3.8603 1.8375, -1.0079 -3.8665 1.8164, -1.0039 -3.8665 1.8164, -1.0079 -3.8771 1.798, -1.0039 -3.8771 1.798, -1.0079 -3.8915 1.7829, -1.0039 -3.8915 1.7829, -1.0079 -3.9073 1.7729, -1.0039 -3.9073 1.7729, -1.0079 -3.9263 1.7664, -1.0039 -3.9263 1.7664, -1.0079 -3.9389 1.765, -1.0039 -3.9584 1.9655, -1.0079 -3.9584 1.9655, -1.0079 -3.9389 1.9639, -1.0039 -3.9389 1.9639, -1.0079 -3.917 1.9577, -1.0039 -3.917 1.9577, -1.0079 -3.8983 1.947, -1.0039 -3.8983 1.947, -1.0079 -3.8804 1.9299, -1.0039 -3.8804 1.9299, -1.0079 -3.8687 1.9113, -1.0039 -3.8687 1.9113, -1.0079 -3.8611 1.889, -1.0039 -3.8611 1.889, -1.0039 -4.0047 1.9577, -1.0079 -4.0047 1.9577, -1.0079 -3.9819 1.9639, -1.0039 -3.9819 1.9639, -1.0039 -4.0047 1.9313, -1.0079 -4.0047 1.9313, -1.0039 -3.9586 1.9439, -1.0079 -3.9586 1.9439, -1.0079 -3.9825 1.9408, -1.0039 -3.9825 1.9408, -1.0039 -3.8847 1.8626, -1.0079 -3.8847 1.8626, -1.0079 -3.8856 1.8779, -1.0039 -3.8856 1.8779, -1.0079 -3.8908 1.899, -1.0039 -3.8908 1.899, -1.0079 -3.899 1.9142, -1.0039 -3.899 1.9142, -1.0079 -3.9108 1.9273, -1.0039 -3.9108 1.9273, -1.0079 -3.9245 1.9364, -1.0039 -3.9245 1.9364, -1.0079 -3.9392 1.9417, -1.0039 -3.9392 1.9417, -1.0039 -3.9542 1.7855, -1.0079 -3.9542 1.7855, -1.0079 -3.9358 1.7875, -1.0039 -3.9358 1.7875, -1.0079 -3.9215 1.7928, -1.0039 -3.9215 1.7928, -1.0079 -3.9094 1.8009, -1.0039 -3.9094 1.8009, -1.0079 -3.9001 1.8107, -1.0039 -3.9001 1.8107, -1.0079 -3.892 1.8243, -1.0039 -3.892 1.8243, -1.0079 -3.8866 1.8413, -1.0039 -3.8866 1.8413, -1.0079 -4.0012 1.7961, -1.0039 -4.0012 1.7961, -1.0079 -3.9803 1.7884, -1.0039 -3.9803 1.7884, -1.0039 -3.8414 1.7879, -1.0039 -3.8414 1.7663, -1.0079 -3.8414 1.7879, -1.0079 -3.8414 1.7663, -1.0039 -3.7406 1.7663, -1.0079 -3.7406 1.7663, -1.0039 -3.7406 1.9631, -1.0079 -3.7406 1.9631, -1.0039 -3.767 1.9631, -1.0079 -3.767 1.9631, -1.0039 -3.767 1.7879, -1.0079 -3.767 1.7879
            ]
        }
        coordIndex [
            0,1,2,-1,2,1,3,-1,1,4,3,-1,3,4,5,-1,4,6,5,-1,5,6,7,-1,6,8,7,-1,7,8,9,-1,8,10,9,-1,9,10,11,-1,10,12,11,-1,11,12,13,-1,12,14,13,-1,13,14,15,-1,14,0,15,-1,15,0,2,-1,16,17,14,-1,12,10,8,-1,17,18,14,-1,14,18,19,-1,14,19,0,-1,0,19,20,-1,0,20,21,-1,21,22,0,-1,0,22,23,-1,0,23,1,-1,4,1,6,-1,6,1,23,-1,6,23,8,-1,8,23,16,-1,8,16,12,-1,12,16,14,-1,16,23,24,-1,24,23,25,-1,17,16,26,-1,26,16,24,-1,17,26,27,-1,17,27,18,-1,18,27,28,-1,18,28,19,-1,20,19,29,-1,29,19,28,-1,20,29,30,-1,20,30,21,-1,21,30,31,-1,21,31,22,-1,23,22,25,-1,25,22,31,-1,32,33,34,-1,34,33,35,-1,33,36,35,-1,35,36,37,-1,36,38,37,-1,37,38,39,-1,40,41,42,-1,40,42,43,-1,43,42,44,-1,43,44,45,-1,45,44,46,-1,45,46,47,-1,47,46,48,-1,47,48,49,-1,49,48,50,-1,49,50,51,-1,51,50,52,-1,51,52,53,-1,53,52,54,-1,53,54,55,-1,55,54,39,-1,55,39,38,-1,32,34,56,-1,32,56,57,-1,57,56,58,-1,57,58,59,-1,59,58,60,-1,59,60,61,-1,61,60,62,-1,61,62,63,-1,63,62,64,-1,63,64,65,-1,65,64,66,-1,65,66,67,-1,67,66,41,-1,67,41,40,-1,45,47,68,-1,68,47,49,-1,68,49,69,-1,69,49,51,-1,69,51,70,-1,70,51,53,-1,70,53,71,-1,71,53,55,-1,71,55,72,-1,72,55,38,-1,72,38,73,-1,73,38,36,-1,73,36,74,-1,74,36,33,-1,74,33,75,-1,75,33,32,-1,75,32,76,-1,76,32,57,-1,76,57,77,-1,77,57,59,-1,77,59,78,-1,78,59,61,-1,78,61,79,-1,79,61,63,-1,79,63,80,-1,80,63,65,-1,80,65,81,-1,81,65,67,-1,81,67,82,-1,82,67,40,-1,82,40,83,-1,83,40,43,-1,83,43,84,-1,84,43,45,-1,84,45,68,-1,72,73,85,-1,85,73,86,-1,72,85,87,-1,72,87,71,-1,71,87,88,-1,71,88,70,-1,70,88,89,-1,70,89,69,-1,69,89,90,-1,69,90,68,-1,68,90,91,-1,68,91,84,-1,84,91,92,-1,84,92,83,-1,83,92,93,-1,83,93,82,-1,82,93,94,-1,82,94,81,-1,81,94,95,-1,81,95,80,-1,80,95,96,-1,80,96,79,-1,79,96,97,-1,79,97,78,-1,78,97,98,-1,78,98,77,-1,77,98,99,-1,77,99,76,-1,76,99,100,-1,76,100,75,-1,74,75,101,-1,101,75,100,-1,73,74,86,-1,86,74,101,-1,102,103,104,-1,104,103,105,-1,103,106,105,-1,105,106,107,-1,106,108,107,-1,107,108,109,-1,108,110,109,-1,109,110,111,-1,110,112,111,-1,111,112,113,-1,112,114,113,-1,113,114,115,-1,114,116,115,-1,115,116,117,-1,116,118,117,-1,117,118,119,-1,118,120,119,-1,119,120,121,-1,120,122,121,-1,121,122,123,-1,122,124,123,-1,123,124,125,-1,124,102,125,-1,125,102,104,-1,106,103,102,-1,102,124,106,-1,106,124,122,-1,106,122,108,-1,112,110,114,-1,114,110,108,-1,114,108,116,-1,116,108,122,-1,116,122,118,-1,118,122,120,-1,126,127,128,-1,128,127,129,-1,129,127,130,-1,131,132,133,-1,131,133,134,-1,134,133,135,-1,134,135,130,-1,130,135,136,-1,130,136,129,-1,137,138,139,-1,137,139,140,-1,140,139,141,-1,140,141,142,-1,142,141,143,-1,142,143,144,-1,144,143,145,-1,144,145,146,-1,146,145,147,-1,146,147,148,-1,148,147,149,-1,148,149,150,-1,150,149,131,-1,131,149,151,-1,131,151,132,-1,152,153,154,-1,152,154,155,-1,155,154,156,-1,155,156,157,-1,157,156,158,-1,157,158,159,-1,159,158,160,-1,159,160,161,-1,161,160,162,-1,161,162,163,-1,163,162,164,-1,163,164,165,-1,165,164,138,-1,165,138,137,-1,166,167,168,-1,166,168,169,-1,169,168,153,-1,169,153,152,-1,166,170,167,-1,167,170,171,-1,172,173,174,-1,172,174,175,-1,175,174,171,-1,175,171,170,-1,176,177,178,-1,176,178,179,-1,179,178,180,-1,179,180,181,-1,181,180,182,-1,181,182,183,-1,183,182,184,-1,183,184,185,-1,185,184,186,-1,185,186,187,-1,187,186,188,-1,187,188,189,-1,189,188,173,-1,189,173,172,-1,190,191,192,-1,190,192,193,-1,193,192,194,-1,193,194,195,-1,195,194,196,-1,195,196,197,-1,197,196,198,-1,197,198,199,-1,199,198,200,-1,199,200,201,-1,201,200,202,-1,201,202,203,-1,203,202,177,-1,203,177,176,-1,126,128,204,-1,126,204,205,-1,205,204,206,-1,205,206,207,-1,207,206,191,-1,207,191,190,-1,193,131,190,-1,190,131,134,-1,190,134,207,-1,207,134,130,-1,207,130,205,-1,205,130,127,-1,205,127,126,-1,170,166,175,-1,175,166,169,-1,175,169,172,-1,172,169,152,-1,172,152,189,-1,189,152,155,-1,189,155,187,-1,187,155,157,-1,187,157,185,-1,185,157,159,-1,185,159,183,-1,183,159,161,-1,183,161,181,-1,181,161,163,-1,181,163,179,-1,179,163,165,-1,179,165,176,-1,176,165,137,-1,176,137,203,-1,203,137,140,-1,203,140,201,-1,201,140,142,-1,201,142,199,-1,199,142,144,-1,199,144,197,-1,197,144,146,-1,197,146,195,-1,195,146,148,-1,195,148,193,-1,193,148,150,-1,193,150,131,-1,208,209,210,-1,210,209,211,-1,209,212,211,-1,211,212,213,-1,212,214,213,-1,213,214,215,-1,214,216,215,-1,215,216,217,-1,216,218,217,-1,217,218,219,-1,218,208,219,-1,219,208,210,-1,216,214,218,-1,218,214,212,-1,218,212,208,-1,208,212,209,-1,
        ]
    }
}
Shape{
    appearance Appearance {
        material  Material 	{
            diffuseColor 0.6470588235294118 0.5176470588235295 0.0
            specularColor 0.45098039215686275 0.3607843137254902 0.0
            ambientIntensity 0.4973
            transparency 0.0
            shininess 0.5
        }
    }
    geometry IndexedFaceSet {
        ccw TRUE
        solid FALSE
        coord DEF co Coordinate {
            point [
                -1.0079 -4.4142 1.8431, -1.0079 -4.48 1.8431, -1.0079 -4.4436 1.9253, -1.0079 -4.4504 1.9253, -1.0079 -4.4454 1.9321, -1.0079 -4.4487 1.9321, -1.0079 -4.4467 1.9391, -1.0079 -4.4474 1.9391, -1.0079 -4.2135 1.9415, -1.0079 -4.2135 1.7879, -1.0079 -4.2426 1.9415, -1.0079 -4.2415 1.7879, -1.0079 -4.3168 1.8431, -1.0079 -4.3192 1.8666, -1.0079 -4.3175 1.8862, -1.0079 -4.3129 1.9018, -1.0079 -4.2659 1.939, -1.0079 -4.2623 1.7898, -1.0079 -4.2788 1.795, -1.0079 -4.2923 1.803, -1.0079 -4.3061 1.9139, -1.0079 -4.2965 1.9241, -1.0079 -4.2821 1.9333, -1.0079 -4.3034 1.814, -1.0079 -4.3116 1.8274
            ]
        }
        coordIndex [
            0,1,2,-1,2,1,3,-1,2,3,4,-1,4,3,5,-1,4,5,6,-1,6,5,7,-1,8,9,10,-1,10,9,11,-1,12,13,10,-1,13,14,10,-1,10,14,15,-1,10,15,16,-1,11,17,10,-1,10,17,18,-1,10,18,19,-1,20,21,15,-1,15,21,22,-1,15,22,16,-1,19,23,10,-1,10,23,24,-1,10,24,12,-1,
        ]
    }
}