ISO-10303-21;
HEADER;
FILE_DESCRIPTION (( 'STEP AP214' ),
    '1' );
FILE_NAME ('EEHZA1J560V.STEP',
    '2023-04-18T21:11:53',
    ( '' ),
    ( '' ),
    'SwSTEP 2.0',
    'SolidWorks 2021',
    '' );
FILE_SCHEMA (( 'AUTOMOTIVE_DESIGN' ));
ENDSEC;

DATA;
#1 = LINE ( 'NONE', #3079, #372 ) ;
#2 = CARTESIAN_POINT ( 'NONE',  ( -2.680000000000000160, 0.9799999999999999822, 0.000000000000000000 ) ) ;
#3 = DIRECTION ( 'NONE',  ( 1.044646440676377598E-15, -1.000000000000000000, -1.091183116913219911E-16 ) ) ;
#4 = ORIENTED_EDGE ( 'NONE', *, *, #3759, .T. ) ;
#5 = DIRECTION ( 'NONE',  ( -1.000000000000000078E-15, 1.000000000000000000, 0.000000000000000000 ) ) ;
#6 = EDGE_CURVE ( 'NONE', #700, #4896, #1971, .T. ) ;
#7 = ORIENTED_EDGE ( 'NONE', *, *, #1076, .T. ) ;
#8 = ORIENTED_EDGE ( 'NONE', *, *, #3847, .F. ) ;
#9 = LINE ( 'NONE', #3779, #3553 ) ;
#10 = EDGE_CURVE ( 'NONE', #113, #3092, #1942, .T. ) ;
#11 = EDGE_CURVE ( 'NONE', #4317, #2486, #348, .T. ) ;
#12 = DIRECTION ( 'NONE',  ( 1.000000000000000000, 5.204170427930421283E-16, 0.000000000000000000 ) ) ;
#13 = DIRECTION ( 'NONE',  ( 1.000000000000000000, 1.000000000000000078E-15, 3.700743415417190112E-16 ) ) ;
#14 = ORIENTED_EDGE ( 'NONE', *, *, #4403, .F. ) ;
#15 = DIRECTION ( 'NONE',  ( 1.000000000000000078E-15, -1.000000000000000000, 0.000000000000000000 ) ) ;
#16 = EDGE_CURVE ( 'NONE', #2871, #3388, #2673, .T. ) ;
#17 = FACE_OUTER_BOUND ( 'NONE', #2189, .T. ) ;
#18 = DIRECTION ( 'NONE',  ( 1.000000000000000000, 0.000000000000000000, 0.000000000000000000 ) ) ;
#19 = ORIENTED_EDGE ( 'NONE', *, *, #1783, .F. ) ;
#20 = VERTEX_POINT ( 'NONE', #2723 ) ;
#21 = DIRECTION ( 'NONE',  ( 1.000000000000000078E-15, -1.000000000000000000, 0.000000000000000000 ) ) ;
#22 = DIRECTION ( 'NONE',  ( 1.000000000000000000, 0.000000000000000000, 0.000000000000000000 ) ) ;
#23 = CARTESIAN_POINT ( 'NONE',  ( 1.624999999999998002, 2.329999999999999627, 0.000000000000000000 ) ) ;
#24 = ORIENTED_EDGE ( 'NONE', *, *, #3266, .T. ) ;
#25 = CARTESIAN_POINT ( 'NONE',  ( 1.499999999999995781, 4.250000000000001776, 5.150000000000000355 ) ) ;
#26 = ORIENTED_EDGE ( 'NONE', *, *, #1283, .T. ) ;
#27 = ORIENTED_EDGE ( 'NONE', *, *, #4483, .T. ) ;
#28 = DIRECTION ( 'NONE',  ( -1.841475689883074998E-30, 6.138252299610249742E-16, -1.000000000000000000 ) ) ;
#29 = DIRECTION ( 'NONE',  ( 5.112194853492090469E-16, -1.000000000000000000, 0.000000000000000000 ) ) ;
#30 = AXIS2_PLACEMENT_3D ( 'NONE', #2006, #632, #2210 ) ;
#31 = DIRECTION ( 'NONE',  ( 0.7071067811865471286, 6.505213034913029562E-16, -0.7071067811865479058 ) ) ;
#32 = VECTOR ( 'NONE', #2699, 1000.000000000000000 ) ;
#33 = FACE_BOUND ( 'NONE', #4631, .T. ) ;
#34 = EDGE_CURVE ( 'NONE', #2387, #1550, #748, .T. ) ;
#35 = ADVANCED_FACE ( 'NONE', ( #17 ), #2269, .T. ) ;
#36 = AXIS2_PLACEMENT_3D ( 'NONE', #3952, #4716, #1345 ) ;
#37 = VERTEX_POINT ( 'NONE', #3876 ) ;
#38 = DIRECTION ( 'NONE',  ( -1.000000000000000078E-15, 1.000000000000000000, 0.000000000000000000 ) ) ;
#39 = CARTESIAN_POINT ( 'NONE',  ( -4.150000000000000355, -4.119968255444916849E-15, -2.050000000000000266 ) ) ;
#40 = CIRCLE ( 'NONE', #3164, 0.7500000000000000000 ) ;
#41 = VECTOR ( 'NONE', #2373, 1000.000000000000000 ) ;
#42 = DIRECTION ( 'NONE',  ( 1.000000000000000000, 5.910098908690700468E-16, 0.000000000000000000 ) ) ;
#43 = EDGE_LOOP ( 'NONE', ( #4232, #2780, #1109, #1188 ) ) ;
#44 = EDGE_CURVE ( 'NONE', #3435, #2042, #3103, .T. ) ;
#45 = EDGE_CURVE ( 'NONE', #2870, #3163, #4046, .T. ) ;
#46 = AXIS2_PLACEMENT_3D ( 'NONE', #992, #4544, #1773 ) ;
#47 = VERTEX_POINT ( 'NONE', #773 ) ;
#48 = AXIS2_PLACEMENT_3D ( 'NONE', #873, #3930, #3282 ) ;
#49 = AXIS2_PLACEMENT_3D ( 'NONE', #2593, #246, #4124 ) ;
#50 = CARTESIAN_POINT ( 'NONE',  ( 2.274999999999999467, 1.000000000000002220, 0.000000000000000000 ) ) ;
#51 = AXIS2_PLACEMENT_3D ( 'NONE', #4391, #3986, #251 ) ;
#52 = DIRECTION ( 'NONE',  ( -0.000000000000000000, 0.000000000000000000, 1.000000000000000000 ) ) ;
#53 = AXIS2_PLACEMENT_3D ( 'NONE', #4081, #4840, #644 ) ;
#54 = LINE ( 'NONE', #385, #2135 ) ;
#55 = AXIS2_PLACEMENT_3D ( 'NONE', #1836, #3373, #2988 ) ;
#56 = STYLED_ITEM ( 'NONE', ( #4315 ), #4297 ) ;
#57 = EDGE_LOOP ( 'NONE', ( #2587, #1662, #2004, #1862, #1923 ) ) ;
#58 = CIRCLE ( 'NONE', #761, 0.5084043666216880863 ) ;
#59 = PRESENTATION_LAYER_ASSIGNMENT (  '', '', ( #1496 ) ) ;
#60 = ORIENTED_EDGE ( 'NONE', *, *, #4054, .T. ) ;
#61 = VECTOR ( 'NONE', #2917, 1000.000000000000000 ) ;
#62 = ORIENTED_EDGE ( 'NONE', *, *, #1510, .T. ) ;
#63 = DIRECTION ( 'NONE',  ( -1.077886431674909893E-16, -1.077886431674910039E-31, -1.000000000000000000 ) ) ;
#64 = EDGE_LOOP ( 'NONE', ( #2060, #1151, #1658, #4348 ) ) ;
#65 = CARTESIAN_POINT ( 'NONE',  ( 2.000000000000000000, 10.50099999999999945, 4.253234063627349570 ) ) ;
#66 = FACE_OUTER_BOUND ( 'NONE', #4641, .T. ) ;
#67 = VERTEX_POINT ( 'NONE', #4250 ) ;
#68 = CARTESIAN_POINT ( 'NONE',  ( -2.446654762208439582, 0.09665476220843972899, -0.5999999999999999778 ) ) ;
#69 = DIRECTION ( 'NONE',  ( 1.000000000000000000, 1.000000000000000078E-15, 0.000000000000000000 ) ) ;
#70 = CARTESIAN_POINT ( 'NONE',  ( 2.679999999999998828, 1.500000000000000444, 0.5999999999999999778 ) ) ;
#71 = EDGE_CURVE ( 'NONE', #2615, #3369, #3474, .T. ) ;
#72 = DIRECTION ( 'NONE',  ( -0.000000000000000000, 0.000000000000000000, 1.000000000000000000 ) ) ;
#73 = EDGE_LOOP ( 'NONE', ( #2886, #3143, #4292, #2101, #4779, #3597, #2412, #1765, #4488, #2165, #4404, #555 ) ) ;
#74 = ORIENTED_EDGE ( 'NONE', *, *, #1415, .T. ) ;
#75 = DIRECTION ( 'NONE',  ( -1.000000000000000078E-15, 1.000000000000000000, 0.000000000000000000 ) ) ;
#76 = CARTESIAN_POINT ( 'NONE',  ( -4.874423042781587334, 7.499999999999994671, 1.500000000000000000 ) ) ;
#77 = CARTESIAN_POINT ( 'NONE',  ( 3.449999999999999289, 0.3300000000000000155, -0.6500000000000001332 ) ) ;
#78 = EDGE_CURVE ( 'NONE', #4242, #4176, #2298, .T. ) ;
#79 = ADVANCED_FACE ( 'NONE', ( #399 ), #3454, .F. ) ;
#80 = DIRECTION ( 'NONE',  ( -1.077886431674909893E-16, -1.077886431674910039E-31, -1.000000000000000000 ) ) ;
#81 = ORIENTED_EDGE ( 'NONE', *, *, #681, .F. ) ;
#82 = CARTESIAN_POINT ( 'NONE',  ( 2.274999999999999467, 0.3300000000000022915, 0.7500000000000000000 ) ) ;
#83 = ORIENTED_EDGE ( 'NONE', *, *, #3841, .F. ) ;
#84 = ORIENTED_EDGE ( 'NONE', *, *, #1427, .T. ) ;
#85 = PLANE ( 'NONE',  #2916 ) ;
#86 = CARTESIAN_POINT ( 'NONE',  ( -3.449999999999999734, -3.469446951953614189E-15, -0.7500000000000000000 ) ) ;
#87 = ORIENTED_EDGE ( 'NONE', *, *, #3195, .T. ) ;
#88 = LINE ( 'NONE', #2471, #225 ) ;
#89 = DIRECTION ( 'NONE',  ( 0.7071067811865476838, -0.7071067811865472397, 0.000000000000000000 ) ) ;
#90 = DIRECTION ( 'NONE',  ( -1.000000000000000000, 0.000000000000000000, 0.000000000000000000 ) ) ;
#91 = LINE ( 'NONE', #2474, #928 ) ;
#92 = VERTEX_POINT ( 'NONE', #70 ) ;
#93 = VERTEX_POINT ( 'NONE', #1595 ) ;
#94 = CARTESIAN_POINT ( 'NONE',  ( -2.975000000000000977, 0.9999999999999972244, 0.000000000000000000 ) ) ;
#95 = DIRECTION ( 'NONE',  ( 1.000000000000000000, 1.000000000000000078E-15, 0.000000000000000000 ) ) ;
#96 = PLANE ( 'NONE',  #4129 ) ;
#97 = LINE ( 'NONE', #1195, #694 ) ;
#98 = EDGE_CURVE ( 'NONE', #3464, #1211, #3243, .T. ) ;
#99 = EDGE_CURVE ( 'NONE', #2706, #856, #4943, .T. ) ;
#100 = ORIENTED_EDGE ( 'NONE', *, *, #4334, .F. ) ;
#101 = PLANE ( 'NONE',  #1412 ) ;
#102 = ORIENTED_EDGE ( 'NONE', *, *, #16, .T. ) ;
#103 = ADVANCED_FACE ( 'NONE', ( #111 ), #142, .F. ) ;
#104 = VERTEX_POINT ( 'NONE', #1668 ) ;
#105 = DIRECTION ( 'NONE',  ( 1.000000000000000078E-15, -1.000000000000000000, 0.000000000000000000 ) ) ;
#106 = FACE_OUTER_BOUND ( 'NONE', #73, .T. ) ;
#107 = DIRECTION ( 'NONE',  ( -0.000000000000000000, 0.000000000000000000, 1.000000000000000000 ) ) ;
#108 = EDGE_LOOP ( 'NONE', ( #2558, #4244, #4269, #961 ) ) ;
#109 = FACE_OUTER_BOUND ( 'NONE', #431, .T. ) ;
#110 = CARTESIAN_POINT ( 'NONE',  ( 2.324999999999999734, 2.385244779468109755E-15, -0.7500000000000000000 ) ) ;
#111 = FACE_OUTER_BOUND ( 'NONE', #1397, .T. ) ;
#112 = DIRECTION ( 'NONE',  ( -1.734723475976807094E-15, 1.000000000000000000, 0.000000000000000000 ) ) ;
#113 = VERTEX_POINT ( 'NONE', #2776 ) ;
#114 = ORIENTED_EDGE ( 'NONE', *, *, #829, .F. ) ;
#115 = DIRECTION ( 'NONE',  ( -4.089901091309300309E-16, 1.000000000000000000, 0.000000000000000000 ) ) ;
#116 = CARTESIAN_POINT ( 'NONE',  ( -1.137499999999999956, -1.084202172485504434E-15, -0.7500000000000000000 ) ) ;
#117 = VECTOR ( 'NONE', #2728, 1000.000000000000000 ) ;
#118 = CARTESIAN_POINT ( 'NONE',  ( 3.799999999999991385, 8.500000000000003553, 4.700000000000000178 ) ) ;
#119 = LINE ( 'NONE', #172, #1805 ) ;
#120 = AXIS2_PLACEMENT_3D ( 'NONE', #171, #4760, #1849 ) ;
#121 = VECTOR ( 'NONE', #4306, 1000.000000000000000 ) ;
#122 = ORIENTED_EDGE ( 'NONE', *, *, #4667, .F. ) ;
#123 = CARTESIAN_POINT ( 'NONE',  ( 2.274999999999999467, 0.9799999999999999822, 0.000000000000000000 ) ) ;
#124 = VECTOR ( 'NONE', #3660, 1000.000000000000000 ) ;
#125 = CARTESIAN_POINT ( 'NONE',  ( -7.011934892369409833E-16, 3.399999999999999911, 0.000000000000000000 ) ) ;
#126 = EDGE_LOOP ( 'NONE', ( #2577, #1410, #3580, #4321 ) ) ;
#127 = VECTOR ( 'NONE', #3596, 1000.000000000000000 ) ;
#128 = ADVANCED_FACE ( 'NONE', ( #1263 ), #3602, .T. ) ;
#129 = EDGE_CURVE ( 'NONE', #4673, #269, #3907, .T. ) ;
#130 = AXIS2_PLACEMENT_3D ( 'NONE', #1727, #4740, #1292 ) ;
#131 = VECTOR ( 'NONE', #2891, 1000.000000000000000 ) ;
#132 = EDGE_LOOP ( 'NONE', ( #81, #3032, #1252, #1922 ) ) ;
#133 = CARTESIAN_POINT ( 'NONE',  ( 3.449999999999999734, 0.1000000000000035166, 0.7500000000000000000 ) ) ;
#134 = ORIENTED_EDGE ( 'NONE', *, *, #4516, .F. ) ;
#135 = DIRECTION ( 'NONE',  ( 1.000000000000000078E-15, -1.000000000000000000, 0.000000000000000000 ) ) ;
#136 = EDGE_CURVE ( 'NONE', #2835, #4474, #3524, .T. ) ;
#137 = EDGE_CURVE ( 'NONE', #1538, #1930, #3624, .T. ) ;
#138 = AXIS2_PLACEMENT_3D ( 'NONE', #642, #2172, #270 ) ;
#139 = ORIENTED_EDGE ( 'NONE', *, *, #4858, .T. ) ;
#140 = CARTESIAN_POINT ( 'NONE',  ( 3.449999999999999734, 0.000000000000000000, -2.050000000000000266 ) ) ;
#141 = CARTESIAN_POINT ( 'NONE',  ( 4.150000000000000355, 4.119968255444916849E-15, 5.150000000000000355 ) ) ;
#142 = CYLINDRICAL_SURFACE ( 'NONE', #4856, 0.7000000000000000666 ) ;
#143 = CARTESIAN_POINT ( 'NONE',  ( -2.274999999999999911, 0.9799999999999999822, 0.000000000000000000 ) ) ;
#144 = ORIENTED_EDGE ( 'NONE', *, *, #2094, .T. ) ;
#145 = VERTEX_POINT ( 'NONE', #3218 ) ;
#146 = DIRECTION ( 'NONE',  ( -2.999999999999999839E-15, 1.000000000000000000, 0.000000000000000000 ) ) ;
#147 = DIRECTION ( 'NONE',  ( -5.337610695313270120E-16, 1.000000000000000000, 0.000000000000000000 ) ) ;
#148 = DIRECTION ( 'NONE',  ( -1.000000000000000000, -1.000000000000000078E-15, 0.000000000000000000 ) ) ;
#149 = CARTESIAN_POINT ( 'NONE',  ( 5.150000000000000355, 5.204170427930421283E-15, 4.150000000000000355 ) ) ;
#150 = ORIENTED_EDGE ( 'NONE', *, *, #2612, .T. ) ;
#151 = DIRECTION ( 'NONE',  ( 1.000000000000000000, 0.000000000000000000, 0.000000000000000000 ) ) ;
#152 = DIRECTION ( 'NONE',  ( 1.000000000000000078E-15, -1.000000000000000000, 0.000000000000000000 ) ) ;
#153 = ORIENTED_EDGE ( 'NONE', *, *, #3195, .F. ) ;
#154 = ORIENTED_EDGE ( 'NONE', *, *, #480, .T. ) ;
#155 = EDGE_CURVE ( 'NONE', #2491, #3157, #3947, .T. ) ;
#156 = FACE_OUTER_BOUND ( 'NONE', #3493, .T. ) ;
#157 = EDGE_LOOP ( 'NONE', ( #1578, #3526, #2831, #4677 ) ) ;
#158 = CARTESIAN_POINT ( 'NONE',  ( -2.680000000000000160, 1.655000000000000027, 0.5084043666216869761 ) ) ;
#159 = VERTEX_POINT ( 'NONE', #1235 ) ;
#160 = EDGE_CURVE ( 'NONE', #2665, #614, #868, .T. ) ;
#161 = EDGE_CURVE ( 'NONE', #1608, #1130, #3925, .T. ) ;
#162 = CYLINDRICAL_SURFACE ( 'NONE', #3029, 0.6500000000000000222 ) ;
#163 = DIRECTION ( 'NONE',  ( 1.000000000000000000, 3.690901012716610650E-16, 0.000000000000000000 ) ) ;
#164 = LINE ( 'NONE', #2418, #4535 ) ;
#165 = FACE_OUTER_BOUND ( 'NONE', #1337, .T. ) ;
#166 = EDGE_LOOP ( 'NONE', ( #4071, #2079, #2196 ) ) ;
#167 = ORIENTED_EDGE ( 'NONE', *, *, #3757, .F. ) ;
#168 = EDGE_CURVE ( 'NONE', #2144, #3470, #1640, .T. ) ;
#169 = LINE ( 'NONE', #227, #3249 ) ;
#170 = DIRECTION ( 'NONE',  ( -1.000000000000000078E-15, 1.000000000000000000, 0.000000000000000000 ) ) ;
#171 = CARTESIAN_POINT ( 'NONE',  ( -4.150000000000000355, 0.4300000000000000488, -0.7500000000000002220 ) ) ;
#172 = CARTESIAN_POINT ( 'NONE',  ( 3.349999999999995648, 4.250000000000003553, -5.150000000000000355 ) ) ;
#173 = ORIENTED_EDGE ( 'NONE', *, *, #4421, .F. ) ;
#174 = AXIS2_PLACEMENT_3D ( 'NONE', #4911, #2631, #3451 ) ;
#175 = ORIENTED_EDGE ( 'NONE', *, *, #44, .T. ) ;
#176 = CARTESIAN_POINT ( 'NONE',  ( 2.446654762208439582, 0.09665476220843981225, 0.5999999999999999778 ) ) ;
#177 = CARTESIAN_POINT ( 'NONE',  ( -5.850000000000000533, 0.000000000000000000, 0.5999999999999999778 ) ) ;
#178 = ORIENTED_EDGE ( 'NONE', *, *, #350, .T. ) ;
#179 = VERTEX_POINT ( 'NONE', #2473 ) ;
#180 = CARTESIAN_POINT ( 'NONE',  ( 4.150000000000000355, 4.119968255444916849E-15, -4.150000000000000355 ) ) ;
#181 = ORIENTED_EDGE ( 'NONE', *, *, #2860, .F. ) ;
#182 = VERTEX_POINT ( 'NONE', #4711 ) ;
#183 = FACE_OUTER_BOUND ( 'NONE', #401, .T. ) ;
#184 = CYLINDRICAL_SURFACE ( 'NONE', #3424, 0.6500000000000000222 ) ;
#185 = CARTESIAN_POINT ( 'NONE',  ( 3.449999999999999734, 0.000000000000000000, -2.050000000000000266 ) ) ;
#186 = ADVANCED_FACE ( 'NONE', ( #1305 ), #1282, .T. ) ;
#187 = EDGE_CURVE ( 'NONE', #950, #4468, #4773, .T. ) ;
#188 = DIRECTION ( 'NONE',  ( -1.000000000000000000, -1.000000000000000078E-15, 1.077886431674909893E-16 ) ) ;
#189 = VERTEX_POINT ( 'NONE', #885 ) ;
#190 = ORIENTED_EDGE ( 'NONE', *, *, #1283, .F. ) ;
#191 = CARTESIAN_POINT ( 'NONE',  ( -1.575000000000000844, 0.9999999999999985567, 8.572527594031470725E-17 ) ) ;
#192 = SURFACE_SIDE_STYLE ('',( #3631 ) ) ;
#193 = DIRECTION ( 'NONE',  ( 5.112194853492090469E-16, -1.000000000000000000, 0.000000000000000000 ) ) ;
#194 = VECTOR ( 'NONE', #3342, 1000.000000000000000 ) ;
#195 = VECTOR ( 'NONE', #1409, 1000.000000000000000 ) ;
#196 = EDGE_CURVE ( 'NONE', #807, #4480, #164, .T. ) ;
#197 = LINE ( 'NONE', #3935, #4864 ) ;
#198 = DIRECTION ( 'NONE',  ( 1.000000000000000078E-15, -1.000000000000000000, 0.000000000000000000 ) ) ;
#199 = ORIENTED_EDGE ( 'NONE', *, *, #4467, .T. ) ;
#200 = VECTOR ( 'NONE', #2609, 1000.000000000000000 ) ;
#201 = AXIS2_PLACEMENT_3D ( 'NONE', #1081, #2642, #1997 ) ;
#202 = ORIENTED_EDGE ( 'NONE', *, *, #4153, .F. ) ;
#203 = SPHERICAL_SURFACE ( 'NONE', #3084, 0.6500000000000000222 ) ;
#204 = CARTESIAN_POINT ( 'NONE',  ( -2.925000000000000266, 1.655000000000000027, 7.960204194457795477E-17 ) ) ;
#205 = ORIENTED_EDGE ( 'NONE', *, *, #3322, .F. ) ;
#206 = STYLED_ITEM ( 'NONE', ( #3356 ), #3789 ) ;
#207 = VECTOR ( 'NONE', #1799, 1000.000000000000000 ) ;
#208 = CIRCLE ( 'NONE', #4692, 0.6500000000000000222 ) ;
#209 = VECTOR ( 'NONE', #1021, 1000.000000000000000 ) ;
#210 = ORIENTED_EDGE ( 'NONE', *, *, #4086, .T. ) ;
#211 = AXIS2_PLACEMENT_3D ( 'NONE', #4757, #2878, #944 ) ;
#212 = DIRECTION ( 'NONE',  ( 1.000000000000000078E-15, -1.000000000000000000, 0.000000000000000000 ) ) ;
#213 = ORIENTED_EDGE ( 'NONE', *, *, #1168, .T. ) ;
#214 = LINE ( 'NONE', #1745, #4948 ) ;
#215 = AXIS2_PLACEMENT_3D ( 'NONE', #1872, #4895, #4434 ) ;
#216 = CIRCLE ( 'NONE', #3019, 5.000000000000000000 ) ;
#217 = VERTEX_POINT ( 'NONE', #515 ) ;
#218 = AXIS2_PLACEMENT_3D ( 'NONE', #125, #2410, #1353 ) ;
#219 = CARTESIAN_POINT ( 'NONE',  ( 5.149999999999991473, 8.500000000000005329, 1.500000000000000000 ) ) ;
#220 = CARTESIAN_POINT ( 'NONE',  ( -3.449999999999999734, 0.1000000000000006994, -0.7500000000000002220 ) ) ;
#221 = COLOUR_RGB ( '',0.000000000000000000, 0.000000000000000000, 0.000000000000000000 ) ;
#222 = LINE ( 'NONE', #587, #449 ) ;
#223 = CARTESIAN_POINT ( 'NONE',  ( 2.350000000000000089, 0.3300000000000005151, -0.5999999999999999778 ) ) ;
#224 = EDGE_LOOP ( 'NONE', ( #996, #982, #411, #3682, #4823, #83, #3676, #3981 ) ) ;
#225 = VECTOR ( 'NONE', #2036, 1000.000000000000000 ) ;
#226 = ORIENTED_EDGE ( 'NONE', *, *, #3110, .F. ) ;
#227 = CARTESIAN_POINT ( 'NONE',  ( 3.449999999999999734, 3.469446951953614189E-15, -2.050000000000000266 ) ) ;
#228 = ADVANCED_FACE ( 'NONE', ( #2038 ), #3578, .T. ) ;
#229 = DIRECTION ( 'NONE',  ( -1.000000000000000000, -3.469446951953614189E-16, 1.224646799147350002E-16 ) ) ;
#230 = DIRECTION ( 'NONE',  ( 2.921639538487249824E-16, -1.000000000000000000, 0.000000000000000000 ) ) ;
#231 = CARTESIAN_POINT ( 'NONE',  ( -3.505967446184699986E-16, 2.199999999999999734, 0.000000000000000000 ) ) ;
#232 = LINE ( 'NONE', #3667, #3498 ) ;
#233 = VERTEX_POINT ( 'NONE', #2443 ) ;
#234 = DIRECTION ( 'NONE',  ( 1.000000000000000078E-15, -1.000000000000000000, 0.000000000000000000 ) ) ;
#235 = EDGE_CURVE ( 'NONE', #3845, #4335, #208, .T. ) ;
#236 = EDGE_CURVE ( 'NONE', #1531, #326, #568, .T. ) ;
#237 = FACE_OUTER_BOUND ( 'NONE', #825, .T. ) ;
#238 = ORIENTED_EDGE ( 'NONE', *, *, #3515, .F. ) ;
#239 = ORIENTED_EDGE ( 'NONE', *, *, #1349, .T. ) ;
#240 = CARTESIAN_POINT ( 'NONE',  ( -3.449999999999999734, 0.1000000000000006994, -0.7500000000000002220 ) ) ;
#241 = ORIENTED_EDGE ( 'NONE', *, *, #2398, .T. ) ;
#242 = PLANE ( 'NONE',  #772 ) ;
#243 = ORIENTED_EDGE ( 'NONE', *, *, #3158, .T. ) ;
#244 = LINE ( 'NONE', #1815, #4303 ) ;
#245 = CARTESIAN_POINT ( 'NONE',  ( -5.000000000000001776, 6.949999999999997513, 6.123233995736766282E-16 ) ) ;
#246 = DIRECTION ( 'NONE',  ( 1.000000000000000078E-15, -1.000000000000000000, 0.000000000000000000 ) ) ;
#247 = FILL_AREA_STYLE ('',( #4505 ) ) ;
#248 = ORIENTED_EDGE ( 'NONE', *, *, #136, .F. ) ;
#249 = LINE ( 'NONE', #2229, #1728 ) ;
#250 = DIRECTION ( 'NONE',  ( -1.000000000000000078E-15, 1.000000000000000000, 0.000000000000000000 ) ) ;
#251 = DIRECTION ( 'NONE',  ( 1.000000000000000000, 2.999999999999999839E-15, 0.000000000000000000 ) ) ;
#252 = ORIENTED_EDGE ( 'NONE', *, *, #2765, .F. ) ;
#253 = CARTESIAN_POINT ( 'NONE',  ( 5.150000000000000355, 5.204170427930421283E-15, -4.150000000000000355 ) ) ;
#254 = DIRECTION ( 'NONE',  ( -1.000000000000000000, -1.006759160165111119E-15, 0.000000000000000000 ) ) ;
#255 = DIRECTION ( 'NONE',  ( 1.000000000000000000, 2.999999999999999839E-15, 0.000000000000000000 ) ) ;
#256 = EDGE_CURVE ( 'NONE', #605, #2908, #1818, .T. ) ;
#257 = EDGE_CURVE ( 'NONE', #1416, #2665, #2924, .T. ) ;
#258 = ORIENTED_EDGE ( 'NONE', *, *, #2682, .F. ) ;
#259 = CARTESIAN_POINT ( 'NONE',  ( -4.150000000000000355, 0.09999999999999831246, 2.050000000000000266 ) ) ;
#260 =( NAMED_UNIT ( * ) SI_UNIT ( $, .STERADIAN. ) SOLID_ANGLE_UNIT ( ) );
#261 = ORIENTED_EDGE ( 'NONE', *, *, #3390, .F. ) ;
#262 = DIRECTION ( 'NONE',  ( 0.7071067811865479058, 7.071067811865485194E-16, 0.7071067811865471286 ) ) ;
#263 = EDGE_CURVE ( 'NONE', #2859, #1987, #1420, .T. ) ;
#264 = ORIENTED_EDGE ( 'NONE', *, *, #3695, .F. ) ;
#265 = CARTESIAN_POINT ( 'NONE',  ( 2.274999999999999911, 2.168404344971008868E-15, 0.7500000000000000000 ) ) ;
#266 = CARTESIAN_POINT ( 'NONE',  ( -2.274999999999999911, 1.500000000000000000, 0.000000000000000000 ) ) ;
#267 = DIRECTION ( 'NONE',  ( -1.000000000000000078E-15, 1.000000000000000000, 0.000000000000000000 ) ) ;
#268 = CARTESIAN_POINT ( 'NONE',  ( 4.649999999999999467, 4.553649124439118623E-15, -0.7500000000000000000 ) ) ;
#269 = VERTEX_POINT ( 'NONE', #4863 ) ;
#270 = DIRECTION ( 'NONE',  ( 1.000000000000000000, 1.020425574104003999E-15, 0.000000000000000000 ) ) ;
#271 = DIRECTION ( 'NONE',  ( 1.000000000000000000, 1.000000000000000078E-15, 3.505967446184699986E-16 ) ) ;
#272 = CARTESIAN_POINT ( 'NONE',  ( -4.150000000000000355, 0.09999999999999581446, -0.7500000000000000000 ) ) ;
#273 =( LENGTH_UNIT ( ) NAMED_UNIT ( * ) SI_UNIT ( .MILLI., .METRE. ) );
#274 = VERTEX_POINT ( 'NONE', #2919 ) ;
#275 = LINE ( 'NONE', #1071, #2355 ) ;
#276 = VECTOR ( 'NONE', #3066, 1000.000000000000000 ) ;
#277 = CARTESIAN_POINT ( 'NONE',  ( -2.275000000000000355, 0.3299999999999977396, 0.000000000000000000 ) ) ;
#278 = LINE ( 'NONE', #2159, #4215 ) ;
#279 = VECTOR ( 'NONE', #891, 1000.000000000000000 ) ;
#280 = EDGE_LOOP ( 'NONE', ( #1886, #1881, #1609, #1448, #3395, #2785, #397, #2766, #2014, #87, #1994, #4792 ) ) ;
#281 = AXIS2_PLACEMENT_3D ( 'NONE', #3525, #2041, #2847 ) ;
#282 = CARTESIAN_POINT ( 'NONE',  ( 2.350000000000000533, 0.000000000000000000, 0.5999999999999999778 ) ) ;
#283 = AXIS2_PLACEMENT_3D ( 'NONE', #1654, #3264, #2508 ) ;
#284 = DIRECTION ( 'NONE',  ( 1.000000000000000000, 1.000000000000000078E-15, -3.233659295024729803E-16 ) ) ;
#285 = EDGE_CURVE ( 'NONE', #2215, #973, #3654, .T. ) ;
#286 = ORIENTED_EDGE ( 'NONE', *, *, #2674, .F. ) ;
#287 = CARTESIAN_POINT ( 'NONE',  ( -4.150000000000000355, 0.4300000000000000488, 0.7499999999999997780 ) ) ;
#288 = AXIS2_PLACEMENT_3D ( 'NONE', #892, #595, #4312 ) ;
#289 = VECTOR ( 'NONE', #2802, 1000.000000000000000 ) ;
#290 = VECTOR ( 'NONE', #1462, 1000.000000000000000 ) ;
#291 = ORIENTED_EDGE ( 'NONE', *, *, #3934, .F. ) ;
#292 = DIRECTION ( 'NONE',  ( 1.000000000000000000, 1.000000000000000078E-15, 0.000000000000000000 ) ) ;
#293 = EDGE_CURVE ( 'NONE', #2848, #2389, #3355, .T. ) ;
#294 = EDGE_CURVE ( 'NONE', #2921, #3958, #4407, .T. ) ;
#295 = DIRECTION ( 'NONE',  ( -1.000000000000000000, -1.000000000000000078E-15, 1.077886431674909893E-16 ) ) ;
#296 = FACE_OUTER_BOUND ( 'NONE', #3805, .T. ) ;
#297 = VECTOR ( 'NONE', #624, 1000.000000000000000 ) ;
#298 = AXIS2_PLACEMENT_3D ( 'NONE', #1988, #3214, #4726 ) ;
#299 = SURFACE_STYLE_FILL_AREA ( #247 ) ;
#300 = LINE ( 'NONE', #3705, #3213 ) ;
#301 = ORIENTED_EDGE ( 'NONE', *, *, #4770, .F. ) ;
#302 = AXIS2_PLACEMENT_3D ( 'NONE', #3625, #4712, #3927 ) ;
#303 = VECTOR ( 'NONE', #1339, 1000.000000000000000 ) ;
#304 =( LENGTH_UNIT ( ) NAMED_UNIT ( * ) SI_UNIT ( .MILLI., .METRE. ) );
#305 = CARTESIAN_POINT ( 'NONE',  ( 4.649999999999999467, 0.3300000000000046785, -0.7500000000000000000 ) ) ;
#306 = CARTESIAN_POINT ( 'NONE',  ( 3.349999999999991651, 8.500000000000003553, 5.150000000000000355 ) ) ;
#307 = AXIS2_PLACEMENT_3D ( 'NONE', #3874, #4967, #1519 ) ;
#308 = ORIENTED_EDGE ( 'NONE', *, *, #2268, .F. ) ;
#309 = DIRECTION ( 'NONE',  ( 1.000000000000000000, 2.602085213965210642E-16, 0.000000000000000000 ) ) ;
#310 = CARTESIAN_POINT ( 'NONE',  ( -2.350000000000000089, 0.3300000000000004041, -0.5999999999999999778 ) ) ;
#311 = DIRECTION ( 'NONE',  ( 1.000000000000000078E-15, -1.000000000000000000, 0.000000000000000000 ) ) ;
#312 = ORIENTED_EDGE ( 'NONE', *, *, #1599, .F. ) ;
#313 = CARTESIAN_POINT ( 'NONE',  ( 5.150000000000000355, 5.204170427930421283E-15, 1.500000000000000000 ) ) ;
#314 = FILL_AREA_STYLE ('',( #1834 ) ) ;
#315 = ORIENTED_EDGE ( 'NONE', *, *, #4672, .T. ) ;
#316 = DIRECTION ( 'NONE',  ( 1.000000000000000000, 1.000000000000000078E-15, 3.505967446184699986E-16 ) ) ;
#317 = ORIENTED_EDGE ( 'NONE', *, *, #2366, .F. ) ;
#318 = ADVANCED_FACE ( 'NONE', ( #296 ), #2946, .T. ) ;
#319 = ORIENTED_EDGE ( 'NONE', *, *, #1197, .F. ) ;
#320 = CARTESIAN_POINT ( 'NONE',  ( -8.500000000000001647E-15, 8.500000000000000000, 0.000000000000000000 ) ) ;
#321 = DIRECTION ( 'NONE',  ( -1.077886431674909893E-16, -1.077886431674910039E-31, -1.000000000000000000 ) ) ;
#322 = DIRECTION ( 'NONE',  ( -1.000000000000000078E-15, 1.000000000000000000, 0.000000000000000000 ) ) ;
#323 = CARTESIAN_POINT ( 'NONE',  ( -3.449999999999999734, 0.09999999999999657774, 2.050000000000000266 ) ) ;
#324 = EDGE_CURVE ( 'NONE', #2470, #3753, #222, .T. ) ;
#325 = EDGE_CURVE ( 'NONE', #600, #93, #1061, .T. ) ;
#326 = VERTEX_POINT ( 'NONE', #2192 ) ;
#327 = PLANE ( 'NONE',  #2139 ) ;
#328 = EDGE_LOOP ( 'NONE', ( #312, #3263, #2260, #4402 ) ) ;
#329 = FACE_OUTER_BOUND ( 'NONE', #3522, .T. ) ;
#330 = CARTESIAN_POINT ( 'NONE',  ( 5.150000000000000355, 5.204170427930421283E-15, -5.150000000000000355 ) ) ;
#331 = ADVANCED_FACE ( 'NONE', ( #4504 ), #1750, .F. ) ;
#332 = ORIENTED_EDGE ( 'NONE', *, *, #894, .F. ) ;
#333 = LINE ( 'NONE', #1855, #2118 ) ;
#334 = PLANE ( 'NONE',  #1318 ) ;
#335 = ORIENTED_EDGE ( 'NONE', *, *, #4090, .T. ) ;
#336 = LINE ( 'NONE', #820, #4605 ) ;
#337 = ORIENTED_EDGE ( 'NONE', *, *, #921, .T. ) ;
#338 = ORIENTED_EDGE ( 'NONE', *, *, #3104, .F. ) ;
#339 = UNCERTAINTY_MEASURE_WITH_UNIT (LENGTH_MEASURE( 1.000000000000000082E-05 ), #304, 'distance_accuracy_value', 'NONE');
#340 = CARTESIAN_POINT ( 'NONE',  ( -4.150000000000000355, 0.09999999999999831246, 2.050000000000000266 ) ) ;
#341 = CARTESIAN_POINT ( 'NONE',  ( -3.450000000000000178, 0.4300000000000007150, 0.7499999999999997780 ) ) ;
#342 = DIRECTION ( 'NONE',  ( -1.000000000000000000, -1.000000000000000078E-15, 0.000000000000000000 ) ) ;
#343 = DIRECTION ( 'NONE',  ( 1.000000000000000078E-15, -1.000000000000000000, 0.000000000000000000 ) ) ;
#344 = ORIENTED_EDGE ( 'NONE', *, *, #256, .T. ) ;
#345 = FACE_OUTER_BOUND ( 'NONE', #2753, .T. ) ;
#346 = PRESENTATION_STYLE_ASSIGNMENT (( #665 ) ) ;
#347 = ADVANCED_FACE ( 'NONE', ( #4477 ), #3703, .T. ) ;
#348 = LINE ( 'NONE', #1920, #4367 ) ;
#349 = DIRECTION ( 'NONE',  ( -1.000000000000000078E-15, 1.000000000000000000, 0.000000000000000000 ) ) ;
#350 = EDGE_CURVE ( 'NONE', #92, #1838, #4024, .T. ) ;
#351 = CARTESIAN_POINT ( 'NONE',  ( 5.149999999999999467, 1.000000000000005329, -3.350000000000000089 ) ) ;
#352 = SURFACE_STYLE_FILL_AREA ( #377 ) ;
#353 = ORIENTED_EDGE ( 'NONE', *, *, #824, .F. ) ;
#354 = CARTESIAN_POINT ( 'NONE',  ( 5.149999999999999467, 1.000000000000005329, -4.150000000000000355 ) ) ;
#355 = DIRECTION ( 'NONE',  ( -1.000000000000000000, -3.690901012716610650E-16, 1.224646799147350249E-16 ) ) ;
#356 = EDGE_CURVE ( 'NONE', #4651, #532, #3762, .T. ) ;
#357 = CARTESIAN_POINT ( 'NONE',  ( 3.449999999999999289, 0.3300000000000000155, 0.6500000000000000222 ) ) ;
#358 = ORIENTED_EDGE ( 'NONE', *, *, #1087, .T. ) ;
#359 = DIRECTION ( 'NONE',  ( 0.000000000000000000, 0.000000000000000000, -1.000000000000000000 ) ) ;
#360 = ORIENTED_EDGE ( 'NONE', *, *, #2329, .T. ) ;
#361 = VECTOR ( 'NONE', #1054, 1000.000000000000000 ) ;
#362 = EDGE_LOOP ( 'NONE', ( #3595, #3961, #2184, #818 ) ) ;
#363 = VECTOR ( 'NONE', #649, 1000.000000000000000 ) ;
#364 = COLOUR_RGB ( '',0.7921568627450980005, 0.8196078431372548767, 0.9333333333333333481 ) ;
#365 = FACE_OUTER_BOUND ( 'NONE', #132, .T. ) ;
#366 = CARTESIAN_POINT ( 'NONE',  ( -5.258951169277059840E-16, 2.799999999999999822, 0.000000000000000000 ) ) ;
#367 = LINE ( 'NONE', #4602, #1889 ) ;
#368 = VECTOR ( 'NONE', #4031, 1000.000000000000000 ) ;
#369 = FACE_OUTER_BOUND ( 'NONE', #2509, .T. ) ;
#370 = ORIENTED_EDGE ( 'NONE', *, *, #1777, .F. ) ;
#371 = CARTESIAN_POINT ( 'NONE',  ( 3.449999999999999734, 0.000000000000000000, -2.050000000000000266 ) ) ;
#372 = VECTOR ( 'NONE', #4277, 1000.000000000000000 ) ;
#373 = LINE ( 'NONE', #4178, #4045 ) ;
#374 = DIRECTION ( 'NONE',  ( 1.000000000000000000, 1.000000000000000078E-15, 0.000000000000000000 ) ) ;
#375 = CARTESIAN_POINT ( 'NONE',  ( 2.000000000000000000, 10.50099999999999945, -4.253234063627349570 ) ) ;
#376 = VECTOR ( 'NONE', #1218, 1000.000000000000000 ) ;
#377 = FILL_AREA_STYLE ('',( #3410 ) ) ;
#378 = AXIS2_PLACEMENT_3D ( 'NONE', #2279, #1527, #1147 ) ;
#379 = AXIS2_PLACEMENT_3D ( 'NONE', #1749, #295, #3299 ) ;
#380 = ORIENTED_EDGE ( 'NONE', *, *, #1386, .F. ) ;
#381 = EDGE_CURVE ( 'NONE', #2486, #3554, #2114, .T. ) ;
#382 = DIRECTION ( 'NONE',  ( 1.200962406445481686E-31, -4.003208021484939401E-17, 1.000000000000000000 ) ) ;
#383 = DIRECTION ( 'NONE',  ( 2.707861035671110002E-16, 2.707861035671110317E-31, 1.000000000000000000 ) ) ;
#384 = VECTOR ( 'NONE', #1940, 1000.000000000000000 ) ;
#385 = CARTESIAN_POINT ( 'NONE',  ( 2.524999999999998579, 1.655000000000000249, 0.5999999999999999778 ) ) ;
#386 = EDGE_CURVE ( 'NONE', #3501, #564, #4813, .T. ) ;
#387 = EDGE_CURVE ( 'NONE', #484, #532, #1364, .T. ) ;
#388 = ORIENTED_EDGE ( 'NONE', *, *, #2366, .T. ) ;
#389 =( LENGTH_UNIT ( ) NAMED_UNIT ( * ) SI_UNIT ( .MILLI., .METRE. ) );
#390 = EDGE_LOOP ( 'NONE', ( #584, #3536, #2512, #581 ) ) ;
#391 = EDGE_CURVE ( 'NONE', #1586, #3564, #1038, .T. ) ;
#392 = VERTEX_POINT ( 'NONE', #2874 ) ;
#393 = DIRECTION ( 'NONE',  ( -6.138252299610250578E-31, 6.138252299610249742E-16, -1.000000000000000000 ) ) ;
#394 = CARTESIAN_POINT ( 'NONE',  ( -4.649999999999999467, -4.553649124439118623E-15, 1.500000000000000000 ) ) ;
#395 = CARTESIAN_POINT ( 'NONE',  ( 4.150000000000000355, 4.119968255444916849E-15, -2.050000000000000266 ) ) ;
#396 = PLANE ( 'NONE',  #4828 ) ;
#397 = ORIENTED_EDGE ( 'NONE', *, *, #4109, .T. ) ;
#398 = FACE_OUTER_BOUND ( 'NONE', #3527, .T. ) ;
#399 = FACE_OUTER_BOUND ( 'NONE', #3866, .T. ) ;
#400 = CARTESIAN_POINT ( 'NONE',  ( -4.649999999999999467, -4.553649124439118623E-15, 0.7500000000000000000 ) ) ;
#401 = EDGE_LOOP ( 'NONE', ( #4253, #4517, #3384, #2234 ) ) ;
#402 = ORIENTED_EDGE ( 'NONE', *, *, #1220, .T. ) ;
#403 = CARTESIAN_POINT ( 'NONE',  ( 2.680000000000000160, 0.3300000000000050115, 0.5999999999999999778 ) ) ;
#404 = CARTESIAN_POINT ( 'NONE',  ( -2.350000000000001421, 1.500000000000000000, 0.000000000000000000 ) ) ;
#405 = LINE ( 'NONE', #3862, #2449 ) ;
#406 = ORIENTED_EDGE ( 'NONE', *, *, #805, .F. ) ;
#407 = ORIENTED_EDGE ( 'NONE', *, *, #1166, .T. ) ;
#408 = ADVANCED_FACE ( 'NONE', ( #3300 ), #4835, .F. ) ;
#409 = EDGE_CURVE ( 'NONE', #4047, #2482, #1893, .T. ) ;
#410 = CARTESIAN_POINT ( 'NONE',  ( 4.649999999999999467, 4.553649124439118623E-15, -0.7500000000000000000 ) ) ;
#411 = ORIENTED_EDGE ( 'NONE', *, *, #2220, .T. ) ;
#412 = FACE_OUTER_BOUND ( 'NONE', #126, .T. ) ;
#413 = DIRECTION ( 'NONE',  ( 1.000000000000000000, 1.000000000000000078E-15, 2.337311630789800155E-16 ) ) ;
#414 = DIRECTION ( 'NONE',  ( 0.000000000000000000, 0.000000000000000000, -1.000000000000000000 ) ) ;
#415 = EDGE_CURVE ( 'NONE', #1272, #1566, #3781, .T. ) ;
#416 = VERTEX_POINT ( 'NONE', #2243 ) ;
#417 = FACE_OUTER_BOUND ( 'NONE', #64, .T. ) ;
#418 = CARTESIAN_POINT ( 'NONE',  ( -4.150000000000000355, 0.3300000000000000155, 0.6500000000000000222 ) ) ;
#419 = LINE ( 'NONE', #2744, #2438 ) ;
#420 = ORIENTED_EDGE ( 'NONE', *, *, #1964, .F. ) ;
#421 = EDGE_LOOP ( 'NONE', ( #888, #4900, #859, #1320, #1530, #4915, #2810, #3021, #1286, #4783, #1682, #4745, #509, #3928, #4714, #4510, #4419, #3698, #3310, #1274, #4359, #4149, #2105, #1090, #1332, #4169, #2177, #2905, #980, #2876, #797, #380, #3734, #3687, #1256, #337, #4450, #4560, #752, #1769, #150, #745, #762 ) ) ;
#422 = DIRECTION ( 'NONE',  ( 1.000000000000000078E-15, -1.000000000000000000, 0.000000000000000000 ) ) ;
#423 = CARTESIAN_POINT ( 'NONE',  ( -4.250000000000007994, 7.499999999999995559, 4.250000000000000000 ) ) ;
#424 = CARTESIAN_POINT ( 'NONE',  ( 4.874423042781578452, 1.000000000000004885, 1.500000000000000000 ) ) ;
#425 = ORIENTED_EDGE ( 'NONE', *, *, #1843, .F. ) ;
#426 = SURFACE_SIDE_STYLE ('',( #4241 ) ) ;
#427 = VERTEX_POINT ( 'NONE', #2993 ) ;
#428 = ORIENTED_EDGE ( 'NONE', *, *, #2645, .F. ) ;
#429 = ADVANCED_FACE ( 'NONE', ( #3831 ), #3468, .F. ) ;
#430 = FACE_OUTER_BOUND ( 'NONE', #4183, .T. ) ;
#431 = EDGE_LOOP ( 'NONE', ( #406, #4274, #592, #3446, #1105 ) ) ;
#432 = CIRCLE ( 'NONE', #3235, 0.2999999999999999334 ) ;
#433 = FACE_OUTER_BOUND ( 'NONE', #4114, .T. ) ;
#434 = DIRECTION ( 'NONE',  ( -1.000000000000000078E-15, 1.000000000000000000, 0.000000000000000000 ) ) ;
#435 = AXIS2_PLACEMENT_3D ( 'NONE', #4363, #152, #4822 ) ;
#436 = VECTOR ( 'NONE', #147, 1000.000000000000000 ) ;
#437 = ORIENTED_EDGE ( 'NONE', *, *, #3552, .F. ) ;
#438 = EDGE_CURVE ( 'NONE', #3642, #4741, #2314, .T. ) ;
#439 = EDGE_CURVE ( 'NONE', #326, #3657, #4582, .T. ) ;
#440 = LINE ( 'NONE', #793, #384 ) ;
#441 = CARTESIAN_POINT ( 'NONE',  ( -2.680000000000000160, 0.000000000000000000, 0.000000000000000000 ) ) ;
#442 = CIRCLE ( 'NONE', #302, 0.6500000000000000222 ) ;
#443 = DIRECTION ( 'NONE',  ( -1.000000000000000000, -1.000000000000000078E-15, 0.000000000000000000 ) ) ;
#444 = LINE ( 'NONE', #1972, #4058 ) ;
#445 = ORIENTED_EDGE ( 'NONE', *, *, #672, .T. ) ;
#446 = AXIS2_PLACEMENT_3D ( 'NONE', #1468, #1425, #1755 ) ;
#447 = ORIENTED_EDGE ( 'NONE', *, *, #2086, .F. ) ;
#448 = VECTOR ( 'NONE', #4310, 1000.000000000000000 ) ;
#449 = VECTOR ( 'NONE', #660, 1000.000000000000000 ) ;
#450 = DIRECTION ( 'NONE',  ( 0.000000000000000000, 0.000000000000000000, -1.000000000000000000 ) ) ;
#451 = DIRECTION ( 'NONE',  ( 1.000000000000000078E-15, -1.000000000000000000, 0.000000000000000000 ) ) ;
#452 = LINE ( 'NONE', #423, #685 ) ;
#453 = AXIS2_PLACEMENT_3D ( 'NONE', #3514, #3460, #822 ) ;
#454 = PLANE ( 'NONE',  #1568 ) ;
#455 = AXIS2_PLACEMENT_3D ( 'NONE', #2067, #1262, #546 ) ;
#456 = PRESENTATION_LAYER_ASSIGNMENT (  '', '', ( #56 ) ) ;
#457 = ORIENTED_EDGE ( 'NONE', *, *, #4611, .T. ) ;
#458 = VECTOR ( 'NONE', #1134, 1000.000000000000000 ) ;
#459 = DIRECTION ( 'NONE',  ( 0.000000000000000000, 0.000000000000000000, 1.000000000000000000 ) ) ;
#460 = ORIENTED_EDGE ( 'NONE', *, *, #2578, .F. ) ;
#461 = AXIS2_PLACEMENT_3D ( 'NONE', #3651, #2190, #2966 ) ;
#462 = ORIENTED_EDGE ( 'NONE', *, *, #2825, .T. ) ;
#463 = LINE ( 'NONE', #2413, #831 ) ;
#464 = DIRECTION ( 'NONE',  ( 2.337311630789800155E-16, 2.337311630789800313E-31, -1.000000000000000000 ) ) ;
#465 = EDGE_CURVE ( 'NONE', #3005, #4471, #2629, .T. ) ;
#466 = CARTESIAN_POINT ( 'NONE',  ( 4.150000000000000355, 0.1000000000000041689, -2.050000000000000266 ) ) ;
#467 = EDGE_LOOP ( 'NONE', ( #3719, #2029, #1701, #571, #2552, #966 ) ) ;
#468 = PLANE ( 'NONE',  #2381 ) ;
#469 = CARTESIAN_POINT ( 'NONE',  ( 4.857106781186546485, 4.827075036631463396E-15, -4.857106781186548261 ) ) ;
#470 = DIRECTION ( 'NONE',  ( 1.000000000000000000, 2.999999999999999839E-15, 0.000000000000000000 ) ) ;
#471 = ADVANCED_FACE ( 'NONE', ( #433 ), #3802, .F. ) ;
#472 = EDGE_CURVE ( 'NONE', #2778, #2862, #1646, .T. ) ;
#473 = DIRECTION ( 'NONE',  ( -1.000000000000000078E-15, 1.000000000000000000, 0.000000000000000000 ) ) ;
#474 = ORIENTED_EDGE ( 'NONE', *, *, #526, .T. ) ;
#475 = VERTEX_POINT ( 'NONE', #1560 ) ;
#476 = LINE ( 'NONE', #3529, #3817 ) ;
#477 = DIRECTION ( 'NONE',  ( 0.000000000000000000, 0.000000000000000000, 1.000000000000000000 ) ) ;
#478 = DIRECTION ( 'NONE',  ( 1.000000000000000000, 1.020425574104003999E-15, 0.000000000000000000 ) ) ;
#479 = LINE ( 'NONE', #3533, #1650 ) ;
#480 = EDGE_CURVE ( 'NONE', #2065, #4068, #2535, .T. ) ;
#481 = ORIENTED_EDGE ( 'NONE', *, *, #1783, .T. ) ;
#482 = CARTESIAN_POINT ( 'NONE',  ( 3.449999999999998845, 0.4300000000000000488, 0.7499999999999997780 ) ) ;
#483 = ORIENTED_EDGE ( 'NONE', *, *, #99, .T. ) ;
#484 = VERTEX_POINT ( 'NONE', #3449 ) ;
#485 = CARTESIAN_POINT ( 'NONE',  ( -2.925000000000000266, 0.9799999999999999822, 7.960204194457795477E-17 ) ) ;
#486 = CARTESIAN_POINT ( 'NONE',  ( -2.680000000000000160, 1.500000000000000000, -0.5084043666216869761 ) ) ;
#487 = CARTESIAN_POINT ( 'NONE',  ( 4.150000000000000355, 0.4300000000000041567, 0.7500000000000000000 ) ) ;
#488 = VERTEX_POINT ( 'NONE', #4933 ) ;
#489 = CARTESIAN_POINT ( 'NONE',  ( 3.449999999999998845, 0.4300000000000000488, 0.7499999999999997780 ) ) ;
#490 = CARTESIAN_POINT ( 'NONE',  ( 2.274999999999999467, 0.9799999999999999822, 0.000000000000000000 ) ) ;
#491 = CARTESIAN_POINT ( 'NONE',  ( 3.349999999999995648, 4.250000000000003553, 5.150000000000000355 ) ) ;
#492 = CARTESIAN_POINT ( 'NONE',  ( -5.150000000000008349, 8.499999999999994671, -1.500000000000000000 ) ) ;
#493 = ORIENTED_EDGE ( 'NONE', *, *, #2246, .F. ) ;
#494 = ORIENTED_EDGE ( 'NONE', *, *, #4492, .F. ) ;
#495 = EDGE_CURVE ( 'NONE', #4260, #2009, #4634, .T. ) ;
#496 = FACE_BOUND ( 'NONE', #2589, .T. ) ;
#497 = ADVANCED_FACE ( 'NONE', ( #1185 ), #4246, .T. ) ;
#498 = CARTESIAN_POINT ( 'NONE',  ( 4.150000000000000355, 4.119968255444916849E-15, 2.050000000000000266 ) ) ;
#499 = PLANE ( 'NONE',  #288 ) ;
#500 = LINE ( 'NONE', #1271, #775 ) ;
#501 = ORIENTED_EDGE ( 'NONE', *, *, #3314, .F. ) ;
#502 = CYLINDRICAL_SURFACE ( 'NONE', #4366, 0.3300000000000003486 ) ;
#503 = EDGE_CURVE ( 'NONE', #1753, #2228, #721, .T. ) ;
#504 = EDGE_CURVE ( 'NONE', #3470, #1914, #2846, .T. ) ;
#505 = DIRECTION ( 'NONE',  ( 0.000000000000000000, -1.000000000000000000, 0.000000000000000000 ) ) ;
#506 = ORIENTED_EDGE ( 'NONE', *, *, #3472, .T. ) ;
#507 = ORIENTED_EDGE ( 'NONE', *, *, #534, .F. ) ;
#508 = DIRECTION ( 'NONE',  ( -1.077886431674909893E-16, -1.077886431674910039E-31, -1.000000000000000000 ) ) ;
#509 = ORIENTED_EDGE ( 'NONE', *, *, #4552, .T. ) ;
#510 = CARTESIAN_POINT ( 'NONE',  ( -3.449999999999999734, -3.469446951953614189E-15, 2.050000000000000266 ) ) ;
#511 = ORIENTED_EDGE ( 'NONE', *, *, #387, .F. ) ;
#512 = VECTOR ( 'NONE', #1031, 1000.000000000000000 ) ;
#513 = DIRECTION ( 'NONE',  ( 2.707861035671110002E-16, 2.707861035671110317E-31, -1.000000000000000000 ) ) ;
#514 = FACE_OUTER_BOUND ( 'NONE', #328, .T. ) ;
#515 = CARTESIAN_POINT ( 'NONE',  ( 2.274999999999999911, 2.168404344971008868E-15, -0.7500000000000000000 ) ) ;
#516 = PLANE ( 'NONE',  #281 ) ;
#517 = EDGE_LOOP ( 'NONE', ( #559, #2584, #4790, #4615 ) ) ;
#518 = VECTOR ( 'NONE', #4112, 1000.000000000000000 ) ;
#519 = EDGE_LOOP ( 'NONE', ( #1030, #338, #3179, #2231, #3750, #2732 ) ) ;
#520 = AXIS2_PLACEMENT_3D ( 'NONE', #4099, #2193, #3731 ) ;
#521 = PLANE ( 'NONE',  #1562 ) ;
#522 = LINE ( 'NONE', #4817, #436 ) ;
#523 = CARTESIAN_POINT ( 'NONE',  ( -4.150000000000000355, -4.119968255444916849E-15, 0.7500000000000000000 ) ) ;
#524 = CARTESIAN_POINT ( 'NONE',  ( -4.150000000000000355, -4.119968255444916849E-15, 2.050000000000000266 ) ) ;
#525 = VECTOR ( 'NONE', #3769, 1000.000000000000000 ) ;
#526 = EDGE_CURVE ( 'NONE', #2475, #2309, #810, .T. ) ;
#527 = VECTOR ( 'NONE', #2897, 1000.000000000000000 ) ;
#528 = ORIENTED_EDGE ( 'NONE', *, *, #2731, .F. ) ;
#529 = CARTESIAN_POINT ( 'NONE',  ( 4.874423042781571347, 8.500000000000005329, 1.500000000000000000 ) ) ;
#530 = VECTOR ( 'NONE', #2805, 1000.000000000000000 ) ;
#531 = CARTESIAN_POINT ( 'NONE',  ( -4.649999999999999467, 0.3299999999999953526, -0.7500000000000000000 ) ) ;
#532 = VERTEX_POINT ( 'NONE', #2333 ) ;
#533 = VECTOR ( 'NONE', #4654, 1000.000000000000000 ) ;
#534 = EDGE_CURVE ( 'NONE', #4959, #1359, #4155, .T. ) ;
#535 = EDGE_CURVE ( 'NONE', #633, #2543, #367, .T. ) ;
#536 = CIRCLE ( 'NONE', #3095, 0.7500000000000000000 ) ;
#537 = VECTOR ( 'NONE', #3783, 1000.000000000000000 ) ;
#538 = AXIS2_PLACEMENT_3D ( 'NONE', #4498, #3241, #1457 ) ;
#539 = ORIENTED_EDGE ( 'NONE', *, *, #34, .F. ) ;
#540 = DIRECTION ( 'NONE',  ( 2.921639538487249824E-16, -1.000000000000000000, 0.000000000000000000 ) ) ;
#541 = ORIENTED_EDGE ( 'NONE', *, *, #959, .F. ) ;
#542 = CARTESIAN_POINT ( 'NONE',  ( 1.499999999999991562, 8.500000000000001776, -5.150000000000000355 ) ) ;
#543 = EDGE_CURVE ( 'NONE', #2009, #608, #4226, .T. ) ;
#544 = ORIENTED_EDGE ( 'NONE', *, *, #256, .F. ) ;
#545 = CARTESIAN_POINT ( 'NONE',  ( 3.449999999999998845, 0.4300000000000000488, -0.7500000000000002220 ) ) ;
#546 = DIRECTION ( 'NONE',  ( -1.000000000000000078E-15, 1.000000000000000000, 0.000000000000000000 ) ) ;
#547 = DIRECTION ( 'NONE',  ( 1.000000000000000000, 1.000000000000000078E-15, 0.000000000000000000 ) ) ;
#548 = LINE ( 'NONE', #1993, #3097 ) ;
#549 = ORIENTED_EDGE ( 'NONE', *, *, #2765, .T. ) ;
#550 = ORIENTED_EDGE ( 'NONE', *, *, #3814, .F. ) ;
#551 = CARTESIAN_POINT ( 'NONE',  ( 4.649999999999998579, 1.000000000000004663, -1.500000000000000000 ) ) ;
#552 = CARTESIAN_POINT ( 'NONE',  ( -2.687908375408270055E-15, 10.20000000000000107, 0.000000000000000000 ) ) ;
#553 = FACE_OUTER_BOUND ( 'NONE', #626, .T. ) ;
#554 = CARTESIAN_POINT ( 'NONE',  ( 5.000000000000000000, 2.200000000000001066, 0.000000000000000000 ) ) ;
#555 = ORIENTED_EDGE ( 'NONE', *, *, #1197, .T. ) ;
#556 = CARTESIAN_POINT ( 'NONE',  ( 4.150000000000000355, 0.1000000000000041689, 0.7500000000000000000 ) ) ;
#557 = DIRECTION ( 'NONE',  ( 2.999999999999999839E-15, -1.000000000000000000, 0.000000000000000000 ) ) ;
#558 = ORIENTED_EDGE ( 'NONE', *, *, #2612, .F. ) ;
#559 = ORIENTED_EDGE ( 'NONE', *, *, #3957, .F. ) ;
#560 = EDGE_CURVE ( 'NONE', #4801, #3949, #1635, .T. ) ;
#561 = LINE ( 'NONE', #1706, #4762 ) ;
#562 = ADVANCED_FACE ( 'NONE', ( #882 ), #563, .T. ) ;
#563 = PLANE ( 'NONE',  #1730 ) ;
#564 = VERTEX_POINT ( 'NONE', #65 ) ;
#565 = CARTESIAN_POINT ( 'NONE',  ( -1.500000000000001110, 0.9999999999999985567, -5.150000000000000355 ) ) ;
#566 = EDGE_CURVE ( 'NONE', #3621, #4756, #3899, .T. ) ;
#567 = CARTESIAN_POINT ( 'NONE',  ( 0.6038181613479114418, 7.500000000000000888, 1.500000000000000000 ) ) ;
#568 = LINE ( 'NONE', #4788, #4284 ) ;
#569 = FACE_OUTER_BOUND ( 'NONE', #1944, .T. ) ;
#570 = ORIENTED_EDGE ( 'NONE', *, *, #1760, .F. ) ;
#571 = ORIENTED_EDGE ( 'NONE', *, *, #3965, .T. ) ;
#572 = CARTESIAN_POINT ( 'NONE',  ( -2.350000000000000089, 0.000000000000000000, -0.5999999999999999778 ) ) ;
#573 = FILL_AREA_STYLE_COLOUR ( '', #2758 ) ;
#574 = CYLINDRICAL_SURFACE ( 'NONE', #1402, 0.9999999999999995559 ) ;
#575 = DIRECTION ( 'NONE',  ( -1.000000000000000078E-15, 1.000000000000000000, 0.000000000000000000 ) ) ;
#576 = CARTESIAN_POINT ( 'NONE',  ( 3.449999999999999289, 0.4300000000000034905, 0.7500000000000000000 ) ) ;
#577 = ORIENTED_EDGE ( 'NONE', *, *, #1451, .T. ) ;
#578 = EDGE_LOOP ( 'NONE', ( #2462, #2770, #1434, #226 ) ) ;
#579 = DIRECTION ( 'NONE',  ( 1.000000000000000000, 1.000000000000000078E-15, 2.707861035671110002E-16 ) ) ;
#580 = ORIENTED_EDGE ( 'NONE', *, *, #3311, .F. ) ;
#581 = ORIENTED_EDGE ( 'NONE', *, *, #4622, .F. ) ;
#582 = DIRECTION ( 'NONE',  ( 1.000000000000000078E-15, -1.000000000000000000, 0.000000000000000000 ) ) ;
#583 = ADVANCED_FACE ( 'NONE', ( #106 ), #3141, .F. ) ;
#584 = ORIENTED_EDGE ( 'NONE', *, *, #3421, .F. ) ;
#585 = LINE ( 'NONE', #3275, #4275 ) ;
#586 = DIRECTION ( 'NONE',  ( -1.000000000000000000, -1.000000000000000078E-15, 0.000000000000000000 ) ) ;
#587 = CARTESIAN_POINT ( 'NONE',  ( -3.449999999999999734, 0.1000000000000006994, 0.7499999999999997780 ) ) ;
#588 = CARTESIAN_POINT ( 'NONE',  ( -1.500000000000004441, 4.249999999999998224, -5.150000000000000355 ) ) ;
#589 = ORIENTED_EDGE ( 'NONE', *, *, #3499, .F. ) ;
#590 = ADVANCED_FACE ( 'NONE', ( #2031 ), #4748, .T. ) ;
#591 = EDGE_CURVE ( 'NONE', #2042, #1296, #2287, .T. ) ;
#592 = ORIENTED_EDGE ( 'NONE', *, *, #2556, .F. ) ;
#593 = LINE ( 'NONE', #3180, #124 ) ;
#594 = DIRECTION ( 'NONE',  ( -1.000000000000000000, -3.690901012716610650E-16, 1.224646799147350249E-16 ) ) ;
#595 = DIRECTION ( 'NONE',  ( -1.000000000000000078E-15, 1.000000000000000000, 4.003208021484939401E-17 ) ) ;
#596 = VECTOR ( 'NONE', #1107, 1000.000000000000000 ) ;
#597 = VECTOR ( 'NONE', #393, 1000.000000000000000 ) ;
#598 = DIRECTION ( 'NONE',  ( 1.000000000000000078E-15, -1.000000000000000000, 0.000000000000000000 ) ) ;
#599 = DIRECTION ( 'NONE',  ( 0.000000000000000000, 0.000000000000000000, -1.000000000000000000 ) ) ;
#600 = VERTEX_POINT ( 'NONE', #486 ) ;
#601 = VECTOR ( 'NONE', #1820, 1000.000000000000000 ) ;
#602 = STYLED_ITEM ( 'NONE', ( #2173 ), #2386 ) ;
#603 = CARTESIAN_POINT ( 'NONE',  ( -4.150000000000000355, -4.119968255444916849E-15, 2.050000000000000266 ) ) ;
#604 = DIRECTION ( 'NONE',  ( 0.000000000000000000, 0.000000000000000000, -1.000000000000000000 ) ) ;
#605 = VERTEX_POINT ( 'NONE', #3540 ) ;
#606 = AXIS2_PLACEMENT_3D ( 'NONE', #4659, #728, #2250 ) ;
#607 = CIRCLE ( 'NONE', #2442, 4.700000000000000178 ) ;
#608 = VERTEX_POINT ( 'NONE', #1663 ) ;
#609 = VECTOR ( 'NONE', #790, 1000.000000000000000 ) ;
#610 = DIRECTION ( 'NONE',  ( 1.000000000000000000, 2.602085213965210642E-16, 0.000000000000000000 ) ) ;
#611 = VERTEX_POINT ( 'NONE', #4341 ) ;
#612 = VECTOR ( 'NONE', #2374, 1000.000000000000000 ) ;
#613 = VECTOR ( 'NONE', #1234, 1000.000000000000000 ) ;
#614 = VERTEX_POINT ( 'NONE', #86 ) ;
#615 = CARTESIAN_POINT ( 'NONE',  ( 2.680000000000000160, 0.3300000000000007372, -0.5999999999999999778 ) ) ;
#616 = CIRCLE ( 'NONE', #1581, 5.100000000000000533 ) ;
#617 = DIRECTION ( 'NONE',  ( 0.000000000000000000, 1.000000000000000000, 0.000000000000000000 ) ) ;
#618 = DIRECTION ( 'NONE',  ( 1.000000000000000000, 3.700743415417190112E-16, 0.000000000000000000 ) ) ;
#619 = ORIENTED_EDGE ( 'NONE', *, *, #3673, .T. ) ;
#620 =( NAMED_UNIT ( * ) SI_UNIT ( $, .STERADIAN. ) SOLID_ANGLE_UNIT ( ) );
#621 = EDGE_CURVE ( 'NONE', #4263, #4258, #862, .T. ) ;
#622 = DIRECTION ( 'NONE',  ( 2.921639538487249824E-16, -1.000000000000000000, 0.000000000000000000 ) ) ;
#623 = EDGE_CURVE ( 'NONE', #4471, #2543, #3118, .T. ) ;
#624 = DIRECTION ( 'NONE',  ( 0.000000000000000000, 0.000000000000000000, -1.000000000000000000 ) ) ;
#625 = CARTESIAN_POINT ( 'NONE',  ( -2.274999999999999911, 0.9799999999999999822, 0.000000000000000000 ) ) ;
#626 = EDGE_LOOP ( 'NONE', ( #3629, #2890, #4902, #252 ) ) ;
#627 = DIRECTION ( 'NONE',  ( 2.707861035671110002E-16, 2.707861035671110317E-31, -1.000000000000000000 ) ) ;
#628 = DIRECTION ( 'NONE',  ( 1.000000000000000078E-15, -1.000000000000000000, 0.000000000000000000 ) ) ;
#629 = EDGE_CURVE ( 'NONE', #2908, #2476, #3168, .T. ) ;
#630 = CARTESIAN_POINT ( 'NONE',  ( 4.149999999999999467, 1.000000000000004219, 4.150000000000000355 ) ) ;
#631 = ORIENTED_EDGE ( 'NONE', *, *, #4603, .T. ) ;
#632 = DIRECTION ( 'NONE',  ( 0.000000000000000000, -1.000000000000000000, 0.000000000000000000 ) ) ;
#633 = VERTEX_POINT ( 'NONE', #3569 ) ;
#634 = CYLINDRICAL_SURFACE ( 'NONE', #854, 5.100000000000000533 ) ;
#635 = VERTEX_POINT ( 'NONE', #2838 ) ;
#636 = DIRECTION ( 'NONE',  ( -0.000000000000000000, 0.000000000000000000, 1.000000000000000000 ) ) ;
#637 = DIRECTION ( 'NONE',  ( 4.003208021484939865E-32, -4.003208021484939401E-17, 1.000000000000000000 ) ) ;
#638 = DIRECTION ( 'NONE',  ( 0.000000000000000000, -1.000000000000000000, 0.000000000000000000 ) ) ;
#639 = PLANE ( 'NONE',  #1719 ) ;
#640 = CARTESIAN_POINT ( 'NONE',  ( 3.449999999999999289, 0.3300000000000034572, -0.7500000000000000000 ) ) ;
#641 = ORIENTED_EDGE ( 'NONE', *, *, #3507, .T. ) ;
#642 = CARTESIAN_POINT ( 'NONE',  ( -7.499999999999999597E-15, 7.500000000000000000, 0.000000000000000000 ) ) ;
#643 = CARTESIAN_POINT ( 'NONE',  ( -2.324999999999999734, -2.385244779468109755E-15, 0.7500000000000000000 ) ) ;
#644 = DIRECTION ( 'NONE',  ( -1.000000000000000000, -1.006759160165111119E-15, 0.000000000000000000 ) ) ;
#645 = EDGE_LOOP ( 'NONE', ( #1835, #1828, #3849, #4755, #3858 ) ) ;
#646 = ADVANCED_FACE ( 'NONE', ( #4704 ), #3921, .T. ) ;
#647 = EDGE_CURVE ( 'NONE', #1838, #815, #2739, .T. ) ;
#648 = LINE ( 'NONE', #4184, #4935 ) ;
#649 = DIRECTION ( 'NONE',  ( 0.000000000000000000, 0.000000000000000000, -1.000000000000000000 ) ) ;
#650 = LINE ( 'NONE', #2204, #3570 ) ;
#651 = VECTOR ( 'NONE', #2364, 1000.000000000000000 ) ;
#652 = ADVANCED_FACE ( 'NONE', ( #2790 ), #3971, .F. ) ;
#653 = EDGE_CURVE ( 'NONE', #4801, #4756, #2414, .T. ) ;
#654 = ORIENTED_EDGE ( 'NONE', *, *, #3137, .T. ) ;
#655 = CARTESIAN_POINT ( 'NONE',  ( -2.687908375408270055E-15, 10.20000000000000107, -4.700000000000000178 ) ) ;
#656 = ORIENTED_EDGE ( 'NONE', *, *, #2948, .F. ) ;
#657 = FACE_OUTER_BOUND ( 'NONE', #43, .T. ) ;
#658 = ORIENTED_EDGE ( 'NONE', *, *, #4213, .F. ) ;
#659 = DIRECTION ( 'NONE',  ( 1.886301255431089879E-16, 1.886301255431090051E-31, 1.000000000000000000 ) ) ;
#660 = DIRECTION ( 'NONE',  ( 1.000000000000000078E-15, -1.000000000000000000, 0.000000000000000000 ) ) ;
#661 = PLANE ( 'NONE',  #520 ) ;
#662 = DIRECTION ( 'NONE',  ( -1.000000000000000000, -1.000000000000000078E-15, 1.077886431674909893E-16 ) ) ;
#663 = ORIENTED_EDGE ( 'NONE', *, *, #4578, .T. ) ;
#664 = CARTESIAN_POINT ( 'NONE',  ( 2.524999999999999023, 1.500000000000000222, -0.5999999999999999778 ) ) ;
#665 = SURFACE_STYLE_USAGE ( .BOTH. , #4462 ) ;
#666 = DIRECTION ( 'NONE',  ( -0.7071067811865470176, -7.071067811865470403E-16, 0.7071067811865480168 ) ) ;
#667 = CARTESIAN_POINT ( 'NONE',  ( 4.149999999999999467, 0.1000000000000021011, 0.7499999999999997780 ) ) ;
#668 = EDGE_LOOP ( 'NONE', ( #3796, #4827, #3318, #1989 ) ) ;
#669 = DIRECTION ( 'NONE',  ( 2.921639538487249824E-16, -1.000000000000000000, 0.000000000000000000 ) ) ;
#670 = VECTOR ( 'NONE', #3697, 1000.000000000000000 ) ;
#671 = CARTESIAN_POINT ( 'NONE',  ( 2.274999999999999467, 0.3300000000000022915, -0.7500000000000000000 ) ) ;
#672 = EDGE_CURVE ( 'NONE', #3987, #4520, #2061, .T. ) ;
#673 = LINE ( 'NONE', #357, #1729 ) ;
#674 = CIRCLE ( 'NONE', #201, 0.6500000000000000222 ) ;
#675 = VERTEX_POINT ( 'NONE', #3995 ) ;
#676 = AXIS2_PLACEMENT_3D ( 'NONE', #1715, #4327, #3579 ) ;
#677 = DIRECTION ( 'NONE',  ( 0.000000000000000000, 0.000000000000000000, -1.000000000000000000 ) ) ;
#678 = AXIS2_PLACEMENT_3D ( 'NONE', #2429, #4720, #1352 ) ;
#679 = PLANE ( 'NONE',  #917 ) ;
#680 = ORIENTED_EDGE ( 'NONE', *, *, #1451, .F. ) ;
#681 = EDGE_CURVE ( 'NONE', #4285, #3990, #3496, .T. ) ;
#682 = LINE ( 'NONE', #2214, #2934 ) ;
#683 = ADVANCED_FACE ( 'NONE', ( #1335 ), #242, .T. ) ;
#684 = ORIENTED_EDGE ( 'NONE', *, *, #4152, .T. ) ;
#685 = VECTOR ( 'NONE', #1947, 1000.000000000000114 ) ;
#686 = AXIS2_PLACEMENT_3D ( 'NONE', #1879, #3391, #2613 ) ;
#687 = AXIS2_PLACEMENT_3D ( 'NONE', #1094, #2668, #342 ) ;
#688 = ORIENTED_EDGE ( 'NONE', *, *, #2582, .F. ) ;
#689 = UNCERTAINTY_MEASURE_WITH_UNIT (LENGTH_MEASURE( 1.000000000000000082E-05 ), #3303, 'distance_accuracy_value', 'NONE');
#690 = LINE ( 'NONE', #1438, #2628 ) ;
#691 =( GEOMETRIC_REPRESENTATION_CONTEXT ( 3 ) GLOBAL_UNCERTAINTY_ASSIGNED_CONTEXT ( ( #3396 ) ) GLOBAL_UNIT_ASSIGNED_CONTEXT ( ( #2253, #1447, #4487 ) ) REPRESENTATION_CONTEXT ( 'NONE', 'WORKASPACE' ) );
#692 = PLANE ( 'NONE',  #4705 ) ;
#693 = CARTESIAN_POINT ( 'NONE',  ( -5.150000000000000355, -5.204170427930421283E-15, -5.150000000000000355 ) ) ;
#694 = VECTOR ( 'NONE', #3440, 1000.000000000000000 ) ;
#695 = ADVANCED_FACE ( 'NONE', ( #1056 ), #4093, .T. ) ;
#696 = VECTOR ( 'NONE', #69, 1000.000000000000000 ) ;
#697 = SURFACE_STYLE_FILL_AREA ( #2148 ) ;
#698 = LINE ( 'NONE', #744, #3809 ) ;
#699 = MECHANICAL_DESIGN_GEOMETRIC_PRESENTATION_REPRESENTATION (  '', ( #56 ), #4784 ) ;
#700 = VERTEX_POINT ( 'NONE', #1008 ) ;
#701 = VECTOR ( 'NONE', #413, 1000.000000000000000 ) ;
#702 = PRESENTATION_STYLE_ASSIGNMENT (( #2197 ) ) ;
#703 = ORIENTED_EDGE ( 'NONE', *, *, #10, .T. ) ;
#704 = CARTESIAN_POINT ( 'NONE',  ( 2.350000000000000533, 0.000000000000000000, -0.5999999999999999778 ) ) ;
#705 = MANIFOLD_SOLID_BREP ( 'EEHZA1J560V--3DModel-STEP-1.STEP<1>[5]', #914 ) ;
#706 = DIRECTION ( 'NONE',  ( -1.000000000000000078E-15, 1.000000000000000000, 0.000000000000000000 ) ) ;
#707 = VECTOR ( 'NONE', #4529, 1000.000000000000000 ) ;
#708 = ORIENTED_EDGE ( 'NONE', *, *, #1963, .F. ) ;
#709 = SURFACE_STYLE_USAGE ( .BOTH. , #2979 ) ;
#710 = LINE ( 'NONE', #4922, #363 ) ;
#711 = CARTESIAN_POINT ( 'NONE',  ( -2.274999999999999911, 1.500000000000000000, 0.000000000000000000 ) ) ;
#712 = ORIENTED_EDGE ( 'NONE', *, *, #4086, .F. ) ;
#713 = CARTESIAN_POINT ( 'NONE',  ( 0.6038181613479105536, 7.500000000000000888, -5.150000000000000355 ) ) ;
#714 = PLANE ( 'NONE',  #1561 ) ;
#715 = EDGE_LOOP ( 'NONE', ( #4420, #3516, #62, #3938, #1007, #3509, #286, #2500, #494, #1182, #4105, #4670 ) ) ;
#716 = EDGE_LOOP ( 'NONE', ( #3191, #549, #3893, #2320 ) ) ;
#717 = ADVANCED_FACE ( 'NONE', ( #1033 ), #2565, .T. ) ;
#718 = ADVANCED_FACE ( 'NONE', ( #657 ), #634, .F. ) ;
#719 = CARTESIAN_POINT ( 'NONE',  ( 3.449999999999999734, 0.000000000000000000, -0.6500000000000001332 ) ) ;
#720 = LINE ( 'NONE', #3448, #927 ) ;
#721 = LINE ( 'NONE', #4172, #4370 ) ;
#722 = CARTESIAN_POINT ( 'NONE',  ( 2.679999999999999272, 0.9800000000000004263, 0.000000000000000000 ) ) ;
#723 = CARTESIAN_POINT ( 'NONE',  ( 5.850000000000000533, 0.3300000000000062883, -0.5999999999999999778 ) ) ;
#724 = ORIENTED_EDGE ( 'NONE', *, *, #4261, .T. ) ;
#725 = ADVANCED_FACE ( 'NONE', ( #3677 ), #2513, .F. ) ;
#726 = DIRECTION ( 'NONE',  ( 1.000000000000000000, 1.000000000000000078E-15, 0.000000000000000000 ) ) ;
#727 =( NAMED_UNIT ( * ) PLANE_ANGLE_UNIT ( ) SI_UNIT ( $, .RADIAN. ) );
#728 = DIRECTION ( 'NONE',  ( 2.921639538487249824E-16, -1.000000000000000000, 0.000000000000000000 ) ) ;
#729 = DIRECTION ( 'NONE',  ( 8.006416042969858929E-31, -2.668805347656619776E-16, 1.000000000000000000 ) ) ;
#730 = CARTESIAN_POINT ( 'NONE',  ( -2.275000000000000355, 0.3299999999999977396, 0.7500000000000000000 ) ) ;
#731 = PRODUCT_CONTEXT ( 'NONE', #1778, 'mechanical' ) ;
#732 = ORIENTED_EDGE ( 'NONE', *, *, #3322, .T. ) ;
#733 = LINE ( 'NONE', #2256, #1236 ) ;
#734 = CYLINDRICAL_SURFACE ( 'NONE', #1636, 0.6500000000000000222 ) ;
#735 = VERTEX_POINT ( 'NONE', #4884 ) ;
#736 = FACE_OUTER_BOUND ( 'NONE', #3149, .T. ) ;
#737 = ORIENTED_EDGE ( 'NONE', *, *, #1784, .T. ) ;
#738 = ORIENTED_EDGE ( 'NONE', *, *, #1630, .F. ) ;
#739 = AXIS2_PLACEMENT_3D ( 'NONE', #4764, #4356, #198 ) ;
#740 = LINE ( 'NONE', #719, #4523 ) ;
#741 = CARTESIAN_POINT ( 'NONE',  ( 5.000000000000000000, 1.600000000000002531, 0.000000000000000000 ) ) ;
#742 = CARTESIAN_POINT ( 'NONE',  ( 4.149999999999999467, 1.000000000000004219, -4.150000000000000355 ) ) ;
#743 = EDGE_CURVE ( 'NONE', #4442, #488, #2456, .T. ) ;
#744 = CARTESIAN_POINT ( 'NONE',  ( -4.150000000000000355, 0.3300000000000000155, 0.6500000000000000222 ) ) ;
#745 = ORIENTED_EDGE ( 'NONE', *, *, #1789, .T. ) ;
#746 = CARTESIAN_POINT ( 'NONE',  ( -8.500000000000001647E-15, 8.500000000000000000, 0.000000000000000000 ) ) ;
#747 = CARTESIAN_POINT ( 'NONE',  ( 2.274999999999999467, 0.9799999999999999822, 0.000000000000000000 ) ) ;
#748 = LINE ( 'NONE', #1570, #2762 ) ;
#749 = EDGE_CURVE ( 'NONE', #1467, #4880, #2941, .T. ) ;
#750 = EDGE_CURVE ( 'NONE', #1901, #1458, #214, .T. ) ;
#751 = CARTESIAN_POINT ( 'NONE',  ( 2.000000000000000000, 10.49999999999999822, 4.253234063627349570 ) ) ;
#752 = ORIENTED_EDGE ( 'NONE', *, *, #3865, .T. ) ;
#753 = LINE ( 'NONE', #3815, #4052 ) ;
#754 = LINE ( 'NONE', #1980, #4539 ) ;
#755 = CARTESIAN_POINT ( 'NONE',  ( 4.149999999999999467, 0.1000000000000021011, -0.7500000000000002220 ) ) ;
#756 = ORIENTED_EDGE ( 'NONE', *, *, #3053, .T. ) ;
#757 = PRESENTATION_STYLE_ASSIGNMENT (( #4519 ) ) ;
#758 = ORIENTED_EDGE ( 'NONE', *, *, #2356, .T. ) ;
#759 = AXIS2_PLACEMENT_3D ( 'NONE', #881, #2358, #4340 ) ;
#760 = VERTEX_POINT ( 'NONE', #4809 ) ;
#761 = AXIS2_PLACEMENT_3D ( 'NONE', #722, #2244, #1932 ) ;
#762 = ORIENTED_EDGE ( 'NONE', *, *, #1629, .T. ) ;
#763 = AXIS2_PLACEMENT_3D ( 'NONE', #4575, #3776, #2748 ) ;
#764 = LINE ( 'NONE', #3829, #2434 ) ;
#765 = DIRECTION ( 'NONE',  ( 1.000000000000000000, 0.000000000000000000, 0.000000000000000000 ) ) ;
#766 = CARTESIAN_POINT ( 'NONE',  ( 3.449999999999999734, 1.951563910473907981E-15, 2.050000000000000266 ) ) ;
#767 = AXIS2_PLACEMENT_3D ( 'NONE', #3334, #2600, #1368 ) ;
#768 = VECTOR ( 'NONE', #234, 1000.000000000000000 ) ;
#769 = DIRECTION ( 'NONE',  ( 0.000000000000000000, -1.000000000000000000, 0.000000000000000000 ) ) ;
#770 = ORIENTED_EDGE ( 'NONE', *, *, #4925, .F. ) ;
#771 = CARTESIAN_POINT ( 'NONE',  ( 3.449999999999999734, 0.000000000000000000, 0.6500000000000000222 ) ) ;
#772 = AXIS2_PLACEMENT_3D ( 'NONE', #981, #4115, #2164 ) ;
#773 = CARTESIAN_POINT ( 'NONE',  ( -4.649999999999999467, -4.553649124439118623E-15, 0.7500000000000000000 ) ) ;
#774 = DIRECTION ( 'NONE',  ( 0.000000000000000000, -1.000000000000000000, 0.000000000000000000 ) ) ;
#775 = VECTOR ( 'NONE', #2019, 1000.000000000000000 ) ;
#776 = AXIS2_PLACEMENT_3D ( 'NONE', #4853, #1411, #3647 ) ;
#777 = EDGE_LOOP ( 'NONE', ( #2022, #1857, #3636, #2331, #3026, #942, #3043, #3611, #2415, #258 ) ) ;
#778 = EDGE_CURVE ( 'NONE', #4651, #3375, #1809, .T. ) ;
#779 = FACE_OUTER_BOUND ( 'NONE', #390, .T. ) ;
#780 = ADVANCED_FACE ( 'NONE', ( #3349 ), #2963, .T. ) ;
#781 = CARTESIAN_POINT ( 'NONE',  ( -1.000000000000000078E-15, 1.000000000000000000, 0.000000000000000000 ) ) ;
#782 = CARTESIAN_POINT ( 'NONE',  ( 3.449999999999999289, 0.3300000000000000155, -0.6500000000000001332 ) ) ;
#783 = ORIENTED_EDGE ( 'NONE', *, *, #653, .T. ) ;
#784 = EDGE_CURVE ( 'NONE', #1308, #3942, #682, .T. ) ;
#785 = LINE ( 'NONE', #25, #376 ) ;
#786 = ORIENTED_EDGE ( 'NONE', *, *, #1724, .F. ) ;
#787 = EDGE_LOOP ( 'NONE', ( #4499, #4369, #3262, #4039, #889 ) ) ;
#788 = DIRECTION ( 'NONE',  ( 0.000000000000000000, 1.000000000000000000, 0.000000000000000000 ) ) ;
#789 = DIRECTION ( 'NONE',  ( -5.337610695313270120E-16, 1.000000000000000000, 0.000000000000000000 ) ) ;
#790 = DIRECTION ( 'NONE',  ( -0.000000000000000000, 0.000000000000000000, 1.000000000000000000 ) ) ;
#791 = LINE ( 'NONE', #3172, #3301 ) ;
#792 = EDGE_LOOP ( 'NONE', ( #4808, #4019, #872, #3929 ) ) ;
#793 = CARTESIAN_POINT ( 'NONE',  ( 3.449999999999999289, 0.1000000000000000472, -2.050000000000000266 ) ) ;
#794 = CARTESIAN_POINT ( 'NONE',  ( -4.250000000000000000, -4.336808689942017736E-15, -4.250000000000000000 ) ) ;
#795 = LINE ( 'NONE', #400, #612 ) ;
#796 = EDGE_LOOP ( 'NONE', ( #528, #4744, #2100, #1910 ) ) ;
#797 = ORIENTED_EDGE ( 'NONE', *, *, #1908, .F. ) ;
#798 = DIRECTION ( 'NONE',  ( 1.000000000000000000, 1.000000000000000078E-15, 0.000000000000000000 ) ) ;
#799 = CARTESIAN_POINT ( 'NONE',  ( 3.449999999999999289, 0.1000000000000000472, -2.050000000000000266 ) ) ;
#800 = LINE ( 'NONE', #4666, #2772 ) ;
#801 = EDGE_CURVE ( 'NONE', #47, #4047, #2622, .T. ) ;
#802 = EDGE_LOOP ( 'NONE', ( #3626, #2929, #4409, #3612 ) ) ;
#803 = DIRECTION ( 'NONE',  ( -1.000000000000000000, -1.011922027653137537E-15, 0.000000000000000000 ) ) ;
#804 = ORIENTED_EDGE ( 'NONE', *, *, #871, .T. ) ;
#805 = EDGE_CURVE ( 'NONE', #4741, #182, #4375, .T. ) ;
#806 = EDGE_CURVE ( 'NONE', #3289, #1544, #1329, .T. ) ;
#807 = VERTEX_POINT ( 'NONE', #2472 ) ;
#808 = DIRECTION ( 'NONE',  ( -1.000000000000000078E-15, 1.000000000000000000, 0.000000000000000000 ) ) ;
#809 = ORIENTED_EDGE ( 'NONE', *, *, #1116, .F. ) ;
#810 = LINE ( 'NONE', #766, #1319 ) ;
#811 = CARTESIAN_POINT ( 'NONE',  ( -3.449999999999999734, -3.469446951953614189E-15, 2.050000000000000266 ) ) ;
#812 = VECTOR ( 'NONE', #599, 1000.000000000000000 ) ;
#813 = ORIENTED_EDGE ( 'NONE', *, *, #2367, .F. ) ;
#814 = DIRECTION ( 'NONE',  ( 1.000000000000000000, 3.700743415417190112E-16, 0.000000000000000000 ) ) ;
#815 = VERTEX_POINT ( 'NONE', #2742 ) ;
#816 = CARTESIAN_POINT ( 'NONE',  ( 3.449999999999999289, 0.4300000000000034905, 0.7500000000000000000 ) ) ;
#817 = EDGE_LOOP ( 'NONE', ( #1266, #2311, #4364, #4747 ) ) ;
#818 = ORIENTED_EDGE ( 'NONE', *, *, #4398, .F. ) ;
#819 = CARTESIAN_POINT ( 'NONE',  ( 2.075000000000000178, 2.168404344971008868E-15, 2.050000000000000266 ) ) ;
#820 = CARTESIAN_POINT ( 'NONE',  ( 4.224999999999999645, 0.1000000000000042799, -0.7500000000000000000 ) ) ;
#821 = LINE ( 'NONE', #3130, #845 ) ;
#822 = DIRECTION ( 'NONE',  ( 0.000000000000000000, 0.000000000000000000, -1.000000000000000000 ) ) ;
#823 = VERTEX_POINT ( 'NONE', #1990 ) ;
#824 = EDGE_CURVE ( 'NONE', #1416, #3375, #2816, .T. ) ;
#825 = EDGE_LOOP ( 'NONE', ( #3799, #2186, #2756, #3187 ) ) ;
#826 = ORIENTED_EDGE ( 'NONE', *, *, #4483, .F. ) ;
#827 = EDGE_CURVE ( 'NONE', #2615, #2572, #1281, .T. ) ;
#828 = CARTESIAN_POINT ( 'NONE',  ( 2.679999999999998828, 1.500000000000000444, 0.5084043666216869761 ) ) ;
#829 = EDGE_CURVE ( 'NONE', #2482, #4801, #4678, .T. ) ;
#830 = ORIENTED_EDGE ( 'NONE', *, *, #2825, .F. ) ;
#831 = VECTOR ( 'NONE', #4264, 1000.000000000000000 ) ;
#832 = DIRECTION ( 'NONE',  ( -8.006416042969858929E-31, 2.668805347656619776E-16, -1.000000000000000000 ) ) ;
#833 = CARTESIAN_POINT ( 'NONE',  ( -4.150000000000000355, 0.4300000000000000488, -0.7500000000000002220 ) ) ;
#834 = AXIS2_PLACEMENT_3D ( 'NONE', #3416, #4550, #4843 ) ;
#835 = VECTOR ( 'NONE', #1673, 1000.000000000000000 ) ;
#836 = EDGE_LOOP ( 'NONE', ( #2154, #1597 ) ) ;
#837 = DIRECTION ( 'NONE',  ( -0.000000000000000000, 0.000000000000000000, 1.000000000000000000 ) ) ;
#838 = DIRECTION ( 'NONE',  ( 1.000000000000000078E-15, -1.000000000000000000, 0.000000000000000000 ) ) ;
#839 = EDGE_CURVE ( 'NONE', #4574, #4335, #4138, .T. ) ;
#840 = AXIS2_PLACEMENT_3D ( 'NONE', #3075, #4569, #3105 ) ;
#841 = CARTESIAN_POINT ( 'NONE',  ( -2.274999999999999911, 0.9799999999999999822, 0.5999999999999999778 ) ) ;
#842 = CIRCLE ( 'NONE', #3887, 0.2500000000000000000 ) ;
#843 = PLANE ( 'NONE',  #3411 ) ;
#844 = VERTEX_POINT ( 'NONE', #4730 ) ;
#845 = VECTOR ( 'NONE', #4211, 1000.000000000000000 ) ;
#846 = ORIENTED_EDGE ( 'NONE', *, *, #839, .T. ) ;
#847 = AXIS2_PLACEMENT_3D ( 'NONE', #711, #1831, #2233 ) ;
#848 = AXIS2_PLACEMENT_3D ( 'NONE', #542, #4320, #3192 ) ;
#849 = LINE ( 'NONE', #1621, #919 ) ;
#850 = CARTESIAN_POINT ( 'NONE',  ( 5.850000000000000533, 0.3300000000000062883, 0.000000000000000000 ) ) ;
#851 = FACE_OUTER_BOUND ( 'NONE', #3392, .T. ) ;
#852 = AXIS2_PLACEMENT_3D ( 'NONE', #524, #3206, #1247 ) ;
#853 = CARTESIAN_POINT ( 'NONE',  ( -3.449999999999999734, 0.09999999999999657774, 0.7500000000000000000 ) ) ;
#854 = AXIS2_PLACEMENT_3D ( 'NONE', #3295, #1708, #2187 ) ;
#855 = AXIS2_PLACEMENT_3D ( 'NONE', #3892, #2003, #2715 ) ;
#856 = VERTEX_POINT ( 'NONE', #1208 ) ;
#857 = CIRCLE ( 'NONE', #3345, 0.6500000000000000222 ) ;
#858 = ORIENTED_EDGE ( 'NONE', *, *, #2980, .T. ) ;
#859 = ORIENTED_EDGE ( 'NONE', *, *, #4325, .T. ) ;
#860 = CARTESIAN_POINT ( 'NONE',  ( 4.150000000000000355, 4.119968255444916849E-15, 2.050000000000000266 ) ) ;
#861 = ORIENTED_EDGE ( 'NONE', *, *, #1599, .T. ) ;
#862 = LINE ( 'NONE', #4675, #1242 ) ;
#863 = EDGE_CURVE ( 'NONE', #1747, #4189, #3122, .T. ) ;
#864 = EDGE_CURVE ( 'NONE', #1144, #1342, #4271, .T. ) ;
#865 = ORIENTED_EDGE ( 'NONE', *, *, #2310, .T. ) ;
#866 = DIRECTION ( 'NONE',  ( -1.000000000000000000, -3.469446951953614189E-16, 1.224646799147350002E-16 ) ) ;
#867 = LINE ( 'NONE', #110, #613 ) ;
#868 = LINE ( 'NONE', #2090, #1887 ) ;
#869 = PLANE ( 'NONE',  #1955 ) ;
#870 = EDGE_LOOP ( 'NONE', ( #4766, #3223, #3155, #1334, #4329, #4166 ) ) ;
#871 = EDGE_CURVE ( 'NONE', #3231, #823, #2371, .T. ) ;
#872 = ORIENTED_EDGE ( 'NONE', *, *, #4261, .F. ) ;
#873 = CARTESIAN_POINT ( 'NONE',  ( 2.274999999999999467, 0.9799999999999999822, 0.000000000000000000 ) ) ;
#874 = DIRECTION ( 'NONE',  ( 1.000000000000000078E-15, -1.000000000000000000, 0.000000000000000000 ) ) ;
#875 = LINE ( 'NONE', #2504, #368 ) ;
#876 = DIRECTION ( 'NONE',  ( 1.000000000000000000, 2.602085213965210642E-16, 0.000000000000000000 ) ) ;
#877 = ORIENTED_EDGE ( 'NONE', *, *, #3965, .F. ) ;
#878 = CARTESIAN_POINT ( 'NONE',  ( -5.258951169277059840E-16, 2.799999999999999822, 0.000000000000000000 ) ) ;
#879 = VERTEX_POINT ( 'NONE', #3976 ) ;
#880 = EDGE_LOOP ( 'NONE', ( #1454, #4197, #2160, #4555 ) ) ;
#881 = CARTESIAN_POINT ( 'NONE',  ( -4.250000000000000000, -4.336808689942017736E-15, 4.250000000000000000 ) ) ;
#882 = FACE_OUTER_BOUND ( 'NONE', #4276, .T. ) ;
#883 = ORIENTED_EDGE ( 'NONE', *, *, #503, .F. ) ;
#884 = CARTESIAN_POINT ( 'NONE',  ( -1.500000000000008438, 8.499999999999998224, 4.874423042781579340 ) ) ;
#885 = CARTESIAN_POINT ( 'NONE',  ( 3.449999999999999734, 0.1000000000000035166, 2.050000000000000266 ) ) ;
#886 = EDGE_CURVE ( 'NONE', #1785, #67, #2775, .T. ) ;
#887 = LINE ( 'NONE', #3546, #3483 ) ;
#888 = ORIENTED_EDGE ( 'NONE', *, *, #293, .T. ) ;
#889 = ORIENTED_EDGE ( 'NONE', *, *, #1929, .F. ) ;
#890 = LINE ( 'NONE', #4349, #4616 ) ;
#891 = DIRECTION ( 'NONE',  ( -1.000000000000000078E-15, 1.000000000000000000, 0.000000000000000000 ) ) ;
#892 = CARTESIAN_POINT ( 'NONE',  ( -4.150000000000000355, 0.1000000000000000472, -2.050000000000000266 ) ) ;
#893 = ADVANCED_FACE ( 'NONE', ( #514 ), #2011, .F. ) ;
#894 = EDGE_CURVE ( 'NONE', #1217, #2960, #2037, .T. ) ;
#895 = PLANE ( 'NONE',  #3423 ) ;
#896 = ORIENTED_EDGE ( 'NONE', *, *, #504, .T. ) ;
#897 = PLANE ( 'NONE',  #283 ) ;
#898 = CARTESIAN_POINT ( 'NONE',  ( 5.149999999999991473, 8.500000000000005329, 5.150000000000000355 ) ) ;
#899 = EDGE_LOOP ( 'NONE', ( #1676, #967, #2258, #3302, #1792, #1705, #4010, #3062, #2458, #4425, #1163, #4037 ) ) ;
#900 = EDGE_CURVE ( 'NONE', #564, #3510, #3896, .T. ) ;
#901 = VERTEX_POINT ( 'NONE', #469 ) ;
#902 = LINE ( 'NONE', #2028, #1549 ) ;
#903 = DIRECTION ( 'NONE',  ( -1.000000000000000078E-15, 1.000000000000000000, 0.000000000000000000 ) ) ;
#904 = EDGE_LOOP ( 'NONE', ( #3639, #4245, #4233, #1939 ) ) ;
#905 = DIRECTION ( 'NONE',  ( 0.000000000000000000, 1.000000000000000000, 0.000000000000000000 ) ) ;
#906 = DIRECTION ( 'NONE',  ( 1.000000000000000078E-15, -1.000000000000000000, 0.000000000000000000 ) ) ;
#907 = DIRECTION ( 'NONE',  ( 1.000000000000000000, 1.000000000000000078E-15, -2.707861035671110002E-16 ) ) ;
#908 = DIRECTION ( 'NONE',  ( 2.921639538487249824E-16, -1.000000000000000000, 0.000000000000000000 ) ) ;
#909 = ORIENTED_EDGE ( 'NONE', *, *, #4799, .F. ) ;
#910 = MECHANICAL_DESIGN_GEOMETRIC_PRESENTATION_REPRESENTATION (  '', ( #1080 ), #3745 ) ;
#911 = PLANE ( 'NONE',  #2444 ) ;
#912 =( GEOMETRIC_REPRESENTATION_CONTEXT ( 3 ) GLOBAL_UNCERTAINTY_ASSIGNED_CONTEXT ( ( #3758 ) ) GLOBAL_UNIT_ASSIGNED_CONTEXT ( ( #3332, #727, #2973 ) ) REPRESENTATION_CONTEXT ( 'NONE', 'WORKASPACE' ) );
#913 = CARTESIAN_POINT ( 'NONE',  ( -8.887008966326441667E-17, 3.399999999999999911, 4.999999999999999112 ) ) ;
#914 = CLOSED_SHELL ( 'NONE', ( #646, #2523, #1539, #3964, #4759, #2431, #2422, #1659, #2799, #2328, #1823, #3592, #2583, #3219, #2464, #35, #3956 ) ) ;
#915 = DIRECTION ( 'NONE',  ( 0.000000000000000000, 0.000000000000000000, 1.000000000000000000 ) ) ;
#916 = CARTESIAN_POINT ( 'NONE',  ( -3.450000000000000178, 0.3300000000000006262, -0.6500000000000001332 ) ) ;
#917 = AXIS2_PLACEMENT_3D ( 'NONE', #2986, #284, #2939 ) ;
#918 =( NAMED_UNIT ( * ) SI_UNIT ( $, .STERADIAN. ) SOLID_ANGLE_UNIT ( ) );
#919 = VECTOR ( 'NONE', #1174, 1000.000000000000000 ) ;
#920 = EDGE_CURVE ( 'NONE', #3369, #844, #3217, .T. ) ;
#921 = EDGE_CURVE ( 'NONE', #3074, #4507, #867, .T. ) ;
#922 = ORIENTED_EDGE ( 'NONE', *, *, #1813, .T. ) ;
#923 = CARTESIAN_POINT ( 'NONE',  ( -3.450000000000000178, 0.3299999999999965183, -0.7500000000000000000 ) ) ;
#924 = CIRCLE ( 'NONE', #215, 5.100000000000000533 ) ;
#925 = LINE ( 'NONE', #1295, #3239 ) ;
#926 = ORIENTED_EDGE ( 'NONE', *, *, #2334, .T. ) ;
#927 = VECTOR ( 'NONE', #321, 1000.000000000000000 ) ;
#928 = VECTOR ( 'NONE', #4002, 1000.000000000000000 ) ;
#929 = ADVANCED_FACE ( 'NONE', ( #4305 ), #2773, .T. ) ;
#930 = EDGE_CURVE ( 'NONE', #67, #2721, #2842, .T. ) ;
#931 = VECTOR ( 'NONE', #1363, 1000.000000000000000 ) ;
#932 = ORIENTED_EDGE ( 'NONE', *, *, #2063, .T. ) ;
#933 = CARTESIAN_POINT ( 'NONE',  ( -2.274999999999999911, 0.9799999999999999822, -0.5999999999999999778 ) ) ;
#934 = ORIENTED_EDGE ( 'NONE', *, *, #2161, .T. ) ;
#935 = DIRECTION ( 'NONE',  ( 1.000000000000000000, 1.000000000000000078E-15, 0.000000000000000000 ) ) ;
#936 = VECTOR ( 'NONE', #2655, 1000.000000000000000 ) ;
#937 = EDGE_LOOP ( 'NONE', ( #4240, #4118, #3269, #2507, #3076, #3557, #2383, #2788, #3909, #3463, #460, #1574, #4883, #3230, #3274, #1084 ) ) ;
#938 = DIRECTION ( 'NONE',  ( 1.000000000000000000, 0.000000000000000000, 0.000000000000000000 ) ) ;
#939 = CARTESIAN_POINT ( 'NONE',  ( 5.150000000000000355, 5.204170427930421283E-15, 5.150000000000000355 ) ) ;
#940 = CARTESIAN_POINT ( 'NONE',  ( 2.679999999999998828, 1.500000000000000444, -0.5999999999999999778 ) ) ;
#941 = CARTESIAN_POINT ( 'NONE',  ( 2.274999999999999467, 0.9799999999999999822, -0.5999999999999999778 ) ) ;
#942 = ORIENTED_EDGE ( 'NONE', *, *, #1909, .T. ) ;
#943 = ORIENTED_EDGE ( 'NONE', *, *, #2056, .F. ) ;
#944 = DIRECTION ( 'NONE',  ( 0.000000000000000000, 0.000000000000000000, -1.000000000000000000 ) ) ;
#945 = CARTESIAN_POINT ( 'NONE',  ( -4.150000000000000355, -4.119968255444916849E-15, -1.025000000000000133 ) ) ;
#946 = DIRECTION ( 'NONE',  ( -1.000000000000000078E-15, 1.000000000000000000, 0.000000000000000000 ) ) ;
#947 = DIRECTION ( 'NONE',  ( -0.000000000000000000, 0.000000000000000000, -1.000000000000000000 ) ) ;
#948 = CARTESIAN_POINT ( 'NONE',  ( -5.150000000000007461, 7.499999999999994671, -1.500000000000000000 ) ) ;
#949 = ORIENTED_EDGE ( 'NONE', *, *, #681, .T. ) ;
#950 = VERTEX_POINT ( 'NONE', #3924 ) ;
#951 = DIRECTION ( 'NONE',  ( 1.000000000000000000, 1.000000000000000078E-15, -0.000000000000000000 ) ) ;
#952 = DIRECTION ( 'NONE',  ( 0.000000000000000000, 0.000000000000000000, -1.000000000000000000 ) ) ;
#953 = VERTEX_POINT ( 'NONE', #1638 ) ;
#954 = EDGE_CURVE ( 'NONE', #611, #484, #3175, .T. ) ;
#955 = ORIENTED_EDGE ( 'NONE', *, *, #4893, .F. ) ;
#956 = CARTESIAN_POINT ( 'NONE',  ( 4.150000000000000355, 0.3300000000000041234, -0.7500000000000000000 ) ) ;
#957 = ORIENTED_EDGE ( 'NONE', *, *, #495, .T. ) ;
#958 = CARTESIAN_POINT ( 'NONE',  ( 4.150000000000000355, 4.119968255444916849E-15, 4.150000000000000355 ) ) ;
#959 = EDGE_CURVE ( 'NONE', #1342, #1753, #1594, .T. ) ;
#960 = EDGE_CURVE ( 'NONE', #1211, #1804, #216, .T. ) ;
#961 = ORIENTED_EDGE ( 'NONE', *, *, #3042, .T. ) ;
#962 = DIRECTION ( 'NONE',  ( 2.921639538487249824E-16, -1.000000000000000000, 0.000000000000000000 ) ) ;
#963 = CARTESIAN_POINT ( 'NONE',  ( -3.449999999999999734, 0.09999999999999657774, -0.7500000000000000000 ) ) ;
#964 = CARTESIAN_POINT ( 'NONE',  ( -3.449999999999999734, 0.09999999999999657774, -2.050000000000000266 ) ) ;
#965 = DIRECTION ( 'NONE',  ( -1.000000000000000000, -1.000000000000000078E-15, 0.000000000000000000 ) ) ;
#966 = ORIENTED_EDGE ( 'NONE', *, *, #4399, .F. ) ;
#967 = ORIENTED_EDGE ( 'NONE', *, *, #2188, .T. ) ;
#968 = CARTESIAN_POINT ( 'NONE',  ( -4.150000000000000355, 0.000000000000000000, -0.6500000000000001332 ) ) ;
#969 = DIRECTION ( 'NONE',  ( 8.006416042969858929E-31, -2.668805347656619776E-16, 1.000000000000000000 ) ) ;
#970 = CARTESIAN_POINT ( 'NONE',  ( 2.274999999999999467, 0.3300000000000022915, -0.7500000000000000000 ) ) ;
#971 = CARTESIAN_POINT ( 'NONE',  ( 5.150000000000000355, 5.204170427930421283E-15, -5.150000000000000355 ) ) ;
#972 = LINE ( 'NONE', #3610, #4525 ) ;
#973 = VERTEX_POINT ( 'NONE', #1385 ) ;
#974 = FACE_OUTER_BOUND ( 'NONE', #108, .T. ) ;
#975 = CARTESIAN_POINT ( 'NONE',  ( -3.350000000000000089, -3.252606517456513302E-15, 5.150000000000000355 ) ) ;
#976 = ORIENTED_EDGE ( 'NONE', *, *, #4426, .T. ) ;
#977 = ORIENTED_EDGE ( 'NONE', *, *, #1386, .T. ) ;
#978 = ADVANCED_FACE ( 'NONE', ( #1418 ), #1248, .F. ) ;
#979 = CARTESIAN_POINT ( 'NONE',  ( 5.000000000000000000, 1.000000000000000000, 0.000000000000000000 ) ) ;
#980 = ORIENTED_EDGE ( 'NONE', *, *, #10, .F. ) ;
#981 = CARTESIAN_POINT ( 'NONE',  ( 4.149999999999999467, 0.1674691358024711085, 0.000000000000000000 ) ) ;
#982 = ORIENTED_EDGE ( 'NONE', *, *, #2157, .F. ) ;
#983 = EDGE_CURVE ( 'NONE', #4713, #4695, #3323, .T. ) ;
#984 = ADVANCED_FACE ( 'NONE', ( #4786 ), #184, .T. ) ;
#985 = DIRECTION ( 'NONE',  ( -1.000000000000000000, -1.000000000000000078E-15, 0.000000000000000000 ) ) ;
#986 = CARTESIAN_POINT ( 'NONE',  ( 3.449999999999999289, 0.3300000000000034572, 0.7500000000000000000 ) ) ;
#987 =( LENGTH_UNIT ( ) NAMED_UNIT ( * ) SI_UNIT ( .MILLI., .METRE. ) );
#988 = EDGE_LOOP ( 'NONE', ( #3292, #1374, #2035, #3134 ) ) ;
#989 = EDGE_CURVE ( 'NONE', #2428, #3272, #4862, .T. ) ;
#990 = CARTESIAN_POINT ( 'NONE',  ( 4.150000000000000355, 4.119968255444916849E-15, -2.050000000000000266 ) ) ;
#991 = CARTESIAN_POINT ( 'NONE',  ( -4.649999999999999467, -4.553649124439118623E-15, -0.7500000000000000000 ) ) ;
#992 = CARTESIAN_POINT ( 'NONE',  ( -3.942363677304167702, 7.499999999999995559, 3.942363677304159708 ) ) ;
#993 = AXIS2_PLACEMENT_3D ( 'NONE', #1489, #4191, #808 ) ;
#994 = CYLINDRICAL_SURFACE ( 'NONE', #4620, 0.9999999999999995559 ) ;
#995 = LINE ( 'NONE', #2130, #4538 ) ;
#996 = ORIENTED_EDGE ( 'NONE', *, *, #3790, .T. ) ;
#997 = AXIS2_PLACEMENT_3D ( 'NONE', #4479, #2265, #3400 ) ;
#998 = AXIS2_PLACEMENT_3D ( 'NONE', #4686, #451, #3931 ) ;
#999 = CARTESIAN_POINT ( 'NONE',  ( 4.150000000000000355, 4.119968255444916849E-15, 0.7500000000000000000 ) ) ;
#1000 = CARTESIAN_POINT ( 'NONE',  ( -2.274999999999999911, 1.655000000000000027, 0.000000000000000000 ) ) ;
#1001 = VECTOR ( 'NONE', #4795, 1000.000000000000000 ) ;
#1002 = VECTOR ( 'NONE', #4073, 1000.000000000000000 ) ;
#1003 = ORIENTED_EDGE ( 'NONE', *, *, #71, .F. ) ;
#1004 = VECTOR ( 'NONE', #1193, 1000.000000000000000 ) ;
#1005 = PRESENTATION_LAYER_ASSIGNMENT (  '', '', ( #3089 ) ) ;
#1006 = CARTESIAN_POINT ( 'NONE',  ( 1.575000000000016165, -15.86505262369499647, 0.000000000000000000 ) ) ;
#1007 = ORIENTED_EDGE ( 'NONE', *, *, #381, .T. ) ;
#1008 = CARTESIAN_POINT ( 'NONE',  ( -5.150000000000000355, -5.204170427930421283E-15, -1.500000000000000000 ) ) ;
#1009 = CIRCLE ( 'NONE', #218, 5.000000000000000000 ) ;
#1010 = AXIS2_PLACEMENT_3D ( 'NONE', #231, #3284, #876 ) ;
#1011 = AXIS2_PLACEMENT_3D ( 'NONE', #2496, #3702, #4476 ) ;
#1012 = ORIENTED_EDGE ( 'NONE', *, *, #1284, .T. ) ;
#1013 = CYLINDRICAL_SURFACE ( 'NONE', #2864, 5.100000000000000533 ) ;
#1014 = LINE ( 'NONE', #2550, #931 ) ;
#1015 = VECTOR ( 'NONE', #2317, 1000.000000000000000 ) ;
#1016 = DIRECTION ( 'NONE',  ( 1.077886431674909893E-16, 1.077886431674910039E-31, 1.000000000000000000 ) ) ;
#1017 = EDGE_CURVE ( 'NONE', #1467, #2470, #2967, .T. ) ;
#1018 = EDGE_CURVE ( 'NONE', #1821, #3120, #1014, .T. ) ;
#1019 = PLANE ( 'NONE',  #3886 ) ;
#1020 = ORIENTED_EDGE ( 'NONE', *, *, #983, .T. ) ;
#1021 = DIRECTION ( 'NONE',  ( 1.000000000000000000, 2.999999999999999839E-15, 0.000000000000000000 ) ) ;
#1022 = EDGE_CURVE ( 'NONE', #4101, #950, #3652, .T. ) ;
#1023 = EDGE_CURVE ( 'NONE', #3348, #3178, #2518, .T. ) ;
#1024 = DIRECTION ( 'NONE',  ( 3.233659295024729803E-16, 3.233659295024730118E-31, 1.000000000000000000 ) ) ;
#1025 = EDGE_CURVE ( 'NONE', #675, #2043, #3726, .T. ) ;
#1026 = ORIENTED_EDGE ( 'NONE', *, *, #3265, .F. ) ;
#1027 = DIRECTION ( 'NONE',  ( -1.000000000000000078E-15, 1.000000000000000000, 0.000000000000000000 ) ) ;
#1028 = DIRECTION ( 'NONE',  ( 1.000000000000000000, 0.000000000000000000, 0.000000000000000000 ) ) ;
#1029 = DIRECTION ( 'NONE',  ( -1.077886431674909893E-16, -1.077886431674910039E-31, -1.000000000000000000 ) ) ;
#1030 = ORIENTED_EDGE ( 'NONE', *, *, #1876, .F. ) ;
#1031 = DIRECTION ( 'NONE',  ( 6.299256584582810666E-16, -1.000000000000000000, 0.000000000000000000 ) ) ;
#1032 = ORIENTED_EDGE ( 'NONE', *, *, #2407, .T. ) ;
#1033 = FACE_OUTER_BOUND ( 'NONE', #787, .T. ) ;
#1034 = VERTEX_POINT ( 'NONE', #2873 ) ;
#1035 = UNCERTAINTY_MEASURE_WITH_UNIT (LENGTH_MEASURE( 1.000000000000000082E-05 ), #2579, 'distance_accuracy_value', 'NONE');
#1036 = DIRECTION ( 'NONE',  ( -0.000000000000000000, 0.000000000000000000, 1.000000000000000000 ) ) ;
#1037 = CARTESIAN_POINT ( 'NONE',  ( -5.258951169277059840E-16, 2.799999999999999822, 0.000000000000000000 ) ) ;
#1038 = LINE ( 'NONE', #2551, #3419 ) ;
#1039 = CARTESIAN_POINT ( 'NONE',  ( -3.450000000000000178, 0.3299999999999965183, 0.7500000000000000000 ) ) ;
#1040 = EDGE_LOOP ( 'NONE', ( #154, #1653 ) ) ;
#1041 = LINE ( 'NONE', #4431, #2779 ) ;
#1042 = EDGE_CURVE ( 'NONE', #4841, #3452, #3679, .T. ) ;
#1043 = PLANE ( 'NONE',  #4614 ) ;
#1044 = DIRECTION ( 'NONE',  ( -1.000000000000000000, -1.000000000000000078E-15, 0.000000000000000000 ) ) ;
#1045 = SHAPE_DEFINITION_REPRESENTATION ( #1861, #1619 ) ;
#1046 = VERTEX_POINT ( 'NONE', #963 ) ;
#1047 = LINE ( 'NONE', #1106, #3413 ) ;
#1048 = ADVANCED_FACE ( 'NONE', ( #1770 ), #4503, .T. ) ;
#1049 = CARTESIAN_POINT ( 'NONE',  ( -2.687908375408270055E-15, 10.20000000000000107, 0.000000000000000000 ) ) ;
#1050 = FACE_OUTER_BOUND ( 'NONE', #3547, .T. ) ;
#1051 = VECTOR ( 'NONE', #662, 1000.000000000000000 ) ;
#1052 = ORIENTED_EDGE ( 'NONE', *, *, #1324, .F. ) ;
#1053 = ADVANCED_FACE ( 'NONE', ( #3276 ), #4834, .F. ) ;
#1054 = DIRECTION ( 'NONE',  ( -1.000000000000000000, -1.000000000000000078E-15, 1.077886431674909893E-16 ) ) ;
#1055 = ORIENTED_EDGE ( 'NONE', *, *, #325, .F. ) ;
#1056 = FACE_OUTER_BOUND ( 'NONE', #4394, .T. ) ;
#1057 = ORIENTED_EDGE ( 'NONE', *, *, #824, .T. ) ;
#1058 = ORIENTED_EDGE ( 'NONE', *, *, #886, .T. ) ;
#1059 = DIRECTION ( 'NONE',  ( -0.000000000000000000, 0.000000000000000000, 1.000000000000000000 ) ) ;
#1060 = DIRECTION ( 'NONE',  ( -1.000000000000000000, -1.000000000000000078E-15, 1.077886431674909893E-16 ) ) ;
#1061 = LINE ( 'NONE', #4051, #3737 ) ;
#1062 = SURFACE_SIDE_STYLE ('',( #697 ) ) ;
#1063 = CARTESIAN_POINT ( 'NONE',  ( 3.449999999999999734, 0.1000000000000035166, -2.050000000000000266 ) ) ;
#1064 = VERTEX_POINT ( 'NONE', #2568 ) ;
#1065 = CARTESIAN_POINT ( 'NONE',  ( -2.680000000000000160, 0.3300000000000045675, 0.000000000000000000 ) ) ;
#1066 = CARTESIAN_POINT ( 'NONE',  ( -4.874423042781587334, 7.499999999999994671, -1.500000000000000000 ) ) ;
#1067 = ORIENTED_EDGE ( 'NONE', *, *, #1192, .F. ) ;
#1068 = CARTESIAN_POINT ( 'NONE',  ( 5.149999999999991473, 8.500000000000005329, -3.350000000000000089 ) ) ;
#1069 = LINE ( 'NONE', #330, #4869 ) ;
#1070 = ORIENTED_EDGE ( 'NONE', *, *, #3265, .T. ) ;
#1071 = CARTESIAN_POINT ( 'NONE',  ( 5.149999999999999467, 1.000000000000005329, 3.350000000000000089 ) ) ;
#1072 = AXIS2_PLACEMENT_3D ( 'NONE', #3353, #4022, #1382 ) ;
#1073 = DIRECTION ( 'NONE',  ( 0.000000000000000000, 1.000000000000000000, 0.000000000000000000 ) ) ;
#1074 = DIRECTION ( 'NONE',  ( 0.000000000000000000, -1.000000000000000000, 0.000000000000000000 ) ) ;
#1075 = EDGE_CURVE ( 'NONE', #4480, #600, #4219, .T. ) ;
#1076 = EDGE_CURVE ( 'NONE', #735, #856, #4023, .T. ) ;
#1077 = CIRCLE ( 'NONE', #2996, 0.6500000000000000222 ) ;
#1078 = CIRCLE ( 'NONE', #3646, 5.000000000000000000 ) ;
#1079 = ORIENTED_EDGE ( 'NONE', *, *, #543, .F. ) ;
#1080 = STYLED_ITEM ( 'NONE', ( #2117 ), #3782 ) ;
#1081 = CARTESIAN_POINT ( 'NONE',  ( -2.274999999999999911, 0.9799999999999999822, 0.000000000000000000 ) ) ;
#1082 = VECTOR ( 'NONE', #2656, 1000.000000000000000 ) ;
#1083 = CARTESIAN_POINT ( 'NONE',  ( -3.449999999999999734, 2.602085213965210642E-15, 2.050000000000000266 ) ) ;
#1084 = ORIENTED_EDGE ( 'NONE', *, *, #3757, .T. ) ;
#1085 = VECTOR ( 'NONE', #470, 1000.000000000000000 ) ;
#1086 = DIRECTION ( 'NONE',  ( 1.000000000000000000, 2.921639538487249824E-16, -1.224646799147353207E-16 ) ) ;
#1087 = EDGE_CURVE ( 'NONE', #3140, #3826, #1439, .T. ) ;
#1088 = AXIS2_PLACEMENT_3D ( 'NONE', #1649, #193, #2479 ) ;
#1089 = VECTOR ( 'NONE', #2292, 1000.000000000000000 ) ;
#1090 = ORIENTED_EDGE ( 'NONE', *, *, #2367, .T. ) ;
#1091 = DIRECTION ( 'NONE',  ( 1.000000000000000078E-15, -1.000000000000000000, 0.000000000000000000 ) ) ;
#1092 = STYLED_ITEM ( 'NONE', ( #4946 ), #1619 ) ;
#1093 = DIRECTION ( 'NONE',  ( 6.672013369141565217E-16, -1.000000000000000000, 0.000000000000000000 ) ) ;
#1094 = CARTESIAN_POINT ( 'NONE',  ( 2.274999999999999911, 2.168404344971008868E-15, 0.000000000000000000 ) ) ;
#1095 = AXIS2_PLACEMENT_3D ( 'NONE', #4104, #1852, #3387 ) ;
#1096 = VECTOR ( 'NONE', #2441, 1000.000000000000000 ) ;
#1097 = CARTESIAN_POINT ( 'NONE',  ( -2.687908375408270055E-15, 10.20000000000000107, -5.000000000000000000 ) ) ;
#1098 = ORIENTED_EDGE ( 'NONE', *, *, #4515, .F. ) ;
#1099 = VECTOR ( 'NONE', #4816, 1000.000000000000000 ) ;
#1100 = SURFACE_STYLE_FILL_AREA ( #3708 ) ;
#1101 = ORIENTED_EDGE ( 'NONE', *, *, #864, .T. ) ;
#1102 = CARTESIAN_POINT ( 'NONE',  ( 4.150000000000000355, 4.119968255444916849E-15, 5.150000000000000355 ) ) ;
#1103 = DIRECTION ( 'NONE',  ( 3.700743415417190112E-16, 3.700743415417190507E-31, -1.000000000000000000 ) ) ;
#1104 = VECTOR ( 'NONE', #1665, 1000.000000000000000 ) ;
#1105 = ORIENTED_EDGE ( 'NONE', *, *, #2947, .F. ) ;
#1106 = CARTESIAN_POINT ( 'NONE',  ( 3.449999999999999289, 0.3300000000000034572, -0.7500000000000000000 ) ) ;
#1107 = DIRECTION ( 'NONE',  ( -1.000000000000000078E-15, 1.000000000000000000, 0.000000000000000000 ) ) ;
#1108 = DIRECTION ( 'NONE',  ( 0.000000000000000000, 0.000000000000000000, -1.000000000000000000 ) ) ;
#1109 = ORIENTED_EDGE ( 'NONE', *, *, #4457, .T. ) ;
#1110 = LINE ( 'NONE', #4255, #3326 ) ;
#1111 = EDGE_CURVE ( 'NONE', #3040, #2228, #4000, .T. ) ;
#1112 = VERTEX_POINT ( 'NONE', #3430 ) ;
#1113 = ORIENTED_EDGE ( 'NONE', *, *, #3728, .T. ) ;
#1114 = DIRECTION ( 'NONE',  ( -4.662389304686730657E-16, 1.000000000000000000, 0.000000000000000000 ) ) ;
#1115 = ADVANCED_FACE ( 'NONE', ( #4963 ), #1535, .F. ) ;
#1116 = EDGE_CURVE ( 'NONE', #3005, #4435, #720, .T. ) ;
#1117 = CARTESIAN_POINT ( 'NONE',  ( -2.274999999999983924, -15.86505262369500358, 0.000000000000000000 ) ) ;
#1118 = CARTESIAN_POINT ( 'NONE',  ( -5.850000000000000533, 0.3300000000000027356, 0.5999999999999999778 ) ) ;
#1119 = EDGE_LOOP ( 'NONE', ( #1956, #2760, #3605, #1465, #241, #2913, #2909 ) ) ;
#1120 = DIRECTION ( 'NONE',  ( 2.921639538487249824E-16, -1.000000000000000000, 0.000000000000000000 ) ) ;
#1121 =( NAMED_UNIT ( * ) PLANE_ANGLE_UNIT ( ) SI_UNIT ( $, .RADIAN. ) );
#1122 = ORIENTED_EDGE ( 'NONE', *, *, #1912, .T. ) ;
#1123 = CARTESIAN_POINT ( 'NONE',  ( -7.011934892369409833E-16, 3.399999999999999911, 0.000000000000000000 ) ) ;
#1124 = ORIENTED_EDGE ( 'NONE', *, *, #1784, .F. ) ;
#1125 = CARTESIAN_POINT ( 'NONE',  ( 3.449999999999999289, 0.1000000000000000472, -2.050000000000000266 ) ) ;
#1126 = PLANE ( 'NONE',  #3247 ) ;
#1127 = DIRECTION ( 'NONE',  ( 0.7071067811865476838, -0.7071067811865472397, 0.000000000000000000 ) ) ;
#1128 = ORIENTED_EDGE ( 'NONE', *, *, #778, .F. ) ;
#1129 = DIRECTION ( 'NONE',  ( -1.000000000000000078E-15, 1.000000000000000000, 0.000000000000000000 ) ) ;
#1130 = VERTEX_POINT ( 'NONE', #2992 ) ;
#1131 = ORIENTED_EDGE ( 'NONE', *, *, #4448, .T. ) ;
#1132 = AXIS2_PLACEMENT_3D ( 'NONE', #625, #2176, #1348 ) ;
#1133 = LINE ( 'NONE', #4632, #4682 ) ;
#1134 = DIRECTION ( 'NONE',  ( 2.694716079187269803E-17, 2.694716079187270172E-32, 1.000000000000000000 ) ) ;
#1135 = DIRECTION ( 'NONE',  ( -1.000000000000000078E-15, 1.000000000000000000, 0.000000000000000000 ) ) ;
#1136 = PLANE ( 'NONE',  #1453 ) ;
#1137 = ADVANCED_FACE ( 'NONE', ( #4171 ), #2242, .T. ) ;
#1138 = ADVANCED_FACE ( 'NONE', ( #2221 ), #4908, .T. ) ;
#1139 = VERTEX_POINT ( 'NONE', #1514 ) ;
#1140 = CARTESIAN_POINT ( 'NONE',  ( 4.649999999999999467, 0.3300000000000046785, 0.7500000000000000000 ) ) ;
#1141 = CARTESIAN_POINT ( 'NONE',  ( 5.149999999999999467, 1.000000000000005329, 0.3605702853507279926 ) ) ;
#1142 = CARTESIAN_POINT ( 'NONE',  ( -5.850000000000000533, 0.000000000000000000, -0.5999999999999999778 ) ) ;
#1143 = EDGE_CURVE ( 'NONE', #3238, #2065, #4154, .T. ) ;
#1144 = VERTEX_POINT ( 'NONE', #394 ) ;
#1145 = LINE ( 'NONE', #3108, #1004 ) ;
#1146 = CARTESIAN_POINT ( 'NONE',  ( -3.449999999999999734, -3.469446951953614189E-15, -0.7500000000000000000 ) ) ;
#1147 = DIRECTION ( 'NONE',  ( -1.000000000000000000, -3.469446951953614189E-16, 1.224646799147350002E-16 ) ) ;
#1148 = AXIS2_PLACEMENT_3D ( 'NONE', #1610, #540, #2082 ) ;
#1149 = ORIENTED_EDGE ( 'NONE', *, *, #3024, .T. ) ;
#1150 = CARTESIAN_POINT ( 'NONE',  ( -4.150000000000000355, 1.951563910473907981E-15, 2.050000000000000266 ) ) ;
#1151 = ORIENTED_EDGE ( 'NONE', *, *, #4426, .F. ) ;
#1152 = STYLED_ITEM ( 'NONE', ( #346 ), #2392 ) ;
#1153 = AXIS2_PLACEMENT_3D ( 'NONE', #4612, #473, #3508 ) ;
#1154 = ORIENTED_EDGE ( 'NONE', *, *, #4824, .F. ) ;
#1155 = AXIS2_PLACEMENT_3D ( 'NONE', #1323, #3555, #4821 ) ;
#1156 = VECTOR ( 'NONE', #1722, 1000.000000000000000 ) ;
#1157 = CYLINDRICAL_SURFACE ( 'NONE', #3723, 0.7000000000000000666 ) ;
#1158 = CARTESIAN_POINT ( 'NONE',  ( -3.799999999999999822, 0.09999999999999624467, -5.551115123125779744E-16 ) ) ;
#1159 = DIRECTION ( 'NONE',  ( -1.000000000000000000, -1.000000000000000078E-15, 1.077886431674909893E-16 ) ) ;
#1160 = AXIS2_PLACEMENT_3D ( 'NONE', #2303, #52, #3459 ) ;
#1161 = VECTOR ( 'NONE', #2095, 1000.000000000000000 ) ;
#1162 = CARTESIAN_POINT ( 'NONE',  ( 4.150000000000000355, 4.119968255444916849E-15, 4.150000000000000355 ) ) ;
#1163 = ORIENTED_EDGE ( 'NONE', *, *, #4054, .F. ) ;
#1164 = FILL_AREA_STYLE ('',( #1919 ) ) ;
#1165 = AXIS2_PLACEMENT_3D ( 'NONE', #1347, #947, #4414 ) ;
#1166 = EDGE_CURVE ( 'NONE', #3845, #2107, #1976, .T. ) ;
#1167 = ORIENTED_EDGE ( 'NONE', *, *, #2277, .F. ) ;
#1168 = EDGE_CURVE ( 'NONE', #2726, #475, #2313, .T. ) ;
#1169 = CARTESIAN_POINT ( 'NONE',  ( -1.500000000000008438, 8.499999999999998224, 5.150000000000000355 ) ) ;
#1170 = ORIENTED_EDGE ( 'NONE', *, *, #325, .T. ) ;
#1171 = VECTOR ( 'NONE', #4680, 1000.000000000000000 ) ;
#1172 = VECTOR ( 'NONE', #2089, 1000.000000000000000 ) ;
#1173 = EDGE_LOOP ( 'NONE', ( #319, #4640, #1637, #447 ) ) ;
#1174 = DIRECTION ( 'NONE',  ( 1.886301255431089879E-16, 1.886301255431090051E-31, 1.000000000000000000 ) ) ;
#1175 = DIRECTION ( 'NONE',  ( 1.000000000000000000, 1.000000000000000078E-15, 0.000000000000000000 ) ) ;
#1176 = EDGE_CURVE ( 'NONE', #3437, #2470, #3467, .T. ) ;
#1177 = ADVANCED_FACE ( 'NONE', ( #1864 ), #3398, .T. ) ;
#1178 = AXIS2_PLACEMENT_3D ( 'NONE', #3102, #1899, #3434 ) ;
#1179 = CARTESIAN_POINT ( 'NONE',  ( 4.649999999999999467, 4.553649124439118623E-15, -0.7500000000000000000 ) ) ;
#1180 = ORIENTED_EDGE ( 'NONE', *, *, #4262, .F. ) ;
#1181 = EDGE_LOOP ( 'NONE', ( #2883, #4949, #1055, #3756, #4557, #3591, #1406, #1224 ) ) ;
#1182 = ORIENTED_EDGE ( 'NONE', *, *, #3996, .F. ) ;
#1183 = PLANE ( 'NONE',  #4601 ) ;
#1184 = ORIENTED_EDGE ( 'NONE', *, *, #504, .F. ) ;
#1185 = FACE_OUTER_BOUND ( 'NONE', #4815, .T. ) ;
#1186 = EDGE_LOOP ( 'NONE', ( #428, #1631, #493, #3672 ) ) ;
#1187 = LINE ( 'NONE', #371, #936 ) ;
#1188 = ORIENTED_EDGE ( 'NONE', *, *, #4028, .F. ) ;
#1189 = CARTESIAN_POINT ( 'NONE',  ( 3.449999999999998845, 0.4300000000000000488, -0.7500000000000002220 ) ) ;
#1190 = ORIENTED_EDGE ( 'NONE', *, *, #2947, .T. ) ;
#1191 = ORIENTED_EDGE ( 'NONE', *, *, #3601, .F. ) ;
#1192 = EDGE_CURVE ( 'NONE', #4014, #2069, #2216, .T. ) ;
#1193 = DIRECTION ( 'NONE',  ( -1.305151571741039911E-16, -3.813182435717419867E-32, -1.000000000000000000 ) ) ;
#1194 = CARTESIAN_POINT ( 'NONE',  ( -3.350000000000000089, -3.252606517456513302E-15, -5.150000000000000355 ) ) ;
#1195 = CARTESIAN_POINT ( 'NONE',  ( 4.150000000000000355, 2.168404344971008868E-15, -0.6500000000000001332 ) ) ;
#1196 = EDGE_CURVE ( 'NONE', #1459, #3644, #3830, .T. ) ;
#1197 = EDGE_CURVE ( 'NONE', #3427, #1046, #3028, .T. ) ;
#1198 = ORIENTED_EDGE ( 'NONE', *, *, #543, .T. ) ;
#1199 = ORIENTED_EDGE ( 'NONE', *, *, #1196, .F. ) ;
#1200 = EDGE_CURVE ( 'NONE', #3294, #1950, #3980, .T. ) ;
#1201 = ORIENTED_EDGE ( 'NONE', *, *, #1975, .F. ) ;
#1202 = LINE ( 'NONE', #3593, #4928 ) ;
#1203 = VERTEX_POINT ( 'NONE', #1936 ) ;
#1204 = DIRECTION ( 'NONE',  ( 0.000000000000000000, 0.000000000000000000, -1.000000000000000000 ) ) ;
#1205 = DIRECTION ( 'NONE',  ( -2.921639538487250810E-16, 1.000000000000000000, 0.000000000000000000 ) ) ;
#1206 = EDGE_LOOP ( 'NONE', ( #1927, #474, #4133, #1592 ) ) ;
#1207 = CARTESIAN_POINT ( 'NONE',  ( -2.975000000000000533, 0.3299999999999970179, 0.000000000000000000 ) ) ;
#1208 = CARTESIAN_POINT ( 'NONE',  ( 4.150000000000000355, 2.168404344971008868E-15, -2.050000000000000266 ) ) ;
#1209 = DIRECTION ( 'NONE',  ( -1.000000000000000078E-15, 1.000000000000000000, 0.000000000000000000 ) ) ;
#1210 = DIRECTION ( 'NONE',  ( 1.000000000000000078E-15, -1.000000000000000000, 0.000000000000000000 ) ) ;
#1211 = VERTEX_POINT ( 'NONE', #3094 ) ;
#1212 = ORIENTED_EDGE ( 'NONE', *, *, #3902, .F. ) ;
#1213 = DIRECTION ( 'NONE',  ( 1.000000000000000078E-15, -1.000000000000000000, 0.000000000000000000 ) ) ;
#1214 = CYLINDRICAL_SURFACE ( 'NONE', #763, 0.9999999999999995559 ) ;
#1215 = CARTESIAN_POINT ( 'NONE',  ( -4.150000000000000355, 0.3300000000000000155, 0.6500000000000000222 ) ) ;
#1216 = CARTESIAN_POINT ( 'NONE',  ( 4.874423042781578452, 1.000000000000004885, -1.500000000000000000 ) ) ;
#1217 = VERTEX_POINT ( 'NONE', #1892 ) ;
#1218 = DIRECTION ( 'NONE',  ( 1.000000000000000078E-15, -1.000000000000000000, 0.000000000000000000 ) ) ;
#1219 = ORIENTED_EDGE ( 'NONE', *, *, #1349, .F. ) ;
#1220 = EDGE_CURVE ( 'NONE', #179, #3644, #857, .T. ) ;
#1221 = ADVANCED_FACE ( 'NONE', ( #2290 ), #1916, .F. ) ;
#1222 = ORIENTED_EDGE ( 'NONE', *, *, #2654, .T. ) ;
#1223 = DIRECTION ( 'NONE',  ( -0.000000000000000000, 0.000000000000000000, -1.000000000000000000 ) ) ;
#1224 = ORIENTED_EDGE ( 'NONE', *, *, #2305, .F. ) ;
#1225 = VECTOR ( 'NONE', #2981, 1000.000000000000000 ) ;
#1226 = VECTOR ( 'NONE', #4472, 1000.000000000000000 ) ;
#1227 = CARTESIAN_POINT ( 'NONE',  ( 4.149999999999999467, 0.3300000000000021805, -0.6500000000000001332 ) ) ;
#1228 = ADVANCED_FACE ( 'NONE', ( #4123 ), #692, .T. ) ;
#1229 = DIRECTION ( 'NONE',  ( 0.7071067811865479058, 7.071067811865485194E-16, 0.7071067811865471286 ) ) ;
#1230 = VECTOR ( 'NONE', #3432, 1000.000000000000000 ) ;
#1231 = MECHANICAL_DESIGN_GEOMETRIC_PRESENTATION_REPRESENTATION (  '', ( #602 ), #2522 ) ;
#1232 = EDGE_LOOP ( 'NONE', ( #2725, #4201, #2734, #2255 ) ) ;
#1233 = DIRECTION ( 'NONE',  ( -1.000000000000000000, -1.000802005371234832E-15, 0.000000000000000000 ) ) ;
#1234 = DIRECTION ( 'NONE',  ( -1.000000000000000000, -1.000000000000000078E-15, 0.000000000000000000 ) ) ;
#1235 = CARTESIAN_POINT ( 'NONE',  ( -4.150000000000000355, 0.3299999999999958522, -0.7500000000000000000 ) ) ;
#1236 = VECTOR ( 'NONE', #2930, 1000.000000000000000 ) ;
#1237 = FACE_OUTER_BOUND ( 'NONE', #792, .T. ) ;
#1238 = ORIENTED_EDGE ( 'NONE', *, *, #3071, .T. ) ;
#1239 = VECTOR ( 'NONE', #3788, 1000.000000000000000 ) ;
#1240 = ORIENTED_EDGE ( 'NONE', *, *, #4182, .F. ) ;
#1241 = VECTOR ( 'NONE', #1946, 1000.000000000000000 ) ;
#1242 = VECTOR ( 'NONE', #4296, 1000.000000000000000 ) ;
#1243 = DIRECTION ( 'NONE',  ( 0.000000000000000000, 0.000000000000000000, 1.000000000000000000 ) ) ;
#1244 = DIRECTION ( 'NONE',  ( 2.707861035671110002E-16, 2.707861035671110317E-31, -1.000000000000000000 ) ) ;
#1245 = CARTESIAN_POINT ( 'NONE',  ( 1.624999999999998224, 2.329999999999999627, 0.000000000000000000 ) ) ;
#1246 = VECTOR ( 'NONE', #1675, 1000.000000000000000 ) ;
#1247 = DIRECTION ( 'NONE',  ( 1.000000000000000078E-15, -1.000000000000000000, 0.000000000000000000 ) ) ;
#1248 = TOROIDAL_SURFACE ( 'NONE', #1493, 5.941071428571440549, 1.116071428571439927 ) ;
#1249 = ORIENTED_EDGE ( 'NONE', *, *, #3664, .T. ) ;
#1250 = CIRCLE ( 'NONE', #138, 5.100000000000000533 ) ;
#1251 = DIRECTION ( 'NONE',  ( -0.000000000000000000, 0.000000000000000000, 1.000000000000000000 ) ) ;
#1252 = ORIENTED_EDGE ( 'NONE', *, *, #495, .F. ) ;
#1253 = ORIENTED_EDGE ( 'NONE', *, *, #1876, .T. ) ;
#1254 = ADVANCED_FACE ( 'NONE', ( #1391 ), #327, .T. ) ;
#1255 = LINE ( 'NONE', #1986, #1634 ) ;
#1256 = ORIENTED_EDGE ( 'NONE', *, *, #2157, .T. ) ;
#1257 = DIRECTION ( 'NONE',  ( -0.7071067811865467956, -0.7071067811865482389, 0.000000000000000000 ) ) ;
#1258 = ORIENTED_EDGE ( 'NONE', *, *, #2980, .F. ) ;
#1259 = ADVANCED_FACE ( 'NONE', ( #2226 ), #3330, .T. ) ;
#1260 = EDGE_CURVE ( 'NONE', #823, #633, #4077, .T. ) ;
#1261 = SURFACE_SIDE_STYLE ('',( #2416 ) ) ;
#1262 = DIRECTION ( 'NONE',  ( -1.000000000000000000, -1.000000000000000078E-15, 0.000000000000000000 ) ) ;
#1263 = FACE_OUTER_BOUND ( 'NONE', #1186, .T. ) ;
#1264 = DIRECTION ( 'NONE',  ( -1.077886431674909893E-16, -1.077886431674910039E-31, -1.000000000000000000 ) ) ;
#1265 = ORIENTED_EDGE ( 'NONE', *, *, #4753, .T. ) ;
#1266 = ORIENTED_EDGE ( 'NONE', *, *, #3444, .F. ) ;
#1267 = EDGE_CURVE ( 'NONE', #3949, #3072, #1041, .T. ) ;
#1268 = CARTESIAN_POINT ( 'NONE',  ( 2.680000000000000160, 0.3300000000000050115, 0.000000000000000000 ) ) ;
#1269 = CARTESIAN_POINT ( 'NONE',  ( -2.775557561562889773E-15, 10.49999999999999822, 0.000000000000000000 ) ) ;
#1270 = LINE ( 'NONE', #970, #2610 ) ;
#1271 = CARTESIAN_POINT ( 'NONE',  ( -4.150000000000000355, 0.1000000000000000472, -2.050000000000000266 ) ) ;
#1272 = VERTEX_POINT ( 'NONE', #990 ) ;
#1273 = DIRECTION ( 'NONE',  ( 0.7071067811865476838, -0.7071067811865472397, 0.000000000000000000 ) ) ;
#1274 = ORIENTED_EDGE ( 'NONE', *, *, #257, .T. ) ;
#1275 = VERTEX_POINT ( 'NONE', #4913 ) ;
#1276 = LINE ( 'NONE', #2811, #4116 ) ;
#1277 = ORIENTED_EDGE ( 'NONE', *, *, #16, .F. ) ;
#1278 = CARTESIAN_POINT ( 'NONE',  ( 2.274999999999999023, 1.500000000000000000, 0.000000000000000000 ) ) ;
#1279 = ORIENTED_EDGE ( 'NONE', *, *, #409, .F. ) ;
#1280 = DIRECTION ( 'NONE',  ( -2.914335439641030002E-16, 1.000000000000000000, -8.944941272679409907E-35 ) ) ;
#1281 = LINE ( 'NONE', #2795, #4698 ) ;
#1282 = PLANE ( 'NONE',  #4209 ) ;
#1283 = EDGE_CURVE ( 'NONE', #2228, #823, #1250, .T. ) ;
#1284 = EDGE_CURVE ( 'NONE', #2899, #4176, #2999, .T. ) ;
#1285 = PLANE ( 'NONE',  #2604 ) ;
#1286 = ORIENTED_EDGE ( 'NONE', *, *, #1445, .F. ) ;
#1287 = EDGE_LOOP ( 'NONE', ( #1933, #2354, #1190, #2787 ) ) ;
#1288 = FACE_OUTER_BOUND ( 'NONE', #467, .T. ) ;
#1289 = LINE ( 'NONE', #991, #1717 ) ;
#1290 = FACE_OUTER_BOUND ( 'NONE', #2421, .T. ) ;
#1291 = EDGE_CURVE ( 'NONE', #416, #1950, #1367, .T. ) ;
#1292 = DIRECTION ( 'NONE',  ( -1.000000000000000000, -1.000000000000000078E-15, 0.000000000000000000 ) ) ;
#1293 = EDGE_CURVE ( 'NONE', #3051, #3828, #4952, .T. ) ;
#1294 = ORIENTED_EDGE ( 'NONE', *, *, #235, .F. ) ;
#1295 = CARTESIAN_POINT ( 'NONE',  ( 4.150000000000000355, 4.119968255444916849E-15, 2.050000000000000266 ) ) ;
#1296 = VERTEX_POINT ( 'NONE', #664 ) ;
#1297 = ORIENTED_EDGE ( 'NONE', *, *, #2497, .F. ) ;
#1298 = LINE ( 'NONE', #4371, #1710 ) ;
#1299 = EDGE_LOOP ( 'NONE', ( #3616, #2282, #783, #934 ) ) ;
#1300 = DIRECTION ( 'NONE',  ( -1.000000000000000000, -1.000000000000000078E-15, 0.000000000000000000 ) ) ;
#1301 = ORIENTED_EDGE ( 'NONE', *, *, #3759, .F. ) ;
#1302 = AXIS2_PLACEMENT_3D ( 'NONE', #3117, #1091, #1863 ) ;
#1303 = CARTESIAN_POINT ( 'NONE',  ( -4.150000000000000355, 0.4300000000000000488, 0.7499999999999997780 ) ) ;
#1304 = DIRECTION ( 'NONE',  ( -1.000000000000000078E-15, 1.000000000000000000, 0.000000000000000000 ) ) ;
#1305 = FACE_OUTER_BOUND ( 'NONE', #802, .T. ) ;
#1306 = CARTESIAN_POINT ( 'NONE',  ( 4.649999999999999467, 4.553649124439118623E-15, -1.500000000000000000 ) ) ;
#1307 = ORIENTED_EDGE ( 'NONE', *, *, #871, .F. ) ;
#1308 = VERTEX_POINT ( 'NONE', #2249 ) ;
#1309 = VECTOR ( 'NONE', #2594, 1000.000000000000000 ) ;
#1310 = FACE_OUTER_BOUND ( 'NONE', #1206, .T. ) ;
#1311 = EDGE_CURVE ( 'NONE', #3990, #4260, #3786, .T. ) ;
#1312 = LINE ( 'NONE', #4351, #279 ) ;
#1313 = VECTOR ( 'NONE', #4160, 1000.000000000000000 ) ;
#1314 = CARTESIAN_POINT ( 'NONE',  ( 6.499696366089204757E-17, 2.799999999999999822, 4.825000000000000178 ) ) ;
#1315 = DIRECTION ( 'NONE',  ( -1.000000000000000078E-15, 1.000000000000000000, 0.000000000000000000 ) ) ;
#1316 = AXIS2_PLACEMENT_3D ( 'NONE', #781, #4665, #478 ) ;
#1317 = LINE ( 'NONE', #576, #1803 ) ;
#1318 = AXIS2_PLACEMENT_3D ( 'NONE', #4514, #1029, #4470 ) ;
#1319 = VECTOR ( 'NONE', #1536, 1000.000000000000000 ) ;
#1320 = ORIENTED_EDGE ( 'NONE', *, *, #3996, .T. ) ;
#1321 = ORIENTED_EDGE ( 'NONE', *, *, #591, .T. ) ;
#1322 = PRESENTATION_LAYER_ASSIGNMENT (  '', '', ( #1092 ) ) ;
#1323 = CARTESIAN_POINT ( 'NONE',  ( -3.450000000000000178, 0.3299999999999965183, 0.7500000000000000000 ) ) ;
#1324 = EDGE_CURVE ( 'NONE', #3375, #2983, #2936, .T. ) ;
#1325 = EDGE_CURVE ( 'NONE', #1296, #104, #4229, .T. ) ;
#1326 = VECTOR ( 'NONE', #3685, 1000.000000000000000 ) ;
#1327 = DIRECTION ( 'NONE',  ( 1.000000000000000078E-15, -1.000000000000000000, 0.000000000000000000 ) ) ;
#1328 = ORIENTED_EDGE ( 'NONE', *, *, #1384, .F. ) ;
#1329 = CIRCLE ( 'NONE', #2851, 0.2999999999999999334 ) ;
#1330 = AXIS2_PLACEMENT_3D ( 'NONE', #878, #2103, #604 ) ;
#1331 = AXIS2_PLACEMENT_3D ( 'NONE', #4225, #4932, #12 ) ;
#1332 = ORIENTED_EDGE ( 'NONE', *, *, #2247, .T. ) ;
#1333 = CARTESIAN_POINT ( 'NONE',  ( 5.150000000000000355, 5.204170427930421283E-15, 5.150000000000000355 ) ) ;
#1334 = ORIENTED_EDGE ( 'NONE', *, *, #3848, .F. ) ;
#1335 = FACE_OUTER_BOUND ( 'NONE', #1620, .T. ) ;
#1336 = VECTOR ( 'NONE', #292, 1000.000000000000000 ) ;
#1337 = EDGE_LOOP ( 'NONE', ( #3173, #4891, #2937, #4584, #134, #539 ) ) ;
#1338 = DIRECTION ( 'NONE',  ( 1.000000000000000078E-15, -1.000000000000000000, 0.000000000000000000 ) ) ;
#1339 = DIRECTION ( 'NONE',  ( 0.000000000000000000, -1.000000000000000000, 0.000000000000000000 ) ) ;
#1340 = DIRECTION ( 'NONE',  ( -1.000000000000000078E-15, 1.000000000000000000, 0.000000000000000000 ) ) ;
#1341 = FACE_OUTER_BOUND ( 'NONE', #1040, .T. ) ;
#1342 = VERTEX_POINT ( 'NONE', #4637 ) ;
#1343 = VERTEX_POINT ( 'NONE', #68 ) ;
#1344 = DIRECTION ( 'NONE',  ( 1.000000000000000078E-15, -1.000000000000000000, 0.000000000000000000 ) ) ;
#1345 = DIRECTION ( 'NONE',  ( -1.000000000000000000, -1.000802005371234832E-15, 0.000000000000000000 ) ) ;
#1346 = FACE_OUTER_BOUND ( 'NONE', #2217, .T. ) ;
#1347 = CARTESIAN_POINT ( 'NONE',  ( -3.449999999999999734, -3.469446951953614189E-15, -2.050000000000000266 ) ) ;
#1348 = DIRECTION ( 'NONE',  ( 0.000000000000000000, 0.000000000000000000, -1.000000000000000000 ) ) ;
#1349 = EDGE_CURVE ( 'NONE', #2706, #2820, #1187, .T. ) ;
#1350 = VERTEX_POINT ( 'NONE', #2722 ) ;
#1351 = ORIENTED_EDGE ( 'NONE', *, *, #920, .F. ) ;
#1352 = DIRECTION ( 'NONE',  ( 0.7071067811865476838, -0.7071067811865472397, 0.000000000000000000 ) ) ;
#1353 = DIRECTION ( 'NONE',  ( 1.000000000000000000, 2.602085213965210642E-16, 0.000000000000000000 ) ) ;
#1354 = ORIENTED_EDGE ( 'NONE', *, *, #1572, .T. ) ;
#1355 = ADVANCED_FACE ( 'NONE', ( #4249 ), #1593, .T. ) ;
#1356 = EDGE_CURVE ( 'NONE', #4468, #879, #3260, .T. ) ;
#1357 = ORIENTED_EDGE ( 'NONE', *, *, #3169, .F. ) ;
#1358 = DIRECTION ( 'NONE',  ( 2.921639538487249824E-16, -1.000000000000000000, 0.000000000000000000 ) ) ;
#1359 = VERTEX_POINT ( 'NONE', #2369 ) ;
#1360 = FILL_AREA_STYLE ('',( #4445 ) ) ;
#1361 = ADVANCED_FACE ( 'NONE', ( #417 ), #2337, .T. ) ;
#1362 = ORIENTED_EDGE ( 'NONE', *, *, #3127, .F. ) ;
#1363 = DIRECTION ( 'NONE',  ( -3.700743415417190112E-16, -3.700743415417190507E-31, 1.000000000000000000 ) ) ;
#1364 = LINE ( 'NONE', #2147, #4865 ) ;
#1365 = ORIENTED_EDGE ( 'NONE', *, *, #1572, .F. ) ;
#1366 = ORIENTED_EDGE ( 'NONE', *, *, #4925, .T. ) ;
#1367 = LINE ( 'NONE', #2527, #3101 ) ;
#1368 = DIRECTION ( 'NONE',  ( -1.000000000000000000, -3.690901012716610650E-16, 1.224646799147350249E-16 ) ) ;
#1369 = CARTESIAN_POINT ( 'NONE',  ( -5.000000000000000888, 3.399999999999998579, 6.123233995736766282E-16 ) ) ;
#1370 = FACE_OUTER_BOUND ( 'NONE', #3433, .T. ) ;
#1371 = ORIENTED_EDGE ( 'NONE', *, *, #801, .F. ) ;
#1372 = CARTESIAN_POINT ( 'NONE',  ( -4.650000000000000355, 0.9999999999999954481, -1.500000000000000000 ) ) ;
#1373 = LINE ( 'NONE', #531, #4527 ) ;
#1374 = ORIENTED_EDGE ( 'NONE', *, *, #983, .F. ) ;
#1375 = ORIENTED_EDGE ( 'NONE', *, *, #3934, .T. ) ;
#1376 = EDGE_CURVE ( 'NONE', #1359, #2706, #440, .T. ) ;
#1377 = DIRECTION ( 'NONE',  ( 1.886301255431089879E-16, 1.886301255431090051E-31, 1.000000000000000000 ) ) ;
#1378 = ADVANCED_FACE ( 'NONE', ( #345 ), #3666, .T. ) ;
#1379 = EDGE_LOOP ( 'NONE', ( #977, #4814, #4, #3107 ) ) ;
#1380 = CARTESIAN_POINT ( 'NONE',  ( -1.500000000000008438, 8.499999999999998224, 5.150000000000000355 ) ) ;
#1381 = ORIENTED_EDGE ( 'NONE', *, *, #3865, .F. ) ;
#1382 = DIRECTION ( 'NONE',  ( -0.000000000000000000, 0.000000000000000000, 1.000000000000000000 ) ) ;
#1383 = EDGE_CURVE ( 'NONE', #3821, #2467, #3121, .T. ) ;
#1384 = EDGE_CURVE ( 'NONE', #4695, #1308, #616, .T. ) ;
#1385 = CARTESIAN_POINT ( 'NONE',  ( 4.150000000000000355, 0.1000000000000041689, 2.050000000000000266 ) ) ;
#1386 = EDGE_CURVE ( 'NONE', #2572, #901, #2542, .T. ) ;
#1387 = DIRECTION ( 'NONE',  ( 0.000000000000000000, 0.000000000000000000, -1.000000000000000000 ) ) ;
#1388 =( LENGTH_UNIT ( ) NAMED_UNIT ( * ) SI_UNIT ( .MILLI., .METRE. ) );
#1389 = VERTEX_POINT ( 'NONE', #1207 ) ;
#1390 = CIRCLE ( 'NONE', #4194, 1.116071428571439705 ) ;
#1391 = FACE_OUTER_BOUND ( 'NONE', #3058, .T. ) ;
#1392 = PLANE ( 'NONE',  #3329 ) ;
#1393 = AXIS2_PLACEMENT_3D ( 'NONE', #860, #1223, #3212 ) ;
#1394 = DIRECTION ( 'NONE',  ( 0.000000000000000000, 0.000000000000000000, -1.000000000000000000 ) ) ;
#1395 = LINE ( 'NONE', #2882, #1733 ) ;
#1396 = CIRCLE ( 'NONE', #4199, 5.000000000000000000 ) ;
#1397 = EDGE_LOOP ( 'NONE', ( #4190, #663, #758, #2659 ) ) ;
#1398 = VECTOR ( 'NONE', #3713, 1000.000000000000000 ) ;
#1399 = AXIS2_PLACEMENT_3D ( 'NONE', #4957, #2985, #1602 ) ;
#1400 = SURFACE_STYLE_FILL_AREA ( #1449 ) ;
#1401 = DIRECTION ( 'NONE',  ( 0.000000000000000000, -1.000000000000000000, 0.000000000000000000 ) ) ;
#1402 = AXIS2_PLACEMENT_3D ( 'NONE', #4389, #2126, #2097 ) ;
#1403 = VECTOR ( 'NONE', #2951, 1000.000000000000000 ) ;
#1404 = CARTESIAN_POINT ( 'NONE',  ( -4.150000000000000355, 0.4299999999999958300, -0.7500000000000000000 ) ) ;
#1405 = VECTOR ( 'NONE', #3198, 1000.000000000000000 ) ;
#1406 = ORIENTED_EDGE ( 'NONE', *, *, #3071, .F. ) ;
#1407 = CIRCLE ( 'NONE', #2131, 0.7500000000000000000 ) ;
#1408 = AXIS2_PLACEMENT_3D ( 'NONE', #742, #3049, #31 ) ;
#1409 = DIRECTION ( 'NONE',  ( -1.000000000000000078E-15, 1.000000000000000000, 0.000000000000000000 ) ) ;
#1410 = ORIENTED_EDGE ( 'NONE', *, *, #2674, .T. ) ;
#1411 = DIRECTION ( 'NONE',  ( 5.112194853492090469E-16, -1.000000000000000000, 0.000000000000000000 ) ) ;
#1412 = AXIS2_PLACEMENT_3D ( 'NONE', #482, #459, #4596 ) ;
#1413 = VECTOR ( 'NONE', #250, 1000.000000000000000 ) ;
#1414 = VECTOR ( 'NONE', #838, 1000.000000000000000 ) ;
#1415 = EDGE_CURVE ( 'NONE', #1502, #760, #1867, .T. ) ;
#1416 = VERTEX_POINT ( 'NONE', #4939 ) ;
#1417 = LINE ( 'NONE', #1748, #4385 ) ;
#1418 = FACE_OUTER_BOUND ( 'NONE', #1528, .T. ) ;
#1419 = VECTOR ( 'NONE', #3403, 1000.000000000000000 ) ;
#1420 = LINE ( 'NONE', #3680, #2530 ) ;
#1421 = CARTESIAN_POINT ( 'NONE',  ( -0.3605702853507279371, 0.9999999999999995559, 5.150000000000000355 ) ) ;
#1422 = EDGE_CURVE ( 'NONE', #2859, #3222, #3453, .T. ) ;
#1423 = EDGE_CURVE ( 'NONE', #1211, #4068, #4177, .T. ) ;
#1424 = EDGE_LOOP ( 'NONE', ( #1253, #3911, #703, #865 ) ) ;
#1425 = DIRECTION ( 'NONE',  ( -0.000000000000000000, 0.000000000000000000, -1.000000000000000000 ) ) ;
#1426 = CARTESIAN_POINT ( 'NONE',  ( 1.724999999999999867, 1.734723475976807094E-15, -2.050000000000000266 ) ) ;
#1427 = EDGE_CURVE ( 'NONE', #532, #233, #3806, .T. ) ;
#1428 = VERTEX_POINT ( 'NONE', #3833 ) ;
#1429 = LINE ( 'NONE', #2274, #4691 ) ;
#1430 = DIRECTION ( 'NONE',  ( 1.000000000000000078E-15, -1.000000000000000000, 0.000000000000000000 ) ) ;
#1431 = DIRECTION ( 'NONE',  ( 0.000000000000000000, 0.000000000000000000, -1.000000000000000000 ) ) ;
#1432 = EDGE_LOOP ( 'NONE', ( #1772, #631, #4003, #1371, #317, #1122, #2605, #4179, #3792, #3537, #353, #1240 ) ) ;
#1433 = CARTESIAN_POINT ( 'NONE',  ( -5.258951169277059840E-16, 2.799999999999999822, -4.825000000000000178 ) ) ;
#1434 = ORIENTED_EDGE ( 'NONE', *, *, #2115, .F. ) ;
#1435 = CARTESIAN_POINT ( 'NONE',  ( -2.275000000000000355, 0.3299999999999977396, 0.7500000000000000000 ) ) ;
#1436 = ORIENTED_EDGE ( 'NONE', *, *, #3471, .T. ) ;
#1437 = UNCERTAINTY_MEASURE_WITH_UNIT (LENGTH_MEASURE( 1.000000000000000082E-05 ), #4322, 'distance_accuracy_value', 'NONE');
#1438 = CARTESIAN_POINT ( 'NONE',  ( 4.699999999999991296, 8.500000000000005329, -3.799999999999999822 ) ) ;
#1439 = LINE ( 'NONE', #4427, #2698 ) ;
#1440 = DIRECTION ( 'NONE',  ( 1.000000000000000078E-15, -1.000000000000000000, 2.465190328815609891E-32 ) ) ;
#1441 = CARTESIAN_POINT ( 'NONE',  ( 4.649999999999999467, 4.553649124439118623E-15, 1.500000000000000000 ) ) ;
#1442 = EDGE_LOOP ( 'NONE', ( #4386, #344, #3306, #1853, #2990, #1512 ) ) ;
#1443 = ADVANCED_FACE ( 'NONE', ( #398 ), #4607, .T. ) ;
#1444 = DIRECTION ( 'NONE',  ( 1.000000000000000000, 2.696461361621979658E-16, 0.000000000000000000 ) ) ;
#1445 = EDGE_CURVE ( 'NONE', #4189, #4442, #4465, .T. ) ;
#1446 = LINE ( 'NONE', #2976, #3659 ) ;
#1447 =( NAMED_UNIT ( * ) PLANE_ANGLE_UNIT ( ) SI_UNIT ( $, .RADIAN. ) );
#1448 = ORIENTED_EDGE ( 'NONE', *, *, #1822, .T. ) ;
#1449 = FILL_AREA_STYLE ('',( #1854 ) ) ;
#1450 = CARTESIAN_POINT ( 'NONE',  ( -5.850000000000000533, 0.3300000000000027356, -0.5999999999999999778 ) ) ;
#1451 = EDGE_CURVE ( 'NONE', #4841, #1544, #4222, .T. ) ;
#1452 = CARTESIAN_POINT ( 'NONE',  ( -3.729109999999999925, 0.3791100000000013903, 0.5999999999999999778 ) ) ;
#1453 = AXIS2_PLACEMENT_3D ( 'NONE', #268, #3733, #2194 ) ;
#1454 = ORIENTED_EDGE ( 'NONE', *, *, #3015, .F. ) ;
#1455 = CARTESIAN_POINT ( 'NONE',  ( 4.150000000000000355, 4.119968255444916849E-15, 2.050000000000000266 ) ) ;
#1456 = VERTEX_POINT ( 'NONE', #489 ) ;
#1457 = DIRECTION ( 'NONE',  ( -1.000000000000000000, -1.000000000000000078E-15, 0.000000000000000000 ) ) ;
#1458 = VERTEX_POINT ( 'NONE', #565 ) ;
#1459 = VERTEX_POINT ( 'NONE', #3945 ) ;
#1460 = PLANE ( 'NONE',  #1072 ) ;
#1461 = DIRECTION ( 'NONE',  ( -1.000000000000000000, -5.337610695313270120E-16, 0.000000000000000000 ) ) ;
#1462 = DIRECTION ( 'NONE',  ( -2.999999999999999839E-15, 1.000000000000000000, 0.000000000000000000 ) ) ;
#1463 =( NAMED_UNIT ( * ) SI_UNIT ( $, .STERADIAN. ) SOLID_ANGLE_UNIT ( ) );
#1464 = CARTESIAN_POINT ( 'NONE',  ( 2.350000000000000533, 0.7415151996457639560, -0.5999999999999999778 ) ) ;
#1465 = ORIENTED_EDGE ( 'NONE', *, *, #3627, .T. ) ;
#1466 = FILL_AREA_STYLE ('',( #2633 ) ) ;
#1467 = VERTEX_POINT ( 'NONE', #1303 ) ;
#1468 = CARTESIAN_POINT ( 'NONE',  ( -4.150000000000000355, 0.1000000000000000472, -0.7500000000000002220 ) ) ;
#1469 = CARTESIAN_POINT ( 'NONE',  ( 2.617266549552056436E-16, 2.199999999999999734, 4.999999999999999112 ) ) ;
#1470 = ORIENTED_EDGE ( 'NONE', *, *, #1325, .T. ) ;
#1471 = EDGE_CURVE ( 'NONE', #2316, #3452, #4875, .T. ) ;
#1472 = AXIS2_PLACEMENT_3D ( 'NONE', #2485, #579, #3288 ) ;
#1473 = LINE ( 'NONE', #2232, #194 ) ;
#1474 = CARTESIAN_POINT ( 'NONE',  ( -5.150000000000007461, 7.499999999999994671, 1.500000000000000000 ) ) ;
#1475 = VECTOR ( 'NONE', #3773, 1000.000000000000000 ) ;
#1476 = VECTOR ( 'NONE', #2803, 1000.000000000000000 ) ;
#1477 = EDGE_CURVE ( 'NONE', #3286, #2107, #3267, .T. ) ;
#1478 = EDGE_CURVE ( 'NONE', #614, #3348, #4378, .T. ) ;
#1479 = EDGE_LOOP ( 'NONE', ( #239, #1704, #210, #949, #3678, #3207, #4662, #1524, #1758, #2239, #3755, #2950 ) ) ;
#1480 = CIRCLE ( 'NONE', #3341, 0.2500000000000000000 ) ;
#1481 = DIRECTION ( 'NONE',  ( 1.000000000000000000, 1.000000000000000078E-15, 0.000000000000000000 ) ) ;
#1482 = MECHANICAL_DESIGN_GEOMETRIC_PRESENTATION_REPRESENTATION (  '', ( #3649 ), #2123 ) ;
#1483 = ORIENTED_EDGE ( 'NONE', *, *, #155, .F. ) ;
#1484 = VECTOR ( 'NONE', #3505, 1000.000000000000000 ) ;
#1485 = VECTOR ( 'NONE', #4645, 1000.000000000000000 ) ;
#1486 = CIRCLE ( 'NONE', #4287, 0.3300000000000003486 ) ;
#1487 = VECTOR ( 'NONE', #322, 1000.000000000000000 ) ;
#1488 = VERTEX_POINT ( 'NONE', #3216 ) ;
#1489 = CARTESIAN_POINT ( 'NONE',  ( 4.150000000000000355, 0.3300000000000041234, -0.7500000000000000000 ) ) ;
#1490 = DIRECTION ( 'NONE',  ( 1.000000000000000000, 2.696461361621979658E-16, 0.000000000000000000 ) ) ;
#1491 = DIRECTION ( 'NONE',  ( 1.000000000000000078E-15, -1.000000000000000000, 0.000000000000000000 ) ) ;
#1492 = CIRCLE ( 'NONE', #4290, 0.7000000000000000666 ) ;
#1493 = AXIS2_PLACEMENT_3D ( 'NONE', #1037, #1787, #3354 ) ;
#1494 = CARTESIAN_POINT ( 'NONE',  ( 3.449999999999999734, 0.000000000000000000, -0.6500000000000001332 ) ) ;
#1495 = EDGE_LOOP ( 'NONE', ( #507, #858, #1483, #1212 ) ) ;
#1496 = STYLED_ITEM ( 'NONE', ( #4785 ), #1443 ) ;
#1497 = DIRECTION ( 'NONE',  ( 1.000000000000000000, 1.000000000000000078E-15, 0.000000000000000000 ) ) ;
#1498 = DIRECTION ( 'NONE',  ( 1.000000000000000078E-15, -1.000000000000000000, 0.000000000000000000 ) ) ;
#1499 = CARTESIAN_POINT ( 'NONE',  ( 4.150000000000000355, 0.3300000000000041234, -0.7500000000000000000 ) ) ;
#1500 = FACE_OUTER_BOUND ( 'NONE', #4929, .T. ) ;
#1501 = CIRCLE ( 'NONE', #1981, 0.3300000000000001821 ) ;
#1502 = VERTEX_POINT ( 'NONE', #3598 ) ;
#1503 = DIRECTION ( 'NONE',  ( -1.000000000000000078E-15, 1.000000000000000000, 0.000000000000000000 ) ) ;
#1504 = LINE ( 'NONE', #2958, #1880 ) ;
#1505 = DIRECTION ( 'NONE',  ( 1.000000000000000078E-15, -1.000000000000000000, 0.000000000000000000 ) ) ;
#1506 = ORIENTED_EDGE ( 'NONE', *, *, #11, .F. ) ;
#1507 = LINE ( 'NONE', #3020, #3480 ) ;
#1508 = DIRECTION ( 'NONE',  ( -1.000000000000000078E-15, 1.000000000000000000, 0.000000000000000000 ) ) ;
#1509 = ORIENTED_EDGE ( 'NONE', *, *, #2127, .T. ) ;
#1510 = EDGE_CURVE ( 'NONE', #1545, #4317, #88, .T. ) ;
#1511 = EDGE_CURVE ( 'NONE', #1544, #1732, #3670, .T. ) ;
#1512 = ORIENTED_EDGE ( 'NONE', *, *, #4362, .T. ) ;
#1513 = CARTESIAN_POINT ( 'NONE',  ( -2.446654762208439582, 0.09665476220843972899, 0.5999999999999999778 ) ) ;
#1514 = CARTESIAN_POINT ( 'NONE',  ( -4.150000000000000355, 0.1000000000000000472, -2.050000000000000266 ) ) ;
#1515 = DIRECTION ( 'NONE',  ( 3.233659295024729803E-16, 3.233659295024730118E-31, 1.000000000000000000 ) ) ;
#1516 = ADVANCED_FACE ( 'NONE', ( #183 ), #1711, .T. ) ;
#1517 = FACE_OUTER_BOUND ( 'NONE', #899, .T. ) ;
#1518 = ORIENTED_EDGE ( 'NONE', *, *, #4610, .T. ) ;
#1519 = DIRECTION ( 'NONE',  ( 0.000000000000000000, 0.000000000000000000, -1.000000000000000000 ) ) ;
#1520 = SPHERICAL_SURFACE ( 'NONE', #1885, 0.6500000000000000222 ) ;
#1521 = ORIENTED_EDGE ( 'NONE', *, *, #3133, .T. ) ;
#1522 = DIRECTION ( 'NONE',  ( -1.000000000000000000, -1.000000000000000078E-15, 0.000000000000000000 ) ) ;
#1523 = SURFACE_STYLE_USAGE ( .BOTH. , #3740 ) ;
#1524 = ORIENTED_EDGE ( 'NONE', *, *, #4735, .T. ) ;
#1525 = DIRECTION ( 'NONE',  ( -1.000000000000000078E-15, 1.000000000000000000, 0.000000000000000000 ) ) ;
#1526 = DIRECTION ( 'NONE',  ( -1.000000000000000078E-15, 1.000000000000000000, 0.000000000000000000 ) ) ;
#1527 = DIRECTION ( 'NONE',  ( -2.914335439641030002E-16, 1.000000000000000000, -8.944941272679409907E-35 ) ) ;
#1528 = EDGE_LOOP ( 'NONE', ( #1067, #2295, #1690, #1798, #3328 ) ) ;
#1529 = PLANE ( 'NONE',  #3258 ) ;
#1530 = ORIENTED_EDGE ( 'NONE', *, *, #3841, .T. ) ;
#1531 = VERTEX_POINT ( 'NONE', #1614 ) ;
#1532 = EDGE_CURVE ( 'NONE', #4591, #3457, #3543, .T. ) ;
#1533 = ADVANCED_FACE ( 'NONE', ( #109 ), #468, .T. ) ;
#1534 = CARTESIAN_POINT ( 'NONE',  ( -2.680000000000000160, 1.500000000000000000, -0.5999999999999999778 ) ) ;
#1535 = CYLINDRICAL_SURFACE ( 'NONE', #3091, 0.7000000000000000666 ) ;
#1536 = DIRECTION ( 'NONE',  ( 1.000000000000000000, 2.999999999999999839E-15, 0.000000000000000000 ) ) ;
#1537 = DIRECTION ( 'NONE',  ( -0.000000000000000000, 0.000000000000000000, 1.000000000000000000 ) ) ;
#1538 = VERTEX_POINT ( 'NONE', #545 ) ;
#1539 = ADVANCED_FACE ( 'NONE', ( #2066 ), #162, .T. ) ;
#1540 = ADVANCED_FACE ( 'NONE', ( #2895 ), #3725, .F. ) ;
#1541 = DIRECTION ( 'NONE',  ( -1.000000000000000078E-15, 1.000000000000000000, 0.000000000000000000 ) ) ;
#1542 = ORIENTED_EDGE ( 'NONE', *, *, #3159, .T. ) ;
#1543 = DIRECTION ( 'NONE',  ( -1.000000000000000078E-15, 1.000000000000000000, 0.000000000000000000 ) ) ;
#1544 = VERTEX_POINT ( 'NONE', #2991 ) ;
#1545 = VERTEX_POINT ( 'NONE', #265 ) ;
#1546 = LINE ( 'NONE', #819, #3736 ) ;
#1547 = LINE ( 'NONE', #799, #1485 ) ;
#1548 = CARTESIAN_POINT ( 'NONE',  ( 2.274999999999999023, 1.500000000000000000, 0.000000000000000000 ) ) ;
#1549 = VECTOR ( 'NONE', #2059, 1000.000000000000000 ) ;
#1550 = VERTEX_POINT ( 'NONE', #4048 ) ;
#1551 = LINE ( 'NONE', #3489, #3022 ) ;
#1552 = ORIENTED_EDGE ( 'NONE', *, *, #1625, .T. ) ;
#1553 = AXIS2_PLACEMENT_3D ( 'NONE', #3129, #1622, #4279 ) ;
#1554 = CIRCLE ( 'NONE', #2839, 0.6500000000000000222 ) ;
#1555 = EDGE_LOOP ( 'NONE', ( #2225, #335, #4661, #1671, #1201 ) ) ;
#1556 = STYLED_ITEM ( 'NONE', ( #702 ), #2403 ) ;
#1557 = CLOSED_SHELL ( 'NONE', ( #4302, #2087, #318, #3721, #3997, #4148, #4061, #4055, #1259, #4239, #4955, #780, #3823, #2212 ) ) ;
#1558 = CARTESIAN_POINT ( 'NONE',  ( 1.499999999999991562, 8.500000000000001776, -4.874423042781579340 ) ) ;
#1559 = DIRECTION ( 'NONE',  ( -0.7071067811865467956, -0.7071067811865482389, 0.000000000000000000 ) ) ;
#1560 = CARTESIAN_POINT ( 'NONE',  ( -1.500000000000007550, 7.499999999999998224, -4.874423042781579340 ) ) ;
#1561 = AXIS2_PLACEMENT_3D ( 'NONE', #2586, #2211, #1508 ) ;
#1562 = AXIS2_PLACEMENT_3D ( 'NONE', #4737, #1344, #3982 ) ;
#1563 = EDGE_CURVE ( 'NONE', #3564, #635, #2549, .T. ) ;
#1564 = VECTOR ( 'NONE', #1387, 1000.000000000000000 ) ;
#1565 = CARTESIAN_POINT ( 'NONE',  ( -8.500000000000001647E-15, 8.500000000000000000, 1.110223024625159893E-15 ) ) ;
#1566 = VERTEX_POINT ( 'NONE', #4861 ) ;
#1567 = DIRECTION ( 'NONE',  ( 1.000000000000000078E-15, -1.000000000000000000, 0.000000000000000000 ) ) ;
#1568 = AXIS2_PLACEMENT_3D ( 'NONE', #2001, #3, #3885 ) ;
#1569 = VECTOR ( 'NONE', #1687, 1000.000000000000000 ) ;
#1570 = CARTESIAN_POINT ( 'NONE',  ( -4.874423042781588222, 8.499999999999994671, -1.500000000000000000 ) ) ;
#1571 = EDGE_CURVE ( 'NONE', #3768, #3294, #1501, .T. ) ;
#1572 = EDGE_CURVE ( 'NONE', #844, #4384, #690, .T. ) ;
#1573 = LINE ( 'NONE', #1189, #2032 ) ;
#1574 = ORIENTED_EDGE ( 'NONE', *, *, #4085, .F. ) ;
#1575 = VECTOR ( 'NONE', #2024, 1000.000000000000000 ) ;
#1576 = AXIS2_PLACEMENT_3D ( 'NONE', #4970, #3908, #2319 ) ;
#1577 = VECTOR ( 'NONE', #29, 1000.000000000000000 ) ;
#1578 = ORIENTED_EDGE ( 'NONE', *, *, #1714, .F. ) ;
#1579 = FACE_OUTER_BOUND ( 'NONE', #1495, .T. ) ;
#1580 = DIRECTION ( 'NONE',  ( 2.668805347656620081E-31, -2.668805347656619776E-16, 1.000000000000000000 ) ) ;
#1581 = AXIS2_PLACEMENT_3D ( 'NONE', #746, #1567, #4587 ) ;
#1582 = DIRECTION ( 'NONE',  ( 5.337610695313270120E-16, -1.000000000000000000, 0.000000000000000000 ) ) ;
#1583 = ADVANCED_FACE ( 'NONE', ( #2145 ), #2166, .F. ) ;
#1584 = ORIENTED_EDGE ( 'NONE', *, *, #784, .F. ) ;
#1585 = CARTESIAN_POINT ( 'NONE',  ( -3.450000000000000178, 0.1674691358024696930, 0.000000000000000000 ) ) ;
#1586 = VERTEX_POINT ( 'NONE', #4451 ) ;
#1587 = ORIENTED_EDGE ( 'NONE', *, *, #900, .F. ) ;
#1588 = CARTESIAN_POINT ( 'NONE',  ( -4.874423042781580229, 0.9999999999999952260, 1.500000000000000000 ) ) ;
#1589 = ORIENTED_EDGE ( 'NONE', *, *, #805, .T. ) ;
#1590 = CARTESIAN_POINT ( 'NONE',  ( 2.574999999999991296, 8.500000000000001776, 1.500000000000000000 ) ) ;
#1591 = PLANE ( 'NONE',  #4906 ) ;
#1592 = ORIENTED_EDGE ( 'NONE', *, *, #4894, .F. ) ;
#1593 = PLANE ( 'NONE',  #1655 ) ;
#1594 = LINE ( 'NONE', #3504, #4546 ) ;
#1595 = CARTESIAN_POINT ( 'NONE',  ( -2.680000000000000160, 0.9799999999999999822, -0.5084043666216880863 ) ) ;
#1596 = CARTESIAN_POINT ( 'NONE',  ( 5.150000000000000355, 5.204170427930421283E-15, -1.500000000000000000 ) ) ;
#1597 = ORIENTED_EDGE ( 'NONE', *, *, #4579, .T. ) ;
#1598 = ORIENTED_EDGE ( 'NONE', *, *, #2654, .F. ) ;
#1599 = EDGE_CURVE ( 'NONE', #159, #611, #244, .T. ) ;
#1600 = DIRECTION ( 'NONE',  ( 0.000000000000000000, 0.000000000000000000, 1.000000000000000000 ) ) ;
#1601 = EDGE_CURVE ( 'NONE', #3234, #4242, #1417, .T. ) ;
#1602 = DIRECTION ( 'NONE',  ( 0.000000000000000000, 0.000000000000000000, 1.000000000000000000 ) ) ;
#1603 = CARTESIAN_POINT ( 'NONE',  ( -4.150000000000000355, 0.3299999999999958522, -0.7500000000000000000 ) ) ;
#1604 = FACE_OUTER_BOUND ( 'NONE', #57, .T. ) ;
#1605 = ORIENTED_EDGE ( 'NONE', *, *, #2188, .F. ) ;
#1606 = ADVANCED_FACE ( 'NONE', ( #2944 ), #1013, .F. ) ;
#1607 = FACE_OUTER_BOUND ( 'NONE', #4092, .T. ) ;
#1608 = VERTEX_POINT ( 'NONE', #2218 ) ;
#1609 = ORIENTED_EDGE ( 'NONE', *, *, #1025, .T. ) ;
#1610 = CARTESIAN_POINT ( 'NONE',  ( -2.775557561562889773E-15, 10.49999999999999822, 0.000000000000000000 ) ) ;
#1611 = CARTESIAN_POINT ( 'NONE',  ( -4.150000000000000355, 0.09999999999999581446, 2.050000000000000266 ) ) ;
#1612 = CARTESIAN_POINT ( 'NONE',  ( 1.574999999999999512, 0.3300000000000015699, 0.000000000000000000 ) ) ;
#1613 = ORIENTED_EDGE ( 'NONE', *, *, #1325, .F. ) ;
#1614 = CARTESIAN_POINT ( 'NONE',  ( -5.850000000000000533, 0.3300000000000027356, -0.5999999999999999778 ) ) ;
#1615 = DIRECTION ( 'NONE',  ( -2.921639538487249824E-16, 1.000000000000000000, 0.000000000000000000 ) ) ;
#1616 = CARTESIAN_POINT ( 'NONE',  ( 3.449999999999998845, 0.4300000000000000488, -0.7500000000000002220 ) ) ;
#1617 = DIRECTION ( 'NONE',  ( 0.000000000000000000, 0.000000000000000000, -1.000000000000000000 ) ) ;
#1618 = EDGE_LOOP ( 'NONE', ( #213, #4319, #3461, #1890 ) ) ;
#1619 = ADVANCED_BREP_SHAPE_REPRESENTATION ( 'EEHZA1J560V', ( #2652, #2403, #2386, #4297, #705, #2392, #4135 ), #2206 ) ;
#1620 = EDGE_LOOP ( 'NONE', ( #7, #457, #4076, #1032, #1670, #3880, #3280, #199, #4041, #957, #1198, #3244 ) ) ;
#1621 = CARTESIAN_POINT ( 'NONE',  ( 1.499999999999998890, 1.000000000000001554, 5.150000000000000355 ) ) ;
#1622 = DIRECTION ( 'NONE',  ( 1.000000000000000078E-15, -1.000000000000000000, 0.000000000000000000 ) ) ;
#1623 = CARTESIAN_POINT ( 'NONE',  ( 2.274999999999999467, 0.3300000000000022915, -0.7500000000000000000 ) ) ;
#1624 = DIRECTION ( 'NONE',  ( 1.000000000000000078E-15, -1.000000000000000000, 0.000000000000000000 ) ) ;
#1625 = EDGE_CURVE ( 'NONE', #3826, #633, #2567, .T. ) ;
#1626 = ORIENTED_EDGE ( 'NONE', *, *, #3133, .F. ) ;
#1627 = LINE ( 'NONE', #1983, #4624 ) ;
#1628 = ORIENTED_EDGE ( 'NONE', *, *, #3926, .T. ) ;
#1629 = EDGE_CURVE ( 'NONE', #1545, #2848, #3298, .T. ) ;
#1630 = EDGE_CURVE ( 'NONE', #2435, #233, #4833, .T. ) ;
#1631 = ORIENTED_EDGE ( 'NONE', *, *, #2621, .T. ) ;
#1632 = CARTESIAN_POINT ( 'NONE',  ( 2.680000000000000604, 4.336808689942017736E-16, -0.5999999999999999778 ) ) ;
#1633 = ORIENTED_EDGE ( 'NONE', *, *, #2713, .T. ) ;
#1634 = VECTOR ( 'NONE', #508, 1000.000000000000000 ) ;
#1635 = LINE ( 'NONE', #2767, #533 ) ;
#1636 = AXIS2_PLACEMENT_3D ( 'NONE', #1000, #1401, #1028 ) ;
#1637 = ORIENTED_EDGE ( 'NONE', *, *, #294, .F. ) ;
#1638 = CARTESIAN_POINT ( 'NONE',  ( -5.150000000000007461, 7.499999999999994671, 3.350000000000000089 ) ) ;
#1639 = VECTOR ( 'NONE', #1175, 1000.000000000000000 ) ;
#1640 = LINE ( 'NONE', #4731, #1958 ) ;
#1641 = MECHANICAL_DESIGN_GEOMETRIC_PRESENTATION_REPRESENTATION (  '', ( #1556 ), #4447 ) ;
#1642 = CARTESIAN_POINT ( 'NONE',  ( 5.149999999999999467, 1.000000000000005329, 3.350000000000000089 ) ) ;
#1643 = ORIENTED_EDGE ( 'NONE', *, *, #2219, .T. ) ;
#1644 = VERTEX_POINT ( 'NONE', #4096 ) ;
#1645 = AXIS2_PLACEMENT_3D ( 'NONE', #1125, #2660, #382 ) ;
#1646 = CIRCLE ( 'NONE', #2045, 0.7000000000000000666 ) ;
#1647 = FACE_BOUND ( 'NONE', #836, .T. ) ;
#1648 = PLANE ( 'NONE',  #4852 ) ;
#1649 = CARTESIAN_POINT ( 'NONE',  ( -1.752983723092349993E-16, 1.599999999999999867, 0.000000000000000000 ) ) ;
#1650 = VECTOR ( 'NONE', #1907, 1000.000000000000000 ) ;
#1651 = CARTESIAN_POINT ( 'NONE',  ( -1.500000000000001110, 0.9999999999999985567, 4.874423042781579340 ) ) ;
#1652 = VECTOR ( 'NONE', #2492, 1000.000000000000000 ) ;
#1653 = ORIENTED_EDGE ( 'NONE', *, *, #1929, .T. ) ;
#1654 = CARTESIAN_POINT ( 'NONE',  ( 3.729109999999999925, 0.3791100000000028336, 0.5999999999999999778 ) ) ;
#1655 = AXIS2_PLACEMENT_3D ( 'NONE', #4270, #15, #837 ) ;
#1656 = CARTESIAN_POINT ( 'NONE',  ( -4.150000000000000355, 0.000000000000000000, -2.050000000000000266 ) ) ;
#1657 = EDGE_LOOP ( 'NONE', ( #2689, #1837, #2133, #3065, #3897, #1584 ) ) ;
#1658 = ORIENTED_EDGE ( 'NONE', *, *, #3421, .T. ) ;
#1659 = ADVANCED_FACE ( 'NONE', ( #4811 ), #1460, .T. ) ;
#1660 = DIRECTION ( 'NONE',  ( -1.000000000000000078E-15, 1.000000000000000000, 0.000000000000000000 ) ) ;
#1661 = EDGE_CURVE ( 'NONE', #2899, #4263, #585, .T. ) ;
#1662 = ORIENTED_EDGE ( 'NONE', *, *, #1192, .T. ) ;
#1663 = CARTESIAN_POINT ( 'NONE',  ( 4.149999999999999467, 0.3300000000000021805, -0.6500000000000001332 ) ) ;
#1664 = ORIENTED_EDGE ( 'NONE', *, *, #4671, .T. ) ;
#1665 = DIRECTION ( 'NONE',  ( 2.999999999999999839E-15, -1.000000000000000000, 0.000000000000000000 ) ) ;
#1666 = DIRECTION ( 'NONE',  ( 1.000000000000000000, 1.000000000000000078E-15, -3.233659295024729803E-16 ) ) ;
#1667 = PRODUCT_RELATED_PRODUCT_CATEGORY ( 'part', '', ( #2179 ) ) ;
#1668 = CARTESIAN_POINT ( 'NONE',  ( 2.524999999999999467, 0.9800000000000002043, -0.5999999999999999778 ) ) ;
#1669 = CARTESIAN_POINT ( 'NONE',  ( -4.150000000000000355, 0.000000000000000000, -2.050000000000000266 ) ) ;
#1670 = ORIENTED_EDGE ( 'NONE', *, *, #1777, .T. ) ;
#1671 = ORIENTED_EDGE ( 'NONE', *, *, #3266, .F. ) ;
#1672 = CARTESIAN_POINT ( 'NONE',  ( -4.150000000000000355, 0.3300000000000000155, 0.6500000000000000222 ) ) ;
#1673 = DIRECTION ( 'NONE',  ( -1.000000000000000000, -1.000000000000000078E-15, -2.337311630789800155E-16 ) ) ;
#1674 = DIRECTION ( 'NONE',  ( -1.000000000000000078E-15, 1.000000000000000000, 0.000000000000000000 ) ) ;
#1675 = DIRECTION ( 'NONE',  ( -1.000000000000000078E-15, 1.000000000000000000, 0.000000000000000000 ) ) ;
#1676 = ORIENTED_EDGE ( 'NONE', *, *, #391, .T. ) ;
#1677 = CARTESIAN_POINT ( 'NONE',  ( -5.850000000000000533, 0.000000000000000000, -0.5999999999999999778 ) ) ;
#1678 = CARTESIAN_POINT ( 'NONE',  ( -2.350000000000000977, 0.7415151996457639560, 0.5999999999999999778 ) ) ;
#1679 = ORIENTED_EDGE ( 'NONE', *, *, #1284, .F. ) ;
#1680 = ORIENTED_EDGE ( 'NONE', *, *, #2305, .T. ) ;
#1681 = FACE_OUTER_BOUND ( 'NONE', #3374, .T. ) ;
#1682 = ORIENTED_EDGE ( 'NONE', *, *, #465, .F. ) ;
#1683 = DIRECTION ( 'NONE',  ( -1.000000000000000000, -1.000000000000000078E-15, -2.337311630789800155E-16 ) ) ;
#1684 = ADVANCED_FACE ( 'NONE', ( #365 ), #1891, .T. ) ;
#1685 = EDGE_LOOP ( 'NONE', ( #3338, #2336, #2515, #4806 ) ) ;
#1686 = CARTESIAN_POINT ( 'NONE',  ( 2.274999999999999023, 1.655000000000000027, 0.000000000000000000 ) ) ;
#1687 = DIRECTION ( 'NONE',  ( -1.000000000000000078E-15, 1.000000000000000000, 0.000000000000000000 ) ) ;
#1688 = DIRECTION ( 'NONE',  ( 1.000000000000000000, 1.000000000000000078E-15, 0.000000000000000000 ) ) ;
#1689 = DIRECTION ( 'NONE',  ( 1.000000000000000078E-15, -1.000000000000000000, 0.000000000000000000 ) ) ;
#1690 = ORIENTED_EDGE ( 'NONE', *, *, #1471, .T. ) ;
#1691 = VECTOR ( 'NONE', #3803, 1000.000000000000000 ) ;
#1692 = EDGE_CURVE ( 'NONE', #953, #3040, #4580, .T. ) ;
#1693 = ADVANCED_FACE ( 'NONE', ( #412 ), #2666, .T. ) ;
#1694 = ORIENTED_EDGE ( 'NONE', *, *, #1963, .T. ) ;
#1695 = CARTESIAN_POINT ( 'NONE',  ( 2.679999999999998828, 1.500000000000000444, -0.5999999999999999778 ) ) ;
#1696 = CARTESIAN_POINT ( 'NONE',  ( -2.680000000000000160, 1.500000000000000000, 0.000000000000000000 ) ) ;
#1697 = CARTESIAN_POINT ( 'NONE',  ( -4.150000000000000355, 0.09999999999999581446, -2.050000000000000266 ) ) ;
#1698 = PLANE ( 'NONE',  #852 ) ;
#1699 = PLANE ( 'NONE',  #739 ) ;
#1700 = ORIENTED_EDGE ( 'NONE', *, *, #2021, .T. ) ;
#1701 = ORIENTED_EDGE ( 'NONE', *, *, #3158, .F. ) ;
#1702 = DIRECTION ( 'NONE',  ( -1.000000000000000078E-15, 1.000000000000000000, 0.000000000000000000 ) ) ;
#1703 = CARTESIAN_POINT ( 'NONE',  ( -2.525000000000000355, 1.500000000000000000, -0.5999999999999999778 ) ) ;
#1704 = ORIENTED_EDGE ( 'NONE', *, *, #1759, .T. ) ;
#1705 = ORIENTED_EDGE ( 'NONE', *, *, #3991, .T. ) ;
#1706 = CARTESIAN_POINT ( 'NONE',  ( -2.324999999999999734, -2.385244779468109755E-15, -1.500000000000000000 ) ) ;
#1707 = ORIENTED_EDGE ( 'NONE', *, *, #3311, .T. ) ;
#1708 = DIRECTION ( 'NONE',  ( 1.000000000000000078E-15, -1.000000000000000000, 0.000000000000000000 ) ) ;
#1709 = EDGE_LOOP ( 'NONE', ( #2705, #3542, #2248, #4146, #2564, #2837, #2693, #1170, #708 ) ) ;
#1710 = VECTOR ( 'NONE', #2466, 1000.000000000000000 ) ;
#1711 = PLANE ( 'NONE',  #3904 ) ;
#1712 = DIRECTION ( 'NONE',  ( 2.921639538487249824E-16, -1.000000000000000000, 0.000000000000000000 ) ) ;
#1713 = CARTESIAN_POINT ( 'NONE',  ( 3.449999999999999289, 0.3300000000000034572, 0.7500000000000000000 ) ) ;
#1714 = EDGE_CURVE ( 'NONE', #3813, #1488, #2262, .T. ) ;
#1715 = CARTESIAN_POINT ( 'NONE',  ( 3.449999999999999734, 1.951563910473907981E-15, 2.050000000000000266 ) ) ;
#1716 = ORIENTED_EDGE ( 'NONE', *, *, #3552, .T. ) ;
#1717 = VECTOR ( 'NONE', #2529, 1000.000000000000000 ) ;
#1718 = ORIENTED_EDGE ( 'NONE', *, *, #4919, .T. ) ;
#1719 = AXIS2_PLACEMENT_3D ( 'NONE', #2169, #618, #4534 ) ;
#1720 = LINE ( 'NONE', #3254, #2203 ) ;
#1721 = VECTOR ( 'NONE', #3959, 1000.000000000000000 ) ;
#1722 = DIRECTION ( 'NONE',  ( 1.000000000000000000, 1.000000000000000078E-15, 0.000000000000000000 ) ) ;
#1723 = AXIS2_PLACEMENT_3D ( 'NONE', #1713, #547, #4345 ) ;
#1724 = EDGE_CURVE ( 'NONE', #274, #3768, #9, .T. ) ;
#1725 = PLANE ( 'NONE',  #2526 ) ;
#1726 = EDGE_CURVE ( 'NONE', #1112, #4695, #2241, .T. ) ;
#1727 = CARTESIAN_POINT ( 'NONE',  ( 3.729109999999999925, 0.3791100000000028336, -0.5999999999999999778 ) ) ;
#1728 = VECTOR ( 'NONE', #2974, 1000.000000000000000 ) ;
#1729 = VECTOR ( 'NONE', #255, 1000.000000000000000 ) ;
#1730 = AXIS2_PLACEMENT_3D ( 'NONE', #3521, #2360, #2437 ) ;
#1731 = ORIENTED_EDGE ( 'NONE', *, *, #2020, .T. ) ;
#1732 = VERTEX_POINT ( 'NONE', #3466 ) ;
#1733 = VECTOR ( 'NONE', #4415, 1000.000000000000000 ) ;
#1734 = CARTESIAN_POINT ( 'NONE',  ( 2.274999999999999467, 0.9799999999999999822, 0.000000000000000000 ) ) ;
#1735 = VECTOR ( 'NONE', #80, 1000.000000000000000 ) ;
#1736 = CARTESIAN_POINT ( 'NONE',  ( -2.446654762208439138, 0.09665476220843947919, 0.000000000000000000 ) ) ;
#1737 = ORIENTED_EDGE ( 'NONE', *, *, #3414, .T. ) ;
#1738 = ADVANCED_FACE ( 'NONE', ( #430 ), #1183, .T. ) ;
#1739 = VECTOR ( 'NONE', #3145, 1000.000000000000000 ) ;
#1740 = AXIS2_PLACEMENT_3D ( 'NONE', #4743, #2907, #952 ) ;
#1741 = VECTOR ( 'NONE', #3052, 1000.000000000000000 ) ;
#1742 = ORIENTED_EDGE ( 'NONE', *, *, #647, .T. ) ;
#1743 = CARTESIAN_POINT ( 'NONE',  ( 4.150000000000000355, 0.4300000000000041567, 0.7500000000000000000 ) ) ;
#1744 = ORIENTED_EDGE ( 'NONE', *, *, #1759, .F. ) ;
#1745 = CARTESIAN_POINT ( 'NONE',  ( -1.500000000000001110, 0.9999999999999985567, -5.150000000000000355 ) ) ;
#1746 = AXIS2_PLACEMENT_3D ( 'NONE', #2794, #1338, #1233 ) ;
#1747 = VERTEX_POINT ( 'NONE', #2332 ) ;
#1748 = CARTESIAN_POINT ( 'NONE',  ( -3.449999999999999734, 2.602085213965210642E-15, 2.050000000000000266 ) ) ;
#1749 = CARTESIAN_POINT ( 'NONE',  ( -5.150000000000000355, -5.204170427930421283E-15, -5.150000000000000355 ) ) ;
#1750 = CYLINDRICAL_SURFACE ( 'NONE', #49, 5.100000000000000533 ) ;
#1751 = DIRECTION ( 'NONE',  ( -1.000000000000000000, 0.000000000000000000, 1.305151571741039911E-16 ) ) ;
#1752 = ORIENTED_EDGE ( 'NONE', *, *, #4085, .T. ) ;
#1753 = VERTEX_POINT ( 'NONE', #1588 ) ;
#1754 = CARTESIAN_POINT ( 'NONE',  ( -4.649999999999999467, -4.553649124439118623E-15, 0.7500000000000000000 ) ) ;
#1755 = DIRECTION ( 'NONE',  ( -1.000000000000000000, -1.000000000000000078E-15, 0.000000000000000000 ) ) ;
#1756 = DIRECTION ( 'NONE',  ( 1.841475689883074998E-30, -6.138252299610249742E-16, 1.000000000000000000 ) ) ;
#1757 = DIRECTION ( 'NONE',  ( -2.668805347656620081E-31, 2.668805347656619776E-16, -1.000000000000000000 ) ) ;
#1758 = ORIENTED_EDGE ( 'NONE', *, *, #2860, .T. ) ;
#1759 = EDGE_CURVE ( 'NONE', #2820, #2375, #740, .T. ) ;
#1760 = EDGE_CURVE ( 'NONE', #2107, #4574, #3317, .T. ) ;
#1761 = FACE_OUTER_BOUND ( 'NONE', #4719, .T. ) ;
#1762 = PLANE ( 'NONE',  #1472 ) ;
#1763 = ORIENTED_EDGE ( 'NONE', *, *, #623, .T. ) ;
#1764 = EDGE_CURVE ( 'NONE', #1034, #3534, #764, .T. ) ;
#1765 = ORIENTED_EDGE ( 'NONE', *, *, #4456, .T. ) ;
#1766 = CARTESIAN_POINT ( 'NONE',  ( -3.449999999999999734, 6.505213034913026604E-16, -2.050000000000000266 ) ) ;
#1767 = ORIENTED_EDGE ( 'NONE', *, *, #2922, .T. ) ;
#1768 = SURFACE_STYLE_USAGE ( .BOTH. , #4043 ) ;
#1769 = ORIENTED_EDGE ( 'NONE', *, *, #2424, .T. ) ;
#1770 = FACE_OUTER_BOUND ( 'NONE', #2327, .T. ) ;
#1771 = DIRECTION ( 'NONE',  ( -1.000000000000000000, -1.000000000000000078E-15, 1.077886431674909893E-16 ) ) ;
#1772 = ORIENTED_EDGE ( 'NONE', *, *, #1267, .T. ) ;
#1773 = DIRECTION ( 'NONE',  ( -0.000000000000000000, 0.000000000000000000, 1.000000000000000000 ) ) ;
#1774 = FACE_OUTER_BOUND ( 'NONE', #517, .T. ) ;
#1775 = ORIENTED_EDGE ( 'NONE', *, *, #535, .T. ) ;
#1776 = PLANE ( 'NONE',  #4850 ) ;
#1777 = EDGE_CURVE ( 'NONE', #1930, #4591, #3093, .T. ) ;
#1778 = APPLICATION_CONTEXT ( 'automotive_design' ) ;
#1779 = ORIENTED_EDGE ( 'NONE', *, *, #3715, .T. ) ;
#1780 = CARTESIAN_POINT ( 'NONE',  ( 4.149999999999999467, 0.1000000000000003664, 2.050000000000000266 ) ) ;
#1781 = ORIENTED_EDGE ( 'NONE', *, *, #839, .F. ) ;
#1782 = CARTESIAN_POINT ( 'NONE',  ( 3.449999999999999289, 0.3300000000000000155, 0.6500000000000000222 ) ) ;
#1783 = EDGE_CURVE ( 'NONE', #1064, #92, #1133, .T. ) ;
#1784 = EDGE_CURVE ( 'NONE', #4258, #3456, #4151, .T. ) ;
#1785 = VERTEX_POINT ( 'NONE', #1513 ) ;
#1786 = UNCERTAINTY_MEASURE_WITH_UNIT (LENGTH_MEASURE( 1.000000000000000082E-05 ), #1388, 'distance_accuracy_value', 'NONE');
#1787 = DIRECTION ( 'NONE',  ( 2.921639538487249824E-16, -1.000000000000000000, 0.000000000000000000 ) ) ;
#1788 = DIRECTION ( 'NONE',  ( -1.000000000000000000, -1.000000000000000078E-15, 0.000000000000000000 ) ) ;
#1789 = EDGE_CURVE ( 'NONE', #2428, #1545, #3641, .T. ) ;
#1790 =( NAMED_UNIT ( * ) PLANE_ANGLE_UNIT ( ) SI_UNIT ( $, .RADIAN. ) );
#1791 = CARTESIAN_POINT ( 'NONE',  ( -4.150000000000000355, -4.119968255444916849E-15, 2.050000000000000266 ) ) ;
#1792 = ORIENTED_EDGE ( 'NONE', *, *, #3790, .F. ) ;
#1793 = CARTESIAN_POINT ( 'NONE',  ( -4.150000000000000355, 0.000000000000000000, 0.6500000000000000222 ) ) ;
#1794 = LINE ( 'NONE', #3684, #4854 ) ;
#1795 = CARTESIAN_POINT ( 'NONE',  ( 2.679999999999999272, 0.9800000000000004263, -0.5084043666216880863 ) ) ;
#1796 =( NAMED_UNIT ( * ) PLANE_ANGLE_UNIT ( ) SI_UNIT ( $, .RADIAN. ) );
#1797 = CIRCLE ( 'NONE', #840, 0.3300000000000001821 ) ;
#1798 = ORIENTED_EDGE ( 'NONE', *, *, #4399, .T. ) ;
#1799 = DIRECTION ( 'NONE',  ( 0.000000000000000000, 0.000000000000000000, 1.000000000000000000 ) ) ;
#1800 = LINE ( 'NONE', #4469, #596 ) ;
#1801 = VECTOR ( 'NONE', #4236, 1000.000000000000000 ) ;
#1802 = FACE_OUTER_BOUND ( 'NONE', #777, .T. ) ;
#1803 = VECTOR ( 'NONE', #3686, 1000.000000000000000 ) ;
#1804 = VERTEX_POINT ( 'NONE', #3447 ) ;
#1805 = VECTOR ( 'NONE', #598, 1000.000000000000000 ) ;
#1806 = CARTESIAN_POINT ( 'NONE',  ( 1.499999999999991562, 8.500000000000001776, -2.575000000000000178 ) ) ;
#1807 = DIRECTION ( 'NONE',  ( -1.000000000000000078E-15, 1.000000000000000000, 0.000000000000000000 ) ) ;
#1808 = ORIENTED_EDGE ( 'NONE', *, *, #1356, .T. ) ;
#1809 = LINE ( 'NONE', #1435, #131 ) ;
#1810 = TOROIDAL_SURFACE ( 'NONE', #3083, 5.941071428571440549, 1.116071428571439927 ) ;
#1811 = AXIS2_PLACEMENT_3D ( 'NONE', #4380, #1615, #163 ) ;
#1812 = VERTEX_POINT ( 'NONE', #1534 ) ;
#1813 = EDGE_CURVE ( 'NONE', #605, #3642, #1959, .T. ) ;
#1814 = ADVANCED_FACE ( 'NONE', ( #4599 ), #1157, .F. ) ;
#1815 = CARTESIAN_POINT ( 'NONE',  ( -4.150000000000000355, 0.3299999999999958522, -0.3750000000000000000 ) ) ;
#1816 = DIRECTION ( 'NONE',  ( 7.395570986446829703E-47, -2.465190328815609891E-32, -1.000000000000000000 ) ) ;
#1817 = AXIS2_PLACEMENT_3D ( 'NONE', #4872, #2900, #4130 ) ;
#1818 = LINE ( 'NONE', #3727, #2125 ) ;
#1819 = DIRECTION ( 'NONE',  ( 0.7071067811865471286, 6.505213034913029562E-16, -0.7071067811865479058 ) ) ;
#1820 = DIRECTION ( 'NONE',  ( -1.000000000000000078E-15, 1.000000000000000000, 0.000000000000000000 ) ) ;
#1821 = VERTEX_POINT ( 'NONE', #2312 ) ;
#1822 = EDGE_CURVE ( 'NONE', #2043, #3437, #902, .T. ) ;
#1823 = ADVANCED_FACE ( 'NONE', ( #2836 ), #85, .T. ) ;
#1824 = DIRECTION ( 'NONE',  ( 1.000000000000000078E-15, -1.000000000000000000, 0.000000000000000000 ) ) ;
#1825 = SURFACE_STYLE_FILL_AREA ( #1466 ) ;
#1826 = CARTESIAN_POINT ( 'NONE',  ( -5.000000000000000000, 0.9999999999999970024, 6.123233995736766282E-16 ) ) ;
#1827 = FACE_OUTER_BOUND ( 'NONE', #1379, .T. ) ;
#1828 = ORIENTED_EDGE ( 'NONE', *, *, #4728, .T. ) ;
#1829 = DIRECTION ( 'NONE',  ( 0.000000000000000000, 0.000000000000000000, 1.000000000000000000 ) ) ;
#1830 = CARTESIAN_POINT ( 'NONE',  ( -2.680000000000000160, 1.500000000000000000, 0.5084043666216869761 ) ) ;
#1831 = DIRECTION ( 'NONE',  ( 0.000000000000000000, 1.000000000000000000, 0.000000000000000000 ) ) ;
#1832 = ORIENTED_EDGE ( 'NONE', *, *, #1042, .T. ) ;
#1833 = PLANE ( 'NONE',  #1553 ) ;
#1834 = FILL_AREA_STYLE_COLOUR ( '', #1961 ) ;
#1835 = ORIENTED_EDGE ( 'NONE', *, *, #4090, .F. ) ;
#1836 = CARTESIAN_POINT ( 'NONE',  ( 4.149999999999999467, 1.000000000000004219, 4.150000000000000355 ) ) ;
#1837 = ORIENTED_EDGE ( 'NONE', *, *, #2270, .F. ) ;
#1838 = VERTEX_POINT ( 'NONE', #828 ) ;
#1839 = PRODUCT_DEFINITION_CONTEXT ( 'detailed design', #2717, 'design' ) ;
#1840 = CARTESIAN_POINT ( 'NONE',  ( 1.137499999999999956, 1.084202172485504434E-15, 0.7500000000000000000 ) ) ;
#1841 = CARTESIAN_POINT ( 'NONE',  ( -8.500000000000001647E-15, 8.500000000000000000, 1.110223024625159893E-15 ) ) ;
#1842 = CARTESIAN_POINT ( 'NONE',  ( 2.000000000000000000, 10.49999999999999822, 4.253234063627349570 ) ) ;
#1843 = EDGE_CURVE ( 'NONE', #700, #3092, #1255, .T. ) ;
#1844 = SURFACE_STYLE_USAGE ( .BOTH. , #1062 ) ;
#1845 = FACE_OUTER_BOUND ( 'NONE', #2285, .T. ) ;
#1846 = ORIENTED_EDGE ( 'NONE', *, *, #1724, .T. ) ;
#1847 = CARTESIAN_POINT ( 'NONE',  ( 3.449999999999999734, 3.469446951953614189E-15, 2.050000000000000266 ) ) ;
#1848 = ORIENTED_EDGE ( 'NONE', *, *, #3053, .F. ) ;
#1849 = DIRECTION ( 'NONE',  ( 1.387778780781439762E-31, -1.387778780781439759E-16, 1.000000000000000000 ) ) ;
#1850 = ADVANCED_FACE ( 'NONE', ( #156 ), #4318, .T. ) ;
#1851 = EDGE_CURVE ( 'NONE', #3958, #3427, #1202, .T. ) ;
#1852 = DIRECTION ( 'NONE',  ( 0.000000000000000000, 0.000000000000000000, 1.000000000000000000 ) ) ;
#1853 = ORIENTED_EDGE ( 'NONE', *, *, #3390, .T. ) ;
#1854 = FILL_AREA_STYLE_COLOUR ( '', #3006 ) ;
#1855 = CARTESIAN_POINT ( 'NONE',  ( 4.857106781186547373, 4.827075036631464974E-15, 4.857106781186546485 ) ) ;
#1856 = DIRECTION ( 'NONE',  ( -1.000000000000000000, -1.000000000000000078E-15, 0.000000000000000000 ) ) ;
#1857 = ORIENTED_EDGE ( 'NONE', *, *, #3535, .T. ) ;
#1858 = DIRECTION ( 'NONE',  ( -1.000000000000000078E-15, 1.000000000000000000, 0.000000000000000000 ) ) ;
#1859 =( NAMED_UNIT ( * ) PLANE_ANGLE_UNIT ( ) SI_UNIT ( $, .RADIAN. ) );
#1860 = ORIENTED_EDGE ( 'NONE', *, *, #439, .T. ) ;
#1861 = PRODUCT_DEFINITION_SHAPE ( 'NONE', 'NONE',  #2714 ) ;
#1862 = ORIENTED_EDGE ( 'NONE', *, *, #960, .F. ) ;
#1863 = DIRECTION ( 'NONE',  ( -1.000000000000000000, -1.000802005371234832E-15, 0.000000000000000000 ) ) ;
#1864 = FACE_OUTER_BOUND ( 'NONE', #4397, .T. ) ;
#1865 = CARTESIAN_POINT ( 'NONE',  ( -4.150000000000000355, -4.119968255444916849E-15, -1.025000000000000133 ) ) ;
#1866 = ORIENTED_EDGE ( 'NONE', *, *, #749, .T. ) ;
#1867 = LINE ( 'NONE', #4198, #1419 ) ;
#1868 = EDGE_CURVE ( 'NONE', #1139, #4120, #1276, .T. ) ;
#1869 = CARTESIAN_POINT ( 'NONE',  ( 2.350000000000000533, 0.9799999999999999822, 0.000000000000000000 ) ) ;
#1870 = DIRECTION ( 'NONE',  ( -1.000000000000000000, -6.299256584582810666E-16, 0.000000000000000000 ) ) ;
#1871 = CARTESIAN_POINT ( 'NONE',  ( -4.649999999999999467, 0.3299999999999953526, -0.7500000000000000000 ) ) ;
#1872 = CARTESIAN_POINT ( 'NONE',  ( -1.000000000000000078E-15, 1.000000000000000000, 0.000000000000000000 ) ) ;
#1873 = ORIENTED_EDGE ( 'NONE', *, *, #3414, .F. ) ;
#1874 = ADVANCED_FACE ( 'NONE', ( #1681 ), #3898, .T. ) ;
#1875 = LINE ( 'NONE', #999, #4772 ) ;
#1876 = EDGE_CURVE ( 'NONE', #2501, #4966, #4746, .T. ) ;
#1877 = AXIS2_PLACEMENT_3D ( 'NONE', #2141, #212, #4495 ) ;
#1878 = DIRECTION ( 'NONE',  ( -1.000000000000000000, -1.006759160165111119E-15, 0.000000000000000000 ) ) ;
#1879 = CARTESIAN_POINT ( 'NONE',  ( 2.016762939228748315E-16, 2.799999999999999822, 5.941071428571440549 ) ) ;
#1880 = VECTOR ( 'NONE', #2933, 1000.000000000000000 ) ;
#1881 = ORIENTED_EDGE ( 'NONE', *, *, #3046, .T. ) ;
#1882 = EDGE_CURVE ( 'NONE', #879, #807, #4353, .T. ) ;
#1883 = VECTOR ( 'NONE', #3816, 1000.000000000000000 ) ;
#1884 = FACE_OUTER_BOUND ( 'NONE', #880, .T. ) ;
#1885 = AXIS2_PLACEMENT_3D ( 'NONE', #747, #3054, #4588 ) ;
#1886 = ORIENTED_EDGE ( 'NONE', *, *, #1992, .T. ) ;
#1887 = VECTOR ( 'NONE', #2396, 1000.000000000000000 ) ;
#1888 = AXIS2_PLACEMENT_3D ( 'NONE', #1268, #115, #4411 ) ;
#1889 = VECTOR ( 'NONE', #1159, 1000.000000000000000 ) ;
#1890 = ORIENTED_EDGE ( 'NONE', *, *, #3728, .F. ) ;
#1891 = PLANE ( 'NONE',  #2111 ) ;
#1892 = CARTESIAN_POINT ( 'NONE',  ( -2.680000000000000160, 0.3300000000000045675, -0.5999999999999999778 ) ) ;
#1893 = LINE ( 'NONE', #1865, #609 ) ;
#1894 = CIRCLE ( 'NONE', #4697, 0.3300000000000003486 ) ;
#1895 = VECTOR ( 'NONE', #637, 1000.000000000000000 ) ;
#1896 = CARTESIAN_POINT ( 'NONE',  ( 5.150000000000000355, 5.204170427930421283E-15, -1.500000000000000000 ) ) ;
#1897 = ORIENTED_EDGE ( 'NONE', *, *, #3042, .F. ) ;
#1898 =( GEOMETRIC_REPRESENTATION_CONTEXT ( 3 ) GLOBAL_UNCERTAINTY_ASSIGNED_CONTEXT ( ( #1437 ) ) GLOBAL_UNIT_ASSIGNED_CONTEXT ( ( #4322, #2771, #2841 ) ) REPRESENTATION_CONTEXT ( 'NONE', 'WORKASPACE' ) );
#1899 = DIRECTION ( 'NONE',  ( -1.000000000000000078E-15, 1.000000000000000000, 0.000000000000000000 ) ) ;
#1900 = DIRECTION ( 'NONE',  ( -2.999999999999999839E-15, 1.000000000000000000, 0.000000000000000000 ) ) ;
#1901 = VERTEX_POINT ( 'NONE', #3567 ) ;
#1902 = CARTESIAN_POINT ( 'NONE',  ( 3.449999999999999734, 0.1000000000000035166, -0.7500000000000000000 ) ) ;
#1903 = APPLICATION_PROTOCOL_DEFINITION ( 'draft international standard', 'automotive_design', 1998, #2717 ) ;
#1904 = EDGE_LOOP ( 'NONE', ( #2447, #684, #2737, #1613, #1249, #3867, #3201, #3878, #4707, #3903 ) ) ;
#1905 = CARTESIAN_POINT ( 'NONE',  ( 3.449999999999999734, 0.000000000000000000, -2.050000000000000266 ) ) ;
#1906 = PLANE ( 'NONE',  #3162 ) ;
#1907 = DIRECTION ( 'NONE',  ( -1.000000000000000078E-15, 1.000000000000000000, 0.000000000000000000 ) ) ;
#1908 = EDGE_CURVE ( 'NONE', #901, #2144, #2347, .T. ) ;
#1909 = EDGE_CURVE ( 'NONE', #1812, #4480, #1298, .T. ) ;
#1910 = ORIENTED_EDGE ( 'NONE', *, *, #3291, .F. ) ;
#1911 = ORIENTED_EDGE ( 'NONE', *, *, #863, .F. ) ;
#1912 = EDGE_CURVE ( 'NONE', #3120, #611, #463, .T. ) ;
#1913 = EDGE_CURVE ( 'NONE', #1034, #4128, #2030, .T. ) ;
#1914 = VERTEX_POINT ( 'NONE', #3941 ) ;
#1915 = DIRECTION ( 'NONE',  ( -1.000000000000000000, -1.000000000000000078E-15, 0.000000000000000000 ) ) ;
#1916 = PLANE ( 'NONE',  #4551 ) ;
#1917 = CARTESIAN_POINT ( 'NONE',  ( 5.954697968773570019E-31, 0.9999999999999985567, 0.000000000000000000 ) ) ;
#1918 = VERTEX_POINT ( 'NONE', #133 ) ;
#1919 = FILL_AREA_STYLE_COLOUR ( '', #221 ) ;
#1920 = CARTESIAN_POINT ( 'NONE',  ( 4.649999999999999467, 0.3300000000000046785, 0.7500000000000000000 ) ) ;
#1921 = CARTESIAN_POINT ( 'NONE',  ( 4.699999999999997513, 10.50100000000000122, 0.000000000000000000 ) ) ;
#1922 = ORIENTED_EDGE ( 'NONE', *, *, #1311, .F. ) ;
#1923 = ORIENTED_EDGE ( 'NONE', *, *, #98, .F. ) ;
#1924 = LINE ( 'NONE', #1996, #1241 ) ;
#1925 = CARTESIAN_POINT ( 'NONE',  ( -1.500000000000001110, 0.9999999999999985567, 5.150000000000000355 ) ) ;
#1926 = CARTESIAN_POINT ( 'NONE',  ( -4.649999999999999467, 0.3299999999999953526, 0.7500000000000000000 ) ) ;
#1927 = ORIENTED_EDGE ( 'NONE', *, *, #2984, .F. ) ;
#1928 = FACE_OUTER_BOUND ( 'NONE', #2686, .T. ) ;
#1929 = EDGE_CURVE ( 'NONE', #4068, #2065, #3954, .T. ) ;
#1930 = VERTEX_POINT ( 'NONE', #4701 ) ;
#1931 = CIRCLE ( 'NONE', #2812, 1.116071428571439927 ) ;
#1932 = DIRECTION ( 'NONE',  ( 0.000000000000000000, 0.000000000000000000, 1.000000000000000000 ) ) ;
#1933 = ORIENTED_EDGE ( 'NONE', *, *, #1445, .T. ) ;
#1934 = CARTESIAN_POINT ( 'NONE',  ( 3.449999999999999289, 0.09999999999999831246, 2.050000000000000266 ) ) ;
#1935 = ADVANCED_FACE ( 'NONE', ( #3190 ), #3920, .F. ) ;
#1936 = CARTESIAN_POINT ( 'NONE',  ( -2.350000000000000089, 0.3300000000000004041, 0.5999999999999999778 ) ) ;
#1937 = CARTESIAN_POINT ( 'NONE',  ( 5.149999999999999467, 1.000000000000005329, 4.789429714649269698 ) ) ;
#1938 = DIRECTION ( 'NONE',  ( 1.000000000000000078E-15, -1.000000000000000000, 0.000000000000000000 ) ) ;
#1939 = ORIENTED_EDGE ( 'NONE', *, *, #4586, .F. ) ;
#1940 = DIRECTION ( 'NONE',  ( 2.999999999999999839E-15, -1.000000000000000000, 0.000000000000000000 ) ) ;
#1941 = EDGE_CURVE ( 'NONE', #3821, #700, #561, .T. ) ;
#1942 = LINE ( 'NONE', #794, #3888 ) ;
#1943 = LINE ( 'NONE', #3056, #4365 ) ;
#1944 = EDGE_LOOP ( 'NONE', ( #2015, #3944, #4961, #173 ) ) ;
#1945 = ORIENTED_EDGE ( 'NONE', *, *, #806, .F. ) ;
#1946 = DIRECTION ( 'NONE',  ( -3.700743415417190112E-16, 1.000000000000000000, 0.000000000000000000 ) ) ;
#1947 = DIRECTION ( 'NONE',  ( -0.7071067811865474617, -7.071067811865475333E-16, -0.7071067811865474617 ) ) ;
#1948 = CARTESIAN_POINT ( 'NONE',  ( 1.499999999999998890, 1.000000000000001554, 5.150000000000000355 ) ) ;
#1949 = AXIS2_PLACEMENT_3D ( 'NONE', #180, #3166, #3520 ) ;
#1950 = VERTEX_POINT ( 'NONE', #1632 ) ;
#1951 = MECHANICAL_DESIGN_GEOMETRIC_PRESENTATION_REPRESENTATION (  '', ( #1092 ), #691 ) ;
#1952 = CARTESIAN_POINT ( 'NONE',  ( -4.150000000000000355, 0.09999999999999831246, 2.050000000000000266 ) ) ;
#1953 = VERTEX_POINT ( 'NONE', #485 ) ;
#1954 = CIRCLE ( 'NONE', #36, 0.6500000000000000222 ) ;
#1955 = AXIS2_PLACEMENT_3D ( 'NONE', #1306, #2419, #3948 ) ;
#1956 = ORIENTED_EDGE ( 'NONE', *, *, #1166, .F. ) ;
#1957 = VECTOR ( 'NONE', #3793, 1000.000000000000000 ) ;
#1958 = VECTOR ( 'NONE', #3176, 1000.000000000000000 ) ;
#1959 = LINE ( 'NONE', #2647, #276 ) ;
#1960 = CARTESIAN_POINT ( 'NONE',  ( -4.649999999999999467, -4.553649124439118623E-15, 1.500000000000000000 ) ) ;
#1961 = COLOUR_RGB ( '',0.000000000000000000, 0.000000000000000000, 0.000000000000000000 ) ;
#1962 = AXIS2_PLACEMENT_3D ( 'NONE', #1960, #13, #2649 ) ;
#1963 = EDGE_CURVE ( 'NONE', #1953, #93, #2679, .T. ) ;
#1964 = EDGE_CURVE ( 'NONE', #233, #2942, #2961, .T. ) ;
#1965 = ORIENTED_EDGE ( 'NONE', *, *, #1427, .F. ) ;
#1966 = PRODUCT_DEFINITION_FORMATION_WITH_SPECIFIED_SOURCE ( 'ANY', '', #2179, .NOT_KNOWN. ) ;
#1967 = DIRECTION ( 'NONE',  ( 0.7071067811865471286, 7.071067811865477305E-16, -0.7071067811865479058 ) ) ;
#1968 = VECTOR ( 'NONE', #2955, 1000.000000000000000 ) ;
#1969 = CARTESIAN_POINT ( 'NONE',  ( -4.150000000000000355, 0.3299999999999958522, 0.7500000000000000000 ) ) ;
#1970 = AXIS2_PLACEMENT_3D ( 'NONE', #490, #906, #3523 ) ;
#1971 = LINE ( 'NONE', #2703, #2040 ) ;
#1972 = CARTESIAN_POINT ( 'NONE',  ( 4.150000000000000355, 0.1000000000000041689, -2.050000000000000266 ) ) ;
#1973 = EDGE_LOOP ( 'NONE', ( #712, #1542, #1079, #656 ) ) ;
#1974 = EDGE_CURVE ( 'NONE', #4189, #4471, #2869, .T. ) ;
#1975 = EDGE_CURVE ( 'NONE', #1804, #3238, #4439, .T. ) ;
#1976 = CIRCLE ( 'NONE', #4298, 0.6500000000000000222 ) ;
#1977 = ORIENTED_EDGE ( 'NONE', *, *, #1324, .T. ) ;
#1978 = DIRECTION ( 'NONE',  ( -1.000000000000000000, -4.089901091309300309E-16, 0.000000000000000000 ) ) ;
#1979 = LINE ( 'NONE', #3797, #3560 ) ;
#1980 = CARTESIAN_POINT ( 'NONE',  ( 3.449999999999999734, 3.469446951953614189E-15, 1.025000000000000133 ) ) ;
#1981 = AXIS2_PLACEMENT_3D ( 'NONE', #615, #636, #2494 ) ;
#1982 = ORIENTED_EDGE ( 'NONE', *, *, #2731, .T. ) ;
#1983 = CARTESIAN_POINT ( 'NONE',  ( 2.680000000000000160, 0.3300000000000050115, -0.5999999999999999778 ) ) ;
#1984 = EDGE_LOOP ( 'NONE', ( #4300, #1381, #2055, #4410 ) ) ;
#1985 = EDGE_LOOP ( 'NONE', ( #861, #4252, #2005, #4295 ) ) ;
#1986 = CARTESIAN_POINT ( 'NONE',  ( -5.150000000000000355, -5.204170427930421283E-15, 5.150000000000000355 ) ) ;
#1987 = VERTEX_POINT ( 'NONE', #956 ) ;
#1988 = CARTESIAN_POINT ( 'NONE',  ( -4.250000000000000000, -4.336808689942017736E-15, -4.250000000000000000 ) ) ;
#1989 = ORIENTED_EDGE ( 'NONE', *, *, #1510, .F. ) ;
#1990 = CARTESIAN_POINT ( 'NONE',  ( -1.500000000000007550, 7.499999999999998224, 4.874423042781579340 ) ) ;
#1991 = CARTESIAN_POINT ( 'NONE',  ( 4.150000000000000355, 0.4300000000000041567, -0.7500000000000000000 ) ) ;
#1992 = EDGE_CURVE ( 'NONE', #4547, #145, #3751, .T. ) ;
#1993 = CARTESIAN_POINT ( 'NONE',  ( 2.350000000000000089, 1.500000000000000000, -0.5999999999999999778 ) ) ;
#1994 = ORIENTED_EDGE ( 'NONE', *, *, #4921, .T. ) ;
#1995 = VERTEX_POINT ( 'NONE', #1780 ) ;
#1996 = CARTESIAN_POINT ( 'NONE',  ( -2.350000000000000089, 0.000000000000000000, 0.5999999999999999778 ) ) ;
#1997 = DIRECTION ( 'NONE',  ( 1.000000000000000000, 0.000000000000000000, 0.000000000000000000 ) ) ;
#1998 = CARTESIAN_POINT ( 'NONE',  ( -4.649999999999999467, -4.553649124439118623E-15, -1.500000000000000000 ) ) ;
#1999 = EDGE_CURVE ( 'NONE', #4258, #3234, #3312, .T. ) ;
#2000 = EDGE_CURVE ( 'NONE', #2149, #274, #3271, .T. ) ;
#2001 = CARTESIAN_POINT ( 'NONE',  ( 4.428859429298539929, 1.000000000000004441, -4.428859429298540817 ) ) ;
#2002 = VERTEX_POINT ( 'NONE', #1743 ) ;
#2003 = DIRECTION ( 'NONE',  ( -1.000000000000000000, -1.000000000000000078E-15, 0.000000000000000000 ) ) ;
#2004 = ORIENTED_EDGE ( 'NONE', *, *, #4423, .F. ) ;
#2005 = ORIENTED_EDGE ( 'NONE', *, *, #1018, .F. ) ;
#2006 = CARTESIAN_POINT ( 'NONE',  ( -2.274999999999999911, 0.9799999999999999822, 0.000000000000000000 ) ) ;
#2007 = CARTESIAN_POINT ( 'NONE',  ( 2.680000000000000160, 0.3300000000000007372, 0.000000000000000000 ) ) ;
#2008 = CARTESIAN_POINT ( 'NONE',  ( -2.274999999999999911, 2.330000000000000071, 0.000000000000000000 ) ) ;
#2009 = VERTEX_POINT ( 'NONE', #4441 ) ;
#2010 = DIRECTION ( 'NONE',  ( 1.000000000000000000, 2.602085213965210642E-16, 0.000000000000000000 ) ) ;
#2011 = PLANE ( 'NONE',  #455 ) ;
#2012 = DIRECTION ( 'NONE',  ( -1.000000000000000078E-15, 1.000000000000000000, 0.000000000000000000 ) ) ;
#2013 = CARTESIAN_POINT ( 'NONE',  ( 5.149999999999991473, 8.500000000000005329, -5.150000000000000355 ) ) ;
#2014 = ORIENTED_EDGE ( 'NONE', *, *, #78, .T. ) ;
#2015 = ORIENTED_EDGE ( 'NONE', *, *, #1868, .F. ) ;
#2016 = FACE_OUTER_BOUND ( 'NONE', #937, .T. ) ;
#2017 = CARTESIAN_POINT ( 'NONE',  ( 5.850000000000000533, 0.3300000000000062883, 0.000000000000000000 ) ) ;
#2018 = CARTESIAN_POINT ( 'NONE',  ( -1.500000000000008438, 8.499999999999998224, -4.874423042781579340 ) ) ;
#2019 = DIRECTION ( 'NONE',  ( 1.000000000000000000, 1.000000000000000078E-15, 0.000000000000000000 ) ) ;
#2020 = EDGE_CURVE ( 'NONE', #2940, #2908, #3237, .T. ) ;
#2021 = EDGE_CURVE ( 'NONE', #4651, #2435, #2162, .T. ) ;
#2022 = ORIENTED_EDGE ( 'NONE', *, *, #3450, .F. ) ;
#2023 = DIRECTION ( 'NONE',  ( 0.000000000000000000, 0.000000000000000000, 1.000000000000000000 ) ) ;
#2024 = DIRECTION ( 'NONE',  ( 0.000000000000000000, 0.000000000000000000, -1.000000000000000000 ) ) ;
#2025 = ORIENTED_EDGE ( 'NONE', *, *, #4564, .F. ) ;
#2026 = EDGE_CURVE ( 'NONE', #3200, #4650, #432, .T. ) ;
#2027 = ORIENTED_EDGE ( 'NONE', *, *, #4644, .F. ) ;
#2028 = CARTESIAN_POINT ( 'NONE',  ( -3.450000000000000178, 0.4300000000000007150, -0.7500000000000002220 ) ) ;
#2029 = ORIENTED_EDGE ( 'NONE', *, *, #2334, .F. ) ;
#2030 = CIRCLE ( 'NONE', #1148, 4.700000000000000178 ) ;
#2031 = FACE_OUTER_BOUND ( 'NONE', #1424, .T. ) ;
#2032 = VECTOR ( 'NONE', #2724, 1000.000000000000000 ) ;
#2033 = AXIS2_PLACEMENT_3D ( 'NONE', #1869, #2553, #3404 ) ;
#2034 = VECTOR ( 'NONE', #3041, 1000.000000000000000 ) ;
#2035 = ORIENTED_EDGE ( 'NONE', *, *, #3321, .F. ) ;
#2036 = DIRECTION ( 'NONE',  ( -1.000000000000000078E-15, 1.000000000000000000, 0.000000000000000000 ) ) ;
#2037 = LINE ( 'NONE', #3600, #3253 ) ;
#2038 = FACE_OUTER_BOUND ( 'NONE', #1984, .T. ) ;
#2039 = AXIS2_PLACEMENT_3D ( 'NONE', #3912, #422, #4210 ) ;
#2040 = VECTOR ( 'NONE', #1209, 1000.000000000000000 ) ;
#2041 = DIRECTION ( 'NONE',  ( 1.000000000000000000, 1.000000000000000078E-15, -1.886301255431089879E-16 ) ) ;
#2042 = VERTEX_POINT ( 'NONE', #2511 ) ;
#2043 = VERTEX_POINT ( 'NONE', #240 ) ;
#2044 = VECTOR ( 'NONE', #2959, 1000.000000000000000 ) ;
#2045 = AXIS2_PLACEMENT_3D ( 'NONE', #2696, #1491, #3030 ) ;
#2046 = LINE ( 'NONE', #3606, #289 ) ;
#2047 = DIRECTION ( 'NONE',  ( -2.999999999999999839E-15, 1.000000000000000000, 1.387778780781439759E-16 ) ) ;
#2048 = CARTESIAN_POINT ( 'NONE',  ( -3.449999999999999734, -3.469446951953614189E-15, 0.7500000000000000000 ) ) ;
#2049 = AXIS2_PLACEMENT_3D ( 'NONE', #306, #4464, #2199 ) ;
#2050 = LINE ( 'NONE', #149, #1246 ) ;
#2051 = ORIENTED_EDGE ( 'NONE', *, *, #1601, .F. ) ;
#2052 = CARTESIAN_POINT ( 'NONE',  ( 2.924999999999998934, 1.655000000000000693, -7.960204194457795477E-17 ) ) ;
#2053 = AXIS2_PLACEMENT_3D ( 'NONE', #4304, #1280, #866 ) ;
#2054 = CARTESIAN_POINT ( 'NONE',  ( -5.258951169277059840E-16, 2.799999999999999822, -5.941071428571440549 ) ) ;
#2055 = ORIENTED_EDGE ( 'NONE', *, *, #2893, .T. ) ;
#2056 = EDGE_CURVE ( 'NONE', #4798, #4221, #4401, .T. ) ;
#2057 = ADVANCED_FACE ( 'NONE', ( #4422 ), #2489, .T. ) ;
#2058 = ORIENTED_EDGE ( 'NONE', *, *, #4362, .F. ) ;
#2059 = DIRECTION ( 'NONE',  ( -1.000000000000000078E-15, 1.000000000000000000, 0.000000000000000000 ) ) ;
#2060 = ORIENTED_EDGE ( 'NONE', *, *, #930, .F. ) ;
#2061 = LINE ( 'NONE', #158, #2132 ) ;
#2062 = EDGE_CURVE ( 'NONE', #2309, #4260, #3643, .T. ) ;
#2063 = EDGE_CURVE ( 'NONE', #3495, #3193, #2185, .T. ) ;
#2064 = ADVANCED_FACE ( 'NONE', ( #4017 ), #2106, .T. ) ;
#2065 = VERTEX_POINT ( 'NONE', #979 ) ;
#2066 = FACE_OUTER_BOUND ( 'NONE', #2359, .T. ) ;
#2067 = CARTESIAN_POINT ( 'NONE',  ( -4.150000000000000355, 0.3299999999999958522, -0.7500000000000000000 ) ) ;
#2068 = DIRECTION ( 'NONE',  ( 1.000000000000000000, 1.000000000000000078E-15, 1.224646799147353207E-16 ) ) ;
#2069 = VERTEX_POINT ( 'NONE', #1433 ) ;
#2070 = EDGE_LOOP ( 'NONE', ( #501, #2321, #2440, #896 ) ) ;
#2071 = DIRECTION ( 'NONE',  ( 1.000000000000000000, 2.999999999999999839E-15, 0.000000000000000000 ) ) ;
#2072 = CARTESIAN_POINT ( 'NONE',  ( -2.974999999999984102, -15.86505262369500358, 0.000000000000000000 ) ) ;
#2073 = PLANE ( 'NONE',  #120 ) ;
#2074 = CARTESIAN_POINT ( 'NONE',  ( 5.850000000000001421, 3.469446951953614189E-15, 0.5999999999999999778 ) ) ;
#2075 = SPHERICAL_SURFACE ( 'NONE', #1132, 0.6500000000000000222 ) ;
#2076 = ORIENTED_EDGE ( 'NONE', *, *, #1293, .T. ) ;
#2077 = CARTESIAN_POINT ( 'NONE',  ( -5.150000000000000355, -5.204170427930421283E-15, -5.150000000000000355 ) ) ;
#2078 = CARTESIAN_POINT ( 'NONE',  ( 2.680000000000000160, 0.3300000000000050115, -0.5999999999999999778 ) ) ;
#2079 = ORIENTED_EDGE ( 'NONE', *, *, #900, .T. ) ;
#2080 = EDGE_LOOP ( 'NONE', ( #1124, #2828, #3270, #1362 ) ) ;
#2081 = EDGE_CURVE ( 'NONE', #3138, #4309, #4091, .T. ) ;
#2082 = DIRECTION ( 'NONE',  ( -1.000000000000000000, -3.690901012716610650E-16, 1.224646799147350249E-16 ) ) ;
#2083 = EDGE_LOOP ( 'NONE', ( #3346, #3798, #202, #4430 ) ) ;
#2084 = PRESENTATION_STYLE_ASSIGNMENT (( #1768 ) ) ;
#2085 = ORIENTED_EDGE ( 'NONE', *, *, #1022, .F. ) ;
#2086 = EDGE_CURVE ( 'NONE', #1046, #2921, #3347, .T. ) ;
#2087 = ADVANCED_FACE ( 'NONE', ( #2910 ), #2585, .F. ) ;
#2088 = SURFACE_STYLE_USAGE ( .BOTH. , #1261 ) ;
#2089 = DIRECTION ( 'NONE',  ( 1.000000000000000000, 1.000000000000000078E-15, 0.000000000000000000 ) ) ;
#2090 = CARTESIAN_POINT ( 'NONE',  ( -1.137499999999999956, -1.084202172485504434E-15, -0.7500000000000000000 ) ) ;
#2091 = FACE_OUTER_BOUND ( 'NONE', #645, .T. ) ;
#2092 = ORIENTED_EDGE ( 'NONE', *, *, #3814, .T. ) ;
#2093 = ORIENTED_EDGE ( 'NONE', *, *, #1422, .F. ) ;
#2094 = EDGE_CURVE ( 'NONE', #2862, #2778, #3161, .T. ) ;
#2095 = DIRECTION ( 'NONE',  ( 3.700743415417190112E-16, -1.000000000000000000, 0.000000000000000000 ) ) ;
#2096 = CARTESIAN_POINT ( 'NONE',  ( 3.449999999999999289, 0.3300000000000000155, -0.6500000000000001332 ) ) ;
#2097 = DIRECTION ( 'NONE',  ( 0.7071067811865471286, 7.071067811865477305E-16, -0.7071067811865479058 ) ) ;
#2098 = LINE ( 'NONE', #4509, #1413 ) ;
#2099 = PLANE ( 'NONE',  #51 ) ;
#2100 = ORIENTED_EDGE ( 'NONE', *, *, #4293, .T. ) ;
#2101 = ORIENTED_EDGE ( 'NONE', *, *, #4213, .T. ) ;
#2102 = CARTESIAN_POINT ( 'NONE',  ( 3.449999999999999289, 0.3300000000000034572, 0.7500000000000000000 ) ) ;
#2103 = DIRECTION ( 'NONE',  ( 2.921639538487249824E-16, -1.000000000000000000, 0.000000000000000000 ) ) ;
#2104 = VERTEX_POINT ( 'NONE', #2618 ) ;
#2105 = ORIENTED_EDGE ( 'NONE', *, *, #1023, .T. ) ;
#2106 = PLANE ( 'NONE',  #1877 ) ;
#2107 = VERTEX_POINT ( 'NONE', #4518 ) ;
#2108 =( NAMED_UNIT ( * ) SI_UNIT ( $, .STERADIAN. ) SOLID_ANGLE_UNIT ( ) );
#2109 = ORIENTED_EDGE ( 'NONE', *, *, #4403, .T. ) ;
#2110 = VECTOR ( 'NONE', #4768, 1000.000000000000000 ) ;
#2111 = AXIS2_PLACEMENT_3D ( 'NONE', #3397, #4170, #4931 ) ;
#2112 = DIRECTION ( 'NONE',  ( -1.390874984094460047E-30, 1.390874984094460007E-15, 1.000000000000000000 ) ) ;
#2113 = CARTESIAN_POINT ( 'NONE',  ( 1.525000000000000133, 1.418404344971008908E-15, 0.000000000000000000 ) ) ;
#2114 = LINE ( 'NONE', #986, #4289 ) ;
#2115 = EDGE_CURVE ( 'NONE', #4494, #4703, #4926, .T. ) ;
#2116 = ADVANCED_FACE ( 'NONE', ( #4147, #736 ), #1833, .T. ) ;
#2117 = PRESENTATION_STYLE_ASSIGNMENT (( #3763 ) ) ;
#2118 = VECTOR ( 'NONE', #3389, 1000.000000000000000 ) ;
#2119 = VECTOR ( 'NONE', #4006, 1000.000000000000000 ) ;
#2120 = ORIENTED_EDGE ( 'NONE', *, *, #3673, .F. ) ;
#2121 =( GEOMETRIC_REPRESENTATION_CONTEXT ( 3 ) GLOBAL_UNCERTAINTY_ASSIGNED_CONTEXT ( ( #1786 ) ) GLOBAL_UNIT_ASSIGNED_CONTEXT ( ( #1388, #4455, #3278 ) ) REPRESENTATION_CONTEXT ( 'NONE', 'WORKASPACE' ) );
#2122 = CYLINDRICAL_SURFACE ( 'NONE', #3968, 5.000000000000000000 ) ;
#2123 =( GEOMETRIC_REPRESENTATION_CONTEXT ( 3 ) GLOBAL_UNCERTAINTY_ASSIGNED_CONTEXT ( ( #1035 ) ) GLOBAL_UNIT_ASSIGNED_CONTEXT ( ( #2579, #4065, #3772 ) ) REPRESENTATION_CONTEXT ( 'NONE', 'WORKASPACE' ) );
#2124 = FILL_AREA_STYLE ('',( #573 ) ) ;
#2125 = VECTOR ( 'NONE', #2569, 1000.000000000000000 ) ;
#2126 = DIRECTION ( 'NONE',  ( -1.000000000000000078E-15, 1.000000000000000000, 0.000000000000000000 ) ) ;
#2127 = EDGE_CURVE ( 'NONE', #4966, #2726, #3425, .T. ) ;
#2128 = LINE ( 'NONE', #3183, #3895 ) ;
#2129 = VECTOR ( 'NONE', #4818, 1000.000000000000000 ) ;
#2130 = CARTESIAN_POINT ( 'NONE',  ( 3.449999999999999289, 0.09999999999999831246, 2.050000000000000266 ) ) ;
#2131 = AXIS2_PLACEMENT_3D ( 'NONE', #2747, #1525, #4643 ) ;
#2132 = VECTOR ( 'NONE', #2468, 1000.000000000000000 ) ;
#2133 = ORIENTED_EDGE ( 'NONE', *, *, #2220, .F. ) ;
#2134 = FACE_OUTER_BOUND ( 'NONE', #2261, .T. ) ;
#2135 = VECTOR ( 'NONE', #4646, 1000.000000000000000 ) ;
#2136 = CARTESIAN_POINT ( 'NONE',  ( -4.150000000000000355, 0.1000000000000000472, -0.7500000000000002220 ) ) ;
#2137 = EDGE_LOOP ( 'NONE', ( #1354, #1366, #1020, #2956, #4537, #619 ) ) ;
#2138 = VECTOR ( 'NONE', #4049, 1000.000000000000000 ) ;
#2139 = AXIS2_PLACEMENT_3D ( 'NONE', #1065, #4159, #4461 ) ;
#2140 = EDGE_LOOP ( 'NONE', ( #4070, #1628, #641, #1328 ) ) ;
#2141 = CARTESIAN_POINT ( 'NONE',  ( 3.799999999999999822, 0.1000000000000038358, -5.551115123125779744E-16 ) ) ;
#2142 = ORIENTED_EDGE ( 'NONE', *, *, #2277, .T. ) ;
#2143 =( NAMED_UNIT ( * ) PLANE_ANGLE_UNIT ( ) SI_UNIT ( $, .RADIAN. ) );
#2144 = VERTEX_POINT ( 'NONE', #4664 ) ;
#2145 = FACE_OUTER_BOUND ( 'NONE', #4139, .T. ) ;
#2146 = CARTESIAN_POINT ( 'NONE',  ( -1.724999999999999867, -1.734723475976807094E-15, -2.050000000000000266 ) ) ;
#2147 = CARTESIAN_POINT ( 'NONE',  ( -3.450000000000000178, 0.4299999999999965516, 0.7500000000000000000 ) ) ;
#2148 = FILL_AREA_STYLE ('',( #2570 ) ) ;
#2149 = VERTEX_POINT ( 'NONE', #4311 ) ;
#2150 = EDGE_CURVE ( 'NONE', #4027, #2962, #2352, .T. ) ;
#2151 = CARTESIAN_POINT ( 'NONE',  ( -4.150000000000000355, 0.000000000000000000, -2.050000000000000266 ) ) ;
#2152 = PLANE ( 'NONE',  #2049 ) ;
#2153 = DIRECTION ( 'NONE',  ( -1.000000000000000000, -1.000000000000000078E-15, 1.077886431674909893E-16 ) ) ;
#2154 = ORIENTED_EDGE ( 'NONE', *, *, #2763, .T. ) ;
#2155 = CARTESIAN_POINT ( 'NONE',  ( 2.274999999999999467, 0.9799999999999999822, 0.5999999999999999778 ) ) ;
#2156 = EDGE_CURVE ( 'NONE', #3138, #3828, #1507, .T. ) ;
#2157 = EDGE_CURVE ( 'NONE', #3863, #3074, #3370, .T. ) ;
#2158 = CARTESIAN_POINT ( 'NONE',  ( 4.150000000000000355, 4.119968255444916849E-15, -0.7500000000000000000 ) ) ;
#2159 = CARTESIAN_POINT ( 'NONE',  ( 3.449999999999999734, 1.951563910473907981E-15, 2.050000000000000266 ) ) ;
#2160 = ORIENTED_EDGE ( 'NONE', *, *, #2495, .F. ) ;
#2161 = EDGE_CURVE ( 'NONE', #4756, #3072, #2404, .T. ) ;
#2162 = LINE ( 'NONE', #4849, #3477 ) ;
#2163 = ORIENTED_EDGE ( 'NONE', *, *, #4564, .T. ) ;
#2164 = DIRECTION ( 'NONE',  ( -2.999999999999999839E-15, 1.000000000000000000, 0.000000000000000000 ) ) ;
#2165 = ORIENTED_EDGE ( 'NONE', *, *, #2247, .F. ) ;
#2166 = PLANE ( 'NONE',  #461 ) ;
#2167 = DIRECTION ( 'NONE',  ( 5.112194853492090469E-16, -1.000000000000000000, 0.000000000000000000 ) ) ;
#2168 = CARTESIAN_POINT ( 'NONE',  ( 2.275000000000016342, -15.86505262369499647, 0.000000000000000000 ) ) ;
#2169 = CARTESIAN_POINT ( 'NONE',  ( -2.350000000000000089, 0.000000000000000000, 0.000000000000000000 ) ) ;
#2170 = LINE ( 'NONE', #1494, #4685 ) ;
#2171 = ORIENTED_EDGE ( 'NONE', *, *, #4836, .T. ) ;
#2172 = DIRECTION ( 'NONE',  ( -1.000000000000000078E-15, 1.000000000000000000, 0.000000000000000000 ) ) ;
#2173 = PRESENTATION_STYLE_ASSIGNMENT (( #4079 ) ) ;
#2174 = LINE ( 'NONE', #3001, #525 ) ;
#2175 = LINE ( 'NONE', #2603, #1968 ) ;
#2176 = DIRECTION ( 'NONE',  ( -1.000000000000000000, 0.000000000000000000, 0.000000000000000000 ) ) ;
#2177 = ORIENTED_EDGE ( 'NONE', *, *, #1941, .T. ) ;
#2178 = DIRECTION ( 'NONE',  ( -4.662389304686730657E-16, 1.000000000000000000, 0.000000000000000000 ) ) ;
#2179 = PRODUCT ( 'EEHZA1J560V', 'EEHZA1J560V', '', ( #731 ) ) ;
#2180 = DIRECTION ( 'NONE',  ( 2.921639538487249824E-16, -1.000000000000000000, 0.000000000000000000 ) ) ;
#2181 = CARTESIAN_POINT ( 'NONE',  ( -2.275000000000000355, 0.3299999999999977396, -0.7500000000000000000 ) ) ;
#2182 = EDGE_CURVE ( 'NONE', #1350, #3470, #2379, .T. ) ;
#2183 = ADVANCED_FACE ( 'NONE', ( #2782 ), #1214, .T. ) ;
#2184 = ORIENTED_EDGE ( 'NONE', *, *, #566, .F. ) ;
#2185 = LINE ( 'NONE', #2562, #4038 ) ;
#2186 = ORIENTED_EDGE ( 'NONE', *, *, #2086, .T. ) ;
#2187 = DIRECTION ( 'NONE',  ( 1.000000000000000000, 1.020425574104003999E-15, 0.000000000000000000 ) ) ;
#2188 = EDGE_CURVE ( 'NONE', #3564, #1644, #336, .T. ) ;
#2189 = EDGE_LOOP ( 'NONE', ( #786, #3116, #2590, #4769 ) ) ;
#2190 = DIRECTION ( 'NONE',  ( -1.000000000000000000, -1.000000000000000078E-15, 0.000000000000000000 ) ) ;
#2191 = CARTESIAN_POINT ( 'NONE',  ( -3.505967446184699986E-16, 2.199999999999999734, 0.000000000000000000 ) ) ;
#2192 = CARTESIAN_POINT ( 'NONE',  ( -5.850000000000000533, 0.3300000000000027356, 0.5999999999999999778 ) ) ;
#2193 = DIRECTION ( 'NONE',  ( -2.793414511017200385E-16, 1.000000000000000000, 2.589389445405190111E-32 ) ) ;
#2194 = DIRECTION ( 'NONE',  ( -1.000000000000000000, -1.000000000000000078E-15, 0.000000000000000000 ) ) ;
#2195 = AXIS2_PLACEMENT_3D ( 'NONE', #3045, #4561, #1915 ) ;
#2196 = ORIENTED_EDGE ( 'NONE', *, *, #4586, .T. ) ;
#2197 = SURFACE_STYLE_USAGE ( .BOTH. , #4941 ) ;
#2198 = DIRECTION ( 'NONE',  ( 1.000000000000000078E-15, -1.000000000000000000, 0.000000000000000000 ) ) ;
#2199 = DIRECTION ( 'NONE',  ( 1.000000000000000078E-15, -1.000000000000000000, 0.000000000000000000 ) ) ;
#2200 = ORIENTED_EDGE ( 'NONE', *, *, #3530, .F. ) ;
#2201 = VECTOR ( 'NONE', #3787, 1000.000000000000000 ) ;
#2202 = LINE ( 'NONE', #1450, #4278 ) ;
#2203 = VECTOR ( 'NONE', #2502, 1000.000000000000000 ) ;
#2204 = CARTESIAN_POINT ( 'NONE',  ( 3.449999999999999289, 0.1000000000000000472, -0.7500000000000002220 ) ) ;
#2205 = AXIS2_PLACEMENT_3D ( 'NONE', #2168, #1135, #4193 ) ;
#2206 =( GEOMETRIC_REPRESENTATION_CONTEXT ( 3 ) GLOBAL_UNCERTAINTY_ASSIGNED_CONTEXT ( ( #2943 ) ) GLOBAL_UNIT_ASSIGNED_CONTEXT ( ( #273, #1796, #918 ) ) REPRESENTATION_CONTEXT ( 'NONE', 'WORKASPACE' ) );
#2207 = EDGE_LOOP ( 'NONE', ( #114, #315, #4804, #3832 ) ) ;
#2208 = CIRCLE ( 'NONE', #53, 0.7000000000000000666 ) ;
#2209 = VECTOR ( 'NONE', #316, 1000.000000000000000 ) ;
#2210 = DIRECTION ( 'NONE',  ( 1.000000000000000000, 0.000000000000000000, 0.000000000000000000 ) ) ;
#2211 = DIRECTION ( 'NONE',  ( 0.000000000000000000, 0.000000000000000000, 1.000000000000000000 ) ) ;
#2212 = ADVANCED_FACE ( 'NONE', ( #1884 ), #3531, .T. ) ;
#2213 = ORIENTED_EDGE ( 'NONE', *, *, #3655, .F. ) ;
#2214 = CARTESIAN_POINT ( 'NONE',  ( -2.575000000000008615, 8.499999999999998224, -1.500000000000000000 ) ) ;
#2215 = VERTEX_POINT ( 'NONE', #1455 ) ;
#2216 = CIRCLE ( 'NONE', #4143, 4.825000000000000178 ) ;
#2217 = EDGE_LOOP ( 'NONE', ( #826, #2866 ) ) ;
#2218 = CARTESIAN_POINT ( 'NONE',  ( 3.349999999999999201, 1.000000000000003331, 5.150000000000000355 ) ) ;
#2219 = EDGE_CURVE ( 'NONE', #4308, #2043, #1110, .T. ) ;
#2220 = EDGE_CURVE ( 'NONE', #3863, #2809, #1979, .T. ) ;
#2221 = FACE_OUTER_BOUND ( 'NONE', #2137, .T. ) ;
#2222 = CARTESIAN_POINT ( 'NONE',  ( 2.679999999999998828, 1.500000000000000444, 0.000000000000000000 ) ) ;
#2223 = CARTESIAN_POINT ( 'NONE',  ( -4.650000000000000355, 0.9999999999999954481, 0.7500000000000000000 ) ) ;
#2224 = DIRECTION ( 'NONE',  ( -2.999999999999999839E-15, 1.000000000000000000, 0.000000000000000000 ) ) ;
#2225 = ORIENTED_EDGE ( 'NONE', *, *, #4423, .T. ) ;
#2226 = FACE_OUTER_BOUND ( 'NONE', #2080, .T. ) ;
#2227 = FACE_OUTER_BOUND ( 'NONE', #4765, .T. ) ;
#2228 = VERTEX_POINT ( 'NONE', #76 ) ;
#2229 = CARTESIAN_POINT ( 'NONE',  ( -3.449999999999999734, 0.09999999999999896472, 2.050000000000000266 ) ) ;
#2230 = DIRECTION ( 'NONE',  ( 1.000000000000000000, 1.020425574104003999E-15, 0.000000000000000000 ) ) ;
#2231 = ORIENTED_EDGE ( 'NONE', *, *, #3296, .F. ) ;
#2232 = CARTESIAN_POINT ( 'NONE',  ( -2.325000000000000622, 0.9999999999999976685, -1.500000000000000000 ) ) ;
#2233 = DIRECTION ( 'NONE',  ( 1.000000000000000000, 0.000000000000000000, 0.000000000000000000 ) ) ;
#2234 = ORIENTED_EDGE ( 'NONE', *, *, #99, .F. ) ;
#2235 = CARTESIAN_POINT ( 'NONE',  ( -3.449999999999999734, 0.09999999999999657774, 2.050000000000000266 ) ) ;
#2236 = FACE_OUTER_BOUND ( 'NONE', #4847, .T. ) ;
#2237 = ORIENTED_EDGE ( 'NONE', *, *, #864, .F. ) ;
#2238 = EDGE_CURVE ( 'NONE', #807, #179, #674, .T. ) ;
#2239 = ORIENTED_EDGE ( 'NONE', *, *, #3601, .T. ) ;
#2240 = UNCERTAINTY_MEASURE_WITH_UNIT (LENGTH_MEASURE( 1.000000000000000082E-05 ), #389, 'distance_accuracy_value', 'NONE');
#2241 = LINE ( 'NONE', #1558, #3804 ) ;
#2242 = PLANE ( 'NONE',  #3742 ) ;
#2243 = CARTESIAN_POINT ( 'NONE',  ( 5.850000000000001421, 3.469446951953614189E-15, -0.5999999999999999778 ) ) ;
#2244 = DIRECTION ( 'NONE',  ( 1.000000000000000000, 4.662389304686730657E-16, -0.000000000000000000 ) ) ;
#2245 = CARTESIAN_POINT ( 'NONE',  ( -5.258951169277059840E-16, 2.799999999999999822, -5.941071428571440549 ) ) ;
#2246 = EDGE_CURVE ( 'NONE', #3554, #4673, #3393, .T. ) ;
#2247 = EDGE_CURVE ( 'NONE', #2393, #2104, #3549, .T. ) ;
#2248 = ORIENTED_EDGE ( 'NONE', *, *, #1196, .T. ) ;
#2249 = CARTESIAN_POINT ( 'NONE',  ( 4.874423042781571347, 8.500000000000005329, -1.500000000000000000 ) ) ;
#2250 = DIRECTION ( 'NONE',  ( 1.000000000000000000, 2.602085213965210642E-16, 0.000000000000000000 ) ) ;
#2251 = CARTESIAN_POINT ( 'NONE',  ( 4.699999999999997513, 10.50000000000000000, 0.000000000000000000 ) ) ;
#2252 = DIRECTION ( 'NONE',  ( -1.000000000000000078E-15, 1.000000000000000000, 0.000000000000000000 ) ) ;
#2253 =( LENGTH_UNIT ( ) NAMED_UNIT ( * ) SI_UNIT ( .MILLI., .METRE. ) );
#2254 = ADVANCED_FACE ( 'NONE', ( #4738 ), #1648, .T. ) ;
#2255 = ORIENTED_EDGE ( 'NONE', *, *, #526, .F. ) ;
#2256 = CARTESIAN_POINT ( 'NONE',  ( 2.575000000000000178, 2.602085213965210642E-15, -1.500000000000000000 ) ) ;
#2257 = LINE ( 'NONE', #4951, #200 ) ;
#2258 = ORIENTED_EDGE ( 'NONE', *, *, #3571, .T. ) ;
#2259 = CARTESIAN_POINT ( 'NONE',  ( -4.150000000000000355, 0.3300000000000000155, -0.6500000000000001332 ) ) ;
#2260 = ORIENTED_EDGE ( 'NONE', *, *, #4262, .T. ) ;
#2261 = EDGE_LOOP ( 'NONE', ( #1294, #407, #2964, #846 ) ) ;
#2262 = LINE ( 'NONE', #1934, #2752 ) ;
#2263 = CARTESIAN_POINT ( 'NONE',  ( 2.274999999999999467, 0.9799999999999999822, 0.000000000000000000 ) ) ;
#2264 = DIRECTION ( 'NONE',  ( 1.000000000000000000, 3.035766082959412415E-16, 0.000000000000000000 ) ) ;
#2265 = DIRECTION ( 'NONE',  ( 1.000000000000000078E-15, -1.000000000000000000, 0.000000000000000000 ) ) ;
#2266 = ORIENTED_EDGE ( 'NONE', *, *, #1882, .T. ) ;
#2267 = CARTESIAN_POINT ( 'NONE',  ( -5.000000000000000000, 1.599999999999997202, 6.123233995736766282E-16 ) ) ;
#2268 = EDGE_CURVE ( 'NONE', #3435, #1428, #1954, .T. ) ;
#2269 = PLANE ( 'NONE',  #4449 ) ;
#2270 = EDGE_CURVE ( 'NONE', #2809, #3136, #2425, .T. ) ;
#2271 = DIRECTION ( 'NONE',  ( 1.000000000000000078E-15, -1.000000000000000000, 0.000000000000000000 ) ) ;
#2272 = DIRECTION ( 'NONE',  ( 1.000000000000000000, 0.000000000000000000, 0.000000000000000000 ) ) ;
#2273 = EDGE_LOOP ( 'NONE', ( #1605, #3998, #1265, #4497 ) ) ;
#2274 = CARTESIAN_POINT ( 'NONE',  ( 4.150000000000000355, 0.1000000000000041689, 2.050000000000000266 ) ) ;
#2275 = VECTOR ( 'NONE', #2289, 1000.000000000000000 ) ;
#2276 = LINE ( 'NONE', #1603, #2361 ) ;
#2277 = EDGE_CURVE ( 'NONE', #4128, #3501, #2602, .T. ) ;
#2278 = EDGE_CURVE ( 'NONE', #2104, #1821, #1289, .T. ) ;
#2279 = CARTESIAN_POINT ( 'NONE',  ( -2.687908375408270055E-15, 10.20000000000000107, 0.000000000000000000 ) ) ;
#2280 = TOROIDAL_SURFACE ( 'NONE', #3002, 4.700000000000000178, 0.2999999999999999889 ) ;
#2281 = AXIS2_PLACEMENT_3D ( 'NONE', #2343, #95, #4167 ) ;
#2282 = ORIENTED_EDGE ( 'NONE', *, *, #560, .F. ) ;
#2283 = VECTOR ( 'NONE', #4593, 1000.000000000000000 ) ;
#2284 = CARTESIAN_POINT ( 'NONE',  ( -2.775557561562889773E-15, 10.49999999999999822, 0.000000000000000000 ) ) ;
#2285 = EDGE_LOOP ( 'NONE', ( #3994, #4083, #4570, #570, #2849, #756, #3100, #1742, #3973 ) ) ;
#2286 = AXIS2_PLACEMENT_3D ( 'NONE', #4589, #4969, #3834 ) ;
#2287 = CIRCLE ( 'NONE', #3337, 0.6500000000000000222 ) ;
#2288 = ORIENTED_EDGE ( 'NONE', *, *, #1423, .T. ) ;
#2289 = DIRECTION ( 'NONE',  ( 4.163336342344319286E-31, -1.387778780781439759E-16, 1.000000000000000000 ) ) ;
#2290 = FACE_OUTER_BOUND ( 'NONE', #362, .T. ) ;
#2291 = AXIS2_PLACEMENT_3D ( 'NONE', #2284, #2754, #4669 ) ;
#2292 = DIRECTION ( 'NONE',  ( -1.000000000000000078E-15, 1.000000000000000000, 0.000000000000000000 ) ) ;
#2293 = AXIS2_PLACEMENT_3D ( 'NONE', #1548, #3112, #3082 ) ;
#2294 = AXIS2_PLACEMENT_3D ( 'NONE', #958, #4780, #262 ) ;
#2295 = ORIENTED_EDGE ( 'NONE', *, *, #4831, .T. ) ;
#2296 = AXIS2_PLACEMENT_3D ( 'NONE', #2394, #3144, #4750 ) ;
#2297 = DIRECTION ( 'NONE',  ( 5.112194853492090469E-16, -1.000000000000000000, 0.000000000000000000 ) ) ;
#2298 = LINE ( 'NONE', #4638, #1313 ) ;
#2299 = CARTESIAN_POINT ( 'NONE',  ( 4.874423042781571347, 8.500000000000005329, -1.500000000000000000 ) ) ;
#2300 = ORIENTED_EDGE ( 'NONE', *, *, #2669, .F. ) ;
#2301 = EDGE_CURVE ( 'NONE', #1217, #1812, #522, .T. ) ;
#2302 = CARTESIAN_POINT ( 'NONE',  ( -1.500000000000007550, 7.499999999999998224, -5.150000000000000355 ) ) ;
#2303 = CARTESIAN_POINT ( 'NONE',  ( 2.274999999999999911, 2.168404344971008868E-15, 0.7500000000000000000 ) ) ;
#2304 = CARTESIAN_POINT ( 'NONE',  ( -7.011934892369409833E-16, 3.399999999999999911, -4.999999999999999112 ) ) ;
#2305 = EDGE_CURVE ( 'NONE', #4520, #2385, #3181, .T. ) ;
#2306 = ADVANCED_FACE ( 'NONE', ( #4412 ), #4331, .T. ) ;
#2307 = ORIENTED_EDGE ( 'NONE', *, *, #920, .T. ) ;
#2308 = CARTESIAN_POINT ( 'NONE',  ( 5.850000000000001421, 3.469446951953614189E-15, 0.000000000000000000 ) ) ;
#2309 = VERTEX_POINT ( 'NONE', #498 ) ;
#2310 = EDGE_CURVE ( 'NONE', #3092, #2501, #1312, .T. ) ;
#2311 = ORIENTED_EDGE ( 'NONE', *, *, #415, .T. ) ;
#2312 = CARTESIAN_POINT ( 'NONE',  ( -4.649999999999999467, 0.3299999999999953526, -0.7500000000000000000 ) ) ;
#2313 = LINE ( 'NONE', #3780, #458 ) ;
#2314 = LINE ( 'NONE', #1937, #2692 ) ;
#2315 = DIRECTION ( 'NONE',  ( -2.694716079187269803E-17, -2.694716079187270172E-32, -1.000000000000000000 ) ) ;
#2316 = VERTEX_POINT ( 'NONE', #913 ) ;
#2317 = DIRECTION ( 'NONE',  ( 1.000000000000000000, 2.999999999999999839E-15, 0.000000000000000000 ) ) ;
#2318 = DIRECTION ( 'NONE',  ( 1.000000000000000000, 1.000000000000000078E-15, 0.000000000000000000 ) ) ;
#2319 = DIRECTION ( 'NONE',  ( -0.7071067811865467956, -0.7071067811865482389, 0.000000000000000000 ) ) ;
#2320 = ORIENTED_EDGE ( 'NONE', *, *, #2219, .F. ) ;
#2321 = ORIENTED_EDGE ( 'NONE', *, *, #1908, .T. ) ;
#2322 = CARTESIAN_POINT ( 'NONE',  ( -5.850000000000000533, 0.3300000000000027356, 0.000000000000000000 ) ) ;
#2323 = CARTESIAN_POINT ( 'NONE',  ( -4.150000000000000355, 0.000000000000000000, -2.050000000000000266 ) ) ;
#2324 = LINE ( 'NONE', #3915, #2370 ) ;
#2325 = ORIENTED_EDGE ( 'NONE', *, *, #3465, .F. ) ;
#2326 = FACE_OUTER_BOUND ( 'NONE', #280, .T. ) ;
#2327 = EDGE_LOOP ( 'NONE', ( #3148, #809, #2300, #2827 ) ) ;
#2328 = ADVANCED_FACE ( 'NONE', ( #4758 ), #2853, .T. ) ;
#2329 = EDGE_CURVE ( 'NONE', #189, #1918, #3256, .T. ) ;
#2330 = VECTOR ( 'NONE', #2595, 1000.000000000000000 ) ;
#2331 = ORIENTED_EDGE ( 'NONE', *, *, #3599, .T. ) ;
#2332 = CARTESIAN_POINT ( 'NONE',  ( 4.149999999999999467, 1.000000000000004219, 5.150000000000000355 ) ) ;
#2333 = CARTESIAN_POINT ( 'NONE',  ( -3.450000000000000178, 0.4299999999999965516, 0.7500000000000000000 ) ) ;
#2334 = EDGE_CURVE ( 'NONE', #4650, #4841, #1078, .T. ) ;
#2335 = FACE_OUTER_BOUND ( 'NONE', #3033, .T. ) ;
#2336 = ORIENTED_EDGE ( 'NONE', *, *, #3227, .T. ) ;
#2337 = PLANE ( 'NONE',  #307 ) ;
#2338 = DIRECTION ( 'NONE',  ( -0.7071067811865474617, -7.071067811865475333E-16, 0.7071067811865474617 ) ) ;
#2339 = FACE_OUTER_BOUND ( 'NONE', #4693, .T. ) ;
#2340 = ORIENTED_EDGE ( 'NONE', *, *, #263, .T. ) ;
#2341 = ORIENTED_EDGE ( 'NONE', *, *, #2707, .T. ) ;
#2342 = DIRECTION ( 'NONE',  ( 0.7071067811865476838, -0.7071067811865472397, 0.000000000000000000 ) ) ;
#2343 = CARTESIAN_POINT ( 'NONE',  ( -4.150000000000000355, 0.1674691358024690546, 0.000000000000000000 ) ) ;
#2344 = DIRECTION ( 'NONE',  ( 1.000000000000000078E-15, -1.000000000000000000, -2.668805347656619776E-16 ) ) ;
#2345 = LINE ( 'NONE', #2750, #4459 ) ;
#2346 = AXIS2_PLACEMENT_3D ( 'NONE', #3367, #628, #1878 ) ;
#2347 = CIRCLE ( 'NONE', #1949, 0.9999999999999995559 ) ;
#2348 = ORIENTED_EDGE ( 'NONE', *, *, #4954, .T. ) ;
#2349 = DIRECTION ( 'NONE',  ( 0.000000000000000000, 0.000000000000000000, -1.000000000000000000 ) ) ;
#2350 = ORIENTED_EDGE ( 'NONE', *, *, #1260, .F. ) ;
#2351 = CIRCLE ( 'NONE', #2521, 0.7000000000000000666 ) ;
#2352 = CIRCLE ( 'NONE', #1399, 0.6500000000000000222 ) ;
#2353 = PRESENTATION_LAYER_ASSIGNMENT (  '', '', ( #206 ) ) ;
#2354 = ORIENTED_EDGE ( 'NONE', *, *, #4642, .T. ) ;
#2355 = VECTOR ( 'NONE', #4877, 1000.000000000000000 ) ;
#2356 = EDGE_CURVE ( 'NONE', #1389, #2778, #3607, .T. ) ;
#2357 = AXIS2_PLACEMENT_3D ( 'NONE', #2817, #907, #2844 ) ;
#2358 = DIRECTION ( 'NONE',  ( -0.7071067811865475727, -7.071067811865476319E-16, 0.7071067811865475727 ) ) ;
#2359 = EDGE_LOOP ( 'NONE', ( #27, #3582, #308, #175, #1321, #1470, #2213, #1781, #238 ) ) ;
#2360 = DIRECTION ( 'NONE',  ( -2.921639538487249824E-16, 1.000000000000000000, 0.000000000000000000 ) ) ;
#2361 = VECTOR ( 'NONE', #1526, 1000.000000000000000 ) ;
#2362 = AXIS2_PLACEMENT_3D ( 'NONE', #3583, #1243, #146 ) ;
#2363 = VECTOR ( 'NONE', #903, 1000.000000000000000 ) ;
#2364 = DIRECTION ( 'NONE',  ( 1.000000000000000078E-15, -1.000000000000000000, 0.000000000000000000 ) ) ;
#2365 = ORIENTED_EDGE ( 'NONE', *, *, #415, .F. ) ;
#2366 = EDGE_CURVE ( 'NONE', #3120, #47, #3225, .T. ) ;
#2367 = EDGE_CURVE ( 'NONE', #3178, #2393, #4030, .T. ) ;
#2368 =( GEOMETRIC_REPRESENTATION_CONTEXT ( 3 ) GLOBAL_UNCERTAINTY_ASSIGNED_CONTEXT ( ( #4859 ) ) GLOBAL_UNIT_ASSIGNED_CONTEXT ( ( #3313, #1859, #260 ) ) REPRESENTATION_CONTEXT ( 'NONE', 'WORKASPACE' ) );
#2369 = CARTESIAN_POINT ( 'NONE',  ( 3.449999999999999289, 0.1000000000000000472, -2.050000000000000266 ) ) ;
#2370 = VECTOR ( 'NONE', #3818, 1000.000000000000000 ) ;
#2371 = LINE ( 'NONE', #884, #1569 ) ;
#2372 = VECTOR ( 'NONE', #4709, 1000.000000000000000 ) ;
#2373 = DIRECTION ( 'NONE',  ( 1.000000000000000000, 2.999999999999999839E-15, 0.000000000000000000 ) ) ;
#2374 = DIRECTION ( 'NONE',  ( 3.700743415417190112E-16, 3.700743415417190507E-31, -1.000000000000000000 ) ) ;
#2375 = VERTEX_POINT ( 'NONE', #2096 ) ;
#2376 = VECTOR ( 'NONE', #1541, 1000.000000000000000 ) ;
#2377 = ORIENTED_EDGE ( 'NONE', *, *, #2278, .T. ) ;
#2378 = PLANE ( 'NONE',  #2039 ) ;
#2379 = LINE ( 'NONE', #3913, #2034 ) ;
#2380 = CARTESIAN_POINT ( 'NONE',  ( 2.274999999999999467, 0.3300000000000000155, -2.403560570595270290E-32 ) ) ;
#2381 = AXIS2_PLACEMENT_3D ( 'NONE', #3196, #2815, #4343 ) ;
#2382 = LINE ( 'NONE', #3061, #3492 ) ;
#2383 = ORIENTED_EDGE ( 'NONE', *, *, #3445, .T. ) ;
#2384 = CARTESIAN_POINT ( 'NONE',  ( 2.274999999999999467, 0.3300000000000022915, 0.000000000000000000 ) ) ;
#2385 = VERTEX_POINT ( 'NONE', #3661 ) ;
#2386 = MANIFOLD_SOLID_BREP ( 'EEHZA1J560V--3DModel-STEP-1.STEP<1>[3]', #2439 ) ;
#2387 = VERTEX_POINT ( 'NONE', #1066 ) ;
#2388 = DIRECTION ( 'NONE',  ( 2.921639538487249824E-16, -1.000000000000000000, 0.000000000000000000 ) ) ;
#2389 = VERTEX_POINT ( 'NONE', #1847 ) ;
#2390 = CARTESIAN_POINT ( 'NONE',  ( -3.350000000000000089, -3.252606517456513302E-15, 5.150000000000000355 ) ) ;
#2391 = CARTESIAN_POINT ( 'NONE',  ( -5.150000000000000355, -5.204170427930421283E-15, 1.500000000000000000 ) ) ;
#2392 = MANIFOLD_SOLID_BREP ( 'EEHZA1J560V--3DModel-STEP-1.STEP<1>[6]', #3732 ) ;
#2393 = VERTEX_POINT ( 'NONE', #3683 ) ;
#2394 = CARTESIAN_POINT ( 'NONE',  ( 4.150000000000000355, 4.119968255444916849E-15, 4.150000000000000355 ) ) ;
#2395 = DIRECTION ( 'NONE',  ( 0.000000000000000000, 0.000000000000000000, -1.000000000000000000 ) ) ;
#2396 = DIRECTION ( 'NONE',  ( -1.000000000000000000, -1.000000000000000078E-15, -2.337311630789800155E-16 ) ) ;
#2397 = EDGE_CURVE ( 'NONE', #2387, #4896, #2598, .T. ) ;
#2398 = EDGE_CURVE ( 'NONE', #4683, #2149, #2684, .T. ) ;
#2399 = CARTESIAN_POINT ( 'NONE',  ( -4.150000000000000355, 0.09999999999999581446, 2.050000000000000266 ) ) ;
#2400 = ORIENTED_EDGE ( 'NONE', *, *, #4578, .F. ) ;
#2401 = ORIENTED_EDGE ( 'NONE', *, *, #2150, .F. ) ;
#2402 = DIRECTION ( 'NONE',  ( 5.112194853492090469E-16, -1.000000000000000000, 0.000000000000000000 ) ) ;
#2403 = MANIFOLD_SOLID_BREP ( 'EEHZA1J560V--3DModel-STEP-1.STEP<1>[2]', #2690 ) ;
#2404 = LINE ( 'NONE', #2235, #4687 ) ;
#2405 = LINE ( 'NONE', #2018, #3812 ) ;
#2406 = CARTESIAN_POINT ( 'NONE',  ( 1.524999999999999689, 0.3300000000000015143, 0.000000000000000000 ) ) ;
#2407 = EDGE_CURVE ( 'NONE', #3157, #1930, #373, .T. ) ;
#2408 = ORIENTED_EDGE ( 'NONE', *, *, #1909, .F. ) ;
#2409 = DIRECTION ( 'NONE',  ( 0.000000000000000000, 0.000000000000000000, 1.000000000000000000 ) ) ;
#2410 = DIRECTION ( 'NONE',  ( 2.921639538487249824E-16, -1.000000000000000000, 0.000000000000000000 ) ) ;
#2411 = ORIENTED_EDGE ( 'NONE', *, *, #3420, .F. ) ;
#2412 = ORIENTED_EDGE ( 'NONE', *, *, #3901, .F. ) ;
#2413 = CARTESIAN_POINT ( 'NONE',  ( -2.275000000000000355, 0.3299999999999977396, 0.7500000000000000000 ) ) ;
#2414 = LINE ( 'NONE', #510, #127 ) ;
#2415 = ORIENTED_EDGE ( 'NONE', *, *, #2914, .T. ) ;
#2416 = SURFACE_STYLE_FILL_AREA ( #1164 ) ;
#2417 = DIRECTION ( 'NONE',  ( 0.000000000000000000, 0.000000000000000000, -1.000000000000000000 ) ) ;
#2418 = CARTESIAN_POINT ( 'NONE',  ( -2.525000000000000355, 1.655000000000000027, -0.5999999999999999778 ) ) ;
#2419 = DIRECTION ( 'NONE',  ( -1.000000000000000000, -1.000000000000000078E-15, 0.000000000000000000 ) ) ;
#2420 = ORIENTED_EDGE ( 'NONE', *, *, #3350, .F. ) ;
#2421 = EDGE_LOOP ( 'NONE', ( #24, #4636, #2288, #2894, #3979 ) ) ;
#2422 = ADVANCED_FACE ( 'NONE', ( #2227 ), #1520, .T. ) ;
#2423 = CARTESIAN_POINT ( 'NONE',  ( -1.738375525399920210E-15, 6.950000000000000178, 0.000000000000000000 ) ) ;
#2424 = EDGE_CURVE ( 'NONE', #1586, #217, #3807, .T. ) ;
#2425 = LINE ( 'NONE', #3584, #1156 ) ;
#2426 = CARTESIAN_POINT ( 'NONE',  ( -2.274999999999999911, 0.3300000000000000155, 2.403560570595270290E-32 ) ) ;
#2427 = CARTESIAN_POINT ( 'NONE',  ( 2.446654762208439582, 0.09665476220843981225, -0.5999999999999999778 ) ) ;
#2428 = VERTEX_POINT ( 'NONE', #3232 ) ;
#2429 = CARTESIAN_POINT ( 'NONE',  ( -2.680000000000000160, 0.3300000000000003486, 0.000000000000000000 ) ) ;
#2430 = ADVANCED_FACE ( 'NONE', ( #2829 ), #4436, .T. ) ;
#2431 = ADVANCED_FACE ( 'NONE', ( #2134 ), #3185, .T. ) ;
#2432 = CARTESIAN_POINT ( 'NONE',  ( -4.150000000000000355, 0.09999999999999581446, -2.050000000000000266 ) ) ;
#2433 = ORIENTED_EDGE ( 'NONE', *, *, #3110, .T. ) ;
#2434 = VECTOR ( 'NONE', #788, 1000.000000000000000 ) ;
#2435 = VERTEX_POINT ( 'NONE', #923 ) ;
#2436 = DIRECTION ( 'NONE',  ( 0.7071067811865474617, 7.071067811865475333E-16, -0.7071067811865474617 ) ) ;
#2437 = DIRECTION ( 'NONE',  ( 1.000000000000000000, 2.921639538487249824E-16, 0.000000000000000000 ) ) ;
#2438 = VECTOR ( 'NONE', #4945, 1000.000000000000000 ) ;
#2439 = CLOSED_SHELL ( 'NONE', ( #683, #2892, #4960, #1516, #2791, #1738, #2254, #4326, #3189, #2867, #3662, #1684, #2306, #3875 ) ) ;
#2440 = ORIENTED_EDGE ( 'NONE', *, *, #168, .T. ) ;
#2441 = DIRECTION ( 'NONE',  ( -1.000000000000000078E-15, 1.000000000000000000, 0.000000000000000000 ) ) ;
#2442 = AXIS2_PLACEMENT_3D ( 'NONE', #3738, #230, #3362 ) ;
#2443 = CARTESIAN_POINT ( 'NONE',  ( -3.450000000000000178, 0.4299999999999965516, -0.7500000000000000000 ) ) ;
#2444 = AXIS2_PLACEMENT_3D ( 'NONE', #2822, #2071, #2451 ) ;
#2445 = VECTOR ( 'NONE', #1300, 1000.000000000000000 ) ;
#2446 = CARTESIAN_POINT ( 'NONE',  ( 5.149999999999991473, 8.500000000000005329, 1.500000000000000000 ) ) ;
#2447 = ORIENTED_EDGE ( 'NONE', *, *, #1571, .F. ) ;
#2448 = ORIENTED_EDGE ( 'NONE', *, *, #3024, .F. ) ;
#2449 = VECTOR ( 'NONE', #4282, 1000.000000000000000 ) ;
#2450 = AXIS2_PLACEMENT_3D ( 'NONE', #4266, #464, #1683 ) ;
#2451 = DIRECTION ( 'NONE',  ( -2.999999999999999839E-15, 1.000000000000000000, 0.000000000000000000 ) ) ;
#2452 = CARTESIAN_POINT ( 'NONE',  ( 3.449999999999999734, 0.1000000000000035166, 2.050000000000000266 ) ) ;
#2453 = DIRECTION ( 'NONE',  ( -1.000000000000000078E-15, 1.000000000000000000, 0.000000000000000000 ) ) ;
#2454 = VECTOR ( 'NONE', #4273, 1000.000000000000000 ) ;
#2455 = DIRECTION ( 'NONE',  ( -1.077886431674909893E-16, -1.077886431674910039E-31, -1.000000000000000000 ) ) ;
#2456 = CIRCLE ( 'NONE', #2294, 0.9999999999999995559 ) ;
#2457 = EDGE_CURVE ( 'NONE', #2476, #3051, #3937, .T. ) ;
#2458 = ORIENTED_EDGE ( 'NONE', *, *, #2621, .F. ) ;
#2459 = DIRECTION ( 'NONE',  ( 1.000000000000000078E-15, -1.000000000000000000, 0.000000000000000000 ) ) ;
#2460 = VECTOR ( 'NONE', #2667, 1000.000000000000000 ) ;
#2461 = DIRECTION ( 'NONE',  ( 1.000000000000000000, 1.000000000000000078E-15, 0.000000000000000000 ) ) ;
#2462 = ORIENTED_EDGE ( 'NONE', *, *, #4293, .F. ) ;
#2463 = ADVANCED_FACE ( 'NONE', ( #2807 ), #3287, .F. ) ;
#2464 = ADVANCED_FACE ( 'NONE', ( #4417 ), #897, .T. ) ;
#2465 = VERTEX_POINT ( 'NONE', #1677 ) ;
#2466 = DIRECTION ( 'NONE',  ( 1.000000000000000000, 0.000000000000000000, 0.000000000000000000 ) ) ;
#2467 = VERTEX_POINT ( 'NONE', #1372 ) ;
#2468 = DIRECTION ( 'NONE',  ( 0.000000000000000000, 1.000000000000000000, 0.000000000000000000 ) ) ;
#2469 = ADVANCED_FACE ( 'NONE', ( #974 ), #502, .T. ) ;
#2470 = VERTEX_POINT ( 'NONE', #4035 ) ;
#2471 = CARTESIAN_POINT ( 'NONE',  ( 2.274999999999999911, 2.168404344971008868E-15, 0.7500000000000000000 ) ) ;
#2472 = CARTESIAN_POINT ( 'NONE',  ( -2.525000000000000355, 0.9799999999999999822, -0.5999999999999999778 ) ) ;
#2473 = CARTESIAN_POINT ( 'NONE',  ( -2.274999999999999911, 0.9799999999999999822, -0.6500000000000000222 ) ) ;
#2474 = CARTESIAN_POINT ( 'NONE',  ( 2.350000000000000089, 1.500000000000000000, 0.5999999999999999778 ) ) ;
#2475 = VERTEX_POINT ( 'NONE', #4336 ) ;
#2476 = VERTEX_POINT ( 'NONE', #529 ) ;
#2477 = CARTESIAN_POINT ( 'NONE',  ( -4.150000000000000355, 0.000000000000000000, 0.6500000000000000222 ) ) ;
#2478 = DIRECTION ( 'NONE',  ( 1.000000000000000000, 1.000000000000000078E-15, 0.000000000000000000 ) ) ;
#2479 = DIRECTION ( 'NONE',  ( 1.000000000000000000, 5.204170427930421283E-16, 0.000000000000000000 ) ) ;
#2480 = DIRECTION ( 'NONE',  ( -1.000000000000000078E-15, 1.000000000000000000, 0.000000000000000000 ) ) ;
#2481 = CARTESIAN_POINT ( 'NONE',  ( -5.150000000000008349, 8.499999999999994671, -5.150000000000000355 ) ) ;
#2482 = VERTEX_POINT ( 'NONE', #603 ) ;
#2483 = ORIENTED_EDGE ( 'NONE', *, *, #1111, .T. ) ;
#2484 = CARTESIAN_POINT ( 'NONE',  ( -2.274999999999999911, -2.168404344971008868E-15, -0.7500000000000000000 ) ) ;
#2485 = CARTESIAN_POINT ( 'NONE',  ( -3.449999999999999734, -3.469446951953614189E-15, 2.050000000000000266 ) ) ;
#2486 = VERTEX_POINT ( 'NONE', #2102 ) ;
#2487 = VERTEX_POINT ( 'NONE', #556 ) ;
#2488 = EDGE_CURVE ( 'NONE', #2870, #1428, #3669, .T. ) ;
#2489 = PLANE ( 'NONE',  #3401 ) ;
#2490 = ADVANCED_FACE ( 'NONE', ( #1761 ), #2884, .T. ) ;
#2491 = VERTEX_POINT ( 'NONE', #3208 ) ;
#2492 = DIRECTION ( 'NONE',  ( -1.387778780781439762E-31, 1.387778780781439759E-16, -1.000000000000000000 ) ) ;
#2493 = ORIENTED_EDGE ( 'NONE', *, *, #71, .T. ) ;
#2494 = DIRECTION ( 'NONE',  ( -0.7071067811865467956, -0.7071067811865482389, 0.000000000000000000 ) ) ;
#2495 = EDGE_CURVE ( 'NONE', #3193, #4547, #4742, .T. ) ;
#2496 = CARTESIAN_POINT ( 'NONE',  ( -3.800000000000000266, 0.4299999999999961631, -4.163336342344340478E-16 ) ) ;
#2497 = EDGE_CURVE ( 'NONE', #113, #2144, #3988, .T. ) ;
#2498 = CARTESIAN_POINT ( 'NONE',  ( -2.274999999999999911, -2.168404344971008868E-15, 0.000000000000000000 ) ) ;
#2499 = CARTESIAN_POINT ( 'NONE',  ( -1.625000000000000222, 0.9799999999999999822, 0.000000000000000000 ) ) ;
#2500 = ORIENTED_EDGE ( 'NONE', *, *, #1422, .T. ) ;
#2501 = VERTEX_POINT ( 'NONE', #4767 ) ;
#2502 = DIRECTION ( 'NONE',  ( 1.000000000000000000, 1.000000000000000078E-15, 0.000000000000000000 ) ) ;
#2503 = DIRECTION ( 'NONE',  ( 0.000000000000000000, 0.000000000000000000, -1.000000000000000000 ) ) ;
#2504 = CARTESIAN_POINT ( 'NONE',  ( 1.137499999999999956, 1.084202172485504434E-15, 0.7500000000000000000 ) ) ;
#2505 = FACE_OUTER_BOUND ( 'NONE', #1904, .T. ) ;
#2506 = FACE_OUTER_BOUND ( 'NONE', #1432, .T. ) ;
#2507 = ORIENTED_EDGE ( 'NONE', *, *, #1087, .F. ) ;
#2508 = DIRECTION ( 'NONE',  ( 1.000000000000000078E-15, -1.000000000000000000, 0.000000000000000000 ) ) ;
#2509 = EDGE_LOOP ( 'NONE', ( #26, #1307, #4868, #2525 ) ) ;
#2510 = VERTEX_POINT ( 'NONE', #176 ) ;
#2511 = CARTESIAN_POINT ( 'NONE',  ( 2.679999999999998828, 1.500000000000000444, -0.5084043666216869761 ) ) ;
#2512 = ORIENTED_EDGE ( 'NONE', *, *, #236, .F. ) ;
#2513 = PLANE ( 'NONE',  #4782 ) ;
#2514 = EDGE_CURVE ( 'NONE', #2665, #2983, #2863, .T. ) ;
#2515 = ORIENTED_EDGE ( 'NONE', *, *, #472, .F. ) ;
#2516 = VECTOR ( 'NONE', #1377, 1000.000000000000000 ) ;
#2517 = DIRECTION ( 'NONE',  ( 1.000000000000000078E-15, -1.000000000000000000, 0.000000000000000000 ) ) ;
#2518 = LINE ( 'NONE', #2146, #4059 ) ;
#2519 = DIRECTION ( 'NONE',  ( -1.000000000000000000, -1.000000000000000078E-15, 0.000000000000000000 ) ) ;
#2520 = CARTESIAN_POINT ( 'NONE',  ( 2.000000000000000000, 10.49999999999999822, -4.253234063627349570 ) ) ;
#2521 = AXIS2_PLACEMENT_3D ( 'NONE', #4513, #1430, #3691 ) ;
#2522 =( GEOMETRIC_REPRESENTATION_CONTEXT ( 3 ) GLOBAL_UNCERTAINTY_ASSIGNED_CONTEXT ( ( #689 ) ) GLOBAL_UNIT_ASSIGNED_CONTEXT ( ( #3303, #3767, #4482 ) ) REPRESENTATION_CONTEXT ( 'NONE', 'WORKASPACE' ) );
#2523 = ADVANCED_FACE ( 'NONE', ( #4395 ), #203, .T. ) ;
#2524 = ADVANCED_FACE ( 'NONE', ( #3637 ), #1776, .F. ) ;
#2525 = ORIENTED_EDGE ( 'NONE', *, *, #503, .T. ) ;
#2526 = AXIS2_PLACEMENT_3D ( 'NONE', #1245, #946, #4413 ) ;
#2527 = CARTESIAN_POINT ( 'NONE',  ( 5.850000000000001421, 3.469446951953614189E-15, -0.5999999999999999778 ) ) ;
#2528 = VECTOR ( 'NONE', #1213, 1000.000000000000000 ) ;
#2529 = DIRECTION ( 'NONE',  ( -1.000000000000000078E-15, 1.000000000000000000, 0.000000000000000000 ) ) ;
#2530 = VECTOR ( 'NONE', #3324, 1000.000000000000000 ) ;
#2531 = DIRECTION ( 'NONE',  ( -4.172624952283379965E-30, 1.390874984094460007E-15, 1.000000000000000000 ) ) ;
#2532 = CARTESIAN_POINT ( 'NONE',  ( -4.150000000000000355, -4.119968255444916849E-15, -0.7500000000000000000 ) ) ;
#2533 = DIRECTION ( 'NONE',  ( 1.000000000000000000, 1.000000000000000078E-15, 0.000000000000000000 ) ) ;
#2534 = CIRCLE ( 'NONE', #211, 0.6500000000000000222 ) ;
#2535 = CIRCLE ( 'NONE', #3572, 5.000000000000000000 ) ;
#2536 = ORIENTED_EDGE ( 'NONE', *, *, #2914, .F. ) ;
#2537 = DIRECTION ( 'NONE',  ( 1.734723475976807094E-15, -1.000000000000000000, 0.000000000000000000 ) ) ;
#2538 = VECTOR ( 'NONE', #4803, 1000.000000000000000 ) ;
#2539 = CIRCLE ( 'NONE', #378, 5.000000000000000000 ) ;
#2540 = DIRECTION ( 'NONE',  ( 0.000000000000000000, 0.000000000000000000, -1.000000000000000000 ) ) ;
#2541 = VECTOR ( 'NONE', #4406, 1000.000000000000000 ) ;
#2542 = CIRCLE ( 'NONE', #3900, 0.9999999999999995559 ) ;
#2543 = VERTEX_POINT ( 'NONE', #3008 ) ;
#2544 = CARTESIAN_POINT ( 'NONE',  ( 0.000000000000000000, 0.000000000000000000, 1.212622235634269966E-15 ) ) ;
#2545 = EDGE_LOOP ( 'NONE', ( #1737, #74, #3590, #943 ) ) ;
#2546 = SURFACE_STYLE_FILL_AREA ( #1360 ) ;
#2547 = EDGE_LOOP ( 'NONE', ( #2671, #3712, #4543, #3936 ) ) ;
#2548 = UNCERTAINTY_MEASURE_WITH_UNIT (LENGTH_MEASURE( 1.000000000000000082E-05 ), #987, 'distance_accuracy_value', 'NONE');
#2549 = LINE ( 'NONE', #3760, #707 ) ;
#2550 = CARTESIAN_POINT ( 'NONE',  ( -4.649999999999999467, 0.3299999999999953526, 0.7500000000000000000 ) ) ;
#2551 = CARTESIAN_POINT ( 'NONE',  ( 3.449999999999999734, 3.469446951953614189E-15, -0.7500000000000000000 ) ) ;
#2552 = ORIENTED_EDGE ( 'NONE', *, *, #2630, .F. ) ;
#2553 = DIRECTION ( 'NONE',  ( -1.000000000000000000, -6.299256584582810666E-16, 0.000000000000000000 ) ) ;
#2554 = EDGE_CURVE ( 'NONE', #3478, #3863, #733, .T. ) ;
#2555 = DIRECTION ( 'NONE',  ( 1.000000000000000000, 1.000000000000000078E-15, -2.707861035671110002E-16 ) ) ;
#2556 = EDGE_CURVE ( 'NONE', #1608, #3642, #275, .T. ) ;
#2557 = LINE ( 'NONE', #2576, #297 ) ;
#2558 = ORIENTED_EDGE ( 'NONE', *, *, #4448, .F. ) ;
#2559 = DIRECTION ( 'NONE',  ( 1.000000000000000000, 1.000000000000000078E-15, 0.000000000000000000 ) ) ;
#2560 = DIRECTION ( 'NONE',  ( 0.000000000000000000, 0.000000000000000000, 1.000000000000000000 ) ) ;
#2561 = EDGE_LOOP ( 'NONE', ( #1057, #1977, #3635, #3125 ) ) ;
#2562 = CARTESIAN_POINT ( 'NONE',  ( -4.150000000000000355, 0.3300000000000000155, -0.6500000000000001332 ) ) ;
#2563 = DIRECTION ( 'NONE',  ( -1.000000000000000000, -1.000000000000000078E-15, 0.000000000000000000 ) ) ;
#2564 = ORIENTED_EDGE ( 'NONE', *, *, #2238, .F. ) ;
#2565 = CYLINDRICAL_SURFACE ( 'NONE', #776, 5.000000000000000000 ) ;
#2566 = EDGE_LOOP ( 'NONE', ( #3771, #3115, #3123, #3351 ) ) ;
#2567 = LINE ( 'NONE', #4475, #61 ) ;
#2568 = CARTESIAN_POINT ( 'NONE',  ( 2.680000000000000160, 0.3300000000000050115, 0.5999999999999999778 ) ) ;
#2569 = DIRECTION ( 'NONE',  ( -3.233659295024729803E-16, -3.233659295024730118E-31, -1.000000000000000000 ) ) ;
#2570 = FILL_AREA_STYLE_COLOUR ( '', #4379 ) ;
#2571 = CARTESIAN_POINT ( 'NONE',  ( 2.524999999999999023, 1.500000000000000222, 0.5999999999999999778 ) ) ;
#2572 = VERTEX_POINT ( 'NONE', #253 ) ;
#2573 = CARTESIAN_POINT ( 'NONE',  ( -1.500000000000007550, 7.499999999999998224, 4.546181838652080032 ) ) ;
#2574 = LINE ( 'NONE', #4916, #209 ) ;
#2575 = AXIS2_PLACEMENT_3D ( 'NONE', #3784, #4965, #4173 ) ;
#2576 = CARTESIAN_POINT ( 'NONE',  ( 2.679999999999998828, 1.500000000000000444, 0.000000000000000000 ) ) ;
#2577 = ORIENTED_EDGE ( 'NONE', *, *, #263, .F. ) ;
#2578 = EDGE_CURVE ( 'NONE', #392, #1112, #4084, .T. ) ;
#2579 =( LENGTH_UNIT ( ) NAMED_UNIT ( * ) SI_UNIT ( .MILLI., .METRE. ) );
#2580 = DIRECTION ( 'NONE',  ( 2.921639538487249824E-16, -1.000000000000000000, 0.000000000000000000 ) ) ;
#2581 = PLANE ( 'NONE',  #4208 ) ;
#2582 = EDGE_CURVE ( 'NONE', #4629, #1203, #3366, .T. ) ;
#2583 = ADVANCED_FACE ( 'NONE', ( #4950 ), #4548, .T. ) ;
#2584 = ORIENTED_EDGE ( 'NONE', *, *, #161, .F. ) ;
#2585 = PLANE ( 'NONE',  #2281 ) ;
#2586 = CARTESIAN_POINT ( 'NONE',  ( -4.150000000000000355, 0.09999999999999831246, 2.050000000000000266 ) ) ;
#2587 = ORIENTED_EDGE ( 'NONE', *, *, #2953, .T. ) ;
#2588 = DIRECTION ( 'NONE',  ( 2.999999999999999839E-15, -1.000000000000000000, 0.000000000000000000 ) ) ;
#2589 = EDGE_LOOP ( 'NONE', ( #3519, #144 ) ) ;
#2590 = ORIENTED_EDGE ( 'NONE', *, *, #2398, .F. ) ;
#2591 = DIRECTION ( 'NONE',  ( 1.000000000000000078E-15, -1.000000000000000000, 0.000000000000000000 ) ) ;
#2592 = DIRECTION ( 'NONE',  ( -1.000000000000000078E-15, 1.000000000000000000, 0.000000000000000000 ) ) ;
#2593 = CARTESIAN_POINT ( 'NONE',  ( -8.500000000000001647E-15, 8.500000000000000000, 0.000000000000000000 ) ) ;
#2594 = DIRECTION ( 'NONE',  ( 1.000000000000000078E-15, -1.000000000000000000, 0.000000000000000000 ) ) ;
#2595 = DIRECTION ( 'NONE',  ( 1.000000000000000000, 1.000000000000000078E-15, 0.000000000000000000 ) ) ;
#2596 = VECTOR ( 'NONE', #3675, 1000.000000000000000 ) ;
#2597 = EDGE_LOOP ( 'NONE', ( #2643, #3836, #3916, #1297, #4314, #1509, #1113, #1752, #2599, #770 ) ) ;
#2598 = LINE ( 'NONE', #4131, #1403 ) ;
#2599 = ORIENTED_EDGE ( 'NONE', *, *, #3321, .T. ) ;
#2600 = DIRECTION ( 'NONE',  ( 2.921639538487249824E-16, -1.000000000000000000, 0.000000000000000000 ) ) ;
#2601 = VECTOR ( 'NONE', #4337, 1000.000000000000000 ) ;
#2602 = CIRCLE ( 'NONE', #4358, 4.700000000000000178 ) ;
#2603 = CARTESIAN_POINT ( 'NONE',  ( -4.150000000000000355, -4.119968255444916849E-15, 0.7500000000000000000 ) ) ;
#2604 = AXIS2_PLACEMENT_3D ( 'NONE', #3199, #4307, #4056 ) ;
#2605 = ORIENTED_EDGE ( 'NONE', *, *, #954, .T. ) ;
#2606 = PRESENTATION_LAYER_ASSIGNMENT (  '', '', ( #3649 ) ) ;
#2607 = AXIS2_PLACEMENT_3D ( 'NONE', #841, #2796, #4324 ) ;
#2608 = CARTESIAN_POINT ( 'NONE',  ( 3.449999999999999289, 0.3300000000000034572, 0.3750000000000000000 ) ) ;
#2609 = DIRECTION ( 'NONE',  ( 2.668805347656620081E-31, -2.668805347656619776E-16, 1.000000000000000000 ) ) ;
#2610 = VECTOR ( 'NONE', #3984, 1000.000000000000000 ) ;
#2611 = VECTOR ( 'NONE', #2708, 1000.000000000000000 ) ;
#2612 = EDGE_CURVE ( 'NONE', #217, #2428, #40, .T. ) ;
#2613 = DIRECTION ( 'NONE',  ( -2.921639538487250810E-16, 1.000000000000000000, 0.000000000000000000 ) ) ;
#2614 = VECTOR ( 'NONE', #832, 1000.000000000000000 ) ;
#2615 = VERTEX_POINT ( 'NONE', #354 ) ;
#2616 = VECTOR ( 'NONE', #4486, 1000.000000000000000 ) ;
#2617 = AXIS2_PLACEMENT_3D ( 'NONE', #3906, #2417, #89 ) ;
#2618 = CARTESIAN_POINT ( 'NONE',  ( -4.649999999999999467, -4.553649124439118623E-15, -0.7500000000000000000 ) ) ;
#2619 = FACE_OUTER_BOUND ( 'NONE', #904, .T. ) ;
#2620 = EDGE_LOOP ( 'NONE', ( #2448, #1680, #3251 ) ) ;
#2621 = EDGE_CURVE ( 'NONE', #4723, #4673, #1047, .T. ) ;
#2622 = LINE ( 'NONE', #4903, #2209 ) ;
#2623 = EDGE_CURVE ( 'NONE', #2149, #3286, #842, .T. ) ;
#2624 = VECTOR ( 'NONE', #726, 1000.000000000000000 ) ;
#2625 = ORIENTED_EDGE ( 'NONE', *, *, #1025, .F. ) ;
#2626 = CARTESIAN_POINT ( 'NONE',  ( 2.275000000000016342, -15.86505262369499647, 0.000000000000000000 ) ) ;
#2627 = DIRECTION ( 'NONE',  ( -1.000000000000000000, 0.000000000000000000, 0.000000000000000000 ) ) ;
#2628 = VECTOR ( 'NONE', #4502, 1000.000000000000000 ) ;
#2629 = LINE ( 'NONE', #4531, #4623 ) ;
#2630 = EDGE_CURVE ( 'NONE', #3085, #427, #4125, .T. ) ;
#2631 = DIRECTION ( 'NONE',  ( 1.000000000000000078E-15, -1.000000000000000000, 0.000000000000000000 ) ) ;
#2632 = EDGE_LOOP ( 'NONE', ( #122, #102, #153, #1679 ) ) ;
#2633 = FILL_AREA_STYLE_COLOUR ( '', #3565 ) ;
#2634 = ORIENTED_EDGE ( 'NONE', *, *, #3715, .F. ) ;
#2635 = CARTESIAN_POINT ( 'NONE',  ( 4.149999999999999467, 0.1000000000000003664, 2.050000000000000266 ) ) ;
#2636 = CARTESIAN_POINT ( 'NONE',  ( 4.149999999999999467, 1.000000000000004219, -5.150000000000000355 ) ) ;
#2637 = ORIENTED_EDGE ( 'NONE', *, *, #2021, .F. ) ;
#2638 = DIRECTION ( 'NONE',  ( 1.000000000000000000, 1.000000000000000078E-15, -0.000000000000000000 ) ) ;
#2639 = CARTESIAN_POINT ( 'NONE',  ( -3.449999999999999734, 6.505213034913026604E-16, -0.6500000000000001332 ) ) ;
#2640 = LINE ( 'NONE', #4899, #3972 ) ;
#2641 = ORIENTED_EDGE ( 'NONE', *, *, #886, .F. ) ;
#2642 = DIRECTION ( 'NONE',  ( 0.000000000000000000, -1.000000000000000000, 0.000000000000000000 ) ) ;
#2643 = ORIENTED_EDGE ( 'NONE', *, *, #3255, .T. ) ;
#2644 = ORIENTED_EDGE ( 'NONE', *, *, #4078, .T. ) ;
#2645 = EDGE_CURVE ( 'NONE', #4723, #2486, #3037, .T. ) ;
#2646 = EDGE_CURVE ( 'NONE', #37, #2487, #1875, .T. ) ;
#2647 = CARTESIAN_POINT ( 'NONE',  ( 5.149999999999995914, 4.250000000000005329, 3.350000000000000089 ) ) ;
#2648 = DIRECTION ( 'NONE',  ( -1.000000000000000078E-15, 1.000000000000000000, 0.000000000000000000 ) ) ;
#2649 = DIRECTION ( 'NONE',  ( 3.700743415417190112E-16, 3.700743415417190507E-31, -1.000000000000000000 ) ) ;
#2650 = CYLINDRICAL_SURFACE ( 'NONE', #2575, 5.100000000000000533 ) ;
#2651 = ORIENTED_EDGE ( 'NONE', *, *, #4800, .T. ) ;
#2652 = MANIFOLD_SOLID_BREP ( 'EEHZA1J560V--3DModel-STEP-1.STEP<1>[1]', #3165 ) ;
#2653 = EDGE_CURVE ( 'NONE', #3348, #2921, #648, .T. ) ;
#2654 = EDGE_CURVE ( 'NONE', #973, #189, #1429, .T. ) ;
#2655 = DIRECTION ( 'NONE',  ( -7.395570986446829703E-47, 2.465190328815609891E-32, 1.000000000000000000 ) ) ;
#2656 = DIRECTION ( 'NONE',  ( -1.000000000000000000, -1.000000000000000078E-15, 0.000000000000000000 ) ) ;
#2657 = ORIENTED_EDGE ( 'NONE', *, *, #1625, .F. ) ;
#2658 = DIRECTION ( 'NONE',  ( 2.921639538487249824E-16, -1.000000000000000000, 0.000000000000000000 ) ) ;
#2659 = ORIENTED_EDGE ( 'NONE', *, *, #2094, .F. ) ;
#2660 = DIRECTION ( 'NONE',  ( -2.999999999999999839E-15, 1.000000000000000000, 4.003208021484939401E-17 ) ) ;
#2661 = LINE ( 'NONE', #4281, #2283 ) ;
#2662 = DIRECTION ( 'NONE',  ( 1.000000000000000000, 0.000000000000000000, 0.000000000000000000 ) ) ;
#2663 = ORIENTED_EDGE ( 'NONE', *, *, #1022, .T. ) ;
#2664 = ORIENTED_EDGE ( 'NONE', *, *, #1018, .T. ) ;
#2665 = VERTEX_POINT ( 'NONE', #2678 ) ;
#2666 = PLANE ( 'NONE',  #993 ) ;
#2667 = DIRECTION ( 'NONE',  ( 0.000000000000000000, -1.000000000000000000, 0.000000000000000000 ) ) ;
#2668 = DIRECTION ( 'NONE',  ( -1.000000000000000078E-15, 1.000000000000000000, 0.000000000000000000 ) ) ;
#2669 = EDGE_CURVE ( 'NONE', #953, #3005, #4663, .T. ) ;
#2670 = DIRECTION ( 'NONE',  ( 1.000000000000000000, 0.000000000000000000, 0.000000000000000000 ) ) ;
#2671 = ORIENTED_EDGE ( 'NONE', *, *, #4511, .F. ) ;
#2672 = CARTESIAN_POINT ( 'NONE',  ( 2.524999999999998579, 1.655000000000000249, -0.5999999999999999778 ) ) ;
#2673 = LINE ( 'NONE', #418, #3415 ) ;
#2674 = EDGE_CURVE ( 'NONE', #2859, #2002, #1, .T. ) ;
#2675 = ADVANCED_FACE ( 'NONE', ( #779 ), #3458, .T. ) ;
#2676 = LINE ( 'NONE', #4205, #3648 ) ;
#2677 = ORIENTED_EDGE ( 'NONE', *, *, #2150, .T. ) ;
#2678 = CARTESIAN_POINT ( 'NONE',  ( -2.274999999999999911, -2.168404344971008868E-15, -0.7500000000000000000 ) ) ;
#2679 = CIRCLE ( 'NONE', #30, 0.6500000000000000222 ) ;
#2680 = CARTESIAN_POINT ( 'NONE',  ( 2.324999999999999734, 2.385244779468109755E-15, 1.500000000000000000 ) ) ;
#2681 = LINE ( 'NONE', #782, #3174 ) ;
#2682 = EDGE_CURVE ( 'NONE', #1343, #4629, #1486, .T. ) ;
#2683 = CIRCLE ( 'NONE', #3975, 0.9999999999999995559 ) ;
#2684 = CIRCLE ( 'NONE', #2033, 0.6456585785072479489 ) ;
#2685 = AXIS2_PLACEMENT_3D ( 'NONE', #3204, #2823, #969 ) ;
#2686 = EDGE_LOOP ( 'NONE', ( #4163, #4223, #3970, #4577 ) ) ;
#2687 = VECTOR ( 'NONE', #2531, 1000.000000000000000 ) ;
#2688 =( NAMED_UNIT ( * ) PLANE_ANGLE_UNIT ( ) SI_UNIT ( $, .RADIAN. ) );
#2689 = ORIENTED_EDGE ( 'NONE', *, *, #3507, .F. ) ;
#2690 = CLOSED_SHELL ( 'NONE', ( #2954, #3359, #4805, #1814, #1115, #1540, #2972, #1606, #4702, #331, #652, #3694, #2818, #725, #3689, #718, #3562, #3620, #103, #408, #4234, #590, #4174, #1048, #1850, #1138, #4830, #4860, #2183, #4016, #3194, #1533, #3358, #3111, #4200, #929, #4238, #347, #3693, #471, #1935, #583, #429, #3870, #4889, #3220, #79, #3202, #1583, #1221, #3561, #2524, #4485, #4648, #2116, #1053, #893, #2463, #2755, #4761, #4710, #2057, #3023, #1693, #128, #2064, #1228, #186, #1874, #4175, #4267, #1355, #228 ) ) ;
#2691 = VECTOR ( 'NONE', #2881, 1000.000000000000000 ) ;
#2692 = VECTOR ( 'NONE', #1515, 1000.000000000000000 ) ;
#2693 = ORIENTED_EDGE ( 'NONE', *, *, #1075, .T. ) ;
#2694 = DIRECTION ( 'NONE',  ( -1.000000000000000078E-15, 1.000000000000000000, 0.000000000000000000 ) ) ;
#2695 = DIRECTION ( 'NONE',  ( -1.000000000000000000, -1.000000000000000078E-15, 0.000000000000000000 ) ) ;
#2696 = CARTESIAN_POINT ( 'NONE',  ( -2.275000000000000799, 0.9999999999999978906, 0.000000000000000000 ) ) ;
#2697 = AXIS2_PLACEMENT_3D ( 'NONE', #3586, #1315, #3955 ) ;
#2698 = VECTOR ( 'NONE', #1060, 1000.000000000000000 ) ;
#2699 = DIRECTION ( 'NONE',  ( -0.000000000000000000, 0.000000000000000000, 1.000000000000000000 ) ) ;
#2700 = ORIENTED_EDGE ( 'NONE', *, *, #2645, .T. ) ;
#2701 = AXIS2_PLACEMENT_3D ( 'NONE', #3974, #962, #2010 ) ;
#2702 = DIRECTION ( 'NONE',  ( 1.000000000000000078E-15, -1.000000000000000000, 0.000000000000000000 ) ) ;
#2703 = CARTESIAN_POINT ( 'NONE',  ( -5.150000000000000355, -5.204170427930421283E-15, -1.500000000000000000 ) ) ;
#2704 = DIRECTION ( 'NONE',  ( 1.000000000000000078E-15, -1.000000000000000000, 0.000000000000000000 ) ) ;
#2705 = ORIENTED_EDGE ( 'NONE', *, *, #4491, .F. ) ;
#2706 = VERTEX_POINT ( 'NONE', #1905 ) ;
#2707 = EDGE_CURVE ( 'NONE', #4613, #3272, #1407, .T. ) ;
#2708 = DIRECTION ( 'NONE',  ( -0.000000000000000000, 0.000000000000000000, 1.000000000000000000 ) ) ;
#2709 = EDGE_CURVE ( 'NONE', #3828, #3140, #849, .T. ) ;
#2710 = FACE_OUTER_BOUND ( 'NONE', #4956, .T. ) ;
#2711 = FACE_OUTER_BOUND ( 'NONE', #157, .T. ) ;
#2712 = ORIENTED_EDGE ( 'NONE', *, *, #2623, .F. ) ;
#2713 = EDGE_CURVE ( 'NONE', #1203, #4468, #1924, .T. ) ;
#2714 = PRODUCT_DEFINITION ( 'UNKNOWN', '', #1966, #1839 ) ;
#2715 = DIRECTION ( 'NONE',  ( -1.000000000000000078E-15, 1.000000000000000000, 0.000000000000000000 ) ) ;
#2716 = EDGE_LOOP ( 'NONE', ( #830, #2677, #1779, #3918, #1808, #2266, #3618 ) ) ;
#2717 = APPLICATION_CONTEXT ( 'automotive_design' ) ;
#2718 = EDGE_LOOP ( 'NONE', ( #4473, #558, #60, #2341 ) ) ;
#2719 = DIRECTION ( 'NONE',  ( -1.000000000000000000, -2.999999999999999839E-15, 0.000000000000000000 ) ) ;
#2720 = DIRECTION ( 'NONE',  ( -1.000000000000000078E-15, 1.000000000000000000, 0.000000000000000000 ) ) ;
#2721 = VERTEX_POINT ( 'NONE', #3059 ) ;
#2722 = CARTESIAN_POINT ( 'NONE',  ( 3.349999999999999201, 1.000000000000003331, -5.150000000000000355 ) ) ;
#2723 = CARTESIAN_POINT ( 'NONE',  ( 5.850000000000001421, 3.469446951953614189E-15, 0.5999999999999999778 ) ) ;
#2724 = DIRECTION ( 'NONE',  ( 2.999999999999999839E-15, -1.000000000000000000, 0.000000000000000000 ) ) ;
#2725 = ORIENTED_EDGE ( 'NONE', *, *, #4110, .F. ) ;
#2726 = VERTEX_POINT ( 'NONE', #2302 ) ;
#2727 = FACE_OUTER_BOUND ( 'NONE', #3078, .T. ) ;
#2728 = DIRECTION ( 'NONE',  ( 1.000000000000000000, 1.000000000000000078E-15, -1.077886431674909893E-16 ) ) ;
#2729 = CARTESIAN_POINT ( 'NONE',  ( 4.649999999999999467, 4.553649124439118623E-15, -1.500000000000000000 ) ) ;
#2730 = FACE_OUTER_BOUND ( 'NONE', #2911, .T. ) ;
#2731 = EDGE_CURVE ( 'NONE', #1950, #4625, #3479, .T. ) ;
#2732 = ORIENTED_EDGE ( 'NONE', *, *, #2127, .F. ) ;
#2733 = CARTESIAN_POINT ( 'NONE',  ( 1.499999999999991562, 8.500000000000001776, 5.150000000000000355 ) ) ;
#2734 = ORIENTED_EDGE ( 'NONE', *, *, #2062, .F. ) ;
#2735 = EDGE_CURVE ( 'NONE', #2989, #2809, #753, .T. ) ;
#2736 = EDGE_CURVE ( 'NONE', #4494, #1064, #4571, .T. ) ;
#2737 = ORIENTED_EDGE ( 'NONE', *, *, #3627, .F. ) ;
#2738 = DIRECTION ( 'NONE',  ( 1.000000000000000000, 3.035766082959412415E-16, 0.000000000000000000 ) ) ;
#2739 = LINE ( 'NONE', #4373, #3013 ) ;
#2740 = ORIENTED_EDGE ( 'NONE', *, *, #3688, .F. ) ;
#2741 = CARTESIAN_POINT ( 'NONE',  ( -2.687908375408270055E-15, 10.20000000000000107, 0.000000000000000000 ) ) ;
#2742 = CARTESIAN_POINT ( 'NONE',  ( 2.679999999999999272, 0.9800000000000004263, 0.5084043666216880863 ) ) ;
#2743 = DIRECTION ( 'NONE',  ( 0.000000000000000000, 0.000000000000000000, 1.000000000000000000 ) ) ;
#2744 = CARTESIAN_POINT ( 'NONE',  ( 3.449999999999999734, 3.469446951953614189E-15, 2.050000000000000266 ) ) ;
#2745 = ORIENTED_EDGE ( 'NONE', *, *, #2056, .T. ) ;
#2746 = ORIENTED_EDGE ( 'NONE', *, *, #4770, .T. ) ;
#2747 = CARTESIAN_POINT ( 'NONE',  ( 2.274999999999999467, 0.3300000000000022915, 0.000000000000000000 ) ) ;
#2748 = DIRECTION ( 'NONE',  ( 0.7071067811865479058, 7.071067811865485194E-16, 0.7071067811865471286 ) ) ;
#2749 = DIRECTION ( 'NONE',  ( 0.000000000000000000, 0.000000000000000000, -1.000000000000000000 ) ) ;
#2750 = CARTESIAN_POINT ( 'NONE',  ( 5.850000000000000533, 0.3300000000000062883, 0.5999999999999999778 ) ) ;
#2751 = VECTOR ( 'NONE', #505, 1000.000000000000000 ) ;
#2752 = VECTOR ( 'NONE', #28, 1000.000000000000000 ) ;
#2753 = EDGE_LOOP ( 'NONE', ( #1518, #4111, #4885, #243, #3443, #2644, #3315, #2142 ) ) ;
#2754 = DIRECTION ( 'NONE',  ( 0.000000000000000000, 1.000000000000000000, 0.000000000000000000 ) ) ;
#2755 = ADVANCED_FACE ( 'NONE', ( #4235 ), #2378, .T. ) ;
#2756 = ORIENTED_EDGE ( 'NONE', *, *, #2653, .F. ) ;
#2757 = CIRCLE ( 'NONE', #3407, 0.7000000000000000666 ) ;
#2758 = COLOUR_RGB ( '',0.7921568627450980005, 0.8196078431372548767, 0.9333333333333333481 ) ;
#2759 = CIRCLE ( 'NONE', #3962, 0.6500000000000000222 ) ;
#2760 = ORIENTED_EDGE ( 'NONE', *, *, #235, .T. ) ;
#2761 = AXIS2_PLACEMENT_3D ( 'NONE', #3744, #3339, #2178 ) ;
#2762 = VECTOR ( 'NONE', #1498, 1000.000000000000000 ) ;
#2763 = EDGE_CURVE ( 'NONE', #4221, #760, #4940, .T. ) ;
#2764 = DIRECTION ( 'NONE',  ( -1.000000000000000078E-15, 1.000000000000000000, 0.000000000000000000 ) ) ;
#2765 = EDGE_CURVE ( 'NONE', #4880, #3437, #476, .T. ) ;
#2766 = ORIENTED_EDGE ( 'NONE', *, *, #1601, .T. ) ;
#2767 = CARTESIAN_POINT ( 'NONE',  ( -3.449999999999999734, -3.469446951953614189E-15, 1.025000000000000133 ) ) ;
#2768 = STYLED_ITEM ( 'NONE', ( #757 ), #4243 ) ;
#2769 = AXIS2_PLACEMENT_3D ( 'NONE', #50, #21, #3438 ) ;
#2770 = ORIENTED_EDGE ( 'NONE', *, *, #3047, .F. ) ;
#2771 =( NAMED_UNIT ( * ) PLANE_ANGLE_UNIT ( ) SI_UNIT ( $, .RADIAN. ) );
#2772 = VECTOR ( 'NONE', #1624, 1000.000000000000000 ) ;
#2773 = PLANE ( 'NONE',  #3343 ) ;
#2774 = EDGE_CURVE ( 'NONE', #2389, #2215, #1546, .T. ) ;
#2775 = CIRCLE ( 'NONE', #2617, 0.3300000000000003486 ) ;
#2776 = CARTESIAN_POINT ( 'NONE',  ( -3.350000000000000089, -3.252606517456513302E-15, -5.150000000000000355 ) ) ;
#2777 = DIRECTION ( 'NONE',  ( -0.000000000000000000, 0.000000000000000000, -1.000000000000000000 ) ) ;
#2778 = VERTEX_POINT ( 'NONE', #94 ) ;
#2779 = VECTOR ( 'NONE', #3381, 1000.000000000000000 ) ;
#2780 = ORIENTED_EDGE ( 'NONE', *, *, #34, .T. ) ;
#2781 = LINE ( 'NONE', #572, #1161 ) ;
#2782 = FACE_OUTER_BOUND ( 'NONE', #4568, .T. ) ;
#2783 = FACE_OUTER_BOUND ( 'NONE', #4736, .T. ) ;
#2784 = DIRECTION ( 'NONE',  ( -1.000000000000000000, -1.000000000000000078E-15, 1.077886431674909893E-16 ) ) ;
#2785 = ORIENTED_EDGE ( 'NONE', *, *, #324, .T. ) ;
#2786 = LINE ( 'NONE', #2308, #2855 ) ;
#2787 = ORIENTED_EDGE ( 'NONE', *, *, #863, .T. ) ;
#2788 = ORIENTED_EDGE ( 'NONE', *, *, #2735, .T. ) ;
#2789 = DIRECTION ( 'NONE',  ( -1.000000000000000000, -1.000000000000000078E-15, 0.000000000000000000 ) ) ;
#2790 = FACE_OUTER_BOUND ( 'NONE', #988, .T. ) ;
#2791 = ADVANCED_FACE ( 'NONE', ( #1579 ), #4617, .T. ) ;
#2792 = EDGE_CURVE ( 'NONE', #3501, #1034, #1145, .T. ) ;
#2793 = EDGE_LOOP ( 'NONE', ( #1375, #3422, #4918, #3587, #3188, #3412, #737, #4876, #1866, #2840, #2109, #3211 ) ) ;
#2794 = CARTESIAN_POINT ( 'NONE',  ( 2.274999999999999467, 0.9799999999999999822, 0.000000000000000000 ) ) ;
#2795 = CARTESIAN_POINT ( 'NONE',  ( 5.150000000000000355, 5.204170427930421283E-15, -4.150000000000000355 ) ) ;
#2796 = DIRECTION ( 'NONE',  ( 0.000000000000000000, 0.000000000000000000, 1.000000000000000000 ) ) ;
#2797 = FACE_OUTER_BOUND ( 'NONE', #224, .T. ) ;
#2798 = ORIENTED_EDGE ( 'NONE', *, *, #2736, .T. ) ;
#2799 = ADVANCED_FACE ( 'NONE', ( #2727 ), #4715, .T. ) ;
#2800 = EDGE_CURVE ( 'NONE', #1812, #600, #890, .T. ) ;
#2801 = ORIENTED_EDGE ( 'NONE', *, *, #3695, .T. ) ;
#2802 = DIRECTION ( 'NONE',  ( 1.000000000000000000, 2.999999999999999839E-15, 0.000000000000000000 ) ) ;
#2803 = DIRECTION ( 'NONE',  ( 0.000000000000000000, 0.000000000000000000, 1.000000000000000000 ) ) ;
#2804 = CYLINDRICAL_SURFACE ( 'NONE', #1088, 5.000000000000000000 ) ;
#2805 = DIRECTION ( 'NONE',  ( 1.000000000000000000, 1.000000000000000078E-15, 0.000000000000000000 ) ) ;
#2806 = ORIENTED_EDGE ( 'NONE', *, *, #1260, .T. ) ;
#2807 = FACE_OUTER_BOUND ( 'NONE', #4905, .T. ) ;
#2808 = LINE ( 'NONE', #177, #2110 ) ;
#2809 = VERTEX_POINT ( 'NONE', #551 ) ;
#2810 = ORIENTED_EDGE ( 'NONE', *, *, #3688, .T. ) ;
#2811 = CARTESIAN_POINT ( 'NONE',  ( -4.150000000000000355, 0.1000000000000000472, -2.050000000000000266 ) ) ;
#2812 = AXIS2_PLACEMENT_3D ( 'NONE', #2245, #3327, #4506 ) ;
#2813 = DIRECTION ( 'NONE',  ( -1.000000000000000078E-15, 1.000000000000000000, 0.000000000000000000 ) ) ;
#2814 = ORIENTED_EDGE ( 'NONE', *, *, #465, .T. ) ;
#2815 = DIRECTION ( 'NONE',  ( -1.000000000000000078E-15, 1.000000000000000000, 0.000000000000000000 ) ) ;
#2816 = LINE ( 'NONE', #3197, #3577 ) ;
#2817 = CARTESIAN_POINT ( 'NONE',  ( 3.449999999999999734, 3.469446951953614189E-15, 2.050000000000000266 ) ) ;
#2818 = ADVANCED_FACE ( 'NONE', ( #496, #1647, #2016 ), #521, .F. ) ;
#2819 = DIRECTION ( 'NONE',  ( 0.000000000000000000, 0.000000000000000000, -1.000000000000000000 ) ) ;
#2820 = VERTEX_POINT ( 'NONE', #4684 ) ;
#2821 = ORIENTED_EDGE ( 'NONE', *, *, #137, .F. ) ;
#2822 = CARTESIAN_POINT ( 'NONE',  ( 3.449999999999999289, 0.1674691358024690546, 0.000000000000000000 ) ) ;
#2823 = DIRECTION ( 'NONE',  ( 2.999999999999999839E-15, -1.000000000000000000, -2.668805347656619776E-16 ) ) ;
#2824 = CARTESIAN_POINT ( 'NONE',  ( 2.274999999999999911, 2.168404344971008868E-15, -0.7500000000000000000 ) ) ;
#2825 = EDGE_CURVE ( 'NONE', #4027, #179, #2534, .T. ) ;
#2826 = LINE ( 'NONE', #4032, #2691 ) ;
#2827 = ORIENTED_EDGE ( 'NONE', *, *, #1692, .T. ) ;
#2828 = ORIENTED_EDGE ( 'NONE', *, *, #1999, .T. ) ;
#2829 = FACE_OUTER_BOUND ( 'NONE', #4458, .T. ) ;
#2830 = LINE ( 'NONE', #2136, #2538 ) ;
#2831 = ORIENTED_EDGE ( 'NONE', *, *, #4212, .F. ) ;
#2832 = ADVANCED_FACE ( 'NONE', ( #1288 ), #2122, .T. ) ;
#2833 = VECTOR ( 'NONE', #4778, 1000.000000000000000 ) ;
#2834 = AXIS2_PLACEMENT_3D ( 'NONE', #1565, #434, #3500 ) ;
#2835 = VERTEX_POINT ( 'NONE', #1695 ) ;
#2836 = FACE_OUTER_BOUND ( 'NONE', #3674, .T. ) ;
#2837 = ORIENTED_EDGE ( 'NONE', *, *, #196, .T. ) ;
#2838 = CARTESIAN_POINT ( 'NONE',  ( 3.449999999999999734, 0.1000000000000035166, -2.050000000000000266 ) ) ;
#2839 = AXIS2_PLACEMENT_3D ( 'NONE', #3124, #774, #18 ) ;
#2840 = ORIENTED_EDGE ( 'NONE', *, *, #3910, .T. ) ;
#2841 =( NAMED_UNIT ( * ) SI_UNIT ( $, .STERADIAN. ) SOLID_ANGLE_UNIT ( ) );
#2842 = LINE ( 'NONE', #441, #4460 ) ;
#2843 = CIRCLE ( 'NONE', #4206, 0.5084043666216880863 ) ;
#2844 = DIRECTION ( 'NONE',  ( -1.000000000000000078E-15, 1.000000000000000000, 0.000000000000000000 ) ) ;
#2845 = CIRCLE ( 'NONE', #686, 1.116071428571439705 ) ;
#2846 = CIRCLE ( 'NONE', #1408, 0.9999999999999995559 ) ;
#2847 = DIRECTION ( 'NONE',  ( -1.000000000000000078E-15, 1.000000000000000000, 0.000000000000000000 ) ) ;
#2848 = VERTEX_POINT ( 'NONE', #3630 ) ;
#2849 = ORIENTED_EDGE ( 'NONE', *, *, #1477, .F. ) ;
#2850 = CIRCLE ( 'NONE', #3741, 5.100000000000000533 ) ;
#2851 = AXIS2_PLACEMENT_3D ( 'NONE', #4521, #1086, #3946 ) ;
#2852 = CARTESIAN_POINT ( 'NONE',  ( 2.924999999999998046, 2.330000000000000515, -7.960204194457795477E-17 ) ) ;
#2853 = PLANE ( 'NONE',  #3080 ) ;
#2854 = CARTESIAN_POINT ( 'NONE',  ( 5.149999999999991473, 8.500000000000005329, -1.500000000000000000 ) ) ;
#2855 = VECTOR ( 'NONE', #3135, 1000.000000000000000 ) ;
#2856 = MECHANICAL_DESIGN_GEOMETRIC_PRESENTATION_REPRESENTATION (  '', ( #206 ), #2121 ) ;
#2857 = LINE ( 'NONE', #4390, #3822 ) ;
#2858 = VECTOR ( 'NONE', #3761, 1000.000000000000000 ) ;
#2859 = VERTEX_POINT ( 'NONE', #3224 ) ;
#2860 = EDGE_CURVE ( 'NONE', #1456, #1538, #593, .T. ) ;
#2861 = EDGE_CURVE ( 'NONE', #1456, #4591, #2046, .T. ) ;
#2862 = VERTEX_POINT ( 'NONE', #191 ) ;
#2863 = LINE ( 'NONE', #2484, #3559 ) ;
#2864 = AXIS2_PLACEMENT_3D ( 'NONE', #320, #4886, #3320 ) ;
#2865 = LINE ( 'NONE', #898, #4549 ) ;
#2866 = ORIENTED_EDGE ( 'NONE', *, *, #45, .F. ) ;
#2867 = ADVANCED_FACE ( 'NONE', ( #1310 ), #3951, .T. ) ;
#2868 = ORIENTED_EDGE ( 'NONE', *, *, #4610, .F. ) ;
#2869 = LINE ( 'NONE', #1333, #361 ) ;
#2870 = VERTEX_POINT ( 'NONE', #2852 ) ;
#2871 = VERTEX_POINT ( 'NONE', #1672 ) ;
#2872 = DIRECTION ( 'NONE',  ( -0.000000000000000000, 0.000000000000000000, -1.000000000000000000 ) ) ;
#2873 = CARTESIAN_POINT ( 'NONE',  ( 2.000000000000000000, 10.49999999999999822, -4.253234063627349570 ) ) ;
#2874 = CARTESIAN_POINT ( 'NONE',  ( 1.499999999999998890, 1.000000000000001554, -5.150000000000000355 ) ) ;
#2875 = CARTESIAN_POINT ( 'NONE',  ( -5.258951169277059840E-16, 2.799999999999999822, 0.000000000000000000 ) ) ;
#2876 = ORIENTED_EDGE ( 'NONE', *, *, #2497, .T. ) ;
#2877 = ORIENTED_EDGE ( 'NONE', *, *, #4700, .T. ) ;
#2878 = DIRECTION ( 'NONE',  ( 1.000000000000000000, 0.000000000000000000, 0.000000000000000000 ) ) ;
#2879 = DIRECTION ( 'NONE',  ( 2.921639538487249824E-16, -1.000000000000000000, 0.000000000000000000 ) ) ;
#2880 = LINE ( 'NONE', #3182, #4044 ) ;
#2881 = DIRECTION ( 'NONE',  ( -1.000000000000000078E-15, 1.000000000000000000, 0.000000000000000000 ) ) ;
#2882 = CARTESIAN_POINT ( 'NONE',  ( -2.350000000000001421, 1.500000000000000000, 0.5999999999999999778 ) ) ;
#2883 = ORIENTED_EDGE ( 'NONE', *, *, #672, .F. ) ;
#2884 = PLANE ( 'NONE',  #3484 ) ;
#2885 = DIRECTION ( 'NONE',  ( 2.921639538487250317E-16, -1.000000000000000000, 0.000000000000000000 ) ) ;
#2886 = ORIENTED_EDGE ( 'NONE', *, *, #3846, .T. ) ;
#2887 = EDGE_CURVE ( 'NONE', #3700, #4547, #4387, .T. ) ;
#2888 = ORIENTED_EDGE ( 'NONE', *, *, #3571, .F. ) ;
#2889 = DIRECTION ( 'NONE',  ( 2.921639538487245880E-16, -1.000000000000000000, 0.000000000000000000 ) ) ;
#2890 = ORIENTED_EDGE ( 'NONE', *, *, #1017, .T. ) ;
#2891 = DIRECTION ( 'NONE',  ( 1.000000000000000000, 1.000000000000000078E-15, 3.505967446184699986E-16 ) ) ;
#2892 = ADVANCED_FACE ( 'NONE', ( #3203 ), #911, .F. ) ;
#2893 = EDGE_CURVE ( 'NONE', #4018, #635, #169, .T. ) ;
#2894 = ORIENTED_EDGE ( 'NONE', *, *, #480, .F. ) ;
#2895 = FACE_OUTER_BOUND ( 'NONE', #870, .T. ) ;
#2896 = DIRECTION ( 'NONE',  ( 0.000000000000000000, 1.000000000000000000, 0.000000000000000000 ) ) ;
#2897 = DIRECTION ( 'NONE',  ( -1.000000000000000078E-15, 1.000000000000000000, 0.000000000000000000 ) ) ;
#2898 = LINE ( 'NONE', #2223, #3729 ) ;
#2899 = VERTEX_POINT ( 'NONE', #2477 ) ;
#2900 = DIRECTION ( 'NONE',  ( -1.000000000000000078E-15, 1.000000000000000000, 6.138252299610249742E-16 ) ) ;
#2901 = CARTESIAN_POINT ( 'NONE',  ( 3.449999999999998845, 0.4300000000000000488, -0.7500000000000002220 ) ) ;
#2902 = CARTESIAN_POINT ( 'NONE',  ( -2.525000000000000355, 1.500000000000000000, 0.5999999999999999778 ) ) ;
#2903 = CARTESIAN_POINT ( 'NONE',  ( 4.150000000000000355, 4.119968255444916849E-15, -4.150000000000000355 ) ) ;
#2904 = PLANE ( 'NONE',  #4119 ) ;
#2905 = ORIENTED_EDGE ( 'NONE', *, *, #1843, .T. ) ;
#2906 = CARTESIAN_POINT ( 'NONE',  ( -2.680000000000000160, 0.3300000000000003486, 0.000000000000000000 ) ) ;
#2907 = DIRECTION ( 'NONE',  ( -1.000000000000000000, 0.000000000000000000, 0.000000000000000000 ) ) ;
#2908 = VERTEX_POINT ( 'NONE', #4005 ) ;
#2909 = ORIENTED_EDGE ( 'NONE', *, *, #1477, .T. ) ;
#2910 = FACE_OUTER_BOUND ( 'NONE', #2793, .T. ) ;
#2911 = EDGE_LOOP ( 'NONE', ( #1184, #4699, #1026, #1003, #1301 ) ) ;
#2912 =( LENGTH_UNIT ( ) NAMED_UNIT ( * ) SI_UNIT ( .MILLI., .METRE. ) );
#2913 = ORIENTED_EDGE ( 'NONE', *, *, #2623, .T. ) ;
#2914 = EDGE_CURVE ( 'NONE', #879, #4629, #2781, .T. ) ;
#2915 = EDGE_CURVE ( 'NONE', #4263, #4242, #1720, .T. ) ;
#2916 = AXIS2_PLACEMENT_3D ( 'NONE', #4724, #2764, #2789 ) ;
#2917 = DIRECTION ( 'NONE',  ( -1.000000000000000078E-15, 1.000000000000000000, 0.000000000000000000 ) ) ;
#2918 = CARTESIAN_POINT ( 'NONE',  ( 1.499999999999991562, 8.500000000000001776, -2.575000000000000178 ) ) ;
#2919 = CARTESIAN_POINT ( 'NONE',  ( 2.350000000000000089, 0.3300000000000005151, 0.5999999999999999778 ) ) ;
#2920 = MECHANICAL_DESIGN_GEOMETRIC_PRESENTATION_REPRESENTATION (  '', ( #1152 ), #912 ) ;
#2921 = VERTEX_POINT ( 'NONE', #4029 ) ;
#2922 = EDGE_CURVE ( 'NONE', #1428, #815, #3488, .T. ) ;
#2923 = AXIS2_PLACEMENT_3D ( 'NONE', #3632, #4007, #3257 ) ;
#2924 = CIRCLE ( 'NONE', #3566, 0.7499999999999997780 ) ;
#2925 = CARTESIAN_POINT ( 'NONE',  ( 3.449999999999999289, 0.3300000000000000155, -0.6500000000000001332 ) ) ;
#2926 = LINE ( 'NONE', #3791, #1326 ) ;
#2927 = AXIS2_PLACEMENT_3D ( 'NONE', #1452, #2560, #3344 ) ;
#2928 = VECTOR ( 'NONE', #2588, 1000.000000000000000 ) ;
#2929 = ORIENTED_EDGE ( 'NONE', *, *, #4325, .F. ) ;
#2930 = DIRECTION ( 'NONE',  ( -1.000000000000000000, -1.000000000000000078E-15, 0.000000000000000000 ) ) ;
#2931 = COLOUR_RGB ( '',0.7921568627450980005, 0.8196078431372548767, 0.9333333333333333481 ) ;
#2932 = AXIS2_PLACEMENT_3D ( 'NONE', #4689, #4216, #2662 ) ;
#2933 = DIRECTION ( 'NONE',  ( -1.000000000000000000, -1.000000000000000078E-15, -3.505967446184699986E-16 ) ) ;
#2934 = VECTOR ( 'NONE', #3754, 1000.000000000000000 ) ;
#2935 = PLANE ( 'NONE',  #2927 ) ;
#2936 = CIRCLE ( 'NONE', #1178, 0.7500000000000002220 ) ;
#2937 = ORIENTED_EDGE ( 'NONE', *, *, #1941, .F. ) ;
#2938 = DIRECTION ( 'NONE',  ( -0.000000000000000000, 0.000000000000000000, 1.000000000000000000 ) ) ;
#2939 = DIRECTION ( 'NONE',  ( -1.000000000000000078E-15, 1.000000000000000000, 0.000000000000000000 ) ) ;
#2940 = VERTEX_POINT ( 'NONE', #3795 ) ;
#2941 = LINE ( 'NONE', #287, #1652 ) ;
#2942 = VERTEX_POINT ( 'NONE', #1404 ) ;
#2943 = UNCERTAINTY_MEASURE_WITH_UNIT (LENGTH_MEASURE( 1.000000000000000082E-05 ), #273, 'distance_accuracy_value', 'NONE');
#2944 = FACE_OUTER_BOUND ( 'NONE', #2140, .T. ) ;
#2945 = CARTESIAN_POINT ( 'NONE',  ( -2.525000000000000355, 1.655000000000000027, 0.5999999999999999778 ) ) ;
#2946 = PLANE ( 'NONE',  #4132 ) ;
#2947 = EDGE_CURVE ( 'NONE', #182, #1747, #3891, .T. ) ;
#2948 = EDGE_CURVE ( 'NONE', #4285, #2009, #673, .T. ) ;
#2949 = FACE_OUTER_BOUND ( 'NONE', #3857, .T. ) ;
#2950 = ORIENTED_EDGE ( 'NONE', *, *, #1376, .T. ) ;
#2951 = DIRECTION ( 'NONE',  ( -1.000000000000000000, -1.000000000000000078E-15, 1.077886431674909893E-16 ) ) ;
#2952 = LINE ( 'NONE', #643, #3966 ) ;
#2953 = EDGE_CURVE ( 'NONE', #3464, #4014, #2845, .T. ) ;
#2954 = ADVANCED_FACE ( 'NONE', ( #3368 ), #4144, .F. ) ;
#2955 = DIRECTION ( 'NONE',  ( 1.000000000000000078E-15, -1.000000000000000000, 0.000000000000000000 ) ) ;
#2956 = ORIENTED_EDGE ( 'NONE', *, *, #1384, .T. ) ;
#2957 = PRESENTATION_STYLE_ASSIGNMENT (( #709 ) ) ;
#2958 = CARTESIAN_POINT ( 'NONE',  ( -4.224999999999999645, 0.09999999999999581446, 0.7500000000000000000 ) ) ;
#2959 = DIRECTION ( 'NONE',  ( -1.000000000000000078E-15, 1.000000000000000000, 0.000000000000000000 ) ) ;
#2960 = VERTEX_POINT ( 'NONE', #4493 ) ;
#2961 = LINE ( 'NONE', #4807, #2833 ) ;
#2962 = VERTEX_POINT ( 'NONE', #2982 ) ;
#2963 = PLANE ( 'NONE',  #538 ) ;
#2964 = ORIENTED_EDGE ( 'NONE', *, *, #1760, .T. ) ;
#2965 = VERTEX_POINT ( 'NONE', #3418 ) ;
#2966 = DIRECTION ( 'NONE',  ( -1.000000000000000078E-15, 1.000000000000000000, 0.000000000000000000 ) ) ;
#2967 = LINE ( 'NONE', #4072, #2541 ) ;
#2968 = DIRECTION ( 'NONE',  ( 1.000000000000000000, 1.000000000000000078E-15, 0.000000000000000000 ) ) ;
#2969 = CARTESIAN_POINT ( 'NONE',  ( 4.149999999999999467, 1.000000000000004219, -4.150000000000000355 ) ) ;
#2970 = LINE ( 'NONE', #1063, #2330 ) ;
#2971 = ORIENTED_EDGE ( 'NONE', *, *, #4921, .F. ) ;
#2972 = ADVANCED_FACE ( 'NONE', ( #3309 ), #334, .F. ) ;
#2973 =( NAMED_UNIT ( * ) SI_UNIT ( $, .STERADIAN. ) SOLID_ANGLE_UNIT ( ) );
#2974 = DIRECTION ( 'NONE',  ( 6.138252299610250578E-31, -6.138252299610249742E-16, 1.000000000000000000 ) ) ;
#2975 = AXIS2_PLACEMENT_3D ( 'NONE', #4604, #3922, #3142 ) ;
#2976 = CARTESIAN_POINT ( 'NONE',  ( 2.324999999999998845, 1.000000000000002442, 1.500000000000000000 ) ) ;
#2977 = ORIENTED_EDGE ( 'NONE', *, *, #236, .T. ) ;
#2978 = ADVANCED_FACE ( 'NONE', ( #3716 ), #2935, .T. ) ;
#2979 = SURFACE_SIDE_STYLE ('',( #1400 ) ) ;
#2980 = EDGE_CURVE ( 'NONE', #4959, #3157, #650, .T. ) ;
#2981 = DIRECTION ( 'NONE',  ( -1.000000000000000078E-15, 1.000000000000000000, 0.000000000000000000 ) ) ;
#2982 = CARTESIAN_POINT ( 'NONE',  ( -2.274999999999999911, 0.9799999999999999822, 0.6500000000000000222 ) ) ;
#2983 = VERTEX_POINT ( 'NONE', #2181 ) ;
#2984 = EDGE_CURVE ( 'NONE', #2475, #3813, #278, .T. ) ;
#2985 = DIRECTION ( 'NONE',  ( -1.000000000000000000, -7.498798913309293513E-33, -1.224646799147353207E-16 ) ) ;
#2986 = CARTESIAN_POINT ( 'NONE',  ( 5.150000000000000355, 5.204170427930421283E-15, 5.150000000000000355 ) ) ;
#2987 = ORIENTED_EDGE ( 'NONE', *, *, #2887, .F. ) ;
#2988 = DIRECTION ( 'NONE',  ( 0.7071067811865484609, 6.505213034913026604E-16, 0.7071067811865467956 ) ) ;
#2989 = VERTEX_POINT ( 'NONE', #3748 ) ;
#2990 = ORIENTED_EDGE ( 'NONE', *, *, #2081, .T. ) ;
#2991 = CARTESIAN_POINT ( 'NONE',  ( -2.075584975834593131E-15, 10.20000000000000107, 5.000000000000000000 ) ) ;
#2992 = CARTESIAN_POINT ( 'NONE',  ( 3.349999999999991651, 8.500000000000003553, 5.150000000000000355 ) ) ;
#2993 = CARTESIAN_POINT ( 'NONE',  ( 5.000000000000000000, 3.400000000000001243, 0.000000000000000000 ) ) ;
#2994 = FACE_OUTER_BOUND ( 'NONE', #2083, .T. ) ;
#2995 = CARTESIAN_POINT ( 'NONE',  ( 1.499999999999991562, 8.500000000000001776, -4.874423042781579340 ) ) ;
#2996 = AXIS2_PLACEMENT_3D ( 'NONE', #3233, #1327, #4396 ) ;
#2997 = AXIS2_PLACEMENT_3D ( 'NONE', #3718, #1358, #610 ) ;
#2998 = ORIENTED_EDGE ( 'NONE', *, *, #3528, .F. ) ;
#2999 = LINE ( 'NONE', #1793, #2624 ) ;
#3000 = ORIENTED_EDGE ( 'NONE', *, *, #3868, .F. ) ;
#3001 = CARTESIAN_POINT ( 'NONE',  ( 2.000000000000000000, 10.50099999999999945, -4.253234063627349570 ) ) ;
#3002 = AXIS2_PLACEMENT_3D ( 'NONE', #1049, #2180, #2540 ) ;
#3003 = VECTOR ( 'NONE', #359, 1000.000000000000000 ) ;
#3004 = LINE ( 'NONE', #4545, #3018 ) ;
#3005 = VERTEX_POINT ( 'NONE', #3692 ) ;
#3006 = COLOUR_RGB ( '',0.7921568627450980005, 0.8196078431372548767, 0.9333333333333333481 ) ;
#3007 = VECTOR ( 'NONE', #1688, 1000.000000000000000 ) ;
#3008 = CARTESIAN_POINT ( 'NONE',  ( -3.350000000000007638, 7.499999999999996447, 5.150000000000000355 ) ) ;
#3009 = FACE_OUTER_BOUND ( 'NONE', #3706, .T. ) ;
#3010 = AXIS2_PLACEMENT_3D ( 'NONE', #4873, #622, #1444 ) ;
#3011 = CIRCLE ( 'NONE', #847, 0.6500000000000000222 ) ;
#3012 = DIRECTION ( 'NONE',  ( 1.000000000000000000, 2.999999999999999839E-15, 0.000000000000000000 ) ) ;
#3013 = VECTOR ( 'NONE', #135, 1000.000000000000000 ) ;
#3014 = ADVANCED_FACE ( 'NONE', ( #1802 ), #4879, .T. ) ;
#3015 = EDGE_CURVE ( 'NONE', #3700, #3495, #3774, .T. ) ;
#3016 = COLOUR_RGB ( '',0.7921568627450980005, 0.8196078431372548767, 0.9333333333333333481 ) ;
#3017 = ORIENTED_EDGE ( 'NONE', *, *, #3450, .T. ) ;
#3018 = VECTOR ( 'NONE', #1103, 1000.000000000000000 ) ;
#3019 = AXIS2_PLACEMENT_3D ( 'NONE', #2191, #1712, #3246 ) ;
#3020 = CARTESIAN_POINT ( 'NONE',  ( 1.499999999999991562, 8.500000000000001776, 4.874423042781579340 ) ) ;
#3021 = ORIENTED_EDGE ( 'NONE', *, *, #743, .F. ) ;
#3022 = VECTOR ( 'NONE', #1251, 1000.000000000000000 ) ;
#3023 = ADVANCED_FACE ( 'NONE', ( #1050 ), #2581, .T. ) ;
#3024 = EDGE_CURVE ( 'NONE', #4520, #4101, #3011, .T. ) ;
#3025 = MECHANICAL_DESIGN_GEOMETRIC_PRESENTATION_REPRESENTATION (  '', ( #1496 ), #1898 ) ;
#3026 = ORIENTED_EDGE ( 'NONE', *, *, #2301, .T. ) ;
#3027 = DIRECTION ( 'NONE',  ( -0.000000000000000000, 0.000000000000000000, -1.000000000000000000 ) ) ;
#3028 = LINE ( 'NONE', #4562, #701 ) ;
#3029 = AXIS2_PLACEMENT_3D ( 'NONE', #1686, #2591, #4122 ) ;
#3030 = DIRECTION ( 'NONE',  ( -1.000000000000000000, -9.293161478447180018E-16, 0.000000000000000000 ) ) ;
#3031 = LINE ( 'NONE', #1791, #601 ) ;
#3032 = ORIENTED_EDGE ( 'NONE', *, *, #2948, .T. ) ;
#3033 = EDGE_LOOP ( 'NONE', ( #3236, #2058, #724, #358, #1552, #1775, #3394, #4372, #1911, #4924 ) ) ;
#3034 = DIRECTION ( 'NONE',  ( -1.000000000000000078E-15, 1.000000000000000000, 0.000000000000000000 ) ) ;
#3035 = CARTESIAN_POINT ( 'NONE',  ( 0.000000000000000000, 0.000000000000000000, 0.000000000000000000 ) ) ;
#3036 = ORIENTED_EDGE ( 'NONE', *, *, #2026, .T. ) ;
#3037 = LINE ( 'NONE', #2608, #1398 ) ;
#3038 = LINE ( 'NONE', #2323, #3563 ) ;
#3039 = CARTESIAN_POINT ( 'NONE',  ( -2.680000000000000160, 0.3300000000000003486, 0.5999999999999999778 ) ) ;
#3040 = VERTEX_POINT ( 'NONE', #1474 ) ;
#3041 = DIRECTION ( 'NONE',  ( 1.000000000000000000, 1.044646440676377598E-15, -1.077886431674909893E-16 ) ) ;
#3042 = EDGE_CURVE ( 'NONE', #1203, #1785, #1894, .T. ) ;
#3043 = ORIENTED_EDGE ( 'NONE', *, *, #196, .F. ) ;
#3044 = ORIENTED_EDGE ( 'NONE', *, *, #2915, .T. ) ;
#3045 = CARTESIAN_POINT ( 'NONE',  ( 2.274999999999999911, 2.168404344971008868E-15, 0.000000000000000000 ) ) ;
#3046 = EDGE_CURVE ( 'NONE', #145, #675, #2640, .T. ) ;
#3047 = EDGE_CURVE ( 'NONE', #4703, #416, #800, .T. ) ;
#3048 = CARTESIAN_POINT ( 'NONE',  ( -1.625000000000000222, 1.655000000000000027, 0.000000000000000000 ) ) ;
#3049 = DIRECTION ( 'NONE',  ( 9.677640644925279780E-16, -1.000000000000000000, -3.223593550747214905E-17 ) ) ;
#3050 = FACE_OUTER_BOUND ( 'NONE', #1985, .T. ) ;
#3051 = VERTEX_POINT ( 'NONE', #424 ) ;
#3052 = DIRECTION ( 'NONE',  ( 0.000000000000000000, 0.000000000000000000, -1.000000000000000000 ) ) ;
#3053 = EDGE_CURVE ( 'NONE', #3286, #4681, #54, .T. ) ;
#3054 = DIRECTION ( 'NONE',  ( 1.000000000000000000, 1.000000000000000078E-15, -0.000000000000000000 ) ) ;
#3055 = CARTESIAN_POINT ( 'NONE',  ( 2.350000000000000533, 0.000000000000000000, 0.000000000000000000 ) ) ;
#3056 = CARTESIAN_POINT ( 'NONE',  ( 4.150000000000000355, 4.119968255444916849E-15, -0.7500000000000000000 ) ) ;
#3057 = DIRECTION ( 'NONE',  ( 0.000000000000000000, 0.000000000000000000, 1.000000000000000000 ) ) ;
#3058 = EDGE_LOOP ( 'NONE', ( #2977, #205, #332, #4011 ) ) ;
#3059 = CARTESIAN_POINT ( 'NONE',  ( -2.680000000000000160, 0.000000000000000000, -0.5999999999999999778 ) ) ;
#3060 = FACE_OUTER_BOUND ( 'NONE', #715, .T. ) ;
#3061 = CARTESIAN_POINT ( 'NONE',  ( -2.680000000000000160, 1.500000000000000000, 0.5999999999999999778 ) ) ;
#3062 = ORIENTED_EDGE ( 'NONE', *, *, #129, .F. ) ;
#3063 = DIRECTION ( 'NONE',  ( -1.000000000000000078E-15, 1.000000000000000000, 0.000000000000000000 ) ) ;
#3064 = ORIENTED_EDGE ( 'NONE', *, *, #4301, .F. ) ;
#3065 = ORIENTED_EDGE ( 'NONE', *, *, #2554, .F. ) ;
#3066 = DIRECTION ( 'NONE',  ( 1.000000000000000078E-15, -1.000000000000000000, 0.000000000000000000 ) ) ;
#3067 = DIRECTION ( 'NONE',  ( 2.921639538487249824E-16, -1.000000000000000000, 0.000000000000000000 ) ) ;
#3068 = DIRECTION ( 'NONE',  ( -1.200962406445481686E-31, 4.003208021484939401E-17, -1.000000000000000000 ) ) ;
#3069 = CARTESIAN_POINT ( 'NONE',  ( 2.274999999999999467, 0.3300000000000022915, -5.491895016740351176E-17 ) ) ;
#3070 = EDGE_CURVE ( 'NONE', #4128, #3510, #405, .T. ) ;
#3071 = EDGE_CURVE ( 'NONE', #2385, #2960, #2382, .T. ) ;
#3072 = VERTEX_POINT ( 'NONE', #853 ) ;
#3073 = CARTESIAN_POINT ( 'NONE',  ( -3.450000000000000178, 0.4299999999999965516, -0.7500000000000000000 ) ) ;
#3074 = VERTEX_POINT ( 'NONE', #1179 ) ;
#3075 = CARTESIAN_POINT ( 'NONE',  ( 2.680000000000000160, 0.3300000000000007372, 0.5999999999999999778 ) ) ;
#3076 = ORIENTED_EDGE ( 'NONE', *, *, #2709, .F. ) ;
#3077 = EDGE_CURVE ( 'NONE', #608, #735, #97, .T. ) ;
#3078 = EDGE_LOOP ( 'NONE', ( #3650, #100, #3724, #4338 ) ) ;
#3079 = CARTESIAN_POINT ( 'NONE',  ( 4.150000000000000355, 0.3300000000000041234, 0.7500000000000000000 ) ) ;
#3080 = AXIS2_PLACEMENT_3D ( 'NONE', #2017, #2478, #2503 ) ;
#3081 = DIRECTION ( 'NONE',  ( 1.000000000000000078E-15, -1.000000000000000000, 0.000000000000000000 ) ) ;
#3082 = DIRECTION ( 'NONE',  ( -1.000000000000000000, -1.000802005371234832E-15, 0.000000000000000000 ) ) ;
#3083 = AXIS2_PLACEMENT_3D ( 'NONE', #2875, #908, #1617 ) ;
#3084 = AXIS2_PLACEMENT_3D ( 'NONE', #1734, #2638, #1829 ) ;
#3085 = VERTEX_POINT ( 'NONE', #2304 ) ;
#3086 = AXIS2_PLACEMENT_3D ( 'NONE', #4882, #1807, #2563 ) ;
#3087 = FILL_AREA_STYLE_COLOUR ( '', #2931 ) ;
#3088 = ORIENTED_EDGE ( 'NONE', *, *, #2800, .T. ) ;
#3089 = STYLED_ITEM ( 'NONE', ( #2084 ), #705 ) ;
#3090 = TOROIDAL_SURFACE ( 'NONE', #453, 5.941071428571440549, 1.116071428571439927 ) ;
#3091 = AXIS2_PLACEMENT_3D ( 'NONE', #1117, #2648, #2627 ) ;
#3092 = VERTEX_POINT ( 'NONE', #4237 ) ;
#3093 = LINE ( 'NONE', #3869, #2275 ) ;
#3094 = CARTESIAN_POINT ( 'NONE',  ( -5.000000000000000000, 2.199999999999998401, 6.123233995736766282E-16 ) ) ;
#3095 = AXIS2_PLACEMENT_3D ( 'NONE', #2384, #5, #803 ) ;
#3096 = DIRECTION ( 'NONE',  ( 2.921639538487249824E-16, -1.000000000000000000, 0.000000000000000000 ) ) ;
#3097 = VECTOR ( 'NONE', #3147, 1000.000000000000000 ) ;
#3098 = VECTOR ( 'NONE', #2167, 1000.000000000000000 ) ;
#3099 = FACE_OUTER_BOUND ( 'NONE', #1442, .T. ) ;
#3100 = ORIENTED_EDGE ( 'NONE', *, *, #3169, .T. ) ;
#3101 = VECTOR ( 'NONE', #3361, 1000.000000000000000 ) ;
#3102 = CARTESIAN_POINT ( 'NONE',  ( -2.275000000000000355, 0.3299999999999977396, 0.000000000000000000 ) ) ;
#3103 = LINE ( 'NONE', #3808, #1484 ) ;
#3104 = EDGE_CURVE ( 'NONE', #4896, #2501, #4257, .T. ) ;
#3105 = DIRECTION ( 'NONE',  ( -0.7071067811865467956, -0.7071067811865482389, 0.000000000000000000 ) ) ;
#3106 = ORIENTED_EDGE ( 'NONE', *, *, #3104, .T. ) ;
#3107 = ORIENTED_EDGE ( 'NONE', *, *, #827, .T. ) ;
#3108 = CARTESIAN_POINT ( 'NONE',  ( 2.000000000000000000, 10.49999999999999822, -2.126617031813669456 ) ) ;
#3109 = DIRECTION ( 'NONE',  ( -0.000000000000000000, 1.000000000000000000, 0.000000000000000000 ) ) ;
#3110 = EDGE_CURVE ( 'NONE', #20, #4494, #2345, .T. ) ;
#3111 = ADVANCED_FACE ( 'NONE', ( #2730 ), #454, .F. ) ;
#3112 = DIRECTION ( 'NONE',  ( -1.000000000000000078E-15, 1.000000000000000000, 0.000000000000000000 ) ) ;
#3113 = VERTEX_POINT ( 'NONE', #3131 ) ;
#3114 = CARTESIAN_POINT ( 'NONE',  ( 4.150000000000000355, 4.119968255444916849E-15, -1.025000000000000133 ) ) ;
#3115 = ORIENTED_EDGE ( 'NONE', *, *, #2653, .T. ) ;
#3116 = ORIENTED_EDGE ( 'NONE', *, *, #2000, .F. ) ;
#3117 = CARTESIAN_POINT ( 'NONE',  ( 2.274999999999999467, 0.9799999999999999822, 0.000000000000000000 ) ) ;
#3118 = LINE ( 'NONE', #2390, #2363 ) ;
#3119 = CARTESIAN_POINT ( 'NONE',  ( 2.016762939228748315E-16, 2.799999999999999822, 5.941071428571440549 ) ) ;
#3120 = VERTEX_POINT ( 'NONE', #1926 ) ;
#3121 = LINE ( 'NONE', #3473, #2376 ) ;
#3122 = LINE ( 'NONE', #141, #1414 ) ;
#3123 = ORIENTED_EDGE ( 'NONE', *, *, #294, .T. ) ;
#3124 = CARTESIAN_POINT ( 'NONE',  ( -2.274999999999999911, 2.330000000000000071, 0.000000000000000000 ) ) ;
#3125 = ORIENTED_EDGE ( 'NONE', *, *, #257, .F. ) ;
#3126 = ORIENTED_EDGE ( 'NONE', *, *, #4491, .T. ) ;
#3127 = EDGE_CURVE ( 'NONE', #3456, #3753, #2324, .T. ) ;
#3128 = DIRECTION ( 'NONE',  ( 0.000000000000000000, 0.000000000000000000, 1.000000000000000000 ) ) ;
#3129 = CARTESIAN_POINT ( 'NONE',  ( -2.275000000000000355, 0.3299999999999977396, -5.491895016740351176E-17 ) ) ;
#3130 = CARTESIAN_POINT ( 'NONE',  ( -4.150000000000000355, 0.4300000000000000488, -0.7500000000000002220 ) ) ;
#3131 = CARTESIAN_POINT ( 'NONE',  ( -2.925000000000000266, 2.330000000000000071, 7.960204194457795477E-17 ) ) ;
#3132 = ADVANCED_FACE ( 'NONE', ( #1604 ), #3090, .F. ) ;
#3133 = EDGE_CURVE ( 'NONE', #3644, #2962, #3336, .T. ) ;
#3134 = ORIENTED_EDGE ( 'NONE', *, *, #2578, .T. ) ;
#3135 = DIRECTION ( 'NONE',  ( -0.000000000000000000, 0.000000000000000000, 1.000000000000000000 ) ) ;
#3136 = VERTEX_POINT ( 'NONE', #1216 ) ;
#3137 = EDGE_CURVE ( 'NONE', #3178, #3958, #479, .T. ) ;
#3138 = VERTEX_POINT ( 'NONE', #4186 ) ;
#3139 = DIRECTION ( 'NONE',  ( 0.000000000000000000, 0.000000000000000000, -1.000000000000000000 ) ) ;
#3140 = VERTEX_POINT ( 'NONE', #1948 ) ;
#3141 = PLANE ( 'NONE',  #2450 ) ;
#3142 = DIRECTION ( 'NONE',  ( 1.000000000000000000, 0.000000000000000000, 0.000000000000000000 ) ) ;
#3143 = ORIENTED_EDGE ( 'NONE', *, *, #160, .F. ) ;
#3144 = DIRECTION ( 'NONE',  ( -1.000000000000000078E-15, 1.000000000000000000, 0.000000000000000000 ) ) ;
#3145 = DIRECTION ( 'NONE',  ( -1.000000000000000078E-15, 1.000000000000000000, 0.000000000000000000 ) ) ;
#3146 = CARTESIAN_POINT ( 'NONE',  ( -2.274999999999983924, -15.86505262369500358, 0.000000000000000000 ) ) ;
#3147 = DIRECTION ( 'NONE',  ( 1.000000000000000000, 1.000000000000000078E-15, 0.000000000000000000 ) ) ;
#3148 = ORIENTED_EDGE ( 'NONE', *, *, #4799, .T. ) ;
#3149 = EDGE_LOOP ( 'NONE', ( #1700, #658, #1052, #1128 ) ) ;
#3150 = DIRECTION ( 'NONE',  ( -1.000000000000000078E-15, 1.000000000000000000, 0.000000000000000000 ) ) ;
#3151 = DIRECTION ( 'NONE',  ( 0.000000000000000000, 0.000000000000000000, -1.000000000000000000 ) ) ;
#3152 = DIRECTION ( 'NONE',  ( 5.112194853492090469E-16, -1.000000000000000000, 0.000000000000000000 ) ) ;
#3153 = CARTESIAN_POINT ( 'NONE',  ( -5.150000000000007461, 7.499999999999994671, -4.546181838652080032 ) ) ;
#3154 = AXIS2_PLACEMENT_3D ( 'NONE', #4294, #2388, #2738 ) ;
#3155 = ORIENTED_EDGE ( 'NONE', *, *, #2020, .F. ) ;
#3156 = DIRECTION ( 'NONE',  ( 1.000000000000000000, 4.089901091309300309E-16, -0.000000000000000000 ) ) ;
#3157 = VERTEX_POINT ( 'NONE', #755 ) ;
#3158 = EDGE_CURVE ( 'NONE', #1732, #4650, #2539, .T. ) ;
#3159 = EDGE_CURVE ( 'NONE', #2375, #608, #2681, .T. ) ;
#3160 = CIRCLE ( 'NONE', #3645, 4.700000000000000178 ) ;
#3161 = CIRCLE ( 'NONE', #998, 0.7000000000000000666 ) ;
#3162 = AXIS2_PLACEMENT_3D ( 'NONE', #1215, #2344, #1580 ) ;
#3163 = VERTEX_POINT ( 'NONE', #23 ) ;
#3164 = AXIS2_PLACEMENT_3D ( 'NONE', #4106, #1503, #4489 ) ;
#3165 = CLOSED_SHELL ( 'NONE', ( #4392, #3132, #1443, #1378, #1177, #978, #4020, #3722, #717, #3628, #2832, #4558, #562, #3789, #3782, #4243 ) ) ;
#3166 = DIRECTION ( 'NONE',  ( -1.000000000000000078E-15, 1.000000000000000000, 0.000000000000000000 ) ) ;
#3167 = EDGE_LOOP ( 'NONE', ( #2746, #3126, #4034, #445, #1149, #2663, #2634, #1626, #1199 ) ) ;
#3168 = LINE ( 'NONE', #1590, #2445 ) ;
#3169 = EDGE_CURVE ( 'NONE', #4681, #1838, #4374, .T. ) ;
#3170 = AXIS2_PLACEMENT_3D ( 'NONE', #4088, #4553, #1856 ) ;
#3171 = COLOUR_RGB ( '',0.7921568627450980005, 0.8196078431372548767, 0.9333333333333333481 ) ;
#3172 = CARTESIAN_POINT ( 'NONE',  ( -1.500000000000001110, 0.9999999999999985567, -5.150000000000000355 ) ) ;
#3173 = ORIENTED_EDGE ( 'NONE', *, *, #2397, .T. ) ;
#3174 = VECTOR ( 'NONE', #3840, 1000.000000000000000 ) ;
#3175 = LINE ( 'NONE', #1969, #2372 ) ;
#3176 = DIRECTION ( 'NONE',  ( -1.000000000000000078E-15, 1.000000000000000000, 0.000000000000000000 ) ) ;
#3177 = CARTESIAN_POINT ( 'NONE',  ( -5.850000000000000533, 0.000000000000000000, 0.5999999999999999778 ) ) ;
#3178 = VERTEX_POINT ( 'NONE', #4621 ) ;
#3179 = ORIENTED_EDGE ( 'NONE', *, *, #2397, .F. ) ;
#3180 = CARTESIAN_POINT ( 'NONE',  ( 3.449999999999998845, 0.4300000000000000488, 0.7499999999999997780 ) ) ;
#3181 = LINE ( 'NONE', #1696, #1476 ) ;
#3182 = CARTESIAN_POINT ( 'NONE',  ( 4.999999999999998224, 6.950000000000002842, 0.000000000000000000 ) ) ;
#3183 = CARTESIAN_POINT ( 'NONE',  ( 3.349999999999999201, 1.000000000000003331, -5.150000000000000355 ) ) ;
#3184 = ORIENTED_EDGE ( 'NONE', *, *, #4021, .F. ) ;
#3185 = SPHERICAL_SURFACE ( 'NONE', #4202, 0.6500000000000000222 ) ;
#3186 = FACE_OUTER_BOUND ( 'NONE', #1555, .T. ) ;
#3187 = ORIENTED_EDGE ( 'NONE', *, *, #1478, .F. ) ;
#3188 = ORIENTED_EDGE ( 'NONE', *, *, #1661, .T. ) ;
#3189 = ADVANCED_FACE ( 'NONE', ( #2711 ), #3482, .T. ) ;
#3190 = FACE_OUTER_BOUND ( 'NONE', #2561, .T. ) ;
#3191 = ORIENTED_EDGE ( 'NONE', *, *, #3910, .F. ) ;
#3192 = DIRECTION ( 'NONE',  ( -1.000000000000000078E-15, 1.000000000000000000, 0.000000000000000000 ) ) ;
#3193 = VERTEX_POINT ( 'NONE', #916 ) ;
#3194 = ADVANCED_FACE ( 'NONE', ( #3633 ), #895, .T. ) ;
#3195 = EDGE_CURVE ( 'NONE', #4176, #3388, #197, .T. ) ;
#3196 = CARTESIAN_POINT ( 'NONE',  ( 4.428859429298548811, 1.000000000000004441, 4.428859429298540817 ) ) ;
#3197 = CARTESIAN_POINT ( 'NONE',  ( -2.274999999999999911, -2.168404344971008868E-15, 0.7500000000000000000 ) ) ;
#3198 = DIRECTION ( 'NONE',  ( 1.200962406445481686E-31, -4.003208021484939401E-17, 1.000000000000000000 ) ) ;
#3199 = CARTESIAN_POINT ( 'NONE',  ( 0.000000000000000000, 1.000000000000000000, 0.000000000000000000 ) ) ;
#3200 = VERTEX_POINT ( 'NONE', #4718 ) ;
#3201 = ORIENTED_EDGE ( 'NONE', *, *, #4334, .T. ) ;
#3202 = ADVANCED_FACE ( 'NONE', ( #3259 ), #1698, .F. ) ;
#3203 = FACE_OUTER_BOUND ( 'NONE', #1479, .T. ) ;
#3204 = CARTESIAN_POINT ( 'NONE',  ( 3.449999999999999289, 0.3300000000000000155, 0.6500000000000000222 ) ) ;
#3205 = FACE_OUTER_BOUND ( 'NONE', #2547, .T. ) ;
#3206 = DIRECTION ( 'NONE',  ( -0.000000000000000000, 0.000000000000000000, 1.000000000000000000 ) ) ;
#3207 = ORIENTED_EDGE ( 'NONE', *, *, #2984, .T. ) ;
#3208 = CARTESIAN_POINT ( 'NONE',  ( 4.149999999999999467, 0.1000000000000021011, -2.050000000000000266 ) ) ;
#3209 = LINE ( 'NONE', #2432, #4141 ) ;
#3210 = ORIENTED_EDGE ( 'NONE', *, *, #438, .T. ) ;
#3211 = ORIENTED_EDGE ( 'NONE', *, *, #1868, .T. ) ;
#3212 = DIRECTION ( 'NONE',  ( -1.000000000000000000, -1.000000000000000078E-15, 0.000000000000000000 ) ) ;
#3213 = VECTOR ( 'NONE', #3764, 1000.000000000000000 ) ;
#3214 = DIRECTION ( 'NONE',  ( -0.7071067811865475727, -7.071067811865476319E-16, -0.7071067811865475727 ) ) ;
#3215 = ORIENTED_EDGE ( 'NONE', *, *, #2707, .F. ) ;
#3216 = CARTESIAN_POINT ( 'NONE',  ( 3.449999999999999289, 0.1000000000000000472, 0.7499999999999997780 ) ) ;
#3217 = LINE ( 'NONE', #3544, #1739 ) ;
#3218 = CARTESIAN_POINT ( 'NONE',  ( -3.449999999999999734, 6.505213034913026604E-16, -2.050000000000000266 ) ) ;
#3219 = ADVANCED_FACE ( 'NONE', ( #2505 ), #3551, .T. ) ;
#3220 = ADVANCED_FACE ( 'NONE', ( #4313 ), #4796, .F. ) ;
#3221 = PLANE ( 'NONE',  #4848 ) ;
#3222 = VERTEX_POINT ( 'NONE', #3985 ) ;
#3223 = ORIENTED_EDGE ( 'NONE', *, *, #629, .F. ) ;
#3224 = CARTESIAN_POINT ( 'NONE',  ( 4.150000000000000355, 0.3300000000000041234, 0.7500000000000000000 ) ) ;
#3225 = LINE ( 'NONE', #1754, #4280 ) ;
#3226 = FACE_OUTER_BOUND ( 'NONE', #3372, .T. ) ;
#3227 = EDGE_CURVE ( 'NONE', #2965, #2862, #2826, .T. ) ;
#3228 = CARTESIAN_POINT ( 'NONE',  ( -2.137779270899112040E-15, 10.49999999999999822, 4.700000000000000178 ) ) ;
#3229 = LINE ( 'NONE', #2481, #4618 ) ;
#3230 = ORIENTED_EDGE ( 'NONE', *, *, #4457, .F. ) ;
#3231 = VERTEX_POINT ( 'NONE', #1651 ) ;
#3232 = CARTESIAN_POINT ( 'NONE',  ( 1.525000000000000133, 1.418404344971008908E-15, 0.000000000000000000 ) ) ;
#3233 = CARTESIAN_POINT ( 'NONE',  ( 2.274999999999998135, 2.330000000000000071, 0.000000000000000000 ) ) ;
#3234 = VERTEX_POINT ( 'NONE', #4763 ) ;
#3235 = AXIS2_PLACEMENT_3D ( 'NONE', #655, #4069, #2889 ) ;
#3236 = ORIENTED_EDGE ( 'NONE', *, *, #161, .T. ) ;
#3237 = LINE ( 'NONE', #313, #670 ) ;
#3238 = VERTEX_POINT ( 'NONE', #554 ) ;
#3239 = VECTOR ( 'NONE', #557, 1000.000000000000000 ) ;
#3240 = VECTOR ( 'NONE', #3983, 1000.000000000000000 ) ;
#3241 = DIRECTION ( 'NONE',  ( -0.000000000000000000, 0.000000000000000000, -1.000000000000000000 ) ) ;
#3242 = COLOUR_RGB ( '',0.000000000000000000, 0.000000000000000000, 0.000000000000000000 ) ;
#3243 = CIRCLE ( 'NONE', #606, 5.000000000000000000 ) ;
#3244 = ORIENTED_EDGE ( 'NONE', *, *, #3077, .T. ) ;
#3245 = CARTESIAN_POINT ( 'NONE',  ( -2.775557561562889773E-15, 10.49999999999999822, 0.000000000000000000 ) ) ;
#3246 = DIRECTION ( 'NONE',  ( 1.000000000000000000, 2.602085213965210642E-16, 0.000000000000000000 ) ) ;
#3247 = AXIS2_PLACEMENT_3D ( 'NONE', #77, #3481, #3914 ) ;
#3248 = DIRECTION ( 'NONE',  ( 0.000000000000000000, 1.000000000000000000, 0.000000000000000000 ) ) ;
#3249 = VECTOR ( 'NONE', #3150, 1000.000000000000000 ) ;
#3250 = DIRECTION ( 'NONE',  ( 1.000000000000000000, 0.000000000000000000, 0.000000000000000000 ) ) ;
#3251 = ORIENTED_EDGE ( 'NONE', *, *, #4919, .F. ) ;
#3252 = CIRCLE ( 'NONE', #1095, 0.3300000000000003486 ) ;
#3253 = VECTOR ( 'NONE', #3576, 1000.000000000000000 ) ;
#3254 = CARTESIAN_POINT ( 'NONE',  ( -4.150000000000000355, 1.951563910473907981E-15, 2.050000000000000266 ) ) ;
#3255 = EDGE_CURVE ( 'NONE', #4384, #1350, #119, .T. ) ;
#3256 = LINE ( 'NONE', #2452, #3240 ) ;
#3257 = DIRECTION ( 'NONE',  ( -0.7071067811865467956, -0.7071067811865482389, 0.000000000000000000 ) ) ;
#3258 = AXIS2_PLACEMENT_3D ( 'NONE', #1585, #3864, #3063 ) ;
#3259 = FACE_OUTER_BOUND ( 'NONE', #2207, .T. ) ;
#3260 = CIRCLE ( 'NONE', #3497, 0.6456585785072479489 ) ;
#3261 = LINE ( 'NONE', #4009, #812 ) ;
#3262 = ORIENTED_EDGE ( 'NONE', *, *, #1975, .T. ) ;
#3263 = ORIENTED_EDGE ( 'NONE', *, *, #3901, .T. ) ;
#3264 = DIRECTION ( 'NONE',  ( -0.000000000000000000, 0.000000000000000000, 1.000000000000000000 ) ) ;
#3265 = EDGE_CURVE ( 'NONE', #3369, #1350, #2128, .T. ) ;
#3266 = EDGE_CURVE ( 'NONE', #3238, #3464, #4947, .T. ) ;
#3267 = CIRCLE ( 'NONE', #1746, 0.6500000000000000222 ) ;
#3268 = DIRECTION ( 'NONE',  ( 1.000000000000000000, 1.000000000000000078E-15, -1.077886431674909893E-16 ) ) ;
#3269 = ORIENTED_EDGE ( 'NONE', *, *, #4858, .F. ) ;
#3270 = ORIENTED_EDGE ( 'NONE', *, *, #4109, .F. ) ;
#3271 = LINE ( 'NONE', #282, #512 ) ;
#3272 = VERTEX_POINT ( 'NONE', #2406 ) ;
#3273 = DIRECTION ( 'NONE',  ( 1.000000000000000000, 0.000000000000000000, 0.000000000000000000 ) ) ;
#3274 = ORIENTED_EDGE ( 'NONE', *, *, #4516, .T. ) ;
#3275 = CARTESIAN_POINT ( 'NONE',  ( -4.150000000000000355, 0.000000000000000000, 0.6500000000000000222 ) ) ;
#3276 = FACE_OUTER_BOUND ( 'NONE', #3696, .T. ) ;
#3277 = CARTESIAN_POINT ( 'NONE',  ( -3.450000000000000178, 0.3299999999999965183, 0.7500000000000000000 ) ) ;
#3278 =( NAMED_UNIT ( * ) SI_UNIT ( $, .STERADIAN. ) SOLID_ANGLE_UNIT ( ) );
#3279 = ORIENTED_EDGE ( 'NONE', *, *, #3528, .T. ) ;
#3280 = ORIENTED_EDGE ( 'NONE', *, *, #4212, .T. ) ;
#3281 = DIRECTION ( 'NONE',  ( -0.000000000000000000, 0.000000000000000000, 1.000000000000000000 ) ) ;
#3282 = DIRECTION ( 'NONE',  ( -1.000000000000000000, -1.000802005371234832E-15, 0.000000000000000000 ) ) ;
#3283 = DIRECTION ( 'NONE',  ( 1.000000000000000000, 1.000000000000000078E-15, -1.077886431674909893E-16 ) ) ;
#3284 = DIRECTION ( 'NONE',  ( 2.921639538487249824E-16, -1.000000000000000000, 0.000000000000000000 ) ) ;
#3285 = DIRECTION ( 'NONE',  ( 1.000000000000000000, 2.999999999999999839E-15, 0.000000000000000000 ) ) ;
#3286 = VERTEX_POINT ( 'NONE', #4008 ) ;
#3287 = PLANE ( 'NONE',  #1155 ) ;
#3288 = DIRECTION ( 'NONE',  ( 2.707861035671110002E-16, 2.707861035671110317E-31, -1.000000000000000000 ) ) ;
#3289 = VERTEX_POINT ( 'NONE', #3228 ) ;
#3290 = EDGE_CURVE ( 'NONE', #1139, #675, #500, .T. ) ;
#3291 = EDGE_CURVE ( 'NONE', #4625, #20, #3609, .T. ) ;
#3292 = ORIENTED_EDGE ( 'NONE', *, *, #1726, .T. ) ;
#3293 = CARTESIAN_POINT ( 'NONE',  ( 4.150000000000000355, 2.168404344971008868E-15, 0.6500000000000000222 ) ) ;
#3294 = VERTEX_POINT ( 'NONE', #2427 ) ;
#3295 = CARTESIAN_POINT ( 'NONE',  ( -8.500000000000001647E-15, 8.500000000000000000, 0.000000000000000000 ) ) ;
#3296 = EDGE_CURVE ( 'NONE', #475, #2387, #3575, .T. ) ;
#3297 = ORIENTED_EDGE ( 'NONE', *, *, #2792, .T. ) ;
#3298 = LINE ( 'NONE', #1840, #1336 ) ;
#3299 = DIRECTION ( 'NONE',  ( 1.077886431674909893E-16, 1.077886431674910039E-31, 1.000000000000000000 ) ) ;
#3300 = FACE_OUTER_BOUND ( 'NONE', #4851, .T. ) ;
#3301 = VECTOR ( 'NONE', #2315, 1000.000000000000000 ) ;
#3302 = ORIENTED_EDGE ( 'NONE', *, *, #921, .F. ) ;
#3303 =( LENGTH_UNIT ( ) NAMED_UNIT ( * ) SI_UNIT ( .MILLI., .METRE. ) );
#3304 = PLANE ( 'NONE',  #446 ) ;
#3305 = CARTESIAN_POINT ( 'NONE',  ( -8.500000000000001647E-15, 8.500000000000000000, 0.000000000000000000 ) ) ;
#3306 = ORIENTED_EDGE ( 'NONE', *, *, #629, .T. ) ;
#3307 = CARTESIAN_POINT ( 'NONE',  ( -7.011934892369409833E-16, 3.399999999999999911, 0.000000000000000000 ) ) ;
#3308 = CARTESIAN_POINT ( 'NONE',  ( 4.149999999999998579, 0.4300000000000021028, 0.7499999999999997780 ) ) ;
#3309 = FACE_OUTER_BOUND ( 'NONE', #1657, .T. ) ;
#3310 = ORIENTED_EDGE ( 'NONE', *, *, #4182, .T. ) ;
#3311 = EDGE_CURVE ( 'NONE', #488, #4741, #2050, .T. ) ;
#3312 = LINE ( 'NONE', #259, #2596 ) ;
#3313 =( LENGTH_UNIT ( ) NAMED_UNIT ( * ) SI_UNIT ( .MILLI., .METRE. ) );
#3314 = EDGE_CURVE ( 'NONE', #901, #1914, #2857, .T. ) ;
#3315 = ORIENTED_EDGE ( 'NONE', *, *, #1913, .T. ) ;
#3316 = DIRECTION ( 'NONE',  ( -2.694716079187269803E-17, -2.694716079187270172E-32, -1.000000000000000000 ) ) ;
#3317 = CIRCLE ( 'NONE', #1302, 0.6500000000000000222 ) ;
#3318 = ORIENTED_EDGE ( 'NONE', *, *, #4301, .T. ) ;
#3319 = VECTOR ( 'NONE', #2436, 1000.000000000000114 ) ;
#3320 = DIRECTION ( 'NONE',  ( 1.000000000000000000, 1.020425574104003999E-15, 0.000000000000000000 ) ) ;
#3321 = EDGE_CURVE ( 'NONE', #392, #4713, #2098, .T. ) ;
#3322 = EDGE_CURVE ( 'NONE', #2960, #326, #2926, .T. ) ;
#3323 = LINE ( 'NONE', #2918, #4291 ) ;
#3324 = DIRECTION ( 'NONE',  ( 0.000000000000000000, 0.000000000000000000, -1.000000000000000000 ) ) ;
#3325 = VECTOR ( 'NONE', #1210, 1000.000000000000000 ) ;
#3326 = VECTOR ( 'NONE', #1481, 1000.000000000000000 ) ;
#3327 = DIRECTION ( 'NONE',  ( -1.000000000000000000, -2.921639538487249824E-16, -0.000000000000000000 ) ) ;
#3328 = ORIENTED_EDGE ( 'NONE', *, *, #4728, .F. ) ;
#3329 = AXIS2_PLACEMENT_3D ( 'NONE', #3385, #2555, #4080 ) ;
#3330 = PLANE ( 'NONE',  #1817 ) ;
#3331 = VECTOR ( 'NONE', #1978, 1000.000000000000000 ) ;
#3332 =( LENGTH_UNIT ( ) NAMED_UNIT ( * ) SI_UNIT ( .MILLI., .METRE. ) );
#3333 = VECTOR ( 'NONE', #2519, 1000.000000000000000 ) ;
#3334 = CARTESIAN_POINT ( 'NONE',  ( -2.775557561562889773E-15, 10.49999999999999822, 0.000000000000000000 ) ) ;
#3335 = CARTESIAN_POINT ( 'NONE',  ( -3.450000000000000178, 0.4300000000000007150, -0.7500000000000002220 ) ) ;
#3336 = CIRCLE ( 'NONE', #2932, 0.6500000000000000222 ) ;
#3337 = AXIS2_PLACEMENT_3D ( 'NONE', #1278, #2813, #3943 ) ;
#3338 = ORIENTED_EDGE ( 'NONE', *, *, #4515, .T. ) ;
#3339 = DIRECTION ( 'NONE',  ( 1.000000000000000000, 4.662389304686730657E-16, -0.000000000000000000 ) ) ;
#3340 = VECTOR ( 'NONE', #2349, 1000.000000000000000 ) ;
#3341 = AXIS2_PLACEMENT_3D ( 'NONE', #941, #2819, #112 ) ;
#3342 = DIRECTION ( 'NONE',  ( 1.000000000000000000, 1.000000000000000078E-15, 0.000000000000000000 ) ) ;
#3343 = AXIS2_PLACEMENT_3D ( 'NONE', #939, #1666, #1304 ) ;
#3344 = DIRECTION ( 'NONE',  ( 1.000000000000000000, 0.000000000000000000, 0.000000000000000000 ) ) ;
#3345 = AXIS2_PLACEMENT_3D ( 'NONE', #4633, #4192, #765 ) ;
#3346 = ORIENTED_EDGE ( 'NONE', *, *, #2792, .F. ) ;
#3347 = LINE ( 'NONE', #4040, #4444 ) ;
#3348 = VERTEX_POINT ( 'NONE', #3710 ) ;
#3349 = FACE_OUTER_BOUND ( 'NONE', #2632, .T. ) ;
#3350 = EDGE_CURVE ( 'NONE', #2393, #3427, #3739, .T. ) ;
#3351 = ORIENTED_EDGE ( 'NONE', *, *, #3137, .F. ) ;
#3352 = UNCERTAINTY_MEASURE_WITH_UNIT (LENGTH_MEASURE( 1.000000000000000082E-05 ), #2912, 'distance_accuracy_value', 'NONE');
#3353 = CARTESIAN_POINT ( 'NONE',  ( 5.850000000000001421, 3.469446951953614189E-15, 0.000000000000000000 ) ) ;
#3354 = DIRECTION ( 'NONE',  ( 0.000000000000000000, 0.000000000000000000, -1.000000000000000000 ) ) ;
#3355 = LINE ( 'NONE', #4453, #1002 ) ;
#3356 = PRESENTATION_STYLE_ASSIGNMENT (( #1844 ) ) ;
#3357 = CARTESIAN_POINT ( 'NONE',  ( 3.449999999999999289, 0.1000000000000000472, 0.7499999999999997780 ) ) ;
#3358 = ADVANCED_FACE ( 'NONE', ( #1774 ), #2152, .F. ) ;
#3359 = ADVANCED_FACE ( 'NONE', ( #1827 ), #994, .T. ) ;
#3360 = ORIENTED_EDGE ( 'NONE', *, *, #535, .F. ) ;
#3361 = DIRECTION ( 'NONE',  ( -1.000000000000000000, -1.000000000000000078E-15, 0.000000000000000000 ) ) ;
#3362 = DIRECTION ( 'NONE',  ( -1.000000000000000000, -3.690901012716610650E-16, 1.224646799147350249E-16 ) ) ;
#3363 = DIRECTION ( 'NONE',  ( 0.7071067811865471286, 7.071067811865477305E-16, -0.7071067811865479058 ) ) ;
#3364 = EDGE_CURVE ( 'NONE', #2572, #3478, #1069, .T. ) ;
#3365 = ORIENTED_EDGE ( 'NONE', *, *, #647, .F. ) ;
#3366 = LINE ( 'NONE', #4842, #207 ) ;
#3367 = CARTESIAN_POINT ( 'NONE',  ( -2.275000000000000355, 0.3299999999999977396, 0.000000000000000000 ) ) ;
#3368 = FACE_OUTER_BOUND ( 'NONE', #668, .T. ) ;
#3369 = VERTEX_POINT ( 'NONE', #351 ) ;
#3370 = LINE ( 'NONE', #3512, #4204 ) ;
#3371 = SURFACE_SIDE_STYLE ('',( #4188 ) ) ;
#3372 = EDGE_LOOP ( 'NONE', ( #14, #1643, #2625, #3568 ) ) ;
#3373 = DIRECTION ( 'NONE',  ( 1.000000000000000078E-15, -1.000000000000000000, 0.000000000000000000 ) ) ;
#3374 = EDGE_LOOP ( 'NONE', ( #3548, #3279, #1598, #4416 ) ) ;
#3375 = VERTEX_POINT ( 'NONE', #730 ) ;
#3376 = DIRECTION ( 'NONE',  ( -1.000000000000000078E-15, 1.000000000000000000, 0.000000000000000000 ) ) ;
#3377 = CARTESIAN_POINT ( 'NONE',  ( -2.680000000000000160, 1.500000000000000000, 0.000000000000000000 ) ) ;
#3378 = DIRECTION ( 'NONE',  ( 1.000000000000000000, 1.000000000000000078E-15, 0.000000000000000000 ) ) ;
#3379 = CYLINDRICAL_SURFACE ( 'NONE', #174, 0.6500000000000000222 ) ;
#3380 = ORIENTED_EDGE ( 'NONE', *, *, #743, .T. ) ;
#3381 = DIRECTION ( 'NONE',  ( -1.000000000000000078E-15, 1.000000000000000000, 0.000000000000000000 ) ) ;
#3382 = FILL_AREA_STYLE_COLOUR ( '', #364 ) ;
#3383 = EDGE_CURVE ( 'NONE', #2042, #2835, #2557, .T. ) ;
#3384 = ORIENTED_EDGE ( 'NONE', *, *, #4611, .F. ) ;
#3385 = CARTESIAN_POINT ( 'NONE',  ( 3.449999999999999734, 3.469446951953614189E-15, 2.050000000000000266 ) ) ;
#3386 = EDGE_CURVE ( 'NONE', #3231, #1753, #924, .T. ) ;
#3387 = DIRECTION ( 'NONE',  ( 0.7071067811865476838, -0.7071067811865472397, 0.000000000000000000 ) ) ;
#3388 = VERTEX_POINT ( 'NONE', #3770 ) ;
#3389 = DIRECTION ( 'NONE',  ( -1.000000000000000078E-15, 1.000000000000000000, 0.000000000000000000 ) ) ;
#3390 = EDGE_CURVE ( 'NONE', #2476, #3138, #2850, .T. ) ;
#3391 = DIRECTION ( 'NONE',  ( 1.000000000000000000, 2.921639538487249824E-16, -1.224646799147353207E-16 ) ) ;
#3392 = EDGE_LOOP ( 'NONE', ( #1744, #3539, #4400, #4228 ) ) ;
#3393 = LINE ( 'NONE', #3882, #3003 ) ;
#3394 = ORIENTED_EDGE ( 'NONE', *, *, #623, .F. ) ;
#3395 = ORIENTED_EDGE ( 'NONE', *, *, #1176, .T. ) ;
#3396 = UNCERTAINTY_MEASURE_WITH_UNIT (LENGTH_MEASURE( 1.000000000000000082E-05 ), #2253, 'distance_accuracy_value', 'NONE');
#3397 = CARTESIAN_POINT ( 'NONE',  ( 3.449999999999999734, 0.000000000000000000, 0.6500000000000000222 ) ) ;
#3398 = CYLINDRICAL_SURFACE ( 'NONE', #1331, 5.000000000000000000 ) ;
#3399 = DIRECTION ( 'NONE',  ( 0.7071067811865474617, 7.071067811865475333E-16, 0.7071067811865474617 ) ) ;
#3400 = DIRECTION ( 'NONE',  ( -0.000000000000000000, 0.000000000000000000, 1.000000000000000000 ) ) ;
#3401 = AXIS2_PLACEMENT_3D ( 'NONE', #2544, #582, #2938 ) ;
#3402 = ORIENTED_EDGE ( 'NONE', *, *, #2407, .F. ) ;
#3403 = DIRECTION ( 'NONE',  ( -1.000000000000000078E-15, 1.000000000000000000, 0.000000000000000000 ) ) ;
#3404 = DIRECTION ( 'NONE',  ( 0.000000000000000000, 0.000000000000000000, -1.000000000000000000 ) ) ;
#3405 = DIRECTION ( 'NONE',  ( -1.000000000000000078E-15, 1.000000000000000000, 0.000000000000000000 ) ) ;
#3406 = LINE ( 'NONE', #1499, #4938 ) ;
#3407 = AXIS2_PLACEMENT_3D ( 'NONE', #277, #4878, #254 ) ;
#3408 = PRESENTATION_LAYER_ASSIGNMENT (  '', '', ( #602 ) ) ;
#3409 = DIRECTION ( 'NONE',  ( 2.694716079187269803E-17, 2.694716079187270172E-32, 1.000000000000000000 ) ) ;
#3410 = FILL_AREA_STYLE_COLOUR ( '', #3016 ) ;
#3411 = AXIS2_PLACEMENT_3D ( 'NONE', #1169, #4231, #3409 ) ;
#3412 = ORIENTED_EDGE ( 'NONE', *, *, #621, .T. ) ;
#3413 = VECTOR ( 'NONE', #1027, 1000.000000000000000 ) ;
#3414 = EDGE_CURVE ( 'NONE', #4798, #1502, #2208, .T. ) ;
#3415 = VECTOR ( 'NONE', #374, 1000.000000000000000 ) ;
#3416 = CARTESIAN_POINT ( 'NONE',  ( -2.775557561562889773E-15, 10.50099999999999945, 0.000000000000000000 ) ) ;
#3417 = PRESENTATION_LAYER_ASSIGNMENT (  '', '', ( #2768 ) ) ;
#3418 = CARTESIAN_POINT ( 'NONE',  ( -1.575000000000000400, 0.3299999999999984057, 8.572527594031474422E-17 ) ) ;
#3419 = VECTOR ( 'NONE', #1340, 1000.000000000000000 ) ;
#3420 = EDGE_CURVE ( 'NONE', #1275, #4047, #2175, .T. ) ;
#3421 = EDGE_CURVE ( 'NONE', #3657, #2465, #4136, .T. ) ;
#3422 = ORIENTED_EDGE ( 'NONE', *, *, #3015, .T. ) ;
#3423 = AXIS2_PLACEMENT_3D ( 'NONE', #971, #2455, #2784 ) ;
#3424 = AXIS2_PLACEMENT_3D ( 'NONE', #4887, #4452, #3623 ) ;
#3425 = LINE ( 'NONE', #713, #117 ) ;
#3426 = CARTESIAN_POINT ( 'NONE',  ( 1.574999999999999067, 1.000000000000001554, 0.000000000000000000 ) ) ;
#3427 = VERTEX_POINT ( 'NONE', #272 ) ;
#3428 = EDGE_LOOP ( 'NONE', ( #1731, #544, #922, #3210, #580, #2740 ) ) ;
#3429 = DIRECTION ( 'NONE',  ( -2.999999999999999839E-15, 1.000000000000000000, 0.000000000000000000 ) ) ;
#3430 = CARTESIAN_POINT ( 'NONE',  ( 1.499999999999998890, 1.000000000000001554, -4.874423042781579340 ) ) ;
#3431 = CARTESIAN_POINT ( 'NONE',  ( -2.274999999999999911, 0.9799999999999999822, 0.000000000000000000 ) ) ;
#3432 = DIRECTION ( 'NONE',  ( 0.000000000000000000, 0.000000000000000000, -1.000000000000000000 ) ) ;
#3433 = EDGE_LOOP ( 'NONE', ( #4971, #1012, #4733, #4393 ) ) ;
#3434 = DIRECTION ( 'NONE',  ( -1.000000000000000000, -1.011922027653137143E-15, 0.000000000000000000 ) ) ;
#3435 = VERTEX_POINT ( 'NONE', #1795 ) ;
#3436 = CARTESIAN_POINT ( 'NONE',  ( 2.350000000000000089, 1.500000000000000000, 0.000000000000000000 ) ) ;
#3437 = VERTEX_POINT ( 'NONE', #3335 ) ;
#3438 = DIRECTION ( 'NONE',  ( -1.000000000000000000, -9.293161478447180018E-16, 0.000000000000000000 ) ) ;
#3439 = DIRECTION ( 'NONE',  ( -1.000000000000000000, -5.337610695313270120E-16, 0.000000000000000000 ) ) ;
#3440 = DIRECTION ( 'NONE',  ( 2.999999999999999839E-15, -1.000000000000000000, 0.000000000000000000 ) ) ;
#3441 = ORIENTED_EDGE ( 'NONE', *, *, #3070, .T. ) ;
#3442 =( NAMED_UNIT ( * ) SI_UNIT ( $, .STERADIAN. ) SOLID_ANGLE_UNIT ( ) );
#3443 = ORIENTED_EDGE ( 'NONE', *, *, #2026, .F. ) ;
#3444 = EDGE_CURVE ( 'NONE', #1272, #4018, #4874, .T. ) ;
#3445 = EDGE_CURVE ( 'NONE', #3051, #2989, #1446, .T. ) ;
#3446 = ORIENTED_EDGE ( 'NONE', *, *, #4734, .F. ) ;
#3447 = CARTESIAN_POINT ( 'NONE',  ( -3.505967446184708861E-16, 2.199999999999999734, -4.999999999999999112 ) ) ;
#3448 = CARTESIAN_POINT ( 'NONE',  ( -5.150000000000000355, -5.204170427930421283E-15, 5.150000000000000355 ) ) ;
#3449 = CARTESIAN_POINT ( 'NONE',  ( -4.150000000000000355, 0.4299999999999958300, 0.7500000000000000000 ) ) ;
#3450 = EDGE_CURVE ( 'NONE', #2721, #1343, #3252, .T. ) ;
#3451 = DIRECTION ( 'NONE',  ( -1.000000000000000000, -1.000802005371234832E-15, 0.000000000000000000 ) ) ;
#3452 = VERTEX_POINT ( 'NONE', #1369 ) ;
#3453 = LINE ( 'NONE', #1140, #3747 ) ;
#3454 = PLANE ( 'NONE',  #3485 ) ;
#3455 = FACE_OUTER_BOUND ( 'NONE', #1618, .T. ) ;
#3456 = VERTEX_POINT ( 'NONE', #4819 ) ;
#3457 = VERTEX_POINT ( 'NONE', #667 ) ;
#3458 = PLANE ( 'NONE',  #4776 ) ;
#3459 = DIRECTION ( 'NONE',  ( 1.000000000000000078E-15, -1.000000000000000000, 0.000000000000000000 ) ) ;
#3460 = DIRECTION ( 'NONE',  ( 2.921639538487249824E-16, -1.000000000000000000, 0.000000000000000000 ) ) ;
#3461 = ORIENTED_EDGE ( 'NONE', *, *, #750, .T. ) ;
#3462 = CARTESIAN_POINT ( 'NONE',  ( 4.649999999999999467, 0.3300000000000046785, -0.7500000000000000000 ) ) ;
#3463 = ORIENTED_EDGE ( 'NONE', *, *, #3926, .F. ) ;
#3464 = VERTEX_POINT ( 'NONE', #1469 ) ;
#3465 = EDGE_CURVE ( 'NONE', #2104, #3821, #3004, .T. ) ;
#3466 = CARTESIAN_POINT ( 'NONE',  ( 4.999999999999997335, 10.20000000000000284, -2.855127929518950298E-49 ) ) ;
#3467 = LINE ( 'NONE', #341, #2858 ) ;
#3468 = CYLINDRICAL_SURFACE ( 'NONE', #687, 0.7500000000000000000 ) ;
#3469 = DIRECTION ( 'NONE',  ( 1.000000000000000000, 1.000000000000000078E-15, -1.077886431674909893E-16 ) ) ;
#3470 = VERTEX_POINT ( 'NONE', #2636 ) ;
#3471 = EDGE_CURVE ( 'NONE', #1502, #4798, #1492, .T. ) ;
#3472 = EDGE_CURVE ( 'NONE', #2487, #973, #444, .T. ) ;
#3473 = CARTESIAN_POINT ( 'NONE',  ( -4.649999999999999467, -4.553649124439118623E-15, -1.500000000000000000 ) ) ;
#3474 = LINE ( 'NONE', #1141, #2201 ) ;
#3475 = PLANE ( 'NONE',  #4771 ) ;
#3476 = ORIENTED_EDGE ( 'NONE', *, *, #187, .F. ) ;
#3477 = VECTOR ( 'NONE', #677, 1000.000000000000000 ) ;
#3478 = VERTEX_POINT ( 'NONE', #1596 ) ;
#3479 = LINE ( 'NONE', #3838, #2611 ) ;
#3480 = VECTOR ( 'NONE', #874, 1000.000000000000000 ) ;
#3481 = DIRECTION ( 'NONE',  ( 0.000000000000000000, 0.000000000000000000, 1.000000000000000000 ) ) ;
#3482 = PLANE ( 'NONE',  #4137 ) ;
#3483 = VECTOR ( 'NONE', #3603, 1000.000000000000000 ) ;
#3484 = AXIS2_PLACEMENT_3D ( 'NONE', #3588, #4012, #151 ) ;
#3485 = AXIS2_PLACEMENT_3D ( 'NONE', #39, #443, #3405 ) ;
#3486 = ORIENTED_EDGE ( 'NONE', *, *, #2268, .T. ) ;
#3487 = CIRCLE ( 'NONE', #1316, 5.100000000000000533 ) ;
#3488 = CIRCLE ( 'NONE', #48, 0.6500000000000000222 ) ;
#3489 = CARTESIAN_POINT ( 'NONE',  ( -4.150000000000000355, 0.4299999999999958300, 0.7500000000000000000 ) ) ;
#3490 = EDGE_LOOP ( 'NONE', ( #4656, #261, #3837, #2076 ) ) ;
#3491 = VECTOR ( 'NONE', #617, 1000.000000000000000 ) ;
#3492 = VECTOR ( 'NONE', #1582, 1000.000000000000000 ) ;
#3493 = EDGE_LOOP ( 'NONE', ( #4653, #4207, #2814, #1763 ) ) ;
#3494 = DIRECTION ( 'NONE',  ( 0.000000000000000000, 0.000000000000000000, -1.000000000000000000 ) ) ;
#3495 = VERTEX_POINT ( 'NONE', #3811 ) ;
#3496 = LINE ( 'NONE', #1782, #2928 ) ;
#3497 = AXIS2_PLACEMENT_3D ( 'NONE', #3503, #814, #3854 ) ;
#3498 = VECTOR ( 'NONE', #4797, 1000.000000000000000 ) ;
#3499 = EDGE_CURVE ( 'NONE', #1144, #47, #795, .T. ) ;
#3500 = DIRECTION ( 'NONE',  ( -1.000000000000000000, -1.000000000000000078E-15, 0.000000000000000000 ) ) ;
#3501 = VERTEX_POINT ( 'NONE', #751 ) ;
#3502 = AXIS2_PLACEMENT_3D ( 'NONE', #3999, #3622, #3574 ) ;
#3503 = CARTESIAN_POINT ( 'NONE',  ( -2.350000000000000977, 0.9799999999999999822, 0.000000000000000000 ) ) ;
#3504 = CARTESIAN_POINT ( 'NONE',  ( -2.575000000000001066, 0.9999999999999974465, 1.500000000000000000 ) ) ;
#3505 = DIRECTION ( 'NONE',  ( -1.000000000000000078E-15, 1.000000000000000000, 0.000000000000000000 ) ) ;
#3506 = EDGE_CURVE ( 'NONE', #3113, #1459, #1554, .T. ) ;
#3507 = EDGE_CURVE ( 'NONE', #3136, #1308, #4251, .T. ) ;
#3508 = DIRECTION ( 'NONE',  ( -1.000000000000000000, -1.000000000000000078E-15, 0.000000000000000000 ) ) ;
#3509 = ORIENTED_EDGE ( 'NONE', *, *, #4954, .F. ) ;
#3510 = VERTEX_POINT ( 'NONE', #1921 ) ;
#3511 = DIRECTION ( 'NONE',  ( -1.000000000000000000, -1.000000000000000078E-15, 0.000000000000000000 ) ) ;
#3512 = CARTESIAN_POINT ( 'NONE',  ( 4.649999999999999467, 4.553649124439118623E-15, -0.7500000000000000000 ) ) ;
#3513 = CARTESIAN_POINT ( 'NONE',  ( 3.449999999999999734, 3.469446951953614189E-15, 0.7500000000000000000 ) ) ;
#3514 = CARTESIAN_POINT ( 'NONE',  ( -5.258951169277059840E-16, 2.799999999999999822, 0.000000000000000000 ) ) ;
#3515 = EDGE_CURVE ( 'NONE', #3163, #4574, #3835, .T. ) ;
#3516 = ORIENTED_EDGE ( 'NONE', *, *, #1629, .F. ) ;
#3517 = LINE ( 'NONE', #3462, #1575 ) ;
#3518 = ORIENTED_EDGE ( 'NONE', *, *, #2246, .T. ) ;
#3519 = ORIENTED_EDGE ( 'NONE', *, *, #472, .T. ) ;
#3520 = DIRECTION ( 'NONE',  ( 0.7071067811865471286, 7.071067811865477305E-16, -0.7071067811865479058 ) ) ;
#3521 = CARTESIAN_POINT ( 'NONE',  ( 5.000000000000000000, 10.49999999999999822, 0.000000000000000000 ) ) ;
#3522 = EDGE_LOOP ( 'NONE', ( #3000, #4647, #2998, #4248 ) ) ;
#3523 = DIRECTION ( 'NONE',  ( -1.000000000000000000, -1.000802005371234832E-15, 0.000000000000000000 ) ) ;
#3524 = LINE ( 'NONE', #940, #121 ) ;
#3525 = CARTESIAN_POINT ( 'NONE',  ( 1.499999999999991562, 8.500000000000001776, -5.150000000000000355 ) ) ;
#3526 = ORIENTED_EDGE ( 'NONE', *, *, #4894, .T. ) ;
#3527 = EDGE_LOOP ( 'NONE', ( #1167, #3441, #1587, #4339 ) ) ;
#3528 = EDGE_CURVE ( 'NONE', #2389, #189, #419, .T. ) ;
#3529 = CARTESIAN_POINT ( 'NONE',  ( -4.150000000000000355, 0.4300000000000000488, -0.7500000000000002220 ) ) ;
#3530 = EDGE_CURVE ( 'NONE', #4625, #2510, #1797, .T. ) ;
#3531 = PLANE ( 'NONE',  #4930 ) ;
#3532 = LINE ( 'NONE', #2680, #1639 ) ;
#3533 = CARTESIAN_POINT ( 'NONE',  ( -4.150000000000000355, -4.119968255444916849E-15, -2.050000000000000266 ) ) ;
#3534 = VERTEX_POINT ( 'NONE', #375 ) ;
#3535 = EDGE_CURVE ( 'NONE', #2721, #2465, #4180, .T. ) ;
#3536 = ORIENTED_EDGE ( 'NONE', *, *, #439, .F. ) ;
#3537 = ORIENTED_EDGE ( 'NONE', *, *, #778, .T. ) ;
#3538 = CARTESIAN_POINT ( 'NONE',  ( -4.250000000000007994, 7.499999999999995559, -4.250000000000000000 ) ) ;
#3539 = ORIENTED_EDGE ( 'NONE', *, *, #4644, .T. ) ;
#3540 = CARTESIAN_POINT ( 'NONE',  ( 5.149999999999991473, 8.500000000000005329, 3.350000000000000089 ) ) ;
#3541 = DIRECTION ( 'NONE',  ( 1.000000000000000000, 2.921639538487249824E-16, -1.224646799147353207E-16 ) ) ;
#3542 = ORIENTED_EDGE ( 'NONE', *, *, #3506, .T. ) ;
#3543 = LINE ( 'NONE', #3905, #1104 ) ;
#3544 = CARTESIAN_POINT ( 'NONE',  ( 5.149999999999995914, 4.250000000000005329, -3.350000000000000089 ) ) ;
#3545 = DIRECTION ( 'NONE',  ( -1.000000000000000078E-15, 1.000000000000000000, 0.000000000000000000 ) ) ;
#3546 = CARTESIAN_POINT ( 'NONE',  ( 5.150000000000000355, 5.204170427930421283E-15, -5.150000000000000355 ) ) ;
#3547 = EDGE_LOOP ( 'NONE', ( #4440, #2171, #2348, #3518 ) ) ;
#3548 = ORIENTED_EDGE ( 'NONE', *, *, #2774, .F. ) ;
#3549 = LINE ( 'NONE', #116, #835 ) ;
#3550 = LINE ( 'NONE', #118, #1001 ) ;
#3551 = PLANE ( 'NONE',  #130 ) ;
#3552 = EDGE_CURVE ( 'NONE', #2510, #274, #4934, .T. ) ;
#3553 = VECTOR ( 'NONE', #3494, 1000.000000000000000 ) ;
#3554 = VERTEX_POINT ( 'NONE', #816 ) ;
#3555 = DIRECTION ( 'NONE',  ( 1.000000000000000000, 1.000000000000000078E-15, 0.000000000000000000 ) ) ;
#3556 = CARTESIAN_POINT ( 'NONE',  ( 3.349999999999991651, 8.500000000000003553, -5.150000000000000355 ) ) ;
#3557 = ORIENTED_EDGE ( 'NONE', *, *, #1293, .F. ) ;
#3558 = AXIS2_PLACEMENT_3D ( 'NONE', #492, #1264, #188 ) ;
#3559 = VECTOR ( 'NONE', #1702, 1000.000000000000000 ) ;
#3560 = VECTOR ( 'NONE', #1129, 1000.000000000000000 ) ;
#3561 = ADVANCED_FACE ( 'NONE', ( #4639 ), #3856, .F. ) ;
#3562 = ADVANCED_FACE ( 'NONE', ( #3455 ), #843, .F. ) ;
#3563 = VECTOR ( 'NONE', #4572, 1000.000000000000000 ) ;
#3564 = VERTEX_POINT ( 'NONE', #1902 ) ;
#3565 = COLOUR_RGB ( '',0.01960784313725490169, 0.01960784313725490169, 0.01960784313725490169 ) ;
#3566 = AXIS2_PLACEMENT_3D ( 'NONE', #2498, #4098, #1788 ) ;
#3567 = CARTESIAN_POINT ( 'NONE',  ( -1.500000000000001110, 0.9999999999999985567, -4.874423042781579340 ) ) ;
#3568 = ORIENTED_EDGE ( 'NONE', *, *, #3290, .F. ) ;
#3569 = CARTESIAN_POINT ( 'NONE',  ( -1.500000000000007550, 7.499999999999998224, 5.150000000000000355 ) ) ;
#3570 = VECTOR ( 'NONE', #3012, 1000.000000000000000 ) ;
#3571 = EDGE_CURVE ( 'NONE', #1644, #4507, #1943, .T. ) ;
#3572 = AXIS2_PLACEMENT_3D ( 'NONE', #1917, #3096, #2264 ) ;
#3573 = ORIENTED_EDGE ( 'NONE', *, *, #3530, .T. ) ;
#3574 = DIRECTION ( 'NONE',  ( -1.000000000000000000, -3.469446951953614189E-16, 1.224646799147350002E-16 ) ) ;
#3575 = CIRCLE ( 'NONE', #2697, 5.100000000000000533 ) ;
#3576 = DIRECTION ( 'NONE',  ( 0.000000000000000000, 0.000000000000000000, 1.000000000000000000 ) ) ;
#3577 = VECTOR ( 'NONE', #4751, 1000.000000000000000 ) ;
#3578 = PLANE ( 'NONE',  #2357 ) ;
#3579 = DIRECTION ( 'NONE',  ( 1.000000000000000000, 2.999999999999999839E-15, 0.000000000000000000 ) ) ;
#3580 = ORIENTED_EDGE ( 'NONE', *, *, #4836, .F. ) ;
#3581 = VECTOR ( 'NONE', #2702, 1000.000000000000000 ) ;
#3582 = ORIENTED_EDGE ( 'NONE', *, *, #2488, .T. ) ;
#3583 = CARTESIAN_POINT ( 'NONE',  ( 3.449999999999999289, 0.09999999999999831246, 2.050000000000000266 ) ) ;
#3584 = CARTESIAN_POINT ( 'NONE',  ( 2.574999999999999289, 1.000000000000002665, -1.500000000000000000 ) ) ;
#3585 = LINE ( 'NONE', #2824, #3735 ) ;
#3586 = CARTESIAN_POINT ( 'NONE',  ( -7.499999999999999597E-15, 7.500000000000000000, 0.000000000000000000 ) ) ;
#3587 = ORIENTED_EDGE ( 'NONE', *, *, #4667, .T. ) ;
#3588 = CARTESIAN_POINT ( 'NONE',  ( -2.350000000000001421, 1.500000000000000000, 0.000000000000000000 ) ) ;
#3589 = DIRECTION ( 'NONE',  ( -1.000000000000000000, -1.000000000000000078E-15, -2.337311630789800155E-16 ) ) ;
#3590 = ORIENTED_EDGE ( 'NONE', *, *, #2763, .F. ) ;
#3591 = ORIENTED_EDGE ( 'NONE', *, *, #894, .T. ) ;
#3592 = ADVANCED_FACE ( 'NONE', ( #1500 ), #3475, .T. ) ;
#3593 = CARTESIAN_POINT ( 'NONE',  ( -4.150000000000000355, 0.09999999999999581446, -2.050000000000000266 ) ) ;
#3594 = EDGE_CURVE ( 'NONE', #427, #2316, #1396, .T. ) ;
#3595 = ORIENTED_EDGE ( 'NONE', *, *, #4603, .F. ) ;
#3596 = DIRECTION ( 'NONE',  ( -1.000000000000000078E-15, 1.000000000000000000, 0.000000000000000000 ) ) ;
#3597 = ORIENTED_EDGE ( 'NONE', *, *, #1964, .T. ) ;
#3598 = CARTESIAN_POINT ( 'NONE',  ( 2.974999999999999645, 0.3300000000000029576, 8.572527594031475655E-17 ) ) ;
#3599 = EDGE_CURVE ( 'NONE', #1531, #1217, #2676, .T. ) ;
#3600 = CARTESIAN_POINT ( 'NONE',  ( -2.680000000000000160, 0.3300000000000045675, 0.000000000000000000 ) ) ;
#3601 = EDGE_CURVE ( 'NONE', #1538, #4959, #1573, .T. ) ;
#3602 = PLANE ( 'NONE',  #1723 ) ;
#3603 = DIRECTION ( 'NONE',  ( 3.233659295024729803E-16, 3.233659295024730118E-31, 1.000000000000000000 ) ) ;
#3604 = ORIENTED_EDGE ( 'NONE', *, *, #591, .F. ) ;
#3605 = ORIENTED_EDGE ( 'NONE', *, *, #3655, .T. ) ;
#3606 = CARTESIAN_POINT ( 'NONE',  ( 3.449999999999998845, 0.4300000000000000488, 0.7499999999999997780 ) ) ;
#3607 = LINE ( 'NONE', #2072, #3883 ) ;
#3608 = CYLINDRICAL_SURFACE ( 'NONE', #2923, 0.3300000000000001821 ) ;
#3609 = LINE ( 'NONE', #2074, #530 ) ;
#3610 = CARTESIAN_POINT ( 'NONE',  ( -3.450000000000000178, 0.3300000000000006262, -0.6500000000000001332 ) ) ;
#3611 = ORIENTED_EDGE ( 'NONE', *, *, #1882, .F. ) ;
#3612 = ORIENTED_EDGE ( 'NONE', *, *, #3472, .F. ) ;
#3613 = DIRECTION ( 'NONE',  ( 1.000000000000000000, 1.000000000000000078E-15, -1.077886431674909893E-16 ) ) ;
#3614 = LINE ( 'NONE', #1656, #3820 ) ;
#3615 = ORIENTED_EDGE ( 'NONE', *, *, #1511, .F. ) ;
#3616 = ORIENTED_EDGE ( 'NONE', *, *, #1267, .F. ) ;
#3617 = CARTESIAN_POINT ( 'NONE',  ( -2.274999999999999911, -2.168404344971008868E-15, 0.000000000000000000 ) ) ;
#3618 = ORIENTED_EDGE ( 'NONE', *, *, #2238, .T. ) ;
#3619 = CIRCLE ( 'NONE', #4501, 0.6500000000000000222 ) ;
#3620 = ADVANCED_FACE ( 'NONE', ( #2339 ), #3221, .F. ) ;
#3621 = VERTEX_POINT ( 'NONE', #2399 ) ;
#3622 = DIRECTION ( 'NONE',  ( -2.914335439641030002E-16, 1.000000000000000000, -8.944941272679409907E-35 ) ) ;
#3623 = DIRECTION ( 'NONE',  ( 1.000000000000000000, 0.000000000000000000, 0.000000000000000000 ) ) ;
#3624 = LINE ( 'NONE', #1616, #41 ) ;
#3625 = CARTESIAN_POINT ( 'NONE',  ( 2.274999999999999467, 0.9799999999999999822, 0.000000000000000000 ) ) ;
#3626 = ORIENTED_EDGE ( 'NONE', *, *, #2646, .F. ) ;
#3627 = EDGE_CURVE ( 'NONE', #104, #4683, #1480, .T. ) ;
#3628 = ADVANCED_FACE ( 'NONE', ( #2091 ), #1810, .F. ) ;
#3629 = ORIENTED_EDGE ( 'NONE', *, *, #749, .F. ) ;
#3630 = CARTESIAN_POINT ( 'NONE',  ( 3.449999999999999734, 3.469446951953614189E-15, 0.7500000000000000000 ) ) ;
#3631 = SURFACE_STYLE_FILL_AREA ( #2124 ) ;
#3632 = CARTESIAN_POINT ( 'NONE',  ( 2.680000000000000160, 0.3300000000000007372, 0.000000000000000000 ) ) ;
#3633 = FACE_OUTER_BOUND ( 'NONE', #2597, .T. ) ;
#3634 = CARTESIAN_POINT ( 'NONE',  ( -3.350000000000007638, 7.499999999999996447, -5.150000000000000355 ) ) ;
#3635 = ORIENTED_EDGE ( 'NONE', *, *, #2514, .F. ) ;
#3636 = ORIENTED_EDGE ( 'NONE', *, *, #4622, .T. ) ;
#3637 = FACE_OUTER_BOUND ( 'NONE', #1299, .T. ) ;
#3638 = LINE ( 'NONE', #204, #2751 ) ;
#3639 = ORIENTED_EDGE ( 'NONE', *, *, #3070, .F. ) ;
#3640 = CIRCLE ( 'NONE', #4121, 1.116071428571439927 ) ;
#3641 = CIRCLE ( 'NONE', #2195, 0.7500000000000000000 ) ;
#3642 = VERTEX_POINT ( 'NONE', #1642 ) ;
#3643 = LINE ( 'NONE', #3293, #1226 ) ;
#3644 = VERTEX_POINT ( 'NONE', #2499 ) ;
#3645 = AXIS2_PLACEMENT_3D ( 'NONE', #4490, #2580, #355 ) ;
#3646 = AXIS2_PLACEMENT_3D ( 'NONE', #552, #4794, #229 ) ;
#3647 = DIRECTION ( 'NONE',  ( 1.000000000000000000, 5.204170427930421283E-16, 0.000000000000000000 ) ) ;
#3648 = VECTOR ( 'NONE', #42, 1000.000000000000000 ) ;
#3649 = STYLED_ITEM ( 'NONE', ( #2957 ), #2652 ) ;
#3650 = ORIENTED_EDGE ( 'NONE', *, *, #2115, .T. ) ;
#3651 = CARTESIAN_POINT ( 'NONE',  ( -4.150000000000000355, -4.119968255444916849E-15, -2.050000000000000266 ) ) ;
#3652 = LINE ( 'NONE', #2945, #303 ) ;
#3653 = VECTOR ( 'NONE', #4839, 1000.000000000000000 ) ;
#3654 = LINE ( 'NONE', #4428, #527 ) ;
#3655 = EDGE_CURVE ( 'NONE', #4335, #104, #442, .T. ) ;
#3656 = AXIS2_PLACEMENT_3D ( 'NONE', #3431, #4964, #414 ) ;
#3657 = VERTEX_POINT ( 'NONE', #3177 ) ;
#3658 = ORIENTED_EDGE ( 'NONE', *, *, #44, .F. ) ;
#3659 = VECTOR ( 'NONE', #1044, 1000.000000000000000 ) ;
#3660 = DIRECTION ( 'NONE',  ( -4.163336342344319286E-31, 1.387778780781439759E-16, -1.000000000000000000 ) ) ;
#3661 = CARTESIAN_POINT ( 'NONE',  ( -2.680000000000000160, 1.500000000000000000, 0.5999999999999999778 ) ) ;
#3662 = ADVANCED_FACE ( 'NONE', ( #4025 ), #4346, .T. ) ;
#3663 = CARTESIAN_POINT ( 'NONE',  ( 3.449999999999999734, 3.469446951953614189E-15, -2.050000000000000266 ) ) ;
#3664 = EDGE_CURVE ( 'NONE', #1296, #2835, #548, .T. ) ;
#3665 = DIRECTION ( 'NONE',  ( -0.7071067811865480168, -7.071067811865480264E-16, -0.7071067811865470176 ) ) ;
#3666 = TOROIDAL_SURFACE ( 'NONE', #3749, 4.700000000000000178, 0.2999999999999999889 ) ;
#3667 = CARTESIAN_POINT ( 'NONE',  ( 3.037499999999999645, 0.1000000000000030864, 0.7500000000000000000 ) ) ;
#3668 = ORIENTED_EDGE ( 'NONE', *, *, #1471, .F. ) ;
#3669 = LINE ( 'NONE', #2052, #768 ) ;
#3670 = CIRCLE ( 'NONE', #3502, 5.000000000000000000 ) ;
#3671 = LINE ( 'NONE', #1736, #2601 ) ;
#3672 = ORIENTED_EDGE ( 'NONE', *, *, #381, .F. ) ;
#3673 = EDGE_CURVE ( 'NONE', #3942, #844, #3978, .T. ) ;
#3674 = EDGE_LOOP ( 'NONE', ( #3604, #4288, #4820 ) ) ;
#3675 = DIRECTION ( 'NONE',  ( 1.000000000000000000, 1.000000000000000078E-15, 0.000000000000000000 ) ) ;
#3676 = ORIENTED_EDGE ( 'NONE', *, *, #4492, .T. ) ;
#3677 = FACE_OUTER_BOUND ( 'NONE', #4598, .T. ) ;
#3678 = ORIENTED_EDGE ( 'NONE', *, *, #4110, .T. ) ;
#3679 = LINE ( 'NONE', #245, #3098 ) ;
#3680 = CARTESIAN_POINT ( 'NONE',  ( 4.150000000000000355, 0.3300000000000041234, -0.3750000000000000000 ) ) ;
#3681 = SURFACE_SIDE_STYLE ('',( #299 ) ) ;
#3682 = ORIENTED_EDGE ( 'NONE', *, *, #2735, .F. ) ;
#3683 = CARTESIAN_POINT ( 'NONE',  ( -4.150000000000000355, -4.119968255444916849E-15, -0.7500000000000000000 ) ) ;
#3684 = CARTESIAN_POINT ( 'NONE',  ( 2.574999999999999289, 1.000000000000002665, -5.150000000000000355 ) ) ;
#3685 = DIRECTION ( 'NONE',  ( -1.000000000000000000, -5.910098908690700468E-16, 0.000000000000000000 ) ) ;
#3686 = DIRECTION ( 'NONE',  ( -1.000000000000000000, -1.000000000000000078E-15, 0.000000000000000000 ) ) ;
#3687 = ORIENTED_EDGE ( 'NONE', *, *, #2554, .T. ) ;
#3688 = EDGE_CURVE ( 'NONE', #2940, #488, #887, .T. ) ;
#3689 = ADVANCED_FACE ( 'NONE', ( #165 ), #4754, .F. ) ;
#3690 = CARTESIAN_POINT ( 'NONE',  ( -3.449999999999999734, -3.469446951953614189E-15, 2.050000000000000266 ) ) ;
#3691 = DIRECTION ( 'NONE',  ( -1.000000000000000000, -9.293161478447180018E-16, 0.000000000000000000 ) ) ;
#3692 = CARTESIAN_POINT ( 'NONE',  ( -5.150000000000000355, -5.204170427930421283E-15, 3.350000000000000089 ) ) ;
#3693 = ADVANCED_FACE ( 'NONE', ( #2797 ), #869, .F. ) ;
#3694 = ADVANCED_FACE ( 'NONE', ( #1237 ), #516, .F. ) ;
#3695 = EDGE_CURVE ( 'NONE', #92, #4681, #91, .T. ) ;
#3696 = EDGE_LOOP ( 'NONE', ( #420, #1965, #511, #1180 ) ) ;
#3697 = DIRECTION ( 'NONE',  ( -1.000000000000000078E-15, 1.000000000000000000, 0.000000000000000000 ) ) ;
#3698 = ORIENTED_EDGE ( 'NONE', *, *, #560, .T. ) ;
#3699 = DIRECTION ( 'NONE',  ( 2.694716079187269803E-17, 2.694716079187270172E-32, 1.000000000000000000 ) ) ;
#3700 = VERTEX_POINT ( 'NONE', #4732 ) ;
#3701 = CARTESIAN_POINT ( 'NONE',  ( -3.450000000000000178, 0.3299999999999965183, -0.7500000000000000000 ) ) ;
#3702 = DIRECTION ( 'NONE',  ( -1.000000000000000078E-15, 1.000000000000000000, 0.000000000000000000 ) ) ;
#3703 = PLANE ( 'NONE',  #4696 ) ;
#3704 = LINE ( 'NONE', #588, #1309 ) ;
#3705 = CARTESIAN_POINT ( 'NONE',  ( 4.649999999999999467, 4.553649124439118623E-15, 1.500000000000000000 ) ) ;
#3706 = EDGE_LOOP ( 'NONE', ( #1945, #4912, #3036, #926, #577 ) ) ;
#3707 = CARTESIAN_POINT ( 'NONE',  ( 3.449999999999999734, 3.469446951953614189E-15, -2.050000000000000266 ) ) ;
#3708 = FILL_AREA_STYLE ('',( #3382 ) ) ;
#3709 = FACE_OUTER_BOUND ( 'NONE', #4089, .T. ) ;
#3710 = CARTESIAN_POINT ( 'NONE',  ( -3.449999999999999734, -3.469446951953614189E-15, -2.050000000000000266 ) ) ;
#3711 = CARTESIAN_POINT ( 'NONE',  ( 4.649999999999999467, 4.553649124439118623E-15, 0.7500000000000000000 ) ) ;
#3712 = ORIENTED_EDGE ( 'NONE', *, *, #3127, .T. ) ;
#3713 = DIRECTION ( 'NONE',  ( -0.000000000000000000, 0.000000000000000000, 1.000000000000000000 ) ) ;
#3714 = LINE ( 'NONE', #4898, #4443 ) ;
#3715 = EDGE_CURVE ( 'NONE', #2962, #950, #2759, .T. ) ;
#3716 = FACE_OUTER_BOUND ( 'NONE', #4725, .T. ) ;
#3717 = ORIENTED_EDGE ( 'NONE', *, *, #4579, .F. ) ;
#3718 = CARTESIAN_POINT ( 'NONE',  ( -3.505967446184699986E-16, 2.199999999999999734, 0.000000000000000000 ) ) ;
#3719 = ORIENTED_EDGE ( 'NONE', *, *, #1042, .F. ) ;
#3720 = DIRECTION ( 'NONE',  ( -1.000000000000000000, -1.000000000000000078E-15, 2.694716079187269803E-17 ) ) ;
#3721 = ADVANCED_FACE ( 'NONE', ( #569 ), #4789, .T. ) ;
#3722 = ADVANCED_FACE ( 'NONE', ( #1341 ), #1285, .T. ) ;
#3723 = AXIS2_PLACEMENT_3D ( 'NONE', #2626, #2694, #4224 ) ;
#3724 = ORIENTED_EDGE ( 'NONE', *, *, #4671, .F. ) ;
#3725 = PLANE ( 'NONE',  #4554 ) ;
#3726 = LINE ( 'NONE', #220, #1895 ) ;
#3727 = CARTESIAN_POINT ( 'NONE',  ( 5.149999999999991473, 8.500000000000005329, -5.150000000000000355 ) ) ;
#3728 = EDGE_CURVE ( 'NONE', #2726, #1458, #3704, .T. ) ;
#3729 = VECTOR ( 'NONE', #4074, 1000.000000000000000 ) ;
#3730 = VECTOR ( 'NONE', #2459, 1000.000000000000000 ) ;
#3731 = DIRECTION ( 'NONE',  ( 1.000000000000000000, 2.793414511017200385E-16, 0.000000000000000000 ) ) ;
#3732 = CLOSED_SHELL ( 'NONE', ( #2430, #4361, #984, #695, #4559, #497, #4870, #1361, #1254, #2675, #3933, #2490, #1137, #2978, #3014, #3766, #2469 ) ) ;
#3733 = DIRECTION ( 'NONE',  ( -0.000000000000000000, 0.000000000000000000, -1.000000000000000000 ) ) ;
#3734 = ORIENTED_EDGE ( 'NONE', *, *, #3364, .T. ) ;
#3735 = VECTOR ( 'NONE', #1674, 1000.000000000000000 ) ;
#3736 = VECTOR ( 'NONE', #798, 1000.000000000000000 ) ;
#3737 = VECTOR ( 'NONE', #638, 1000.000000000000000 ) ;
#3738 = CARTESIAN_POINT ( 'NONE',  ( -2.775557561562889773E-15, 10.49999999999999822, 0.000000000000000000 ) ) ;
#3739 = LINE ( 'NONE', #2532, #4218 ) ;
#3740 = SURFACE_SIDE_STYLE ('',( #352 ) ) ;
#3741 = AXIS2_PLACEMENT_3D ( 'NONE', #3305, #4062, #2230 ) ;
#3742 = AXIS2_PLACEMENT_3D ( 'NONE', #3377, #1461, #789 ) ;
#3743 = EDGE_LOOP ( 'NONE', ( #3573, #2163, #3992, #1982 ) ) ;
#3744 = CARTESIAN_POINT ( 'NONE',  ( 2.679999999999998828, 1.500000000000000444, 0.000000000000000000 ) ) ;
#3745 =( GEOMETRIC_REPRESENTATION_CONTEXT ( 3 ) GLOBAL_UNCERTAINTY_ASSIGNED_CONTEXT ( ( #2548 ) ) GLOBAL_UNIT_ASSIGNED_CONTEXT ( ( #987, #1790, #1463 ) ) REPRESENTATION_CONTEXT ( 'NONE', 'WORKASPACE' ) );
#3746 = CARTESIAN_POINT ( 'NONE',  ( 2.680000000000000604, 4.336808689942017736E-16, 0.5999999999999999778 ) ) ;
#3747 = VECTOR ( 'NONE', #1497, 1000.000000000000000 ) ;
#3748 = CARTESIAN_POINT ( 'NONE',  ( 4.649999999999998579, 1.000000000000004663, 1.500000000000000000 ) ) ;
#3749 = AXIS2_PLACEMENT_3D ( 'NONE', #2741, #1120, #4567 ) ;
#3750 = ORIENTED_EDGE ( 'NONE', *, *, #1168, .F. ) ;
#3751 = LINE ( 'NONE', #1766, #518 ) ;
#3752 = CYLINDRICAL_SURFACE ( 'NONE', #2291, 4.700000000000000178 ) ;
#3753 = VERTEX_POINT ( 'NONE', #4837 ) ;
#3754 = DIRECTION ( 'NONE',  ( 1.000000000000000000, 1.000000000000000078E-15, -1.077886431674909893E-16 ) ) ;
#3755 = ORIENTED_EDGE ( 'NONE', *, *, #534, .T. ) ;
#3756 = ORIENTED_EDGE ( 'NONE', *, *, #2800, .F. ) ;
#3757 = EDGE_CURVE ( 'NONE', #2467, #1342, #2898, .T. ) ;
#3758 = UNCERTAINTY_MEASURE_WITH_UNIT (LENGTH_MEASURE( 1.000000000000000082E-05 ), #3332, 'distance_accuracy_value', 'NONE');
#3759 = EDGE_CURVE ( 'NONE', #1914, #2615, #2683, .T. ) ;
#3760 = CARTESIAN_POINT ( 'NONE',  ( 3.449999999999999734, 0.1000000000000035166, 2.050000000000000266 ) ) ;
#3761 = DIRECTION ( 'NONE',  ( 1.387778780781439762E-31, -1.387778780781439759E-16, 1.000000000000000000 ) ) ;
#3762 = LINE ( 'NONE', #3277, #1487 ) ;
#3763 = SURFACE_STYLE_USAGE ( .BOTH. , #3681 ) ;
#3764 = DIRECTION ( 'NONE',  ( -1.000000000000000078E-15, 1.000000000000000000, 0.000000000000000000 ) ) ;
#3765 = ORIENTED_EDGE ( 'NONE', *, *, #1075, .F. ) ;
#3766 = ADVANCED_FACE ( 'NONE', ( #2949 ), #639, .T. ) ;
#3767 =( NAMED_UNIT ( * ) PLANE_ANGLE_UNIT ( ) SI_UNIT ( $, .RADIAN. ) );
#3768 = VERTEX_POINT ( 'NONE', #223 ) ;
#3769 = DIRECTION ( 'NONE',  ( 1.305151571741039911E-16, 3.813182435717419867E-32, 1.000000000000000000 ) ) ;
#3770 = CARTESIAN_POINT ( 'NONE',  ( -3.450000000000000178, 0.3300000000000006262, 0.6500000000000000222 ) ) ;
#3771 = ORIENTED_EDGE ( 'NONE', *, *, #1023, .F. ) ;
#3772 =( NAMED_UNIT ( * ) SI_UNIT ( $, .STERADIAN. ) SOLID_ANGLE_UNIT ( ) );
#3773 = DIRECTION ( 'NONE',  ( -2.999999999999999839E-15, 1.000000000000000000, 0.000000000000000000 ) ) ;
#3774 = LINE ( 'NONE', #4165, #2044 ) ;
#3775 = EDGE_LOOP ( 'NONE', ( #3658, #550, #3365, #4857, #19, #1664, #248, #4825 ) ) ;
#3776 = DIRECTION ( 'NONE',  ( -1.000000000000000078E-15, 1.000000000000000000, 0.000000000000000000 ) ) ;
#3777 = ORIENTED_EDGE ( 'NONE', *, *, #3255, .F. ) ;
#3778 = ORIENTED_EDGE ( 'NONE', *, *, #1415, .F. ) ;
#3779 = CARTESIAN_POINT ( 'NONE',  ( 2.350000000000000089, 0.3300000000000005151, 0.000000000000000000 ) ) ;
#3780 = CARTESIAN_POINT ( 'NONE',  ( -1.500000000000007550, 7.499999999999998224, 0.6038181613479189913 ) ) ;
#3781 = LINE ( 'NONE', #395, #1089 ) ;
#3782 = ADVANCED_FACE ( 'NONE', ( #2994 ), #1019, .T. ) ;
#3783 = DIRECTION ( 'NONE',  ( 1.000000000000000078E-15, -1.000000000000000000, 0.000000000000000000 ) ) ;
#3784 = CARTESIAN_POINT ( 'NONE',  ( -8.500000000000001647E-15, 8.500000000000000000, 0.000000000000000000 ) ) ;
#3785 = ORIENTED_EDGE ( 'NONE', *, *, #4350, .F. ) ;
#3786 = LINE ( 'NONE', #771, #1015 ) ;
#3787 = DIRECTION ( 'NONE',  ( 3.233659295024731282E-16, -1.091183116913206599E-16, 1.000000000000000000 ) ) ;
#3788 = DIRECTION ( 'NONE',  ( -1.000000000000000000, -1.000000000000000078E-15, -2.337311630789800155E-16 ) ) ;
#3789 = ADVANCED_FACE ( 'NONE', ( #4478 ), #661, .T. ) ;
#3790 = EDGE_CURVE ( 'NONE', #4064, #3074, #4910, .T. ) ;
#3791 = CARTESIAN_POINT ( 'NONE',  ( -2.680000000000000160, 0.3300000000000045675, 0.5999999999999999778 ) ) ;
#3792 = ORIENTED_EDGE ( 'NONE', *, *, #356, .F. ) ;
#3793 = DIRECTION ( 'NONE',  ( 1.886301255431089879E-16, 1.886301255431090051E-31, 1.000000000000000000 ) ) ;
#3794 = LINE ( 'NONE', #4437, #1475 ) ;
#3795 = CARTESIAN_POINT ( 'NONE',  ( 5.150000000000000355, 5.204170427930421283E-15, 1.500000000000000000 ) ) ;
#3796 = ORIENTED_EDGE ( 'NONE', *, *, #1789, .F. ) ;
#3797 = CARTESIAN_POINT ( 'NONE',  ( 4.649999999999999467, 4.553649124439118623E-15, -1.500000000000000000 ) ) ;
#3798 = ORIENTED_EDGE ( 'NONE', *, *, #386, .T. ) ;
#3799 = ORIENTED_EDGE ( 'NONE', *, *, #3846, .F. ) ;
#3800 = CARTESIAN_POINT ( 'NONE',  ( 3.449999999999999289, 0.1000000000000000472, -0.7500000000000002220 ) ) ;
#3801 = DIRECTION ( 'NONE',  ( -1.000000000000000000, -1.000000000000000078E-15, 0.000000000000000000 ) ) ;
#3802 = PLANE ( 'NONE',  #1962 ) ;
#3803 = DIRECTION ( 'NONE',  ( 1.000000000000000078E-15, -1.000000000000000000, 0.000000000000000000 ) ) ;
#3804 = VECTOR ( 'NONE', #4962, 1000.000000000000000 ) ;
#3805 = EDGE_LOOP ( 'NONE', ( #291, #4597, #4004, #2987 ) ) ;
#3806 = LINE ( 'NONE', #3073, #1741 ) ;
#3807 = LINE ( 'NONE', #4968, #1082 ) ;
#3808 = CARTESIAN_POINT ( 'NONE',  ( 2.679999999999998828, 1.655000000000000471, -0.5084043666216869761 ) ) ;
#3809 = VECTOR ( 'NONE', #343, 1000.000000000000000 ) ;
#3810 = PRESENTATION_LAYER_ASSIGNMENT (  '', '', ( #1152 ) ) ;
#3811 = CARTESIAN_POINT ( 'NONE',  ( -4.150000000000000355, 0.3300000000000000155, -0.6500000000000001332 ) ) ;
#3812 = VECTOR ( 'NONE', #3953, 1000.000000000000000 ) ;
#3813 = VERTEX_POINT ( 'NONE', #4156 ) ;
#3814 = EDGE_CURVE ( 'NONE', #815, #3435, #58, .T. ) ;
#3815 = CARTESIAN_POINT ( 'NONE',  ( 4.649999999999998579, 1.000000000000004663, -0.7500000000000000000 ) ) ;
#3816 = DIRECTION ( 'NONE',  ( 1.000000000000000078E-15, -1.000000000000000000, 0.000000000000000000 ) ) ;
#3817 = VECTOR ( 'NONE', #3881, 1000.000000000000000 ) ;
#3818 = DIRECTION ( 'NONE',  ( 1.000000000000000000, 1.000000000000000078E-15, 0.000000000000000000 ) ) ;
#3819 =( GEOMETRIC_REPRESENTATION_CONTEXT ( 3 ) GLOBAL_UNCERTAINTY_ASSIGNED_CONTEXT ( ( #3352 ) ) GLOBAL_UNIT_ASSIGNED_CONTEXT ( ( #2912, #2143, #2108 ) ) REPRESENTATION_CONTEXT ( 'NONE', 'WORKASPACE' ) );
#3820 = VECTOR ( 'NONE', #2461, 1000.000000000000000 ) ;
#3821 = VERTEX_POINT ( 'NONE', #1998 ) ;
#3822 = VECTOR ( 'NONE', #575, 1000.000000000000000 ) ;
#3823 = ADVANCED_FACE ( 'NONE', ( #2710 ), #1906, .T. ) ;
#3824 = AXIS2_PLACEMENT_3D ( 'NONE', #266, #2896, #4812 ) ;
#3825 = SURFACE_STYLE_USAGE ( .BOTH. , #426 ) ;
#3826 = VERTEX_POINT ( 'NONE', #1925 ) ;
#3827 = AXIS2_PLACEMENT_3D ( 'NONE', #3245, #905, #938 ) ;
#3828 = VERTEX_POINT ( 'NONE', #4185 ) ;
#3829 = CARTESIAN_POINT ( 'NONE',  ( 2.000000000000000000, 10.49999999999999822, -4.253234063627349570 ) ) ;
#3830 = LINE ( 'NONE', #3048, #2460 ) ;
#3831 = FACE_OUTER_BOUND ( 'NONE', #2718, .T. ) ;
#3832 = ORIENTED_EDGE ( 'NONE', *, *, #653, .F. ) ;
#3833 = CARTESIAN_POINT ( 'NONE',  ( 2.924999999999999822, 0.9800000000000006484, -7.960204194457806570E-17 ) ) ;
#3834 = DIRECTION ( 'NONE',  ( -1.000000000000000000, -6.672013369141565217E-16, 0.000000000000000000 ) ) ;
#3835 = LINE ( 'NONE', #4660, #3325 ) ;
#3836 = ORIENTED_EDGE ( 'NONE', *, *, #2182, .T. ) ;
#3837 = ORIENTED_EDGE ( 'NONE', *, *, #2457, .T. ) ;
#3838 = CARTESIAN_POINT ( 'NONE',  ( 2.680000000000000604, 4.336808689942017736E-16, 0.000000000000000000 ) ) ;
#3839 = FACE_OUTER_BOUND ( 'NONE', #2620, .T. ) ;
#3840 = DIRECTION ( 'NONE',  ( 1.000000000000000000, 2.999999999999999839E-15, 0.000000000000000000 ) ) ;
#3841 = EDGE_CURVE ( 'NONE', #4927, #4749, #2661, .T. ) ;
#3842 = EDGE_CURVE ( 'NONE', #93, #3987, #2843, .T. ) ;
#3843 = EDGE_LOOP ( 'NONE', ( #4832, #506, #1222, #360 ) ) ;
#3844 = PLANE ( 'NONE',  #855 ) ;
#3845 = VERTEX_POINT ( 'NONE', #2380 ) ;
#3846 = EDGE_CURVE ( 'NONE', #1046, #614, #3884, .T. ) ;
#3847 = EDGE_CURVE ( 'NONE', #2543, #953, #452, .T. ) ;
#3848 = EDGE_CURVE ( 'NONE', #4749, #2940, #3532, .T. ) ;
#3849 = ORIENTED_EDGE ( 'NONE', *, *, #2630, .T. ) ;
#3850 = CARTESIAN_POINT ( 'NONE',  ( -5.150000000000007461, 7.499999999999994671, -0.6038181613479179921 ) ) ;
#3851 = DIRECTION ( 'NONE',  ( -1.000000000000000078E-15, 1.000000000000000000, 0.000000000000000000 ) ) ;
#3852 = DIRECTION ( 'NONE',  ( 1.077886431674909893E-16, 1.077886431674910039E-31, 1.000000000000000000 ) ) ;
#3853 = ORIENTED_EDGE ( 'NONE', *, *, #2310, .F. ) ;
#3854 = DIRECTION ( 'NONE',  ( 0.000000000000000000, 0.000000000000000000, 1.000000000000000000 ) ) ;
#3855 = DIRECTION ( 'NONE',  ( -6.299256584582810666E-16, 1.000000000000000000, 0.000000000000000000 ) ) ;
#3856 = PLANE ( 'NONE',  #1153 ) ;
#3857 = EDGE_LOOP ( 'NONE', ( #688, #2536, #4328, #4775 ) ) ;
#3858 = ORIENTED_EDGE ( 'NONE', *, *, #4831, .F. ) ;
#3859 = DIRECTION ( 'NONE',  ( -1.000000000000000000, 0.000000000000000000, 0.000000000000000000 ) ) ;
#3860 = VECTOR ( 'NONE', #2224, 1000.000000000000000 ) ;
#3861 = LINE ( 'NONE', #1194, #1883 ) ;
#3862 = CARTESIAN_POINT ( 'NONE',  ( 4.699999999999997513, 10.49999999999999822, 0.000000000000000000 ) ) ;
#3863 = VERTEX_POINT ( 'NONE', #2729 ) ;
#3864 = DIRECTION ( 'NONE',  ( 1.000000000000000000, 1.000000000000000078E-15, 0.000000000000000000 ) ) ;
#3865 = EDGE_CURVE ( 'NONE', #4018, #1586, #754, .T. ) ;
#3866 = EDGE_LOOP ( 'NONE', ( #2411, #4217, #4606, #1279 ) ) ;
#3867 = ORIENTED_EDGE ( 'NONE', *, *, #136, .T. ) ;
#3868 = EDGE_CURVE ( 'NONE', #1918, #2848, #4619, .T. ) ;
#3869 = CARTESIAN_POINT ( 'NONE',  ( 4.149999999999998579, 0.4300000000000021028, 0.7499999999999997780 ) ) ;
#3870 = ADVANCED_FACE ( 'NONE', ( #3060 ), #4256, .F. ) ;
#3871 = DIRECTION ( 'NONE',  ( 0.000000000000000000, -1.000000000000000000, 0.000000000000000000 ) ) ;
#3872 = CARTESIAN_POINT ( 'NONE',  ( -5.150000000000000355, -5.204170427930421283E-15, 5.150000000000000355 ) ) ;
#3873 = ORIENTED_EDGE ( 'NONE', *, *, #827, .F. ) ;
#3874 = CARTESIAN_POINT ( 'NONE',  ( -5.850000000000000533, 0.000000000000000000, 0.000000000000000000 ) ) ;
#3875 = ADVANCED_FACE ( 'NONE', ( #851 ), #1126, .T. ) ;
#3876 = CARTESIAN_POINT ( 'NONE',  ( 4.150000000000000355, 4.119968255444916849E-15, 0.7500000000000000000 ) ) ;
#3877 = DIRECTION ( 'NONE',  ( -1.000000000000000000, -1.006759160165111119E-15, 0.000000000000000000 ) ) ;
#3878 = ORIENTED_EDGE ( 'NONE', *, *, #3047, .T. ) ;
#3879 = AXIS2_PLACEMENT_3D ( 'NONE', #933, #3139, #3969 ) ;
#3880 = ORIENTED_EDGE ( 'NONE', *, *, #1532, .T. ) ;
#3881 = DIRECTION ( 'NONE',  ( 1.000000000000000000, 1.000000000000000078E-15, 0.000000000000000000 ) ) ;
#3882 = CARTESIAN_POINT ( 'NONE',  ( 3.449999999999999289, 0.4300000000000034905, -0.7500000000000000000 ) ) ;
#3883 = VECTOR ( 'NONE', #170, 1000.000000000000000 ) ;
#3884 = LINE ( 'NONE', #1146, #4446 ) ;
#3885 = DIRECTION ( 'NONE',  ( 1.000000000000000000, 1.044646440676377598E-15, 0.000000000000000000 ) ) ;
#3886 = AXIS2_PLACEMENT_3D ( 'NONE', #2520, #1751, #4866 ) ;
#3887 = AXIS2_PLACEMENT_3D ( 'NONE', #2155, #4897, #2537 ) ;
#3888 = VECTOR ( 'NONE', #2338, 1000.000000000000114 ) ;
#3889 = EDGE_LOOP ( 'NONE', ( #2340, #4158, #3785, #2093 ) ) ;
#3890 = VECTOR ( 'NONE', #729, 1000.000000000000000 ) ;
#3891 = CIRCLE ( 'NONE', #4855, 1.000000000000000000 ) ;
#3892 = CARTESIAN_POINT ( 'NONE',  ( 4.150000000000000355, 4.119968255444916849E-15, -2.050000000000000266 ) ) ;
#3893 = ORIENTED_EDGE ( 'NONE', *, *, #1822, .F. ) ;
#3894 = VECTOR ( 'NONE', #3068, 1000.000000000000000 ) ;
#3895 = VECTOR ( 'NONE', #3665, 1000.000000000000000 ) ;
#3896 = CIRCLE ( 'NONE', #1811, 4.700000000000000178 ) ;
#3897 = ORIENTED_EDGE ( 'NONE', *, *, #4700, .F. ) ;
#3898 = PLANE ( 'NONE',  #1393 ) ;
#3899 = LINE ( 'NONE', #1611, #4542 ) ;
#3900 = AXIS2_PLACEMENT_3D ( 'NONE', #4657, #38, #1967 ) ;
#3901 = EDGE_CURVE ( 'NONE', #159, #2942, #2276, .T. ) ;
#3902 = EDGE_CURVE ( 'NONE', #1359, #2491, #1547, .T. ) ;
#3903 = ORIENTED_EDGE ( 'NONE', *, *, #1200, .F. ) ;
#3904 = AXIS2_PLACEMENT_3D ( 'NONE', #140, #2872, #4708 ) ;
#3905 = CARTESIAN_POINT ( 'NONE',  ( 4.149999999999999467, 0.1000000000000021011, 0.7499999999999997780 ) ) ;
#3906 = CARTESIAN_POINT ( 'NONE',  ( -2.680000000000000160, 0.3300000000000003486, 0.5999999999999999778 ) ) ;
#3907 = LINE ( 'NONE', #1991, #3007 ) ;
#3908 = DIRECTION ( 'NONE',  ( 0.000000000000000000, 0.000000000000000000, -1.000000000000000000 ) ) ;
#3909 = ORIENTED_EDGE ( 'NONE', *, *, #2270, .T. ) ;
#3910 = EDGE_CURVE ( 'NONE', #4880, #4308, #821, .T. ) ;
#3911 = ORIENTED_EDGE ( 'NONE', *, *, #3939, .T. ) ;
#3912 = CARTESIAN_POINT ( 'NONE',  ( 2.274999999999999467, 0.3300000000000022915, -5.491895016740351176E-17 ) ) ;
#3913 = CARTESIAN_POINT ( 'NONE',  ( 4.789429714649268810, 1.000000000000004885, -5.150000000000000355 ) ) ;
#3914 = DIRECTION ( 'NONE',  ( -2.999999999999999839E-15, 1.000000000000000000, 0.000000000000000000 ) ) ;
#3915 = CARTESIAN_POINT ( 'NONE',  ( -4.150000000000000355, 0.1000000000000000472, 0.7499999999999997780 ) ) ;
#3916 = ORIENTED_EDGE ( 'NONE', *, *, #168, .F. ) ;
#3917 = LINE ( 'NONE', #3114, #3340 ) ;
#3918 = ORIENTED_EDGE ( 'NONE', *, *, #187, .T. ) ;
#3919 = ORIENTED_EDGE ( 'NONE', *, *, #1851, .T. ) ;
#3920 = CYLINDRICAL_SURFACE ( 'NONE', #4846, 0.7499999999999997780 ) ;
#3921 = CYLINDRICAL_SURFACE ( 'NONE', #4053, 0.3300000000000001821 ) ;
#3922 = DIRECTION ( 'NONE',  ( 0.000000000000000000, -1.000000000000000000, 0.000000000000000000 ) ) ;
#3923 = EDGE_LOOP ( 'NONE', ( #1365, #1351, #1070, #3777 ) ) ;
#3924 = CARTESIAN_POINT ( 'NONE',  ( -2.525000000000000355, 0.9799999999999999822, 0.5999999999999999778 ) ) ;
#3925 = LINE ( 'NONE', #491, #4126 ) ;
#3926 = EDGE_CURVE ( 'NONE', #1112, #3136, #3487, .T. ) ;
#3927 = DIRECTION ( 'NONE',  ( -1.000000000000000000, -1.000802005371234832E-15, 0.000000000000000000 ) ) ;
#3928 = ORIENTED_EDGE ( 'NONE', *, *, #3499, .T. ) ;
#3929 = ORIENTED_EDGE ( 'NONE', *, *, #2081, .F. ) ;
#3930 = DIRECTION ( 'NONE',  ( 1.000000000000000078E-15, -1.000000000000000000, 0.000000000000000000 ) ) ;
#3931 = DIRECTION ( 'NONE',  ( -1.000000000000000000, -9.293161478447180018E-16, 0.000000000000000000 ) ) ;
#3932 = LINE ( 'NONE', #1623, #4368 ) ;
#3933 = ADVANCED_FACE ( 'NONE', ( #3839 ), #96, .T. ) ;
#3934 = EDGE_CURVE ( 'NONE', #4120, #3700, #3038, .T. ) ;
#3935 = CARTESIAN_POINT ( 'NONE',  ( -3.450000000000000178, 0.3300000000000006262, 0.6500000000000000222 ) ) ;
#3936 = ORIENTED_EDGE ( 'NONE', *, *, #1017, .F. ) ;
#3937 = LINE ( 'NONE', #4802, #1721 ) ;
#3938 = ORIENTED_EDGE ( 'NONE', *, *, #11, .T. ) ;
#3939 = EDGE_CURVE ( 'NONE', #4966, #113, #3861, .T. ) ;
#3940 = EDGE_LOOP ( 'NONE', ( #1219, #483, #4668, #2027 ) ) ;
#3941 = CARTESIAN_POINT ( 'NONE',  ( 4.857106781186545597, 1.000000000000004885, -4.857106781186547373 ) ) ;
#3942 = VERTEX_POINT ( 'NONE', #2854 ) ;
#3943 = DIRECTION ( 'NONE',  ( -1.000000000000000000, -1.000802005371234832E-15, 0.000000000000000000 ) ) ;
#3944 = ORIENTED_EDGE ( 'NONE', *, *, #3290, .T. ) ;
#3945 = CARTESIAN_POINT ( 'NONE',  ( -1.625000000000000222, 2.330000000000000071, 0.000000000000000000 ) ) ;
#3946 = DIRECTION ( 'NONE',  ( -2.921639538487245880E-16, 1.000000000000000000, 0.000000000000000000 ) ) ;
#3947 = LINE ( 'NONE', #4679, #1405 ) ;
#3948 = DIRECTION ( 'NONE',  ( -1.000000000000000078E-15, 1.000000000000000000, 0.000000000000000000 ) ) ;
#3949 = VERTEX_POINT ( 'NONE', #2048 ) ;
#3950 = ORIENTED_EDGE ( 'NONE', *, *, #356, .T. ) ;
#3951 = PLANE ( 'NONE',  #2362 ) ;
#3952 = CARTESIAN_POINT ( 'NONE',  ( 2.274999999999999467, 0.9799999999999999822, 0.000000000000000000 ) ) ;
#3953 = DIRECTION ( 'NONE',  ( 1.000000000000000078E-15, -1.000000000000000000, 0.000000000000000000 ) ) ;
#3954 = CIRCLE ( 'NONE', #3154, 5.000000000000000000 ) ;
#3955 = DIRECTION ( 'NONE',  ( 1.000000000000000000, 1.020425574104003999E-15, 0.000000000000000000 ) ) ;
#3956 = ADVANCED_FACE ( 'NONE', ( #2783 ), #3608, .T. ) ;
#3957 = EDGE_CURVE ( 'NONE', #1130, #605, #3550, .T. ) ;
#3958 = VERTEX_POINT ( 'NONE', #1697 ) ;
#3959 = DIRECTION ( 'NONE',  ( 1.000000000000000078E-15, -1.000000000000000000, 0.000000000000000000 ) ) ;
#3960 = DIRECTION ( 'NONE',  ( -1.000000000000000000, -2.921639538487249824E-16, -0.000000000000000000 ) ) ;
#3961 = ORIENTED_EDGE ( 'NONE', *, *, #2161, .F. ) ;
#3962 = AXIS2_PLACEMENT_3D ( 'NONE', #143, #4408, #3250 ) ;
#3963 = AXIS2_PLACEMENT_3D ( 'NONE', #3307, #669, #309 ) ;
#3964 = ADVANCED_FACE ( 'NONE', ( #1346 ), #1725, .T. ) ;
#3965 = EDGE_CURVE ( 'NONE', #1732, #427, #2880, .T. ) ;
#3966 = VECTOR ( 'NONE', #271, 1000.000000000000000 ) ;
#3967 = ORIENTED_EDGE ( 'NONE', *, *, #1692, .F. ) ;
#3968 = AXIS2_PLACEMENT_3D ( 'NONE', #2423, #2402, #4330 ) ;
#3969 = DIRECTION ( 'NONE',  ( 0.000000000000000000, -1.000000000000000000, 0.000000000000000000 ) ) ;
#3970 = ORIENTED_EDGE ( 'NONE', *, *, #1532, .F. ) ;
#3971 = PLANE ( 'NONE',  #848 ) ;
#3972 = VECTOR ( 'NONE', #4573, 1000.000000000000000 ) ;
#3973 = ORIENTED_EDGE ( 'NONE', *, *, #2922, .F. ) ;
#3974 = CARTESIAN_POINT ( 'NONE',  ( -7.011934892369409833E-16, 3.399999999999999911, 0.000000000000000000 ) ) ;
#3975 = AXIS2_PLACEMENT_3D ( 'NONE', #2969, #4429, #1819 ) ;
#3976 = CARTESIAN_POINT ( 'NONE',  ( -2.350000000000000977, 0.7415151996457639560, -0.5999999999999999778 ) ) ;
#3977 = CARTESIAN_POINT ( 'NONE',  ( 2.274999999999999467, 0.9799999999999999822, 0.000000000000000000 ) ) ;
#3978 = LINE ( 'NONE', #2013, #1171 ) ;
#3979 = ORIENTED_EDGE ( 'NONE', *, *, #1143, .F. ) ;
#3980 = CIRCLE ( 'NONE', #4787, 0.3300000000000001821 ) ;
#3981 = ORIENTED_EDGE ( 'NONE', *, *, #4350, .T. ) ;
#3982 = DIRECTION ( 'NONE',  ( -0.000000000000000000, 0.000000000000000000, 1.000000000000000000 ) ) ;
#3983 = DIRECTION ( 'NONE',  ( -2.707861035671110002E-16, -2.707861035671110317E-31, -1.000000000000000000 ) ) ;
#3984 = DIRECTION ( 'NONE',  ( -1.000000000000000000, -1.000000000000000078E-15, 0.000000000000000000 ) ) ;
#3985 = CARTESIAN_POINT ( 'NONE',  ( 4.649999999999999467, 0.3300000000000046785, 0.7500000000000000000 ) ) ;
#3986 = DIRECTION ( 'NONE',  ( 2.999999999999999839E-15, -1.000000000000000000, 2.465190328815609891E-32 ) ) ;
#3987 = VERTEX_POINT ( 'NONE', #4717 ) ;
#3988 = LINE ( 'NONE', #2077, #4533 ) ;
#3989 = SPHERICAL_SURFACE ( 'NONE', #1740, 0.6500000000000000222 ) ;
#3990 = VERTEX_POINT ( 'NONE', #4332 ) ;
#3991 = EDGE_CURVE ( 'NONE', #4064, #1987, #1270, .T. ) ;
#3992 = ORIENTED_EDGE ( 'NONE', *, *, #1200, .T. ) ;
#3993 = DIRECTION ( 'NONE',  ( -1.000000000000000000, -1.000000000000000078E-15, 0.000000000000000000 ) ) ;
#3994 = ORIENTED_EDGE ( 'NONE', *, *, #2488, .F. ) ;
#3995 = CARTESIAN_POINT ( 'NONE',  ( -3.449999999999999734, 0.1000000000000006994, -2.050000000000000266 ) ) ;
#3996 = EDGE_CURVE ( 'NONE', #37, #4927, #875, .T. ) ;
#3997 = ADVANCED_FACE ( 'NONE', ( #3226 ), #499, .T. ) ;
#3998 = ORIENTED_EDGE ( 'NONE', *, *, #1563, .T. ) ;
#3999 = CARTESIAN_POINT ( 'NONE',  ( -2.687908375408270055E-15, 10.20000000000000107, 0.000000000000000000 ) ) ;
#4000 = LINE ( 'NONE', #567, #1172 ) ;
#4001 = DIRECTION ( 'NONE',  ( -1.000000000000000078E-15, 1.000000000000000000, 0.000000000000000000 ) ) ;
#4002 = DIRECTION ( 'NONE',  ( -1.000000000000000000, -1.000000000000000078E-15, 0.000000000000000000 ) ) ;
#4003 = ORIENTED_EDGE ( 'NONE', *, *, #3420, .T. ) ;
#4004 = ORIENTED_EDGE ( 'NONE', *, *, #1992, .F. ) ;
#4005 = CARTESIAN_POINT ( 'NONE',  ( 5.149999999999991473, 8.500000000000005329, 1.500000000000000000 ) ) ;
#4006 = DIRECTION ( 'NONE',  ( -0.000000000000000000, 0.000000000000000000, 1.000000000000000000 ) ) ;
#4007 = DIRECTION ( 'NONE',  ( 0.000000000000000000, 0.000000000000000000, -1.000000000000000000 ) ) ;
#4008 = CARTESIAN_POINT ( 'NONE',  ( 2.524999999999999467, 0.9800000000000002043, 0.5999999999999999778 ) ) ;
#4009 = CARTESIAN_POINT ( 'NONE',  ( 4.150000000000000355, 4.119968255444916849E-15, -1.025000000000000133 ) ) ;
#4010 = ORIENTED_EDGE ( 'NONE', *, *, #4214, .T. ) ;
#4011 = ORIENTED_EDGE ( 'NONE', *, *, #3599, .F. ) ;
#4012 = DIRECTION ( 'NONE',  ( -0.000000000000000000, 1.000000000000000000, 0.000000000000000000 ) ) ;
#4013 = CARTESIAN_POINT ( 'NONE',  ( 4.857106781186547373, 4.827075036631464185E-15, 4.857106781186546485 ) ) ;
#4014 = VERTEX_POINT ( 'NONE', #1314 ) ;
#4015 = ORIENTED_EDGE ( 'NONE', *, *, #3364, .F. ) ;
#4016 = ADVANCED_FACE ( 'NONE', ( #4688 ), #574, .T. ) ;
#4017 = FACE_OUTER_BOUND ( 'NONE', #3843, .T. ) ;
#4018 = VERTEX_POINT ( 'NONE', #3663 ) ;
#4019 = ORIENTED_EDGE ( 'NONE', *, *, #2709, .T. ) ;
#4020 = ADVANCED_FACE ( 'NONE', ( #1290 ), #2804, .T. ) ;
#4021 = EDGE_CURVE ( 'NONE', #4723, #4613, #3932, .T. ) ;
#4022 = DIRECTION ( 'NONE',  ( 1.000000000000000078E-15, -1.000000000000000000, 0.000000000000000000 ) ) ;
#4023 = LINE ( 'NONE', #4097, #4871 ) ;
#4024 = LINE ( 'NONE', #2222, #1564 ) ;
#4025 = FACE_OUTER_BOUND ( 'NONE', #1232, .T. ) ;
#4026 = ORIENTED_EDGE ( 'NONE', *, *, #6, .T. ) ;
#4027 = VERTEX_POINT ( 'NONE', #2426 ) ;
#4028 = EDGE_CURVE ( 'NONE', #475, #1901, #2405, .T. ) ;
#4029 = CARTESIAN_POINT ( 'NONE',  ( -3.449999999999999734, 0.09999999999999657774, -2.050000000000000266 ) ) ;
#4030 = LINE ( 'NONE', #945, #2119 ) ;
#4031 = DIRECTION ( 'NONE',  ( 1.000000000000000000, 1.000000000000000078E-15, 0.000000000000000000 ) ) ;
#4032 = CARTESIAN_POINT ( 'NONE',  ( -1.574999999999983968, -15.86505262369500358, 8.572527594031471957E-17 ) ) ;
#4033 = DIRECTION ( 'NONE',  ( 1.000000000000000078E-15, -1.000000000000000000, 1.390874984094460007E-15 ) ) ;
#4034 = ORIENTED_EDGE ( 'NONE', *, *, #4800, .F. ) ;
#4035 = CARTESIAN_POINT ( 'NONE',  ( -3.450000000000000178, 0.4300000000000007150, 0.7499999999999997780 ) ) ;
#4036 = DIRECTION ( 'NONE',  ( -0.000000000000000000, 0.000000000000000000, 1.000000000000000000 ) ) ;
#4037 = ORIENTED_EDGE ( 'NONE', *, *, #2424, .F. ) ;
#4038 = VECTOR ( 'NONE', #4826, 1000.000000000000000 ) ;
#4039 = ORIENTED_EDGE ( 'NONE', *, *, #1143, .T. ) ;
#4040 = CARTESIAN_POINT ( 'NONE',  ( -3.449999999999999734, 0.09999999999999657774, 2.050000000000000266 ) ) ;
#4041 = ORIENTED_EDGE ( 'NONE', *, *, #2062, .T. ) ;
#4042 = CIRCLE ( 'NONE', #834, 4.700000000000000178 ) ;
#4043 = SURFACE_SIDE_STYLE ('',( #2546 ) ) ;
#4044 = VECTOR ( 'NONE', #3152, 1000.000000000000000 ) ;
#4045 = VECTOR ( 'NONE', #1900, 1000.000000000000000 ) ;
#4046 = CIRCLE ( 'NONE', #2286, 0.6500000000000000222 ) ;
#4047 = VERTEX_POINT ( 'NONE', #523 ) ;
#4048 = CARTESIAN_POINT ( 'NONE',  ( -4.874423042781580229, 0.9999999999999952260, -1.500000000000000000 ) ) ;
#4049 = DIRECTION ( 'NONE',  ( -1.000000000000000078E-15, 1.000000000000000000, 0.000000000000000000 ) ) ;
#4050 = MECHANICAL_DESIGN_GEOMETRIC_PRESENTATION_REPRESENTATION (  '', ( #2768 ), #2368 ) ;
#4051 = CARTESIAN_POINT ( 'NONE',  ( -2.680000000000000160, 1.655000000000000027, -0.5084043666216869761 ) ) ;
#4052 = VECTOR ( 'NONE', #450, 1000.000000000000000 ) ;
#4053 = AXIS2_PLACEMENT_3D ( 'NONE', #2007, #1204, #1257 ) ;
#4054 = EDGE_CURVE ( 'NONE', #217, #4613, #3585, .T. ) ;
#4055 = ADVANCED_FACE ( 'NONE', ( #3205 ), #4739, .T. ) ;
#4056 = DIRECTION ( 'NONE',  ( 0.000000000000000000, 0.000000000000000000, -1.000000000000000000 ) ) ;
#4057 = ORIENTED_EDGE ( 'NONE', *, *, #1999, .F. ) ;
#4058 = VECTOR ( 'NONE', #72, 1000.000000000000000 ) ;
#4059 = VECTOR ( 'NONE', #985, 1000.000000000000000 ) ;
#4060 = PLANE ( 'NONE',  #46 ) ;
#4061 = ADVANCED_FACE ( 'NONE', ( #553 ), #2073, .T. ) ;
#4062 = DIRECTION ( 'NONE',  ( 1.000000000000000078E-15, -1.000000000000000000, 0.000000000000000000 ) ) ;
#4063 = FACE_OUTER_BOUND ( 'NONE', #3940, .T. ) ;
#4064 = VERTEX_POINT ( 'NONE', #305 ) ;
#4065 =( NAMED_UNIT ( * ) PLANE_ANGLE_UNIT ( ) SI_UNIT ( $, .RADIAN. ) );
#4066 = CARTESIAN_POINT ( 'NONE',  ( 5.850000000000000533, 0.3300000000000062883, 0.5999999999999999778 ) ) ;
#4067 = DIRECTION ( 'NONE',  ( 0.7071067811865484609, 6.505213034913026604E-16, 0.7071067811865467956 ) ) ;
#4068 = VERTEX_POINT ( 'NONE', #1826 ) ;
#4069 = DIRECTION ( 'NONE',  ( -1.000000000000000000, -2.921639538487249824E-16, -0.000000000000000000 ) ) ;
#4070 = ORIENTED_EDGE ( 'NONE', *, *, #1726, .F. ) ;
#4071 = ORIENTED_EDGE ( 'NONE', *, *, #4153, .T. ) ;
#4072 = CARTESIAN_POINT ( 'NONE',  ( -4.150000000000000355, 0.4300000000000000488, 0.7499999999999997780 ) ) ;
#4073 = DIRECTION ( 'NONE',  ( 2.707861035671110002E-16, 2.707861035671110317E-31, 1.000000000000000000 ) ) ;
#4074 = DIRECTION ( 'NONE',  ( -3.700743415417190112E-16, -3.700743415417190507E-31, 1.000000000000000000 ) ) ;
#4075 = DIRECTION ( 'NONE',  ( 1.000000000000000000, 2.999999999999999839E-15, 0.000000000000000000 ) ) ;
#4076 = ORIENTED_EDGE ( 'NONE', *, *, #155, .T. ) ;
#4077 = LINE ( 'NONE', #2573, #1099 ) ;
#4078 = EDGE_CURVE ( 'NONE', #3200, #1034, #4690, .T. ) ;
#4079 = SURFACE_STYLE_USAGE ( .BOTH. , #192 ) ;
#4080 = DIRECTION ( 'NONE',  ( -1.000000000000000078E-15, 1.000000000000000000, 0.000000000000000000 ) ) ;
#4081 = CARTESIAN_POINT ( 'NONE',  ( 2.274999999999999467, 0.3300000000000022915, 0.000000000000000000 ) ) ;
#4082 = CARTESIAN_POINT ( 'NONE',  ( 3.449999999999999289, 0.1000000000000000472, -0.7500000000000002220 ) ) ;
#4083 = ORIENTED_EDGE ( 'NONE', *, *, #45, .T. ) ;
#4084 = LINE ( 'NONE', #4920, #1957 ) ;
#4085 = EDGE_CURVE ( 'NONE', #1458, #392, #1794, .T. ) ;
#4086 = EDGE_CURVE ( 'NONE', #2375, #4285, #4161, .T. ) ;
#4087 = LINE ( 'NONE', #4142, #1225 ) ;
#4088 = CARTESIAN_POINT ( 'NONE',  ( 2.274999999999999911, 2.168404344971008868E-15, 0.000000000000000000 ) ) ;
#4089 = EDGE_LOOP ( 'NONE', ( #8, #3360, #2350, #190, #4937, #3967 ) ) ;
#4090 = EDGE_CURVE ( 'NONE', #2069, #4014, #4774, .T. ) ;
#4091 = LINE ( 'NONE', #1806, #2516 ) ;
#4092 = EDGE_LOOP ( 'NONE', ( #2888, #1154, #2365, #955 ) ) ;
#4093 = PLANE ( 'NONE',  #4454 ) ;
#4094 = ORIENTED_EDGE ( 'NONE', *, *, #621, .F. ) ;
#4095 = CIRCLE ( 'NONE', #2975, 0.6500000000000000222 ) ;
#4096 = CARTESIAN_POINT ( 'NONE',  ( 4.150000000000000355, 0.1000000000000041689, -0.7500000000000000000 ) ) ;
#4097 = CARTESIAN_POINT ( 'NONE',  ( 4.150000000000000355, 2.168404344971008868E-15, -2.050000000000000266 ) ) ;
#4098 = DIRECTION ( 'NONE',  ( -1.000000000000000078E-15, 1.000000000000000000, 0.000000000000000000 ) ) ;
#4099 = CARTESIAN_POINT ( 'NONE',  ( 2.851530868031610044, 10.50099999999999945, -5.135701555422639257E-16 ) ) ;
#4100 = CARTESIAN_POINT ( 'NONE',  ( 1.499999999999991562, 8.500000000000001776, -5.150000000000000355 ) ) ;
#4101 = VERTEX_POINT ( 'NONE', #2902 ) ;
#4102 = DIRECTION ( 'NONE',  ( 1.000000000000000078E-15, -1.000000000000000000, 0.000000000000000000 ) ) ;
#4103 = CARTESIAN_POINT ( 'NONE',  ( -3.449999999999999734, 6.505213034913026604E-16, 0.6500000000000000222 ) ) ;
#4104 = CARTESIAN_POINT ( 'NONE',  ( -2.680000000000000160, 0.3300000000000003486, -0.5999999999999999778 ) ) ;
#4105 = ORIENTED_EDGE ( 'NONE', *, *, #2646, .T. ) ;
#4106 = CARTESIAN_POINT ( 'NONE',  ( 2.274999999999999911, 2.168404344971008868E-15, 0.000000000000000000 ) ) ;
#4107 = CARTESIAN_POINT ( 'NONE',  ( 1.624999999999999778, 0.9799999999999993161, 0.000000000000000000 ) ) ;
#4108 = CARTESIAN_POINT ( 'NONE',  ( 3.799999999999999378, 0.4300000000000037126, -4.163336342344340478E-16 ) ) ;
#4109 = EDGE_CURVE ( 'NONE', #3753, #3234, #249, .T. ) ;
#4110 = EDGE_CURVE ( 'NONE', #3990, #2475, #4433, .T. ) ;
#4111 = ORIENTED_EDGE ( 'NONE', *, *, #806, .T. ) ;
#4112 = DIRECTION ( 'NONE',  ( 2.465190328815610063E-47, -2.465190328815609891E-32, -1.000000000000000000 ) ) ;
#4113 = PLANE ( 'NONE',  #3086 ) ;
#4114 = EDGE_LOOP ( 'NONE', ( #2377, #2664, #388, #589, #1101, #167, #4729, #2325 ) ) ;
#4115 = DIRECTION ( 'NONE',  ( 1.000000000000000000, 2.999999999999999839E-15, 0.000000000000000000 ) ) ;
#4116 = VECTOR ( 'NONE', #105, 1000.000000000000000 ) ;
#4117 = EDGE_CURVE ( 'NONE', #1488, #3457, #2574, .T. ) ;
#4118 = ORIENTED_EDGE ( 'NONE', *, *, #3386, .F. ) ;
#4119 = AXIS2_PLACEMENT_3D ( 'NONE', #4466, #4033, #2533 ) ;
#4120 = VERTEX_POINT ( 'NONE', #2151 ) ;
#4121 = AXIS2_PLACEMENT_3D ( 'NONE', #2054, #3960, #2885 ) ;
#4122 = DIRECTION ( 'NONE',  ( -1.000000000000000000, -1.000802005371234832E-15, 0.000000000000000000 ) ) ;
#4123 = FACE_OUTER_BOUND ( 'NONE', #817, .T. ) ;
#4124 = DIRECTION ( 'NONE',  ( 1.000000000000000000, 1.020425574104003999E-15, 0.000000000000000000 ) ) ;
#4125 = CIRCLE ( 'NONE', #3963, 5.000000000000000000 ) ;
#4126 = VECTOR ( 'NONE', #3545, 1000.000000000000000 ) ;
#4127 = LINE ( 'NONE', #1421, #1051 ) ;
#4128 = VERTEX_POINT ( 'NONE', #2251 ) ;
#4129 = AXIS2_PLACEMENT_3D ( 'NONE', #404, #3109, #22 ) ;
#4130 = DIRECTION ( 'NONE',  ( 6.138252299610250578E-31, -6.138252299610249742E-16, 1.000000000000000000 ) ) ;
#4131 = CARTESIAN_POINT ( 'NONE',  ( -4.546181838652088025, 7.499999999999995559, -1.500000000000000000 ) ) ;
#4132 = AXIS2_PLACEMENT_3D ( 'NONE', #4888, #1440, #2968 ) ;
#4133 = ORIENTED_EDGE ( 'NONE', *, *, #4467, .F. ) ;
#4134 = FACE_OUTER_BOUND ( 'NONE', #716, .T. ) ;
#4135 = AXIS2_PLACEMENT_3D ( 'NONE', #3035, #3057, #2272 ) ;
#4136 = LINE ( 'NONE', #4917, #4781 ) ;
#4137 = AXIS2_PLACEMENT_3D ( 'NONE', #4333, #4354, #1756 ) ;
#4138 = CIRCLE ( 'NONE', #1970, 0.6500000000000000222 ) ;
#4139 = EDGE_LOOP ( 'NONE', ( #2420, #813, #654, #3919 ) ) ;
#4140 = DIRECTION ( 'NONE',  ( -1.000000000000000078E-15, 1.000000000000000000, 0.000000000000000000 ) ) ;
#4141 = VECTOR ( 'NONE', #4036, 1000.000000000000000 ) ;
#4142 = CARTESIAN_POINT ( 'NONE',  ( -4.150000000000000355, 0.1000000000000000472, 0.7499999999999997780 ) ) ;
#4143 = AXIS2_PLACEMENT_3D ( 'NONE', #366, #3067, #1490 ) ;
#4144 = CYLINDRICAL_SURFACE ( 'NONE', #3170, 0.7500000000000000000 ) ;
#4145 = VECTOR ( 'NONE', #3376, 1000.000000000000000 ) ;
#4146 = ORIENTED_EDGE ( 'NONE', *, *, #1220, .F. ) ;
#4147 = FACE_BOUND ( 'NONE', #4230, .T. ) ;
#4148 = ADVANCED_FACE ( 'NONE', ( #4134 ), #3304, .T. ) ;
#4149 = ORIENTED_EDGE ( 'NONE', *, *, #1478, .T. ) ;
#4150 = ORIENTED_EDGE ( 'NONE', *, *, #137, .T. ) ;
#4151 = LINE ( 'NONE', #340, #597 ) ;
#4152 = EDGE_CURVE ( 'NONE', #3768, #4683, #4508, .T. ) ;
#4153 = EDGE_CURVE ( 'NONE', #3534, #564, #2174, .T. ) ;
#4154 = LINE ( 'NONE', #741, #1577 ) ;
#4155 = LINE ( 'NONE', #4909, #3894 ) ;
#4156 = CARTESIAN_POINT ( 'NONE',  ( 3.449999999999999289, 0.09999999999999831246, 2.050000000000000266 ) ) ;
#4157 = CARTESIAN_POINT ( 'NONE',  ( 3.449999999999999289, 0.4300000000000034905, -0.7500000000000000000 ) ) ;
#4158 = ORIENTED_EDGE ( 'NONE', *, *, #3991, .F. ) ;
#4159 = DIRECTION ( 'NONE',  ( -5.910098908690700468E-16, 1.000000000000000000, 0.000000000000000000 ) ) ;
#4160 = DIRECTION ( 'NONE',  ( 1.390874984094460047E-30, -1.390874984094460007E-15, -1.000000000000000000 ) ) ;
#4161 = LINE ( 'NONE', #2925, #3890 ) ;
#4162 = CARTESIAN_POINT ( 'NONE',  ( 2.274999999999999467, 0.3300000000000022915, 0.000000000000000000 ) ) ;
#4163 = ORIENTED_EDGE ( 'NONE', *, *, #4735, .F. ) ;
#4164 = FACE_OUTER_BOUND ( 'NONE', #1709, .T. ) ;
#4165 = CARTESIAN_POINT ( 'NONE',  ( -4.150000000000000355, 0.000000000000000000, -0.6500000000000001332 ) ) ;
#4166 = ORIENTED_EDGE ( 'NONE', *, *, #3445, .F. ) ;
#4167 = DIRECTION ( 'NONE',  ( -1.000000000000000078E-15, 1.000000000000000000, 0.000000000000000000 ) ) ;
#4168 = EDGE_LOOP ( 'NONE', ( #4722, #2651, #1694 ) ) ;
#4169 = ORIENTED_EDGE ( 'NONE', *, *, #3465, .T. ) ;
#4170 = DIRECTION ( 'NONE',  ( -0.000000000000000000, 0.000000000000000000, -1.000000000000000000 ) ) ;
#4171 = FACE_OUTER_BOUND ( 'NONE', #1181, .T. ) ;
#4172 = CARTESIAN_POINT ( 'NONE',  ( -4.874423042781588222, 8.499999999999994671, 1.500000000000000000 ) ) ;
#4173 = DIRECTION ( 'NONE',  ( 1.000000000000000000, 1.020425574104003999E-15, 0.000000000000000000 ) ) ;
#4174 = ADVANCED_FACE ( 'NONE', ( #3709 ), #4060, .F. ) ;
#4175 = ADVANCED_FACE ( 'NONE', ( #329 ), #1392, .T. ) ;
#4176 = VERTEX_POINT ( 'NONE', #4103 ) ;
#4177 = LINE ( 'NONE', #2267, #4381 ) ;
#4178 = CARTESIAN_POINT ( 'NONE',  ( 4.149999999999998579, 0.4300000000000021028, -0.7500000000000002220 ) ) ;
#4179 = ORIENTED_EDGE ( 'NONE', *, *, #387, .T. ) ;
#4180 = LINE ( 'NONE', #1142, #2454 ) ;
#4181 = APPLICATION_PROTOCOL_DEFINITION ( 'draft international standard', 'automotive_design', 1998, #1778 ) ;
#4182 = EDGE_CURVE ( 'NONE', #3949, #1416, #2952, .T. ) ;
#4183 = EDGE_LOOP ( 'NONE', ( #1191, #4150, #3402, #1258 ) ) ;
#4184 = CARTESIAN_POINT ( 'NONE',  ( -3.449999999999999734, -3.469446951953614189E-15, -2.050000000000000266 ) ) ;
#4185 = CARTESIAN_POINT ( 'NONE',  ( 1.499999999999998890, 1.000000000000001554, 4.874423042781579340 ) ) ;
#4186 = CARTESIAN_POINT ( 'NONE',  ( 1.499999999999991562, 8.500000000000001776, 4.874423042781579340 ) ) ;
#4187 = ORIENTED_EDGE ( 'NONE', *, *, #4585, .F. ) ;
#4188 = SURFACE_STYLE_FILL_AREA ( #314 ) ;
#4189 = VERTEX_POINT ( 'NONE', #1102 ) ;
#4190 = ORIENTED_EDGE ( 'NONE', *, *, #3227, .F. ) ;
#4191 = DIRECTION ( 'NONE',  ( -1.000000000000000000, -1.000000000000000078E-15, 0.000000000000000000 ) ) ;
#4192 = DIRECTION ( 'NONE',  ( 0.000000000000000000, -1.000000000000000000, 0.000000000000000000 ) ) ;
#4193 = DIRECTION ( 'NONE',  ( -1.000000000000000000, 0.000000000000000000, 0.000000000000000000 ) ) ;
#4194 = AXIS2_PLACEMENT_3D ( 'NONE', #3119, #3541, #1205 ) ;
#4195 = CYLINDRICAL_SURFACE ( 'NONE', #4355, 0.9999999999999995559 ) ;
#4196 = VECTOR ( 'NONE', #63, 1000.000000000000000 ) ;
#4197 = ORIENTED_EDGE ( 'NONE', *, *, #2887, .T. ) ;
#4198 = CARTESIAN_POINT ( 'NONE',  ( 2.975000000000016076, -15.86505262369499647, 8.572527594031471957E-17 ) ) ;
#4199 = AXIS2_PLACEMENT_3D ( 'NONE', #1123, #2658, #4590 ) ;
#4200 = ADVANCED_FACE ( 'NONE', ( #4484 ), #1043, .F. ) ;
#4201 = ORIENTED_EDGE ( 'NONE', *, *, #1311, .T. ) ;
#4202 = AXIS2_PLACEMENT_3D ( 'NONE', #123, #951, #2023 ) ;
#4203 = EDGE_CURVE ( 'NONE', #3289, #3200, #607, .T. ) ;
#4204 = VECTOR ( 'NONE', #4556, 1000.000000000000000 ) ;
#4205 = CARTESIAN_POINT ( 'NONE',  ( -2.680000000000000160, 0.3300000000000045675, -0.5999999999999999778 ) ) ;
#4206 = AXIS2_PLACEMENT_3D ( 'NONE', #2, #3439, #2749 ) ;
#4207 = ORIENTED_EDGE ( 'NONE', *, *, #2669, .T. ) ;
#4208 = AXIS2_PLACEMENT_3D ( 'NONE', #4108, #311, #4953 ) ;
#4209 = AXIS2_PLACEMENT_3D ( 'NONE', #4272, #4752, #4001 ) ;
#4210 = DIRECTION ( 'NONE',  ( -0.000000000000000000, 0.000000000000000000, 1.000000000000000000 ) ) ;
#4211 = DIRECTION ( 'NONE',  ( 1.000000000000000078E-15, -1.000000000000000000, 0.000000000000000000 ) ) ;
#4212 = EDGE_CURVE ( 'NONE', #3457, #1995, #4892, .T. ) ;
#4213 = EDGE_CURVE ( 'NONE', #2983, #2435, #4944, .T. ) ;
#4214 = EDGE_CURVE ( 'NONE', #1987, #269, #3406, .T. ) ;
#4215 = VECTOR ( 'NONE', #4845, 1000.000000000000000 ) ;
#4216 = DIRECTION ( 'NONE',  ( 0.000000000000000000, -1.000000000000000000, 0.000000000000000000 ) ) ;
#4217 = ORIENTED_EDGE ( 'NONE', *, *, #4398, .T. ) ;
#4218 = VECTOR ( 'NONE', #2252, 1000.000000000000000 ) ;
#4219 = CIRCLE ( 'NONE', #3824, 0.6500000000000000222 ) ;
#4220 = CARTESIAN_POINT ( 'NONE',  ( -4.150000000000000355, 0.1000000000000000472, -0.7500000000000002220 ) ) ;
#4221 = VERTEX_POINT ( 'NONE', #3426 ) ;
#4222 = CIRCLE ( 'NONE', #2053, 5.000000000000000000 ) ;
#4223 = ORIENTED_EDGE ( 'NONE', *, *, #4117, .T. ) ;
#4224 = DIRECTION ( 'NONE',  ( -1.000000000000000000, 0.000000000000000000, 0.000000000000000000 ) ) ;
#4225 = CARTESIAN_POINT ( 'NONE',  ( -1.738375525399920210E-15, 6.950000000000000178, 0.000000000000000000 ) ) ;
#4226 = LINE ( 'NONE', #1227, #2614 ) ;
#4227 = LINE ( 'NONE', #487, #4844 ) ;
#4228 = ORIENTED_EDGE ( 'NONE', *, *, #3159, .F. ) ;
#4229 = LINE ( 'NONE', #2672, #3581 ) ;
#4230 = EDGE_LOOP ( 'NONE', ( #1098, #2400 ) ) ;
#4231 = DIRECTION ( 'NONE',  ( -1.000000000000000000, -1.000000000000000078E-15, 2.694716079187269803E-17 ) ) ;
#4232 = ORIENTED_EDGE ( 'NONE', *, *, #3296, .T. ) ;
#4233 = ORIENTED_EDGE ( 'NONE', *, *, #1764, .T. ) ;
#4234 = ADVANCED_FACE ( 'NONE', ( #4496 ), #4113, .T. ) ;
#4235 = FACE_OUTER_BOUND ( 'NONE', #3889, .T. ) ;
#4236 = DIRECTION ( 'NONE',  ( 1.000000000000000078E-15, -1.000000000000000000, 0.000000000000000000 ) ) ;
#4237 = CARTESIAN_POINT ( 'NONE',  ( -5.150000000000000355, -5.204170427930421283E-15, -3.350000000000000089 ) ) ;
#4238 = ADVANCED_FACE ( 'NONE', ( #4958 ), #679, .T. ) ;
#4239 = ADVANCED_FACE ( 'NONE', ( #2236 ), #714, .T. ) ;
#4240 = ORIENTED_EDGE ( 'NONE', *, *, #959, .T. ) ;
#4241 = SURFACE_STYLE_FILL_AREA ( #4649 ) ;
#4242 = VERTEX_POINT ( 'NONE', #1083 ) ;
#4243 = ADVANCED_FACE ( 'NONE', ( #2619 ), #3752, .T. ) ;
#4244 = ORIENTED_EDGE ( 'NONE', *, *, #2682, .T. ) ;
#4245 = ORIENTED_EDGE ( 'NONE', *, *, #1913, .F. ) ;
#4246 = SPHERICAL_SURFACE ( 'NONE', #3656, 0.6500000000000000222 ) ;
#4247 = LINE ( 'NONE', #2391, #651 ) ;
#4248 = ORIENTED_EDGE ( 'NONE', *, *, #293, .F. ) ;
#4249 = FACE_OUTER_BOUND ( 'NONE', #2273, .T. ) ;
#4250 = CARTESIAN_POINT ( 'NONE',  ( -2.680000000000000160, 0.000000000000000000, 0.5999999999999999778 ) ) ;
#4251 = LINE ( 'NONE', #2299, #4626 ) ;
#4252 = ORIENTED_EDGE ( 'NONE', *, *, #1912, .F. ) ;
#4253 = ORIENTED_EDGE ( 'NONE', *, *, #1376, .F. ) ;
#4254 = CARTESIAN_POINT ( 'NONE',  ( -5.150000000000000355, -5.204170427930421283E-15, 3.350000000000000089 ) ) ;
#4255 = CARTESIAN_POINT ( 'NONE',  ( -4.150000000000000355, 0.1000000000000000472, -0.7500000000000002220 ) ) ;
#4256 = PLANE ( 'NONE',  #1160 ) ;
#4257 = LINE ( 'NONE', #3153, #1735 ) ;
#4258 = VERTEX_POINT ( 'NONE', #1952 ) ;
#4259 = CARTESIAN_POINT ( 'NONE',  ( 3.449999999999999289, 0.3300000000000000155, 0.6500000000000000222 ) ) ;
#4260 = VERTEX_POINT ( 'NONE', #4628 ) ;
#4261 = EDGE_CURVE ( 'NONE', #4309, #3140, #785, .T. ) ;
#4262 = EDGE_CURVE ( 'NONE', #2942, #484, #1551, .T. ) ;
#4263 = VERTEX_POINT ( 'NONE', #1150 ) ;
#4264 = DIRECTION ( 'NONE',  ( 1.000000000000000000, 1.000000000000000078E-15, 3.505967446184699986E-16 ) ) ;
#4265 = ORIENTED_EDGE ( 'NONE', *, *, #930, .T. ) ;
#4266 = CARTESIAN_POINT ( 'NONE',  ( -2.274999999999999911, -2.168404344971008868E-15, -0.7500000000000000000 ) ) ;
#4267 = ADVANCED_FACE ( 'NONE', ( #1607 ), #3844, .T. ) ;
#4268 = CARTESIAN_POINT ( 'NONE',  ( -5.000000000000003553, 10.19999999999999929, 6.123233995736769241E-16 ) ) ;
#4269 = ORIENTED_EDGE ( 'NONE', *, *, #2582, .T. ) ;
#4270 = CARTESIAN_POINT ( 'NONE',  ( 3.799999999999999822, 0.1000000000000038358, -5.551115123125779744E-16 ) ) ;
#4271 = LINE ( 'NONE', #4658, #1096 ) ;
#4272 = CARTESIAN_POINT ( 'NONE',  ( 4.150000000000000355, 4.119968255444916849E-15, -2.050000000000000266 ) ) ;
#4273 = DIRECTION ( 'NONE',  ( -1.000000000000000000, 0.000000000000000000, 0.000000000000000000 ) ) ;
#4274 = ORIENTED_EDGE ( 'NONE', *, *, #438, .F. ) ;
#4275 = VECTOR ( 'NONE', #2112, 1000.000000000000000 ) ;
#4276 = EDGE_LOOP ( 'NONE', ( #3297, #4576, #4810, #2868 ) ) ;
#4277 = DIRECTION ( 'NONE',  ( -1.000000000000000078E-15, 1.000000000000000000, 0.000000000000000000 ) ) ;
#4279 = DIRECTION ( 'NONE',  ( -0.000000000000000000, 0.000000000000000000, 1.000000000000000000 ) ) ;
#4278 = VECTOR ( 'NONE', #1073, 1000.000000000000000 ) ;
#4280 = VECTOR ( 'NONE', #4388, 1000.000000000000000 ) ;
#4281 = CARTESIAN_POINT ( 'NONE',  ( 4.649999999999999467, 4.553649124439118623E-15, -0.7500000000000000000 ) ) ;
#4282 = DIRECTION ( 'NONE',  ( 0.000000000000000000, 1.000000000000000000, 0.000000000000000000 ) ) ;
#4283 = AXIS2_PLACEMENT_3D ( 'NONE', #1669, #2777, #965 ) ;
#4284 = VECTOR ( 'NONE', #2743, 1000.000000000000000 ) ;
#4285 = VERTEX_POINT ( 'NONE', #4259 ) ;
#4286 = AXIS2_PLACEMENT_3D ( 'NONE', #4352, #915, #2453 ) ;
#4287 = AXIS2_PLACEMENT_3D ( 'NONE', #4592, #3128, #2342 ) ;
#4288 = ORIENTED_EDGE ( 'NONE', *, *, #3383, .T. ) ;
#4289 = VECTOR ( 'NONE', #267, 1000.000000000000000 ) ;
#4290 = AXIS2_PLACEMENT_3D ( 'NONE', #4162, #2704, #3877 ) ;
#4291 = VECTOR ( 'NONE', #659, 1000.000000000000000 ) ;
#4292 = ORIENTED_EDGE ( 'NONE', *, *, #2514, .T. ) ;
#4293 = EDGE_CURVE ( 'NONE', #416, #20, #2786, .T. ) ;
#4294 = CARTESIAN_POINT ( 'NONE',  ( 5.954697968773570019E-31, 0.9999999999999985567, 0.000000000000000000 ) ) ;
#4295 = ORIENTED_EDGE ( 'NONE', *, *, #4456, .F. ) ;
#4296 = DIRECTION ( 'NONE',  ( -1.000000000000000078E-15, 1.000000000000000000, 0.000000000000000000 ) ) ;
#4297 = MANIFOLD_SOLID_BREP ( 'EEHZA1J560V--3DModel-STEP-1.STEP<1>[4]', #1557 ) ;
#4298 = AXIS2_PLACEMENT_3D ( 'NONE', #2263, #3801, #1093 ) ;
#4299 = LINE ( 'NONE', #466, #32 ) ;
#4300 = ORIENTED_EDGE ( 'NONE', *, *, #391, .F. ) ;
#4301 = EDGE_CURVE ( 'NONE', #3272, #4317, #536, .T. ) ;
#4302 = ADVANCED_FACE ( 'NONE', ( #2326 ), #1529, .T. ) ;
#4303 = VECTOR ( 'NONE', #1059, 1000.000000000000000 ) ;
#4304 = CARTESIAN_POINT ( 'NONE',  ( -2.687908375408270055E-15, 10.20000000000000107, 0.000000000000000000 ) ) ;
#4305 = FACE_OUTER_BOUND ( 'NONE', #3428, .T. ) ;
#4306 = DIRECTION ( 'NONE',  ( 4.662389304686730657E-16, -1.000000000000000000, 0.000000000000000000 ) ) ;
#4307 = DIRECTION ( 'NONE',  ( 2.921639538487249824E-16, -1.000000000000000000, 0.000000000000000000 ) ) ;
#4308 = VERTEX_POINT ( 'NONE', #4220 ) ;
#4309 = VERTEX_POINT ( 'NONE', #2733 ) ;
#4310 = DIRECTION ( 'NONE',  ( 1.000000000000000000, 1.000000000000000078E-15, 0.000000000000000000 ) ) ;
#4311 = CARTESIAN_POINT ( 'NONE',  ( 2.350000000000000533, 0.7415151996457639560, 0.5999999999999999778 ) ) ;
#4312 = DIRECTION ( 'NONE',  ( 4.003208021484939865E-32, -4.003208021484939401E-17, 1.000000000000000000 ) ) ;
#4313 = FACE_OUTER_BOUND ( 'NONE', #2566, .T. ) ;
#4314 = ORIENTED_EDGE ( 'NONE', *, *, #3939, .F. ) ;
#4315 = PRESENTATION_STYLE_ASSIGNMENT (( #3825 ) ) ;
#4316 = ORIENTED_EDGE ( 'NONE', *, *, #4552, .F. ) ;
#4317 = VERTEX_POINT ( 'NONE', #82 ) ;
#4318 = PLANE ( 'NONE',  #759 ) ;
#4319 = ORIENTED_EDGE ( 'NONE', *, *, #4028, .T. ) ;
#4320 = DIRECTION ( 'NONE',  ( 1.000000000000000000, 1.000000000000000078E-15, -1.886301255431089879E-16 ) ) ;
#4321 = ORIENTED_EDGE ( 'NONE', *, *, #4214, .F. ) ;
#4322 =( LENGTH_UNIT ( ) NAMED_UNIT ( * ) SI_UNIT ( .MILLI., .METRE. ) );
#4323 = DIRECTION ( 'NONE',  ( 1.000000000000000078E-15, -1.000000000000000000, 0.000000000000000000 ) ) ;
#4324 = DIRECTION ( 'NONE',  ( 0.000000000000000000, 1.000000000000000000, 0.000000000000000000 ) ) ;
#4325 = EDGE_CURVE ( 'NONE', #2215, #37, #3917, .T. ) ;
#4326 = ADVANCED_FACE ( 'NONE', ( #1928 ), #101, .T. ) ;
#4327 = DIRECTION ( 'NONE',  ( 2.999999999999999839E-15, -1.000000000000000000, 1.390874984094460007E-15 ) ) ;
#4328 = ORIENTED_EDGE ( 'NONE', *, *, #1356, .F. ) ;
#4329 = ORIENTED_EDGE ( 'NONE', *, *, #4727, .T. ) ;
#4330 = DIRECTION ( 'NONE',  ( 1.000000000000000000, 5.204170427930421283E-16, 0.000000000000000000 ) ) ;
#4331 = PLANE ( 'NONE',  #2685 ) ;
#4332 = CARTESIAN_POINT ( 'NONE',  ( 3.449999999999999734, 0.000000000000000000, 0.6500000000000000222 ) ) ;
#4333 = CARTESIAN_POINT ( 'NONE',  ( 3.449999999999999289, 0.1000000000000000472, 0.7499999999999997780 ) ) ;
#4334 = EDGE_CURVE ( 'NONE', #4474, #4703, #1627, .T. ) ;
#4335 = VERTEX_POINT ( 'NONE', #4694 ) ;
#4336 = CARTESIAN_POINT ( 'NONE',  ( 3.449999999999999734, 1.951563910473907981E-15, 2.050000000000000266 ) ) ;
#4337 = DIRECTION ( 'NONE',  ( 0.000000000000000000, 0.000000000000000000, 1.000000000000000000 ) ) ;
#4338 = ORIENTED_EDGE ( 'NONE', *, *, #2736, .F. ) ;
#4339 = ORIENTED_EDGE ( 'NONE', *, *, #386, .F. ) ;
#4340 = DIRECTION ( 'NONE',  ( 1.000000000000000078E-15, -1.000000000000000000, 0.000000000000000000 ) ) ;
#4341 = CARTESIAN_POINT ( 'NONE',  ( -4.150000000000000355, 0.3299999999999958522, 0.7500000000000000000 ) ) ;
#4342 = ORIENTED_EDGE ( 'NONE', *, *, #3291, .T. ) ;
#4343 = DIRECTION ( 'NONE',  ( -1.000000000000000000, -1.000000000000000078E-15, 0.000000000000000000 ) ) ;
#4344 = CARTESIAN_POINT ( 'NONE',  ( -2.075000000000000178, -2.168404344971008868E-15, 2.050000000000000266 ) ) ;
#4345 = DIRECTION ( 'NONE',  ( 0.000000000000000000, 0.000000000000000000, -1.000000000000000000 ) ) ;
#4346 = PLANE ( 'NONE',  #676 ) ;
#4347 = ORIENTED_EDGE ( 'NONE', *, *, #3471, .F. ) ;
#4348 = ORIENTED_EDGE ( 'NONE', *, *, #3535, .F. ) ;
#4349 = CARTESIAN_POINT ( 'NONE',  ( -2.680000000000000160, 1.500000000000000000, 0.000000000000000000 ) ) ;
#4350 = EDGE_CURVE ( 'NONE', #3222, #4064, #3517, .T. ) ;
#4351 = CARTESIAN_POINT ( 'NONE',  ( -5.150000000000000355, -5.204170427930421283E-15, -3.350000000000000089 ) ) ;
#4352 = CARTESIAN_POINT ( 'NONE',  ( -4.150000000000000355, 0.4300000000000000488, 0.7499999999999997780 ) ) ;
#4353 = CIRCLE ( 'NONE', #3879, 0.2500000000000000000 ) ;
#4354 = DIRECTION ( 'NONE',  ( -2.999999999999999839E-15, 1.000000000000000000, 6.138252299610249742E-16 ) ) ;
#4355 = AXIS2_PLACEMENT_3D ( 'NONE', #1162, #4676, #1229 ) ;
#4356 = DIRECTION ( 'NONE',  ( -3.505967446184699986E-16, -3.505967446184700251E-31, 1.000000000000000000 ) ) ;
#4357 = CIRCLE ( 'NONE', #435, 5.100000000000000533 ) ;
#4358 = AXIS2_PLACEMENT_3D ( 'NONE', #1269, #2879, #594 ) ;
#4359 = ORIENTED_EDGE ( 'NONE', *, *, #160, .T. ) ;
#4360 = CARTESIAN_POINT ( 'NONE',  ( -3.449999999999999734, 6.505213034913026604E-16, -0.6500000000000001332 ) ) ;
#4361 = ADVANCED_FACE ( 'NONE', ( #4721 ), #3989, .T. ) ;
#4362 = EDGE_CURVE ( 'NONE', #4309, #1130, #2865, .T. ) ;
#4363 = CARTESIAN_POINT ( 'NONE',  ( -1.000000000000000078E-15, 1.000000000000000000, 0.000000000000000000 ) ) ;
#4364 = ORIENTED_EDGE ( 'NONE', *, *, #4753, .F. ) ;
#4365 = VECTOR ( 'NONE', #2271, 1000.000000000000000 ) ;
#4366 = AXIS2_PLACEMENT_3D ( 'NONE', #2906, #2409, #1273 ) ;
#4367 = VECTOR ( 'NONE', #2318, 1000.000000000000000 ) ;
#4368 = VECTOR ( 'NONE', #148, 1000.000000000000000 ) ;
#4369 = ORIENTED_EDGE ( 'NONE', *, *, #960, .T. ) ;
#4370 = VECTOR ( 'NONE', #2720, 1000.000000000000000 ) ;
#4371 = CARTESIAN_POINT ( 'NONE',  ( -2.350000000000001421, 1.500000000000000000, -0.5999999999999999778 ) ) ;
#4372 = ORIENTED_EDGE ( 'NONE', *, *, #1974, .F. ) ;
#4373 = CARTESIAN_POINT ( 'NONE',  ( 2.679999999999998828, 1.655000000000000471, 0.5084043666216869761 ) ) ;
#4374 = CIRCLE ( 'NONE', #2293, 0.6500000000000000222 ) ;
#4375 = CIRCLE ( 'NONE', #55, 1.000000000000000000 ) ;
#4376 = ORIENTED_EDGE ( 'NONE', *, *, #4642, .F. ) ;
#4377 = TOROIDAL_SURFACE ( 'NONE', #1330, 5.941071428571440549, 1.116071428571439927 ) ;
#4378 = LINE ( 'NONE', #4405, #4791 ) ;
#4379 = COLOUR_RGB ( '',0.000000000000000000, 0.000000000000000000, 0.000000000000000000 ) ;
#4380 = CARTESIAN_POINT ( 'NONE',  ( -2.775557561562889773E-15, 10.50099999999999945, 0.000000000000000000 ) ) ;
#4381 = VECTOR ( 'NONE', #2297, 1000.000000000000000 ) ;
#4382 = DIRECTION ( 'NONE',  ( -6.672013369141565217E-16, 1.000000000000000000, 0.000000000000000000 ) ) ;
#4383 = DIRECTION ( 'NONE',  ( -0.000000000000000000, 0.000000000000000000, 1.000000000000000000 ) ) ;
#4384 = VERTEX_POINT ( 'NONE', #3556 ) ;
#4385 = VECTOR ( 'NONE', #4907, 1000.000000000000000 ) ;
#4386 = ORIENTED_EDGE ( 'NONE', *, *, #3957, .T. ) ;
#4387 = LINE ( 'NONE', #968, #448 ) ;
#4388 = DIRECTION ( 'NONE',  ( 1.000000000000000078E-15, -1.000000000000000000, 0.000000000000000000 ) ) ;
#4389 = CARTESIAN_POINT ( 'NONE',  ( 4.150000000000000355, 4.119968255444916849E-15, -4.150000000000000355 ) ) ;
#4390 = CARTESIAN_POINT ( 'NONE',  ( 4.857106781186546485, 4.827075036631464185E-15, -4.857106781186547373 ) ) ;
#4391 = CARTESIAN_POINT ( 'NONE',  ( 3.449999999999999734, 0.000000000000000000, -0.6500000000000001332 ) ) ;
#4392 = ADVANCED_FACE ( 'NONE', ( #3186 ), #4377, .F. ) ;
#4393 = ORIENTED_EDGE ( 'NONE', *, *, #2915, .F. ) ;
#4394 = EDGE_LOOP ( 'NONE', ( #301, #4526 ) ) ;
#4395 = FACE_OUTER_BOUND ( 'NONE', #1119, .T. ) ;
#4396 = DIRECTION ( 'NONE',  ( -1.000000000000000000, -6.672013369141565217E-16, 0.000000000000000000 ) ) ;
#4397 = EDGE_LOOP ( 'NONE', ( #680, #1832, #3668, #4838, #877, #3615 ) ) ;
#4398 = EDGE_CURVE ( 'NONE', #1275, #3621, #3209, .T. ) ;
#4399 = EDGE_CURVE ( 'NONE', #3452, #3085, #1009, .T. ) ;
#4400 = ORIENTED_EDGE ( 'NONE', *, *, #3077, .F. ) ;
#4401 = LINE ( 'NONE', #1006, #195 ) ;
#4402 = ORIENTED_EDGE ( 'NONE', *, *, #954, .F. ) ;
#4403 = EDGE_CURVE ( 'NONE', #4308, #1139, #2830, .T. ) ;
#4404 = ORIENTED_EDGE ( 'NONE', *, *, #3350, .T. ) ;
#4405 = CARTESIAN_POINT ( 'NONE',  ( -3.449999999999999734, -3.469446951953614189E-15, 1.025000000000000133 ) ) ;
#4406 = DIRECTION ( 'NONE',  ( 1.000000000000000000, 1.000000000000000078E-15, 0.000000000000000000 ) ) ;
#4407 = LINE ( 'NONE', #964, #3333 ) ;
#4408 = DIRECTION ( 'NONE',  ( 0.000000000000000000, -1.000000000000000000, 0.000000000000000000 ) ) ;
#4409 = ORIENTED_EDGE ( 'NONE', *, *, #285, .T. ) ;
#4410 = ORIENTED_EDGE ( 'NONE', *, *, #1563, .F. ) ;
#4411 = DIRECTION ( 'NONE',  ( -1.000000000000000000, -4.089901091309300309E-16, 0.000000000000000000 ) ) ;
#4412 = FACE_OUTER_BOUND ( 'NONE', #1973, .T. ) ;
#4413 = DIRECTION ( 'NONE',  ( -1.000000000000000000, -1.000000000000000078E-15, 0.000000000000000000 ) ) ;
#4414 = DIRECTION ( 'NONE',  ( -1.000000000000000000, -1.000000000000000078E-15, 0.000000000000000000 ) ) ;
#4415 = DIRECTION ( 'NONE',  ( -1.000000000000000000, 0.000000000000000000, 0.000000000000000000 ) ) ;
#4416 = ORIENTED_EDGE ( 'NONE', *, *, #285, .F. ) ;
#4417 = FACE_OUTER_BOUND ( 'NONE', #4566, .T. ) ;
#4418 = CARTESIAN_POINT ( 'NONE',  ( -5.150000000000000355, -5.204170427930421283E-15, 1.500000000000000000 ) ) ;
#4419 = ORIENTED_EDGE ( 'NONE', *, *, #829, .T. ) ;
#4420 = ORIENTED_EDGE ( 'NONE', *, *, #3868, .T. ) ;
#4421 = EDGE_CURVE ( 'NONE', #4120, #145, #3614, .T. ) ;
#4422 = FACE_OUTER_BOUND ( 'NONE', #421, .T. ) ;
#4423 = EDGE_CURVE ( 'NONE', #1804, #2069, #3640, .T. ) ;
#4424 = DIRECTION ( 'NONE',  ( -0.000000000000000000, 1.000000000000000000, 0.000000000000000000 ) ) ;
#4425 = ORIENTED_EDGE ( 'NONE', *, *, #4021, .T. ) ;
#4426 = EDGE_CURVE ( 'NONE', #3657, #67, #2808, .T. ) ;
#4427 = CARTESIAN_POINT ( 'NONE',  ( -2.575000000000001066, 0.9999999999999974465, 5.150000000000000355 ) ) ;
#4428 = CARTESIAN_POINT ( 'NONE',  ( 4.150000000000000355, 4.119968255444916849E-15, 2.050000000000000266 ) ) ;
#4429 = DIRECTION ( 'NONE',  ( 9.677640644925279780E-16, -1.000000000000000000, -3.223593550747214905E-17 ) ) ;
#4430 = ORIENTED_EDGE ( 'NONE', *, *, #1764, .F. ) ;
#4431 = CARTESIAN_POINT ( 'NONE',  ( -3.449999999999999734, -3.469446951953614189E-15, 0.7500000000000000000 ) ) ;
#4432 = DIRECTION ( 'NONE',  ( 4.163336342344319286E-31, -1.387778780781439759E-16, 1.000000000000000000 ) ) ;
#4433 = LINE ( 'NONE', #4463, #2687 ) ;
#4434 = DIRECTION ( 'NONE',  ( 1.000000000000000000, 1.020425574104003999E-15, 0.000000000000000000 ) ) ;
#4435 = VERTEX_POINT ( 'NONE', #4418 ) ;
#4436 = CYLINDRICAL_SURFACE ( 'NONE', #678, 0.3300000000000003486 ) ;
#4437 = CARTESIAN_POINT ( 'NONE',  ( 4.149999999999999467, 0.1000000000000021011, -2.050000000000000266 ) ) ;
#4438 = EDGE_LOOP ( 'NONE', ( #2877, #4015, #3873, #2493, #2307, #2120 ) ) ;
#4439 = CIRCLE ( 'NONE', #2997, 5.000000000000000000 ) ;
#4440 = ORIENTED_EDGE ( 'NONE', *, *, #129, .T. ) ;
#4441 = CARTESIAN_POINT ( 'NONE',  ( 4.149999999999999467, 0.3300000000000021805, 0.6500000000000000222 ) ) ;
#4442 = VERTEX_POINT ( 'NONE', #4013 ) ;
#4443 = VECTOR ( 'NONE', #2559, 1000.000000000000000 ) ;
#4444 = VECTOR ( 'NONE', #4881, 1000.000000000000000 ) ;
#4445 = FILL_AREA_STYLE_COLOUR ( '', #3171 ) ;
#4446 = VECTOR ( 'NONE', #3081, 1000.000000000000000 ) ;
#4447 =( GEOMETRIC_REPRESENTATION_CONTEXT ( 3 ) GLOBAL_UNCERTAINTY_ASSIGNED_CONTEXT ( ( #339 ) ) GLOBAL_UNIT_ASSIGNED_CONTEXT ( ( #304, #1121, #620 ) ) REPRESENTATION_CONTEXT ( 'NONE', 'WORKASPACE' ) );
#4448 = EDGE_CURVE ( 'NONE', #1343, #1785, #3671, .T. ) ;
#4449 = AXIS2_PLACEMENT_3D ( 'NONE', #3055, #1870, #3855 ) ;
#4450 = ORIENTED_EDGE ( 'NONE', *, *, #4893, .T. ) ;
#4451 = CARTESIAN_POINT ( 'NONE',  ( 3.449999999999999734, 3.469446951953614189E-15, -0.7500000000000000000 ) ) ;
#4452 = DIRECTION ( 'NONE',  ( 0.000000000000000000, -1.000000000000000000, 0.000000000000000000 ) ) ;
#4453 = CARTESIAN_POINT ( 'NONE',  ( 3.449999999999999734, 3.469446951953614189E-15, 1.025000000000000133 ) ) ;
#4454 = AXIS2_PLACEMENT_3D ( 'NONE', #4829, #4424, #3273 ) ;
#4455 =( NAMED_UNIT ( * ) PLANE_ANGLE_UNIT ( ) SI_UNIT ( $, .RADIAN. ) );
#4456 = EDGE_CURVE ( 'NONE', #159, #1821, #1373, .T. ) ;
#4457 = EDGE_CURVE ( 'NONE', #1550, #1901, #4357, .T. ) ;
#4458 = EDGE_LOOP ( 'NONE', ( #3017, #1131, #1058, #4265 ) ) ;
#4459 = VECTOR ( 'NONE', #4594, 1000.000000000000000 ) ;
#4460 = VECTOR ( 'NONE', #2395, 1000.000000000000000 ) ;
#4461 = DIRECTION ( 'NONE',  ( 1.000000000000000000, 5.910098908690700468E-16, 0.000000000000000000 ) ) ;
#4462 = SURFACE_SIDE_STYLE ('',( #1100 ) ) ;
#4463 = CARTESIAN_POINT ( 'NONE',  ( 3.449999999999999734, 0.000000000000000000, 0.6500000000000000222 ) ) ;
#4464 = DIRECTION ( 'NONE',  ( -0.7071067811865480168, -7.071067811865480264E-16, -0.7071067811865470176 ) ) ;
#4465 = CIRCLE ( 'NONE', #2296, 0.9999999999999995559 ) ;
#4466 = CARTESIAN_POINT ( 'NONE',  ( -4.150000000000000355, 1.951563910473907981E-15, 2.050000000000000266 ) ) ;
#4467 = EDGE_CURVE ( 'NONE', #1995, #2309, #925, .T. ) ;
#4468 = VERTEX_POINT ( 'NONE', #1678 ) ;
#4469 = CARTESIAN_POINT ( 'NONE',  ( 4.649999999999999467, 4.553649124439118623E-15, 0.7500000000000000000 ) ) ;
#4470 = DIRECTION ( 'NONE',  ( -1.000000000000000000, -1.000000000000000078E-15, 1.077886431674909893E-16 ) ) ;
#4471 = VERTEX_POINT ( 'NONE', #975 ) ;
#4472 = DIRECTION ( 'NONE',  ( 4.172624952283379965E-30, -1.390874984094460007E-15, -1.000000000000000000 ) ) ;
#4473 = ORIENTED_EDGE ( 'NONE', *, *, #989, .F. ) ;
#4474 = VERTEX_POINT ( 'NONE', #2078 ) ;
#4475 = CARTESIAN_POINT ( 'NONE',  ( -1.500000000000004441, 4.249999999999998224, 5.150000000000000355 ) ) ;
#4476 = DIRECTION ( 'NONE',  ( -1.000000000000000000, -1.000000000000000078E-15, 0.000000000000000000 ) ) ;
#4477 = FACE_OUTER_BOUND ( 'NONE', #4500, .T. ) ;
#4478 = FACE_OUTER_BOUND ( 'NONE', #166, .T. ) ;
#4479 = CARTESIAN_POINT ( 'NONE',  ( -2.275000000000000355, 0.3299999999999977396, -5.491895016740351176E-17 ) ) ;
#4480 = VERTEX_POINT ( 'NONE', #1703 ) ;
#4481 = CARTESIAN_POINT ( 'NONE',  ( -1.000000000000000078E-15, 1.000000000000000000, 0.000000000000000000 ) ) ;
#4482 =( NAMED_UNIT ( * ) SI_UNIT ( $, .STERADIAN. ) SOLID_ANGLE_UNIT ( ) );
#4483 = EDGE_CURVE ( 'NONE', #3163, #2870, #1077, .T. ) ;
#4484 = FACE_OUTER_BOUND ( 'NONE', #3923, .T. ) ;
#4485 = ADVANCED_FACE ( 'NONE', ( #237 ), #1762, .F. ) ;
#4486 = DIRECTION ( 'NONE',  ( -1.000000000000000000, -1.000000000000000078E-15, 0.000000000000000000 ) ) ;
#4487 =( NAMED_UNIT ( * ) SI_UNIT ( $, .STERADIAN. ) SOLID_ANGLE_UNIT ( ) );
#4488 = ORIENTED_EDGE ( 'NONE', *, *, #2278, .F. ) ;
#4489 = DIRECTION ( 'NONE',  ( -1.000000000000000000, -1.000000000000000078E-15, 0.000000000000000000 ) ) ;
#4490 = CARTESIAN_POINT ( 'NONE',  ( -2.775557561562889773E-15, 10.49999999999999822, 0.000000000000000000 ) ) ;
#4491 = EDGE_CURVE ( 'NONE', #3113, #1953, #3638, .T. ) ;
#4492 = EDGE_CURVE ( 'NONE', #4927, #3222, #1800, .T. ) ;
#4493 = CARTESIAN_POINT ( 'NONE',  ( -2.680000000000000160, 0.3300000000000045675, 0.5999999999999999778 ) ) ;
#4494 = VERTEX_POINT ( 'NONE', #4066 ) ;
#4495 = DIRECTION ( 'NONE',  ( -0.000000000000000000, 0.000000000000000000, 1.000000000000000000 ) ) ;
#4496 = FACE_OUTER_BOUND ( 'NONE', #519, .T. ) ;
#4497 = ORIENTED_EDGE ( 'NONE', *, *, #4824, .T. ) ;
#4498 = CARTESIAN_POINT ( 'NONE',  ( -4.150000000000000355, 0.000000000000000000, 0.6500000000000000222 ) ) ;
#4499 = ORIENTED_EDGE ( 'NONE', *, *, #1423, .F. ) ;
#4500 = EDGE_LOOP ( 'NONE', ( #4026, #3106, #3853, #425 ) ) ;
#4501 = AXIS2_PLACEMENT_3D ( 'NONE', #2008, #769, #2670 ) ;
#4502 = DIRECTION ( 'NONE',  ( -0.7071067811865480168, -7.071067811865480264E-16, -0.7071067811865470176 ) ) ;
#4503 = PLANE ( 'NONE',  #379 ) ;
#4504 = FACE_OUTER_BOUND ( 'NONE', #3490, .T. ) ;
#4505 = FILL_AREA_STYLE_COLOUR ( '', #3242 ) ;
#4506 = DIRECTION ( 'NONE',  ( 2.921639538487250317E-16, -1.000000000000000000, 0.000000000000000000 ) ) ;
#4507 = VERTEX_POINT ( 'NONE', #2158 ) ;
#4508 = LINE ( 'NONE', #704, #3653 ) ;
#4509 = CARTESIAN_POINT ( 'NONE',  ( 1.499999999999995781, 4.250000000000001776, -5.150000000000000355 ) ) ;
#4510 = ORIENTED_EDGE ( 'NONE', *, *, #409, .T. ) ;
#4511 = EDGE_CURVE ( 'NONE', #3456, #1467, #4087, .T. ) ;
#4512 = DIRECTION ( 'NONE',  ( 1.000000000000000000, 1.000000000000000078E-15, 2.707861035671110002E-16 ) ) ;
#4513 = CARTESIAN_POINT ( 'NONE',  ( 2.274999999999999467, 1.000000000000002220, 0.000000000000000000 ) ) ;
#4514 = CARTESIAN_POINT ( 'NONE',  ( -5.150000000000008349, 8.499999999999994671, -1.500000000000000000 ) ) ;
#4515 = EDGE_CURVE ( 'NONE', #1389, #2965, #4522, .T. ) ;
#4516 = EDGE_CURVE ( 'NONE', #1550, #2467, #1473, .T. ) ;
#4517 = ORIENTED_EDGE ( 'NONE', *, *, #3902, .T. ) ;
#4518 = CARTESIAN_POINT ( 'NONE',  ( 2.274999999999999467, 0.9799999999999999822, 0.6500000000000000222 ) ) ;
#4519 = SURFACE_STYLE_USAGE ( .BOTH. , #3371 ) ;
#4520 = VERTEX_POINT ( 'NONE', #1830 ) ;
#4521 = CARTESIAN_POINT ( 'NONE',  ( -2.112324379809013991E-15, 10.20000000000000107, 4.700000000000000178 ) ) ;
#4522 = CIRCLE ( 'NONE', #2346, 0.7000000000000000666 ) ;
#4523 = VECTOR ( 'NONE', #3429, 1000.000000000000000 ) ;
#4524 = ORIENTED_EDGE ( 'NONE', *, *, #2861, .T. ) ;
#4525 = VECTOR ( 'NONE', #1757, 1000.000000000000000 ) ;
#4526 = ORIENTED_EDGE ( 'NONE', *, *, #3506, .F. ) ;
#4527 = VECTOR ( 'NONE', #3589, 1000.000000000000000 ) ;
#4528 = VECTOR ( 'NONE', #3151, 1000.000000000000000 ) ;
#4529 = DIRECTION ( 'NONE',  ( -2.707861035671110002E-16, -2.707861035671110317E-31, -1.000000000000000000 ) ) ;
#4530 = DIRECTION ( 'NONE',  ( -1.000000000000000000, -1.000000000000000078E-15, 0.000000000000000000 ) ) ;
#4531 = CARTESIAN_POINT ( 'NONE',  ( -4.250000000000000000, -4.336808689942017736E-15, 4.250000000000000000 ) ) ;
#4532 = PRESENTATION_LAYER_ASSIGNMENT (  '', '', ( #1080 ) ) ;
#4533 = VECTOR ( 'NONE', #3613, 1000.000000000000000 ) ;
#4534 = DIRECTION ( 'NONE',  ( -3.700743415417190112E-16, 1.000000000000000000, 0.000000000000000000 ) ) ;
#4535 = VECTOR ( 'NONE', #3248, 1000.000000000000000 ) ;
#4536 = LINE ( 'NONE', #3357, #3860 ) ;
#4537 = ORIENTED_EDGE ( 'NONE', *, *, #784, .T. ) ;
#4538 = VECTOR ( 'NONE', #3285, 1000.000000000000000 ) ;
#4539 = VECTOR ( 'NONE', #383, 1000.000000000000000 ) ;
#4540 = DIRECTION ( 'NONE',  ( 1.000000000000000000, 1.020425574104003999E-15, 0.000000000000000000 ) ) ;
#4541 = AXIS2_PLACEMENT_3D ( 'NONE', #4923, #1431, #1074 ) ;
#4542 = VECTOR ( 'NONE', #935, 1000.000000000000000 ) ;
#4543 = ORIENTED_EDGE ( 'NONE', *, *, #324, .F. ) ;
#4544 = DIRECTION ( 'NONE',  ( 1.000000000000000078E-15, -1.000000000000000000, 0.000000000000000000 ) ) ;
#4545 = CARTESIAN_POINT ( 'NONE',  ( -4.649999999999999467, -4.553649124439118623E-15, 0.7500000000000000000 ) ) ;
#4546 = VECTOR ( 'NONE', #586, 1000.000000000000000 ) ;
#4547 = VERTEX_POINT ( 'NONE', #2639 ) ;
#4548 = PLANE ( 'NONE',  #2761 ) ;
#4549 = VECTOR ( 'NONE', #3268, 1000.000000000000000 ) ;
#4550 = DIRECTION ( 'NONE',  ( -2.921639538487249824E-16, 1.000000000000000000, 0.000000000000000000 ) ) ;
#4551 = AXIS2_PLACEMENT_3D ( 'NONE', #1158, #2592, #2695 ) ;
#4552 = EDGE_CURVE ( 'NONE', #4435, #1144, #3714, .T. ) ;
#4553 = DIRECTION ( 'NONE',  ( -1.000000000000000078E-15, 1.000000000000000000, 0.000000000000000000 ) ) ;
#4554 = AXIS2_PLACEMENT_3D ( 'NONE', #219, #1036, #2517 ) ;
#4555 = ORIENTED_EDGE ( 'NONE', *, *, #2063, .F. ) ;
#4556 = DIRECTION ( 'NONE',  ( -0.000000000000000000, 0.000000000000000000, 1.000000000000000000 ) ) ;
#4557 = ORIENTED_EDGE ( 'NONE', *, *, #2301, .F. ) ;
#4558 = ADVANCED_FACE ( 'NONE', ( #3009 ), #2280, .T. ) ;
#4559 = ADVANCED_FACE ( 'NONE', ( #4164 ), #734, .T. ) ;
#4560 = ORIENTED_EDGE ( 'NONE', *, *, #3444, .T. ) ;
#4561 = DIRECTION ( 'NONE',  ( -1.000000000000000078E-15, 1.000000000000000000, 0.000000000000000000 ) ) ;
#4562 = CARTESIAN_POINT ( 'NONE',  ( -3.037499999999999645, 0.09999999999999700795, -0.7500000000000000000 ) ) ;
#4563 = CARTESIAN_POINT ( 'NONE',  ( 4.149999999999999467, 0.3300000000000021805, 0.6500000000000000222 ) ) ;
#4564 = EDGE_CURVE ( 'NONE', #2510, #3294, #710, .T. ) ;
#4565 = LINE ( 'NONE', #1896, #1691 ) ;
#4566 = EDGE_LOOP ( 'NONE', ( #2200, #4342, #2433, #2798, #481, #2801, #1848, #2712, #4608, #437 ) ) ;
#4567 = DIRECTION ( 'NONE',  ( 0.000000000000000000, 0.000000000000000000, -1.000000000000000000 ) ) ;
#4568 = EDGE_LOOP ( 'NONE', ( #4376, #3380, #1707, #1589 ) ) ;
#4569 = DIRECTION ( 'NONE',  ( 0.000000000000000000, 0.000000000000000000, -1.000000000000000000 ) ) ;
#4570 = ORIENTED_EDGE ( 'NONE', *, *, #3515, .T. ) ;
#4571 = LINE ( 'NONE', #403, #3331 ) ;
#4572 = DIRECTION ( 'NONE',  ( -2.465190328815610063E-47, 2.465190328815609891E-32, 1.000000000000000000 ) ) ;
#4573 = DIRECTION ( 'NONE',  ( -1.000000000000000078E-15, 1.000000000000000000, 0.000000000000000000 ) ) ;
#4574 = VERTEX_POINT ( 'NONE', #4107 ) ;
#4575 = CARTESIAN_POINT ( 'NONE',  ( 4.150000000000000355, 4.119968255444916849E-15, 4.150000000000000355 ) ) ;
#4576 = ORIENTED_EDGE ( 'NONE', *, *, #4078, .F. ) ;
#4577 = ORIENTED_EDGE ( 'NONE', *, *, #2861, .F. ) ;
#4578 = EDGE_CURVE ( 'NONE', #2965, #1389, #2757, .T. ) ;
#4579 = EDGE_CURVE ( 'NONE', #760, #4221, #2351, .T. ) ;
#4580 = LINE ( 'NONE', #3850, #4196 ) ;
#4581 = DIRECTION ( 'NONE',  ( -0.000000000000000000, 0.000000000000000000, 1.000000000000000000 ) ) ;
#4582 = LINE ( 'NONE', #1118, #4777 ) ;
#4583 = LINE ( 'NONE', #4936, #1230 ) ;
#4584 = ORIENTED_EDGE ( 'NONE', *, *, #1383, .T. ) ;
#4585 = EDGE_CURVE ( 'NONE', #3495, #2871, #2257, .T. ) ;
#4586 = EDGE_CURVE ( 'NONE', #3510, #3534, #4042, .T. ) ;
#4587 = DIRECTION ( 'NONE',  ( 1.000000000000000000, 1.020425574104003999E-15, 0.000000000000000000 ) ) ;
#4588 = DIRECTION ( 'NONE',  ( 0.000000000000000000, 0.000000000000000000, 1.000000000000000000 ) ) ;
#4589 = CARTESIAN_POINT ( 'NONE',  ( 2.274999999999998135, 2.330000000000000071, 0.000000000000000000 ) ) ;
#4590 = DIRECTION ( 'NONE',  ( 1.000000000000000000, 2.602085213965210642E-16, 0.000000000000000000 ) ) ;
#4591 = VERTEX_POINT ( 'NONE', #3308 ) ;
#4592 = CARTESIAN_POINT ( 'NONE',  ( -2.680000000000000160, 0.3300000000000003486, -0.5999999999999999778 ) ) ;
#4593 = DIRECTION ( 'NONE',  ( -0.000000000000000000, 0.000000000000000000, 1.000000000000000000 ) ) ;
#4594 = DIRECTION ( 'NONE',  ( -1.000000000000000078E-15, 1.000000000000000000, 0.000000000000000000 ) ) ;
#4595 = EDGE_LOOP ( 'NONE', ( #181, #4524, #370, #2821 ) ) ;
#4596 = DIRECTION ( 'NONE',  ( -2.999999999999999839E-15, 1.000000000000000000, 0.000000000000000000 ) ) ;
#4597 = ORIENTED_EDGE ( 'NONE', *, *, #4421, .T. ) ;
#4598 = EDGE_LOOP ( 'NONE', ( #2806, #2657, #139, #804 ) ) ;
#4599 = FACE_OUTER_BOUND ( 'NONE', #2545, .T. ) ;
#4600 = CARTESIAN_POINT ( 'NONE',  ( 2.680000000000000160, 0.3300000000000007372, -0.5999999999999999778 ) ) ;
#4601 = AXIS2_PLACEMENT_3D ( 'NONE', #3800, #3027, #2719 ) ;
#4602 = CARTESIAN_POINT ( 'NONE',  ( -4.546181838652088025, 7.499999999999995559, 5.150000000000000355 ) ) ;
#4603 = EDGE_CURVE ( 'NONE', #3072, #1275, #1504, .T. ) ;
#4604 = CARTESIAN_POINT ( 'NONE',  ( -2.274999999999999911, 0.9799999999999999822, 0.000000000000000000 ) ) ;
#4605 = VECTOR ( 'NONE', #4901, 1000.000000000000000 ) ;
#4606 = ORIENTED_EDGE ( 'NONE', *, *, #4672, .F. ) ;
#4607 = CYLINDRICAL_SURFACE ( 'NONE', #3827, 4.700000000000000178 ) ;
#4608 = ORIENTED_EDGE ( 'NONE', *, *, #2000, .T. ) ;
#4609 = PRESENTATION_LAYER_ASSIGNMENT (  '', '', ( #1556 ) ) ;
#4610 = EDGE_CURVE ( 'NONE', #3501, #3289, #3160, .T. ) ;
#4611 = EDGE_CURVE ( 'NONE', #856, #2491, #3794, .T. ) ;
#4612 = CARTESIAN_POINT ( 'NONE',  ( -3.799999999999999822, 0.09999999999999624467, -5.551115123125779744E-16 ) ) ;
#4613 = VERTEX_POINT ( 'NONE', #671 ) ;
#4614 = AXIS2_PLACEMENT_3D ( 'NONE', #1068, #666, #2198 ) ;
#4615 = ORIENTED_EDGE ( 'NONE', *, *, #1813, .F. ) ;
#4616 = VECTOR ( 'NONE', #4793, 1000.000000000000000 ) ;
#4617 = PLANE ( 'NONE',  #1645 ) ;
#4618 = VECTOR ( 'NONE', #2153, 1000.000000000000000 ) ;
#4619 = LINE ( 'NONE', #3513, #1801 ) ;
#4620 = AXIS2_PLACEMENT_3D ( 'NONE', #2903, #706, #3363 ) ;
#4621 = CARTESIAN_POINT ( 'NONE',  ( -4.150000000000000355, -4.119968255444916849E-15, -2.050000000000000266 ) ) ;
#4622 = EDGE_CURVE ( 'NONE', #2465, #1531, #2202, .T. ) ;
#4623 = VECTOR ( 'NONE', #3399, 1000.000000000000114 ) ;
#4624 = VECTOR ( 'NONE', #3156, 1000.000000000000000 ) ;
#4625 = VERTEX_POINT ( 'NONE', #3746 ) ;
#4626 = VECTOR ( 'NONE', #1543, 1000.000000000000000 ) ;
#4627 = AXIS2_PLACEMENT_3D ( 'NONE', #1841, #3851, #4530 ) ;
#4628 = CARTESIAN_POINT ( 'NONE',  ( 4.150000000000000355, 2.168404344971008868E-15, 0.6500000000000000222 ) ) ;
#4629 = VERTEX_POINT ( 'NONE', #310 ) ;
#4630 = AXIS2_PLACEMENT_3D ( 'NONE', #4481, #4102, #4540 ) ;
#4631 = EDGE_LOOP ( 'NONE', ( #1873, #4347 ) ) ;
#4632 = CARTESIAN_POINT ( 'NONE',  ( 2.679999999999998828, 1.500000000000000444, 0.5999999999999999778 ) ) ;
#4633 = CARTESIAN_POINT ( 'NONE',  ( -2.274999999999999911, 0.9799999999999999822, 0.000000000000000000 ) ) ;
#4634 = LINE ( 'NONE', #4563, #290 ) ;
#4635 = FACE_OUTER_BOUND ( 'NONE', #4168, .T. ) ;
#4636 = ORIENTED_EDGE ( 'NONE', *, *, #98, .T. ) ;
#4637 = CARTESIAN_POINT ( 'NONE',  ( -4.650000000000000355, 0.9999999999999954481, 1.500000000000000000 ) ) ;
#4638 = CARTESIAN_POINT ( 'NONE',  ( -3.449999999999999734, 6.505213034913026604E-16, 0.6500000000000000222 ) ) ;
#4639 = FACE_OUTER_BOUND ( 'NONE', #1173, .T. ) ;
#4640 = ORIENTED_EDGE ( 'NONE', *, *, #1851, .F. ) ;
#4641 = EDGE_LOOP ( 'NONE', ( #2700, #1506, #3064, #3215, #3184 ) ) ;
#4642 = EDGE_CURVE ( 'NONE', #4442, #182, #333, .T. ) ;
#4643 = DIRECTION ( 'NONE',  ( -1.000000000000000000, -1.011922027653137537E-15, 0.000000000000000000 ) ) ;
#4644 = EDGE_CURVE ( 'NONE', #2820, #735, #2170, .T. ) ;
#4645 = DIRECTION ( 'NONE',  ( 1.000000000000000000, 2.999999999999999839E-15, 0.000000000000000000 ) ) ;
#4646 = DIRECTION ( 'NONE',  ( -1.000000000000000078E-15, 1.000000000000000000, 0.000000000000000000 ) ) ;
#4647 = ORIENTED_EDGE ( 'NONE', *, *, #2329, .F. ) ;
#4648 = ADVANCED_FACE ( 'NONE', ( #3050 ), #4867, .T. ) ;
#4649 = FILL_AREA_STYLE ('',( #3087 ) ) ;
#4650 = VERTEX_POINT ( 'NONE', #1097 ) ;
#4651 = VERTEX_POINT ( 'NONE', #1039 ) ;
#4652 = DIRECTION ( 'NONE',  ( -1.000000000000000000, -1.000000000000000078E-15, 0.000000000000000000 ) ) ;
#4653 = ORIENTED_EDGE ( 'NONE', *, *, #3847, .T. ) ;
#4654 = DIRECTION ( 'NONE',  ( 2.707861035671110002E-16, 2.707861035671110317E-31, -1.000000000000000000 ) ) ;
#4655 = PLANE ( 'NONE',  #2834 ) ;
#4656 = ORIENTED_EDGE ( 'NONE', *, *, #2156, .F. ) ;
#4657 = CARTESIAN_POINT ( 'NONE',  ( 4.150000000000000355, 4.119968255444916849E-15, -4.150000000000000355 ) ) ;
#4658 = CARTESIAN_POINT ( 'NONE',  ( -4.649999999999999467, -4.553649124439118623E-15, 1.500000000000000000 ) ) ;
#4659 = CARTESIAN_POINT ( 'NONE',  ( -3.505967446184699986E-16, 2.199999999999999734, 0.000000000000000000 ) ) ;
#4660 = CARTESIAN_POINT ( 'NONE',  ( 1.624999999999998890, 1.654999999999999361, 0.000000000000000000 ) ) ;
#4661 = ORIENTED_EDGE ( 'NONE', *, *, #2953, .F. ) ;
#4662 = ORIENTED_EDGE ( 'NONE', *, *, #1714, .T. ) ;
#4663 = LINE ( 'NONE', #4254, #2528 ) ;
#4664 = CARTESIAN_POINT ( 'NONE',  ( 4.150000000000000355, 4.119968255444916849E-15, -5.150000000000000355 ) ) ;
#4665 = DIRECTION ( 'NONE',  ( 1.000000000000000078E-15, -1.000000000000000000, 0.000000000000000000 ) ) ;
#4666 = CARTESIAN_POINT ( 'NONE',  ( 5.850000000000000533, 0.3300000000000062883, -0.5999999999999999778 ) ) ;
#4667 = EDGE_CURVE ( 'NONE', #2871, #2899, #698, .T. ) ;
#4668 = ORIENTED_EDGE ( 'NONE', *, *, #1076, .F. ) ;
#4669 = DIRECTION ( 'NONE',  ( 1.000000000000000000, 0.000000000000000000, 0.000000000000000000 ) ) ;
#4670 = ORIENTED_EDGE ( 'NONE', *, *, #4914, .T. ) ;
#4671 = EDGE_CURVE ( 'NONE', #1064, #4474, #4583, .T. ) ;
#4672 = EDGE_CURVE ( 'NONE', #2482, #3621, #3031, .T. ) ;
#4673 = VERTEX_POINT ( 'NONE', #4157 ) ;
#4674 = DIRECTION ( 'NONE',  ( -0.000000000000000000, 0.000000000000000000, 1.000000000000000000 ) ) ;
#4675 = CARTESIAN_POINT ( 'NONE',  ( -4.150000000000000355, 1.951563910473907981E-15, 2.050000000000000266 ) ) ;
#4676 = DIRECTION ( 'NONE',  ( -1.000000000000000078E-15, 1.000000000000000000, 0.000000000000000000 ) ) ;
#4677 = ORIENTED_EDGE ( 'NONE', *, *, #4117, .F. ) ;
#4678 = LINE ( 'NONE', #4344, #696 ) ;
#4679 = CARTESIAN_POINT ( 'NONE',  ( 4.149999999999999467, 0.1000000000000021011, -0.7500000000000002220 ) ) ;
#4680 = DIRECTION ( 'NONE',  ( -3.233659295024729803E-16, -3.233659295024730118E-31, -1.000000000000000000 ) ) ;
#4681 = VERTEX_POINT ( 'NONE', #2571 ) ;
#4682 = VECTOR ( 'NONE', #1114, 1000.000000000000000 ) ;
#4683 = VERTEX_POINT ( 'NONE', #1464 ) ;
#4684 = CARTESIAN_POINT ( 'NONE',  ( 3.449999999999999734, 0.000000000000000000, -0.6500000000000001332 ) ) ;
#4686 = CARTESIAN_POINT ( 'NONE',  ( -2.275000000000000799, 0.9999999999999978906, 0.000000000000000000 ) ) ;
#4685 = VECTOR ( 'NONE', #4075, 1000.000000000000000 ) ;
#4687 = VECTOR ( 'NONE', #1244, 1000.000000000000000 ) ;
#4688 = FACE_OUTER_BOUND ( 'NONE', #2070, .T. ) ;
#4689 = CARTESIAN_POINT ( 'NONE',  ( -2.274999999999999911, 0.9799999999999999822, 0.000000000000000000 ) ) ;
#4690 = CIRCLE ( 'NONE', #767, 4.700000000000000178 ) ;
#4691 = VECTOR ( 'NONE', #3511, 1000.000000000000000 ) ;
#4692 = AXIS2_PLACEMENT_3D ( 'NONE', #3977, #2068, #4382 ) ;
#4693 = EDGE_LOOP ( 'NONE', ( #2483, #883, #541, #2237, #4316, #909 ) ) ;
#4694 = CARTESIAN_POINT ( 'NONE',  ( 2.274999999999999467, 0.9799999999999999822, -0.6500000000000000222 ) ) ;
#4695 = VERTEX_POINT ( 'NONE', #2995 ) ;
#4696 = AXIS2_PLACEMENT_3D ( 'NONE', #693, #1771, #1016 ) ;
#4697 = AXIS2_PLACEMENT_3D ( 'NONE', #3039, #1108, #1127 ) ;
#4698 = VECTOR ( 'NONE', #4323, 1000.000000000000000 ) ;
#4699 = ORIENTED_EDGE ( 'NONE', *, *, #2182, .F. ) ;
#4700 = EDGE_CURVE ( 'NONE', #3942, #3478, #4565, .T. ) ;
#4701 = CARTESIAN_POINT ( 'NONE',  ( 4.149999999999998579, 0.4300000000000021028, -0.7500000000000002220 ) ) ;
#4702 = ADVANCED_FACE ( 'NONE', ( #369 ), #2650, .F. ) ;
#4703 = VERTEX_POINT ( 'NONE', #723 ) ;
#4704 = FACE_OUTER_BOUND ( 'NONE', #3743, .T. ) ;
#4705 = AXIS2_PLACEMENT_3D ( 'NONE', #3707, #3281, #1824 ) ;
#4706 = FACE_OUTER_BOUND ( 'NONE', #1287, .T. ) ;
#4707 = ORIENTED_EDGE ( 'NONE', *, *, #1291, .T. ) ;
#4708 = DIRECTION ( 'NONE',  ( -1.000000000000000000, -2.999999999999999839E-15, 0.000000000000000000 ) ) ;
#4709 = DIRECTION ( 'NONE',  ( -1.000000000000000078E-15, 1.000000000000000000, 0.000000000000000000 ) ) ;
#4710 = ADVANCED_FACE ( 'NONE', ( #1517 ), #1136, .F. ) ;
#4711 = CARTESIAN_POINT ( 'NONE',  ( 4.857106781186547373, 1.000000000000004885, 4.857106781186546485 ) ) ;
#4712 = DIRECTION ( 'NONE',  ( 1.000000000000000078E-15, -1.000000000000000000, 0.000000000000000000 ) ) ;
#4713 = VERTEX_POINT ( 'NONE', #4100 ) ;
#4714 = ORIENTED_EDGE ( 'NONE', *, *, #801, .T. ) ;
#4715 = PLANE ( 'NONE',  #1888 ) ;
#4716 = DIRECTION ( 'NONE',  ( 1.000000000000000078E-15, -1.000000000000000000, 0.000000000000000000 ) ) ;
#4717 = CARTESIAN_POINT ( 'NONE',  ( -2.680000000000000160, 0.9799999999999999822, 0.5084043666216880863 ) ) ;
#4718 = CARTESIAN_POINT ( 'NONE',  ( -2.731732968485578534E-15, 10.49999999999999822, -4.700000000000000178 ) ) ;
#4719 = EDGE_LOOP ( 'NONE', ( #3765, #2408, #3088 ) ) ;
#4720 = DIRECTION ( 'NONE',  ( 0.000000000000000000, 0.000000000000000000, 1.000000000000000000 ) ) ;
#4721 = FACE_OUTER_BOUND ( 'NONE', #2716, .T. ) ;
#4722 = ORIENTED_EDGE ( 'NONE', *, *, #3842, .T. ) ;
#4723 = VERTEX_POINT ( 'NONE', #640 ) ;
#4724 = CARTESIAN_POINT ( 'NONE',  ( 2.350000000000000089, 1.500000000000000000, 0.000000000000000000 ) ) ;
#4725 = EDGE_LOOP ( 'NONE', ( #1897, #1633, #3476, #2085, #1718, #1238, #732, #1860, #976, #2641 ) ) ;
#4726 = DIRECTION ( 'NONE',  ( 1.000000000000000078E-15, -1.000000000000000000, 0.000000000000000000 ) ) ;
#4727 = EDGE_CURVE ( 'NONE', #4749, #2989, #300, .T. ) ;
#4728 = EDGE_CURVE ( 'NONE', #2069, #3085, #1931, .T. ) ;
#4729 = ORIENTED_EDGE ( 'NONE', *, *, #1383, .F. ) ;
#4730 = CARTESIAN_POINT ( 'NONE',  ( 5.149999999999991473, 8.500000000000005329, -3.350000000000000089 ) ) ;
#4731 = CARTESIAN_POINT ( 'NONE',  ( 4.150000000000000355, 4.119968255444916849E-15, -5.150000000000000355 ) ) ;
#4732 = CARTESIAN_POINT ( 'NONE',  ( -4.150000000000000355, 0.000000000000000000, -0.6500000000000001332 ) ) ;
#4733 = ORIENTED_EDGE ( 'NONE', *, *, #78, .F. ) ;
#4734 = EDGE_CURVE ( 'NONE', #1747, #1608, #4127, .T. ) ;
#4735 = EDGE_CURVE ( 'NONE', #1488, #1456, #4536, .T. ) ;
#4736 = EDGE_LOOP ( 'NONE', ( #2025, #1716, #1846, #4904 ) ) ;
#4737 = CARTESIAN_POINT ( 'NONE',  ( -1.277555756156289016E-15, 1.000000000000000000, 1.110223024625159893E-15 ) ) ;
#4738 = FACE_OUTER_BOUND ( 'NONE', #4595, .T. ) ;
#4739 = PLANE ( 'NONE',  #4286 ) ;
#4740 = DIRECTION ( 'NONE',  ( -0.000000000000000000, 0.000000000000000000, -1.000000000000000000 ) ) ;
#4741 = VERTEX_POINT ( 'NONE', #4890 ) ;
#4742 = LINE ( 'NONE', #4360, #3730 ) ;
#4743 = CARTESIAN_POINT ( 'NONE',  ( -2.274999999999999911, 0.9799999999999999822, 0.000000000000000000 ) ) ;
#4744 = ORIENTED_EDGE ( 'NONE', *, *, #1291, .F. ) ;
#4745 = ORIENTED_EDGE ( 'NONE', *, *, #1116, .T. ) ;
#4746 = LINE ( 'NONE', #3538, #3319 ) ;
#4747 = ORIENTED_EDGE ( 'NONE', *, *, #2893, .F. ) ;
#4748 = PLANE ( 'NONE',  #298 ) ;
#4749 = VERTEX_POINT ( 'NONE', #1441 ) ;
#4750 = DIRECTION ( 'NONE',  ( 0.7071067811865479058, 7.071067811865485194E-16, 0.7071067811865471286 ) ) ;
#4751 = DIRECTION ( 'NONE',  ( -1.000000000000000078E-15, 1.000000000000000000, 0.000000000000000000 ) ) ;
#4752 = DIRECTION ( 'NONE',  ( -1.000000000000000000, -1.000000000000000078E-15, 0.000000000000000000 ) ) ;
#4753 = EDGE_CURVE ( 'NONE', #635, #1566, #2970, .T. ) ;
#4754 = PLANE ( 'NONE',  #3558 ) ;
#4755 = ORIENTED_EDGE ( 'NONE', *, *, #3594, .T. ) ;
#4756 = VERTEX_POINT ( 'NONE', #323 ) ;
#4757 = CARTESIAN_POINT ( 'NONE',  ( -2.274999999999999911, 0.9799999999999999822, 0.000000000000000000 ) ) ;
#4758 = FACE_OUTER_BOUND ( 'NONE', #578, .T. ) ;
#4759 = ADVANCED_FACE ( 'NONE', ( #1845 ), #3379, .T. ) ;
#4760 = DIRECTION ( 'NONE',  ( -1.000000000000000078E-15, 1.000000000000000000, 1.387778780781439759E-16 ) ) ;
#4761 = ADVANCED_FACE ( 'NONE', ( #33, #66 ), #1591, .T. ) ;
#4762 = VECTOR ( 'NONE', #4652, 1000.000000000000000 ) ;
#4763 = CARTESIAN_POINT ( 'NONE',  ( -3.449999999999999734, 0.09999999999999896472, 2.050000000000000266 ) ) ;
#4764 = CARTESIAN_POINT ( 'NONE',  ( -4.649999999999999467, -4.553649124439118623E-15, 0.7500000000000000000 ) ) ;
#4765 = EDGE_LOOP ( 'NONE', ( #2092, #3486, #1767 ) ) ;
#4766 = ORIENTED_EDGE ( 'NONE', *, *, #2457, .F. ) ;
#4767 = CARTESIAN_POINT ( 'NONE',  ( -5.150000000000007461, 7.499999999999994671, -3.350000000000000089 ) ) ;
#4768 = DIRECTION ( 'NONE',  ( 1.000000000000000000, 0.000000000000000000, 0.000000000000000000 ) ) ;
#4769 = ORIENTED_EDGE ( 'NONE', *, *, #4152, .F. ) ;
#4770 = EDGE_CURVE ( 'NONE', #1459, #3113, #3619, .T. ) ;
#4771 = AXIS2_PLACEMENT_3D ( 'NONE', #3436, #3034, #1522 ) ;
#4772 = VECTOR ( 'NONE', #4140, 1000.000000000000000 ) ;
#4773 = CIRCLE ( 'NONE', #2607, 0.2500000000000000000 ) ;
#4774 = CIRCLE ( 'NONE', #3010, 4.825000000000000178 ) ;
#4775 = ORIENTED_EDGE ( 'NONE', *, *, #2713, .F. ) ;
#4776 = AXIS2_PLACEMENT_3D ( 'NONE', #2322, #3859, #1600 ) ;
#4777 = VECTOR ( 'NONE', #3871, 1000.000000000000000 ) ;
#4778 = DIRECTION ( 'NONE',  ( -1.000000000000000000, -1.000000000000000078E-15, 0.000000000000000000 ) ) ;
#4779 = ORIENTED_EDGE ( 'NONE', *, *, #1630, .T. ) ;
#4780 = DIRECTION ( 'NONE',  ( -1.000000000000000078E-15, 1.000000000000000000, 0.000000000000000000 ) ) ;
#4781 = VECTOR ( 'NONE', #1394, 1000.000000000000000 ) ;
#4782 = AXIS2_PLACEMENT_3D ( 'NONE', #1380, #3720, #3699 ) ;
#4783 = ORIENTED_EDGE ( 'NONE', *, *, #1974, .T. ) ;
#4784 =( GEOMETRIC_REPRESENTATION_CONTEXT ( 3 ) GLOBAL_UNCERTAINTY_ASSIGNED_CONTEXT ( ( #2240 ) ) GLOBAL_UNIT_ASSIGNED_CONTEXT ( ( #389, #2688, #3442 ) ) REPRESENTATION_CONTEXT ( 'NONE', 'WORKASPACE' ) );
#4785 = PRESENTATION_STYLE_ASSIGNMENT (( #2088 ) ) ;
#4786 = FACE_OUTER_BOUND ( 'NONE', #3167, .T. ) ;
#4787 = AXIS2_PLACEMENT_3D ( 'NONE', #4600, #4581, #1559 ) ;
#4788 = CARTESIAN_POINT ( 'NONE',  ( -5.850000000000000533, 0.3300000000000027356, 0.000000000000000000 ) ) ;
#4789 = PLANE ( 'NONE',  #4283 ) ;
#4790 = ORIENTED_EDGE ( 'NONE', *, *, #2556, .T. ) ;
#4791 = VECTOR ( 'NONE', #513, 1000.000000000000000 ) ;
#4792 = ORIENTED_EDGE ( 'NONE', *, *, #2495, .T. ) ;
#4793 = DIRECTION ( 'NONE',  ( 0.000000000000000000, 0.000000000000000000, 1.000000000000000000 ) ) ;
#4794 = DIRECTION ( 'NONE',  ( -2.914335439641030002E-16, 1.000000000000000000, -8.944941272679409907E-35 ) ) ;
#4795 = DIRECTION ( 'NONE',  ( 0.7071067811865470176, 7.071067811865470403E-16, -0.7071067811865480168 ) ) ;
#4796 = PLANE ( 'NONE',  #1165 ) ;
#4797 = DIRECTION ( 'NONE',  ( -1.000000000000000000, -1.000000000000000078E-15, 0.000000000000000000 ) ) ;
#4798 = VERTEX_POINT ( 'NONE', #1612 ) ;
#4799 = EDGE_CURVE ( 'NONE', #3040, #4435, #4247, .T. ) ;
#4800 = EDGE_CURVE ( 'NONE', #3987, #1953, #4095, .T. ) ;
#4801 = VERTEX_POINT ( 'NONE', #811 ) ;
#4802 = CARTESIAN_POINT ( 'NONE',  ( 4.874423042781571347, 8.500000000000005329, 1.500000000000000000 ) ) ;
#4803 = DIRECTION ( 'NONE',  ( -4.003208021484939865E-32, 4.003208021484939401E-17, -1.000000000000000000 ) ) ;
#4804 = ORIENTED_EDGE ( 'NONE', *, *, #566, .T. ) ;
#4805 = ADVANCED_FACE ( 'NONE', ( #4706 ), #4195, .T. ) ;
#4806 = ORIENTED_EDGE ( 'NONE', *, *, #2356, .F. ) ;
#4807 = CARTESIAN_POINT ( 'NONE',  ( -4.150000000000000355, 0.4299999999999958300, -0.7500000000000000000 ) ) ;
#4808 = ORIENTED_EDGE ( 'NONE', *, *, #2156, .T. ) ;
#4809 = CARTESIAN_POINT ( 'NONE',  ( 2.974999999999999201, 1.000000000000002887, 8.572527594031470725E-17 ) ) ;
#4810 = ORIENTED_EDGE ( 'NONE', *, *, #4203, .F. ) ;
#4811 = FACE_OUTER_BOUND ( 'NONE', #796, .T. ) ;
#4812 = DIRECTION ( 'NONE',  ( 1.000000000000000000, 0.000000000000000000, 0.000000000000000000 ) ) ;
#4813 = LINE ( 'NONE', #1842, #3491 ) ;
#4814 = ORIENTED_EDGE ( 'NONE', *, *, #3314, .T. ) ;
#4815 = EDGE_LOOP ( 'NONE', ( #2401, #462, #402, #1521 ) ) ;
#4816 = DIRECTION ( 'NONE',  ( 2.694716079187269803E-17, 2.694716079187270172E-32, 1.000000000000000000 ) ) ;
#4817 = CARTESIAN_POINT ( 'NONE',  ( -2.680000000000000160, 1.500000000000000000, -0.5999999999999999778 ) ) ;
#4818 = DIRECTION ( 'NONE',  ( 1.841475689883074998E-30, -6.138252299610249742E-16, 1.000000000000000000 ) ) ;
#4819 = CARTESIAN_POINT ( 'NONE',  ( -4.150000000000000355, 0.1000000000000000472, 0.7499999999999997780 ) ) ;
#4820 = ORIENTED_EDGE ( 'NONE', *, *, #3664, .F. ) ;
#4821 = DIRECTION ( 'NONE',  ( 0.000000000000000000, 0.000000000000000000, -1.000000000000000000 ) ) ;
#4822 = DIRECTION ( 'NONE',  ( 1.000000000000000000, 1.020425574104003999E-15, 0.000000000000000000 ) ) ;
#4823 = ORIENTED_EDGE ( 'NONE', *, *, #4727, .F. ) ;
#4824 = EDGE_CURVE ( 'NONE', #1566, #1644, #4299, .T. ) ;
#4825 = ORIENTED_EDGE ( 'NONE', *, *, #3383, .F. ) ;
#4826 = DIRECTION ( 'NONE',  ( 1.000000000000000000, 1.000000000000000078E-15, 0.000000000000000000 ) ) ;
#4827 = ORIENTED_EDGE ( 'NONE', *, *, #989, .T. ) ;
#4828 = AXIS2_PLACEMENT_3D ( 'NONE', #3872, #3852, #3469 ) ;
#4829 = CARTESIAN_POINT ( 'NONE',  ( -1.625000000000000222, 2.330000000000000071, 0.000000000000000000 ) ) ;
#4830 = ADVANCED_FACE ( 'NONE', ( #3099 ), #4655, .T. ) ;
#4831 = EDGE_CURVE ( 'NONE', #4014, #2316, #1390, .T. ) ;
#4832 = ORIENTED_EDGE ( 'NONE', *, *, #4914, .F. ) ;
#4833 = LINE ( 'NONE', #3701, #4145 ) ;
#4834 = PLANE ( 'NONE',  #1011 ) ;
#4835 = CYLINDRICAL_SURFACE ( 'NONE', #2205, 0.7000000000000000666 ) ;
#4836 = EDGE_CURVE ( 'NONE', #269, #2002, #4227, .T. ) ;
#4837 = CARTESIAN_POINT ( 'NONE',  ( -3.449999999999999734, 0.1000000000000006994, 0.7499999999999997780 ) ) ;
#4838 = ORIENTED_EDGE ( 'NONE', *, *, #3594, .F. ) ;
#4839 = DIRECTION ( 'NONE',  ( -6.299256584582810666E-16, 1.000000000000000000, 0.000000000000000000 ) ) ;
#4840 = DIRECTION ( 'NONE',  ( 1.000000000000000078E-15, -1.000000000000000000, 0.000000000000000000 ) ) ;
#4841 = VERTEX_POINT ( 'NONE', #4268 ) ;
#4842 = CARTESIAN_POINT ( 'NONE',  ( -2.350000000000000089, 0.3300000000000004041, 0.000000000000000000 ) ) ;
#4843 = DIRECTION ( 'NONE',  ( 1.000000000000000000, 3.690901012716610650E-16, 0.000000000000000000 ) ) ;
#4844 = VECTOR ( 'NONE', #107, 1000.000000000000000 ) ;
#4845 = DIRECTION ( 'NONE',  ( -2.999999999999999839E-15, 1.000000000000000000, 0.000000000000000000 ) ) ;
#4846 = AXIS2_PLACEMENT_3D ( 'NONE', #3617, #1660, #3993 ) ;
#4847 = EDGE_LOOP ( 'NONE', ( #4094, #3044, #2051, #4057 ) ) ;
#4848 = AXIS2_PLACEMENT_3D ( 'NONE', #2446, #4383, #1689 ) ;
#4849 = CARTESIAN_POINT ( 'NONE',  ( -3.450000000000000178, 0.3299999999999965183, 0.3750000000000000000 ) ) ;
#4850 = AXIS2_PLACEMENT_3D ( 'NONE', #3690, #4512, #627 ) ;
#4851 = EDGE_LOOP ( 'NONE', ( #3778, #1436, #2745, #3717 ) ) ;
#4852 = AXIS2_PLACEMENT_3D ( 'NONE', #2901, #2047, #4432 ) ;
#4853 = CARTESIAN_POINT ( 'NONE',  ( -1.752983723092349993E-16, 1.599999999999999867, 0.000000000000000000 ) ) ;
#4854 = VECTOR ( 'NONE', #3283, 1000.000000000000000 ) ;
#4855 = AXIS2_PLACEMENT_3D ( 'NONE', #630, #1505, #4067 ) ;
#4856 = AXIS2_PLACEMENT_3D ( 'NONE', #3146, #2012, #90 ) ;
#4857 = ORIENTED_EDGE ( 'NONE', *, *, #350, .F. ) ;
#4858 = EDGE_CURVE ( 'NONE', #3826, #3231, #791, .T. ) ;
#4859 = UNCERTAINTY_MEASURE_WITH_UNIT (LENGTH_MEASURE( 1.000000000000000082E-05 ), #3313, 'distance_accuracy_value', 'NONE');
#4860 = ADVANCED_FACE ( 'NONE', ( #2335 ), #396, .T. ) ;
#4861 = CARTESIAN_POINT ( 'NONE',  ( 4.150000000000000355, 0.1000000000000041689, -2.050000000000000266 ) ) ;
#4862 = LINE ( 'NONE', #2113, #2138 ) ;
#4863 = CARTESIAN_POINT ( 'NONE',  ( 4.150000000000000355, 0.4300000000000041567, -0.7500000000000000000 ) ) ;
#4864 = VECTOR ( 'NONE', #2480, 1000.000000000000000 ) ;
#4865 = VECTOR ( 'NONE', #3378, 1000.000000000000000 ) ;
#4866 = DIRECTION ( 'NONE',  ( 0.000000000000000000, 1.000000000000000000, 0.000000000000000000 ) ) ;
#4867 = PLANE ( 'NONE',  #997 ) ;
#4868 = ORIENTED_EDGE ( 'NONE', *, *, #3386, .T. ) ;
#4869 = VECTOR ( 'NONE', #1024, 1000.000000000000000 ) ;
#4870 = ADVANCED_FACE ( 'NONE', ( #4635 ), #2075, .T. ) ;
#4871 = VECTOR ( 'NONE', #1816, 1000.000000000000000 ) ;
#4872 = CARTESIAN_POINT ( 'NONE',  ( -4.150000000000000355, 0.1000000000000000472, 0.7499999999999997780 ) ) ;
#4873 = CARTESIAN_POINT ( 'NONE',  ( -5.258951169277059840E-16, 2.799999999999999822, 0.000000000000000000 ) ) ;
#4874 = LINE ( 'NONE', #1426, #2616 ) ;
#4875 = CIRCLE ( 'NONE', #2701, 5.000000000000000000 ) ;
#4876 = ORIENTED_EDGE ( 'NONE', *, *, #4511, .T. ) ;
#4877 = DIRECTION ( 'NONE',  ( 0.7071067811865470176, 7.071067811865470403E-16, -0.7071067811865480168 ) ) ;
#4878 = DIRECTION ( 'NONE',  ( 1.000000000000000078E-15, -1.000000000000000000, 0.000000000000000000 ) ) ;
#4879 = PLANE ( 'NONE',  #4541 ) ;
#4880 = VERTEX_POINT ( 'NONE', #833 ) ;
#4881 = DIRECTION ( 'NONE',  ( 2.707861035671110002E-16, 2.707861035671110317E-31, -1.000000000000000000 ) ) ;
#4882 = CARTESIAN_POINT ( 'NONE',  ( -3.942363677304167702, 7.499999999999995559, -3.942363677304159708 ) ) ;
#4883 = ORIENTED_EDGE ( 'NONE', *, *, #750, .F. ) ;
#4884 = CARTESIAN_POINT ( 'NONE',  ( 4.150000000000000355, 2.168404344971008868E-15, -0.6500000000000001332 ) ) ;
#4885 = ORIENTED_EDGE ( 'NONE', *, *, #1511, .T. ) ;
#4886 = DIRECTION ( 'NONE',  ( 1.000000000000000078E-15, -1.000000000000000000, 0.000000000000000000 ) ) ;
#4887 = CARTESIAN_POINT ( 'NONE',  ( -2.274999999999999911, 1.655000000000000027, 0.000000000000000000 ) ) ;
#4888 = CARTESIAN_POINT ( 'NONE',  ( -4.150000000000000355, 0.000000000000000000, -0.6500000000000001332 ) ) ;
#4889 = ADVANCED_FACE ( 'NONE', ( #2506 ), #1699, .F. ) ;
#4890 = CARTESIAN_POINT ( 'NONE',  ( 5.149999999999999467, 1.000000000000005329, 4.150000000000000355 ) ) ;
#4891 = ORIENTED_EDGE ( 'NONE', *, *, #6, .F. ) ;
#4892 = LINE ( 'NONE', #2635, #2129 ) ;
#4893 = EDGE_CURVE ( 'NONE', #4507, #1272, #3261, .T. ) ;
#4894 = EDGE_CURVE ( 'NONE', #3813, #1995, #995, .T. ) ;
#4895 = DIRECTION ( 'NONE',  ( 1.000000000000000078E-15, -1.000000000000000000, 0.000000000000000000 ) ) ;
#4896 = VERTEX_POINT ( 'NONE', #948 ) ;
#4897 = DIRECTION ( 'NONE',  ( -0.000000000000000000, 0.000000000000000000, 1.000000000000000000 ) ) ;
#4898 = CARTESIAN_POINT ( 'NONE',  ( -2.575000000000000178, -2.602085213965210642E-15, 1.500000000000000000 ) ) ;
#4899 = CARTESIAN_POINT ( 'NONE',  ( -3.449999999999999734, 0.1000000000000006994, -2.050000000000000266 ) ) ;
#4900 = ORIENTED_EDGE ( 'NONE', *, *, #2774, .T. ) ;
#4901 = DIRECTION ( 'NONE',  ( 1.000000000000000000, 1.000000000000000078E-15, 0.000000000000000000 ) ) ;
#4902 = ORIENTED_EDGE ( 'NONE', *, *, #1176, .F. ) ;
#4903 = CARTESIAN_POINT ( 'NONE',  ( -2.324999999999999734, -2.385244779468109755E-15, 0.7500000000000000000 ) ) ;
#4904 = ORIENTED_EDGE ( 'NONE', *, *, #1571, .T. ) ;
#4905 = EDGE_LOOP ( 'NONE', ( #2637, #3950, #84, #738 ) ) ;
#4906 = AXIS2_PLACEMENT_3D ( 'NONE', #3069, #1938, #1537 ) ;
#4907 = DIRECTION ( 'NONE',  ( 1.000000000000000078E-15, -1.000000000000000000, 0.000000000000000000 ) ) ;
#4908 = PLANE ( 'NONE',  #4627 ) ;
#4909 = CARTESIAN_POINT ( 'NONE',  ( 3.449999999999999289, 0.1000000000000000472, -0.7500000000000002220 ) ) ;
#4910 = LINE ( 'NONE', #410, #537 ) ;
#4911 = CARTESIAN_POINT ( 'NONE',  ( 2.274999999999999023, 1.655000000000000027, 0.000000000000000000 ) ) ;
#4912 = ORIENTED_EDGE ( 'NONE', *, *, #4203, .T. ) ;
#4913 = CARTESIAN_POINT ( 'NONE',  ( -4.150000000000000355, 0.09999999999999581446, 0.7500000000000000000 ) ) ;
#4914 = EDGE_CURVE ( 'NONE', #2487, #1918, #232, .T. ) ;
#4915 = ORIENTED_EDGE ( 'NONE', *, *, #3848, .T. ) ;
#4916 = CARTESIAN_POINT ( 'NONE',  ( 3.449999999999999289, 0.1000000000000000472, 0.7499999999999997780 ) ) ;
#4917 = CARTESIAN_POINT ( 'NONE',  ( -5.850000000000000533, 0.000000000000000000, 0.000000000000000000 ) ) ;
#4918 = ORIENTED_EDGE ( 'NONE', *, *, #4585, .T. ) ;
#4919 = EDGE_CURVE ( 'NONE', #4101, #2385, #1395, .T. ) ;
#4920 = CARTESIAN_POINT ( 'NONE',  ( 1.499999999999998890, 1.000000000000001554, 5.150000000000000355 ) ) ;
#4921 = EDGE_CURVE ( 'NONE', #3388, #3193, #972, .T. ) ;
#4922 = CARTESIAN_POINT ( 'NONE',  ( 2.446654762208439582, 0.09665476220843970123, 0.000000000000000000 ) ) ;
#4923 = CARTESIAN_POINT ( 'NONE',  ( -3.729109999999999925, 0.3791100000000013903, -0.5999999999999999778 ) ) ;
#4924 = ORIENTED_EDGE ( 'NONE', *, *, #4734, .T. ) ;
#4925 = EDGE_CURVE ( 'NONE', #4384, #4713, #3229, .T. ) ;
#4926 = LINE ( 'NONE', #850, #4528 ) ;
#4927 = VERTEX_POINT ( 'NONE', #3711 ) ;
#4928 = VECTOR ( 'NONE', #4674, 1000.000000000000000 ) ;
#4929 = EDGE_LOOP ( 'NONE', ( #1357, #264, #178 ) ) ;
#4930 = AXIS2_PLACEMENT_3D ( 'NONE', #2259, #477, #1858 ) ;
#4931 = DIRECTION ( 'NONE',  ( -1.000000000000000000, -2.999999999999999839E-15, 0.000000000000000000 ) ) ;
#4932 = DIRECTION ( 'NONE',  ( 5.112194853492090469E-16, -1.000000000000000000, 0.000000000000000000 ) ) ;
#4933 = CARTESIAN_POINT ( 'NONE',  ( 5.150000000000000355, 5.204170427930421283E-15, 4.150000000000000355 ) ) ;
#4934 = CIRCLE ( 'NONE', #1576, 0.3300000000000001821 ) ;
#4935 = VECTOR ( 'NONE', #75, 1000.000000000000000 ) ;
#4936 = CARTESIAN_POINT ( 'NONE',  ( 2.680000000000000160, 0.3300000000000050115, 0.000000000000000000 ) ) ;
#4937 = ORIENTED_EDGE ( 'NONE', *, *, #1111, .F. ) ;
#4938 = VECTOR ( 'NONE', #349, 1000.000000000000000 ) ;
#4939 = CARTESIAN_POINT ( 'NONE',  ( -2.274999999999999911, -2.168404344971008868E-15, 0.7500000000000000000 ) ) ;
#4940 = CIRCLE ( 'NONE', #2769, 0.7000000000000000666 ) ;
#4941 = SURFACE_SIDE_STYLE ('',( #1825 ) ) ;
#4942 = MECHANICAL_DESIGN_GEOMETRIC_PRESENTATION_REPRESENTATION (  '', ( #3089 ), #3819 ) ;
#4943 = LINE ( 'NONE', #185, #1085 ) ;
#4944 = LINE ( 'NONE', #1871, #1239 ) ;
#4945 = DIRECTION ( 'NONE',  ( -1.000000000000000078E-15, 1.000000000000000000, 0.000000000000000000 ) ) ;
#4946 = PRESENTATION_STYLE_ASSIGNMENT (( #1523 ) ) ;
#4947 = CIRCLE ( 'NONE', #1010, 5.000000000000000000 ) ;
#4948 = VECTOR ( 'NONE', #3316, 1000.000000000000000 ) ;
#4949 = ORIENTED_EDGE ( 'NONE', *, *, #3842, .F. ) ;
#4950 = FACE_OUTER_BOUND ( 'NONE', #3775, .T. ) ;
#4951 = CARTESIAN_POINT ( 'NONE',  ( -4.150000000000000355, 0.3300000000000000155, -0.6500000000000001332 ) ) ;
#4952 = CIRCLE ( 'NONE', #4630, 5.100000000000000533 ) ;
#4953 = DIRECTION ( 'NONE',  ( -0.000000000000000000, 0.000000000000000000, 1.000000000000000000 ) ) ;
#4954 = EDGE_CURVE ( 'NONE', #2002, #3554, #1317, .T. ) ;
#4955 = ADVANCED_FACE ( 'NONE', ( #1370 ), #2904, .T. ) ;
#4956 = EDGE_LOOP ( 'NONE', ( #4187, #932, #2971, #1277 ) ) ;
#4957 = CARTESIAN_POINT ( 'NONE',  ( -2.274999999999999911, 0.9799999999999999822, 0.000000000000000000 ) ) ;
#4958 = FACE_OUTER_BOUND ( 'NONE', #4438, .T. ) ;
#4959 = VERTEX_POINT ( 'NONE', #4082 ) ;
#4960 = ADVANCED_FACE ( 'NONE', ( #4063 ), #2099, .T. ) ;
#4961 = ORIENTED_EDGE ( 'NONE', *, *, #3046, .F. ) ;
#4962 = DIRECTION ( 'NONE',  ( -1.000000000000000078E-15, 1.000000000000000000, 0.000000000000000000 ) ) ;
#4963 = FACE_OUTER_BOUND ( 'NONE', #1685, .T. ) ;
#4964 = DIRECTION ( 'NONE',  ( -1.000000000000000000, 0.000000000000000000, 0.000000000000000000 ) ) ;
#4965 = DIRECTION ( 'NONE',  ( 1.000000000000000078E-15, -1.000000000000000000, 0.000000000000000000 ) ) ;
#4966 = VERTEX_POINT ( 'NONE', #3634 ) ;
#4967 = DIRECTION ( 'NONE',  ( 0.000000000000000000, -1.000000000000000000, 0.000000000000000000 ) ) ;
#4968 = CARTESIAN_POINT ( 'NONE',  ( 2.324999999999999734, 2.385244779468109755E-15, -0.7500000000000000000 ) ) ;
#4969 = DIRECTION ( 'NONE',  ( 1.000000000000000078E-15, -1.000000000000000000, 0.000000000000000000 ) ) ;
#4970 = CARTESIAN_POINT ( 'NONE',  ( 2.680000000000000160, 0.3300000000000007372, 0.5999999999999999778 ) ) ;
#4971 = ORIENTED_EDGE ( 'NONE', *, *, #1661, .F. ) ;
ENDSEC;
END-ISO-10303-21;
