#VRML V2.0 utf8
# 3D model generated by easyeda2kicad.py (https://github.com/uPesy/easyeda2kicad.py)

Shape{
    appearance Appearance {
        material  Material 	{
            diffuseColor 0.5019607843137255 0.5019607843137255 0.5019607843137255
            specularColor 0.25098039215686274 0.25098039215686274 0.25098039215686274
            ambientIntensity 0.502
            transparency 0.0
            shininess 0.5
        }
    }
    geometry IndexedFaceSet {
        ccw TRUE
        solid FALSE
        coord DEF co Coordinate {
            point [
                -2.5197 -0.7854 0.0984, -2.5197 -0.7854 0.0787, -2.5197 -0.8248 0.0394, -2.5197 0.8287 0.0394, -2.5197 0.7894 0.0787, -2.5197 2.3248 0.0394, -2.5197 0.7894 0.0984, -2.5197 -2.3209 0.0394, -2.5197 -2.3209 2.4803, -2.5197 2.3248 2.4803, -1.4173 -0.8248 0.0394, -1.4173 0.8287 0.0394, 1.4173 0.8287 0.0394, -2.3228 2.5217 0.0394, -2.513 2.3758 0.0394, 2.5197 2.3248 0.0394, 2.3228 2.5217 0.0394, 2.3738 2.5149 0.0394, 2.5197 0.8287 0.0394, -2.3228 -2.5177 0.0394, 1.4173 -0.8248 0.0394, 2.3228 -2.5177 0.0394, 2.5197 -0.8248 0.0394, -2.4933 2.4232 0.0394, -2.462 2.464 0.0394, -2.3738 2.5149 0.0394, -2.4213 2.4953 0.0394, 2.4213 2.4953 0.0394, 2.462 2.464 0.0394, 2.513 2.3758 0.0394, 2.4933 2.4232 0.0394, 2.462 -2.4601 0.0394, 2.4213 -2.4913 0.0394, 2.4933 -2.4193 0.0394, 2.513 -2.3718 0.0394, 2.5197 -2.3209 0.0394, 2.3738 -2.511 0.0394, -2.462 -2.4601 0.0394, -2.4933 -2.4193 0.0394, -2.4213 -2.4913 0.0394, -2.3738 -2.511 0.0394, -2.513 -2.3718 0.0394, 2.5197 0.7894 0.0984, 2.5197 0.7894 0.0787, 2.5197 -0.7854 0.0787, 2.5197 -0.7854 0.0984, 2.5197 2.3248 2.4803, 2.5197 -2.3209 2.4803, 2.3228 2.5217 2.4803, -2.3228 2.5217 2.4803, -2.3228 -2.5177 2.4803, 2.3228 -2.5177 2.4803, -2.4251 2.3839 2.5591, -2.4369 2.3554 2.5591, -2.4409 2.3248 2.5591, 2.4409 2.3248 2.5591, 2.4409 -2.3209 2.5591, -2.3228 -2.439 2.5591, 2.3819 2.4271 2.5591, 2.4064 2.4083 2.5591, 2.4369 2.3554 2.5591, 2.4251 2.3839 2.5591, 2.3534 2.4389 2.5591, 2.3228 2.4429 2.5591, -2.3228 2.4429 2.5591, -2.3534 2.4389 2.5591, -2.4064 -2.4044 2.5591, -2.3819 -2.4232 2.5591, -2.3534 -2.435 2.5591, -2.3819 2.4271 2.5591, -2.4064 2.4083 2.5591, 2.4064 -2.4044 2.5591, 2.4251 -2.3799 2.5591, 2.4369 -2.3514 2.5591, -2.4409 -2.3209 2.5591, -2.4369 -2.3514 2.5591, -2.4251 -2.3799 2.5591, 2.3228 -2.439 2.5591, 2.3534 -2.435 2.5591, 2.3819 -2.4232 2.5591, 1.4567 -0.7854 0.0984, 1.4567 0.7894 0.0984, 1.4567 -0.7854 0.0787, 1.4567 0.7894 0.0787, -1.4567 -0.7854 0.0787, -1.4567 -0.7854 0.0984, -1.4567 0.7894 0.0787, -1.4567 0.7894 0.0984, -2.513 -2.3718 2.4803, -2.4933 -2.4193 2.4803, -2.462 -2.4601 2.4803, -2.4213 -2.4913 2.4803, -2.3738 -2.511 2.4803, -2.3738 2.5149 2.4803, -2.4213 2.4953 2.4803, -2.462 2.464 2.4803, -2.4933 2.4232 2.4803, -2.513 2.3758 2.4803, 2.3738 -2.511 2.4803, 2.4213 -2.4913 2.4803, 2.462 -2.4601 2.4803, 2.4933 -2.4193 2.4803, 2.513 -2.3718 2.4803, 2.513 2.3758 2.4803, 2.4933 2.4232 2.4803, 2.462 2.464 2.4803, 2.4213 2.4953 2.4803, 2.3738 2.5149 2.4803, 2.4613 -2.3209 2.5564, 2.4566 -2.3567 2.5564, 2.4803 -2.3209 2.5485, 2.4749 -2.3616 2.5485, 2.4966 -2.3209 2.536, 2.4907 -2.3658 2.536, 2.5091 -2.3209 2.5197, 2.5028 -2.3691 2.5197, 2.517 -2.3209 2.5007, 2.5104 -2.3711 2.5007, 2.4428 -2.3901 2.5564, 2.4592 -2.3996 2.5485, 2.4733 -2.4078 2.536, 2.4842 -2.414 2.5197, 2.491 -2.418 2.5007, 2.4208 -2.4188 2.5564, 2.4342 -2.4322 2.5485, 2.4457 -2.4438 2.536, 2.4546 -2.4526 2.5197, 2.4601 -2.4582 2.5007, 2.3921 -2.4408 2.5564, 2.4016 -2.4572 2.5485, 2.4097 -2.4714 2.536, 2.416 -2.4822 2.5197, 2.4199 -2.489 2.5007, 2.3587 -2.4546 2.5564, 2.3636 -2.473 2.5485, 2.3678 -2.4887 2.536, 2.3711 -2.5008 2.5197, 2.3731 -2.5084 2.5007, 2.3228 -2.4594 2.5564, 2.3228 -2.4783 2.5485, 2.3228 -2.4947 2.536, 2.3228 -2.5072 2.5197, 2.3228 -2.515 2.5007, 2.4613 2.3248 2.5564, 2.4803 2.3248 2.5485, 2.4966 2.3248 2.536, 2.5091 2.3248 2.5197, 2.517 2.3248 2.5007, -2.3228 -2.4594 2.5564, -2.3228 -2.4783 2.5485, -2.3228 -2.4947 2.536, -2.3228 -2.5072 2.5197, -2.3228 -2.515 2.5007, 2.3228 2.4633 2.5564, 2.3587 2.4586 2.5564, 2.3228 2.4823 2.5485, 2.3636 2.4769 2.5485, 2.3228 2.4986 2.536, 2.3678 2.4927 2.536, 2.3228 2.5111 2.5197, 2.3711 2.5048 2.5197, 2.3228 2.519 2.5007, 2.3731 2.5124 2.5007, 2.3921 2.4447 2.5564, 2.4016 2.4612 2.5485, 2.4097 2.4753 2.536, 2.416 2.4861 2.5197, 2.4199 2.493 2.5007, 2.4208 2.4227 2.5564, 2.4342 2.4362 2.5485, 2.4457 2.4477 2.536, 2.4546 2.4565 2.5197, 2.4601 2.4621 2.5007, 2.4428 2.394 2.5564, 2.4592 2.4035 2.5485, 2.4733 2.4117 2.536, 2.4842 2.418 2.5197, 2.491 2.4219 2.5007, 2.4566 2.3606 2.5564, 2.4749 2.3656 2.5485, 2.4907 2.3698 2.536, 2.5028 2.373 2.5197, 2.5104 2.3751 2.5007, -2.3587 -2.4546 2.5564, -2.3636 -2.473 2.5485, -2.3678 -2.4887 2.536, -2.3711 -2.5008 2.5197, -2.3731 -2.5084 2.5007, -2.3921 -2.4408 2.5564, -2.4016 -2.4572 2.5485, -2.4097 -2.4714 2.536, -2.416 -2.4822 2.5197, -2.4199 -2.489 2.5007, -2.4208 -2.4188 2.5564, -2.4342 -2.4322 2.5485, -2.4457 -2.4438 2.536, -2.4546 -2.4526 2.5197, -2.4601 -2.4582 2.5007, -2.4428 -2.3901 2.5564, -2.4592 -2.3996 2.5485, -2.4733 -2.4078 2.536, -2.4842 -2.414 2.5197, -2.491 -2.418 2.5007, -2.4566 -2.3567 2.5564, -2.4749 -2.3616 2.5485, -2.4907 -2.3658 2.536, -2.5028 -2.3691 2.5197, -2.5104 -2.3711 2.5007, -2.4613 -2.3209 2.5564, -2.4803 -2.3209 2.5485, -2.4966 -2.3209 2.536, -2.5091 -2.3209 2.5197, -2.517 -2.3209 2.5007, -2.3228 2.4633 2.5564, -2.3228 2.4823 2.5485, -2.3228 2.4986 2.536, -2.3228 2.5111 2.5197, -2.3228 2.519 2.5007, -2.4613 2.3248 2.5564, -2.4803 2.3248 2.5485, -2.4966 2.3248 2.536, -2.5091 2.3248 2.5197, -2.517 2.3248 2.5007, -2.4566 2.3606 2.5564, -2.4749 2.3656 2.5485, -2.4907 2.3698 2.536, -2.5028 2.373 2.5197, -2.5104 2.3751 2.5007, -2.4428 2.394 2.5564, -2.4592 2.4035 2.5485, -2.4733 2.4117 2.536, -2.4842 2.418 2.5197, -2.491 2.4219 2.5007, -2.4208 2.4227 2.5564, -2.4342 2.4362 2.5485, -2.4457 2.4477 2.536, -2.4546 2.4565 2.5197, -2.4601 2.4621 2.5007, -2.3921 2.4447 2.5564, -2.4016 2.4612 2.5485, -2.4097 2.4753 2.536, -2.416 2.4861 2.5197, -2.4199 2.493 2.5007, -2.3587 2.4586 2.5564, -2.3636 2.4769 2.5485, -2.3678 2.4927 2.536, -2.3711 2.5048 2.5197, -2.3731 2.5124 2.5007
            ]
        }
        coordIndex [
            0,1,2,-1,3,4,5,-1,5,4,6,-1,2,7,0,-1,0,7,8,-1,0,8,6,-1,6,8,9,-1,6,9,5,-1,10,11,12,-1,3,5,13,-1,13,5,14,-1,15,16,17,-1,3,13,11,-1,11,13,16,-1,11,16,12,-1,12,16,15,-1,12,15,18,-1,7,2,10,-1,19,20,21,-1,21,20,22,-1,14,23,13,-1,13,23,24,-1,13,24,25,-1,25,24,26,-1,17,27,15,-1,15,27,28,-1,15,28,29,-1,29,28,30,-1,31,32,33,-1,33,32,34,-1,22,35,21,-1,21,35,34,-1,21,34,36,-1,36,34,32,-1,37,38,39,-1,39,38,40,-1,12,20,10,-1,10,20,19,-1,10,19,7,-1,7,19,40,-1,7,40,41,-1,41,40,38,-1,42,43,18,-1,22,44,35,-1,35,44,45,-1,18,15,42,-1,42,15,46,-1,42,46,45,-1,45,46,47,-1,45,47,35,-1,48,16,49,-1,49,16,13,-1,50,19,51,-1,51,19,21,-1,52,53,54,-1,55,54,56,-1,56,54,57,-1,58,55,59,-1,59,55,60,-1,59,60,61,-1,58,62,55,-1,55,62,63,-1,55,63,54,-1,54,63,64,-1,54,64,65,-1,66,67,68,-1,65,69,54,-1,54,69,70,-1,54,70,52,-1,71,72,73,-1,54,74,57,-1,57,74,75,-1,57,75,68,-1,68,75,76,-1,68,76,66,-1,57,77,56,-1,56,77,78,-1,56,78,73,-1,73,78,79,-1,73,79,71,-1,80,81,45,-1,45,81,42,-1,82,80,44,-1,44,80,45,-1,43,42,83,-1,83,42,81,-1,83,81,82,-1,82,81,80,-1,1,0,84,-1,84,0,85,-1,84,85,86,-1,86,85,87,-1,86,87,4,-1,4,87,6,-1,6,87,0,-1,0,87,85,-1,8,7,41,-1,8,41,88,-1,88,41,38,-1,88,38,89,-1,89,38,37,-1,89,37,90,-1,90,37,39,-1,90,39,91,-1,91,39,40,-1,91,40,92,-1,92,40,19,-1,92,19,50,-1,49,13,25,-1,49,25,93,-1,93,25,26,-1,93,26,94,-1,94,26,24,-1,94,24,95,-1,95,24,23,-1,95,23,96,-1,96,23,14,-1,96,14,97,-1,97,14,5,-1,97,5,9,-1,51,21,36,-1,51,36,98,-1,98,36,32,-1,98,32,99,-1,99,32,31,-1,99,31,100,-1,100,31,33,-1,100,33,101,-1,101,33,34,-1,101,34,102,-1,102,34,35,-1,102,35,47,-1,46,15,29,-1,46,29,103,-1,103,29,30,-1,103,30,104,-1,104,30,28,-1,104,28,105,-1,105,28,27,-1,105,27,106,-1,106,27,17,-1,106,17,107,-1,107,17,16,-1,107,16,48,-1,84,10,1,-1,1,10,2,-1,86,11,84,-1,84,11,10,-1,11,86,3,-1,3,86,4,-1,83,12,43,-1,43,12,18,-1,82,20,83,-1,83,20,12,-1,44,22,82,-1,82,22,20,-1,56,73,108,-1,108,73,109,-1,108,109,110,-1,110,109,111,-1,110,111,112,-1,112,111,113,-1,112,113,114,-1,114,113,115,-1,114,115,116,-1,116,115,117,-1,116,117,47,-1,47,117,102,-1,73,72,109,-1,109,72,118,-1,109,118,111,-1,111,118,119,-1,111,119,113,-1,113,119,120,-1,113,120,115,-1,115,120,121,-1,115,121,117,-1,117,121,122,-1,117,122,102,-1,102,122,101,-1,72,71,118,-1,118,71,123,-1,118,123,119,-1,119,123,124,-1,119,124,120,-1,120,124,125,-1,120,125,121,-1,121,125,126,-1,121,126,122,-1,122,126,127,-1,122,127,101,-1,101,127,100,-1,71,79,123,-1,123,79,128,-1,123,128,124,-1,124,128,129,-1,124,129,125,-1,125,129,130,-1,125,130,126,-1,126,130,131,-1,126,131,127,-1,127,131,132,-1,127,132,100,-1,100,132,99,-1,79,78,128,-1,128,78,133,-1,128,133,129,-1,129,133,134,-1,129,134,130,-1,130,134,135,-1,130,135,131,-1,131,135,136,-1,131,136,132,-1,132,136,137,-1,132,137,99,-1,99,137,98,-1,78,77,133,-1,133,77,138,-1,133,138,134,-1,134,138,139,-1,134,139,135,-1,135,139,140,-1,135,140,136,-1,136,140,141,-1,136,141,137,-1,137,141,142,-1,137,142,98,-1,98,142,51,-1,55,56,108,-1,55,108,143,-1,143,108,110,-1,143,110,144,-1,144,110,112,-1,144,112,145,-1,145,112,114,-1,145,114,146,-1,146,114,116,-1,146,116,147,-1,147,116,47,-1,147,47,46,-1,77,57,148,-1,77,148,138,-1,138,148,149,-1,138,149,139,-1,139,149,150,-1,139,150,140,-1,140,150,151,-1,140,151,141,-1,141,151,152,-1,141,152,142,-1,142,152,50,-1,142,50,51,-1,63,62,153,-1,153,62,154,-1,153,154,155,-1,155,154,156,-1,155,156,157,-1,157,156,158,-1,157,158,159,-1,159,158,160,-1,159,160,161,-1,161,160,162,-1,161,162,48,-1,48,162,107,-1,62,58,154,-1,154,58,163,-1,154,163,156,-1,156,163,164,-1,156,164,158,-1,158,164,165,-1,158,165,160,-1,160,165,166,-1,160,166,162,-1,162,166,167,-1,162,167,107,-1,107,167,106,-1,58,59,163,-1,163,59,168,-1,163,168,164,-1,164,168,169,-1,164,169,165,-1,165,169,170,-1,165,170,166,-1,166,170,171,-1,166,171,167,-1,167,171,172,-1,167,172,106,-1,106,172,105,-1,59,61,168,-1,168,61,173,-1,168,173,169,-1,169,173,174,-1,169,174,170,-1,170,174,175,-1,170,175,171,-1,171,175,176,-1,171,176,172,-1,172,176,177,-1,172,177,105,-1,105,177,104,-1,61,60,173,-1,173,60,178,-1,173,178,174,-1,174,178,179,-1,174,179,175,-1,175,179,180,-1,175,180,176,-1,176,180,181,-1,176,181,177,-1,177,181,182,-1,177,182,104,-1,104,182,103,-1,60,55,178,-1,178,55,143,-1,178,143,179,-1,179,143,144,-1,179,144,180,-1,180,144,145,-1,180,145,181,-1,181,145,146,-1,181,146,182,-1,182,146,147,-1,182,147,103,-1,103,147,46,-1,57,68,148,-1,148,68,183,-1,148,183,149,-1,149,183,184,-1,149,184,150,-1,150,184,185,-1,150,185,151,-1,151,185,186,-1,151,186,152,-1,152,186,187,-1,152,187,50,-1,50,187,92,-1,68,67,183,-1,183,67,188,-1,183,188,184,-1,184,188,189,-1,184,189,185,-1,185,189,190,-1,185,190,186,-1,186,190,191,-1,186,191,187,-1,187,191,192,-1,187,192,92,-1,92,192,91,-1,67,66,188,-1,188,66,193,-1,188,193,189,-1,189,193,194,-1,189,194,190,-1,190,194,195,-1,190,195,191,-1,191,195,196,-1,191,196,192,-1,192,196,197,-1,192,197,91,-1,91,197,90,-1,66,76,193,-1,193,76,198,-1,193,198,194,-1,194,198,199,-1,194,199,195,-1,195,199,200,-1,195,200,196,-1,196,200,201,-1,196,201,197,-1,197,201,202,-1,197,202,90,-1,90,202,89,-1,76,75,198,-1,198,75,203,-1,198,203,199,-1,199,203,204,-1,199,204,200,-1,200,204,205,-1,200,205,201,-1,201,205,206,-1,201,206,202,-1,202,206,207,-1,202,207,89,-1,89,207,88,-1,75,74,203,-1,203,74,208,-1,203,208,204,-1,204,208,209,-1,204,209,205,-1,205,209,210,-1,205,210,206,-1,206,210,211,-1,206,211,207,-1,207,211,212,-1,207,212,88,-1,88,212,8,-1,64,63,153,-1,64,153,213,-1,213,153,155,-1,213,155,214,-1,214,155,157,-1,214,157,215,-1,215,157,159,-1,215,159,216,-1,216,159,161,-1,216,161,217,-1,217,161,48,-1,217,48,49,-1,74,54,218,-1,74,218,208,-1,208,218,219,-1,208,219,209,-1,209,219,220,-1,209,220,210,-1,210,220,221,-1,210,221,211,-1,211,221,222,-1,211,222,212,-1,212,222,9,-1,212,9,8,-1,54,53,218,-1,218,53,223,-1,218,223,219,-1,219,223,224,-1,219,224,220,-1,220,224,225,-1,220,225,221,-1,221,225,226,-1,221,226,222,-1,222,226,227,-1,222,227,9,-1,9,227,97,-1,53,52,223,-1,223,52,228,-1,223,228,224,-1,224,228,229,-1,224,229,225,-1,225,229,230,-1,225,230,226,-1,226,230,231,-1,226,231,227,-1,227,231,232,-1,227,232,97,-1,97,232,96,-1,52,70,228,-1,228,70,233,-1,228,233,229,-1,229,233,234,-1,229,234,230,-1,230,234,235,-1,230,235,231,-1,231,235,236,-1,231,236,232,-1,232,236,237,-1,232,237,96,-1,96,237,95,-1,70,69,233,-1,233,69,238,-1,233,238,234,-1,234,238,239,-1,234,239,235,-1,235,239,240,-1,235,240,236,-1,236,240,241,-1,236,241,237,-1,237,241,242,-1,237,242,95,-1,95,242,94,-1,69,65,238,-1,238,65,243,-1,238,243,239,-1,239,243,244,-1,239,244,240,-1,240,244,245,-1,240,245,241,-1,241,245,246,-1,241,246,242,-1,242,246,247,-1,242,247,94,-1,94,247,93,-1,65,64,243,-1,243,64,213,-1,243,213,244,-1,244,213,214,-1,244,214,245,-1,245,214,215,-1,245,215,246,-1,246,215,216,-1,246,216,247,-1,247,216,217,-1,247,217,93,-1,93,217,49,-1,
        ]
    }
}
Shape{
    appearance Appearance {
        material  Material 	{
            diffuseColor 1.0 1.0 1.0
            specularColor 0.5019607843137255 0.5019607843137255 0.5019607843137255
            ambientIntensity 1.0
            transparency 0.0
            shininess 0.5
        }
    }
    geometry IndexedFaceSet {
        ccw TRUE
        solid FALSE
        coord DEF co Coordinate {
            point [
                1.7323 0.75 0.0, 2.5197 0.75 0.0, 1.7323 -0.7461 0.0, 2.5197 -0.7461 0.0, 1.7323 0.75 0.1673, 1.7323 -0.7461 0.1673, 2.5197 0.75 0.1673, 2.5197 -0.7461 0.1673, 2.5273 0.75 0.1683, 2.5273 -0.7461 0.1683, 2.5344 0.75 0.1713, 2.5344 -0.7461 0.1713, 2.5406 0.75 0.176, 2.5406 -0.7461 0.176, 2.5453 0.75 0.1821, 2.5453 -0.7461 0.1821, 2.5482 0.75 0.1892, 2.5482 -0.7461 0.1892, 2.5492 0.75 0.1969, 2.5492 -0.7461 0.1969, 2.5492 0.75 0.9843, 2.5492 -0.7461 0.9843, 2.7165 -0.7461 0.7896, 2.7165 -0.7461 0.1969, 2.7165 0.75 0.7896, 2.7165 0.75 0.1969, 2.7116 -0.7461 0.153, 2.7116 0.75 0.153, 2.697 -0.7461 0.1114, 2.697 0.75 0.1114, 2.6736 -0.7461 0.0741, 2.6736 0.75 0.0741, 2.6424 -0.7461 0.0429, 2.6424 0.75 0.0429, 2.6051 -0.7461 0.0195, 2.6051 0.75 0.0195, 2.5635 -0.7461 0.0049, 2.5635 0.75 0.0049, 2.5878 0.75 0.9743, 2.6236 0.75 0.9568, 2.6552 0.75 0.9324, 2.6812 0.75 0.9022, 2.7006 0.75 0.8673, 2.7125 0.75 0.8293, 2.5878 -0.7461 0.9743, 2.7125 -0.7461 0.8293, 2.7006 -0.7461 0.8673, 2.6812 -0.7461 0.9022, 2.6552 -0.7461 0.9324, 2.6236 -0.7461 0.9568, -2.5197 0.75 0.0, -1.7323 0.75 0.0, -2.5197 -0.7461 0.0, -1.7323 -0.7461 0.0, -1.7323 0.75 0.1673, -1.7323 -0.7461 0.1673, -2.5197 0.75 0.1673, -2.5197 -0.7461 0.1673, -2.5492 0.75 0.1969, -2.5492 -0.7461 0.1969, -2.5482 0.75 0.1892, -2.5482 -0.7461 0.1892, -2.5453 0.75 0.1821, -2.5453 -0.7461 0.1821, -2.5406 0.75 0.176, -2.5406 -0.7461 0.176, -2.5344 0.75 0.1713, -2.5344 -0.7461 0.1713, -2.5273 0.75 0.1683, -2.5273 -0.7461 0.1683, -2.5492 0.75 0.9843, -2.5492 -0.7461 0.9843, -2.7165 0.75 0.7896, -2.7165 0.75 0.1969, -2.7165 -0.7461 0.7896, -2.7165 -0.7461 0.1969, -2.5635 -0.7461 0.0049, -2.5635 0.75 0.0049, -2.6051 -0.7461 0.0195, -2.6051 0.75 0.0195, -2.6424 -0.7461 0.0429, -2.6424 0.75 0.0429, -2.6736 -0.7461 0.0741, -2.6736 0.75 0.0741, -2.697 -0.7461 0.1114, -2.697 0.75 0.1114, -2.7116 -0.7461 0.153, -2.7116 0.75 0.153, -2.7125 0.75 0.8293, -2.7006 0.75 0.8673, -2.6812 0.75 0.9022, -2.6552 0.75 0.9324, -2.6236 0.75 0.9568, -2.5878 0.75 0.9743, -2.6552 -0.7461 0.9324, -2.6812 -0.7461 0.9022, -2.7006 -0.7461 0.8673, -2.7125 -0.7461 0.8293, -2.6236 -0.7461 0.9568, -2.5878 -0.7461 0.9743, 0.1783 -2.5217 0.4994, 0.1783 -2.5217 0.4842, 0.1783 -2.5177 0.4994, 0.1783 -2.5177 0.4842, 0.1252 -2.5217 0.4994, 0.1252 -2.5177 0.4994, 0.1252 -2.5217 0.6177, 0.1252 -2.5177 0.6177, 0.108 -2.5217 0.6177, 0.108 -2.5177 0.6177, 0.108 -2.5217 0.4842, 0.108 -2.5177 0.4842, 0.2468 -2.5217 0.482, 0.2468 -2.5177 0.482, 0.2549 -2.5177 0.4822, 0.2549 -2.5217 0.4822, 0.2625 -2.5177 0.4831, 0.2625 -2.5217 0.4831, 0.2693 -2.5177 0.4844, 0.2693 -2.5217 0.4844, 0.2755 -2.5177 0.4862, 0.2755 -2.5217 0.4862, 0.281 -2.5177 0.4884, 0.281 -2.5217 0.4884, 0.2837 -2.5177 0.4897, 0.2837 -2.5217 0.4897, 0.2837 -2.5217 0.5062, 0.2837 -2.5177 0.5062, 0.2787 -2.5177 0.5035, 0.2787 -2.5217 0.5035, 0.2734 -2.5177 0.5013, 0.2734 -2.5217 0.5013, 0.2677 -2.5177 0.4995, 0.2677 -2.5217 0.4995, 0.2618 -2.5177 0.4983, 0.2618 -2.5217 0.4983, 0.2555 -2.5177 0.4975, 0.2555 -2.5217 0.4975, 0.2493 -2.5177 0.4973, 0.2493 -2.5217 0.4973, 0.2434 -2.5177 0.4976, 0.2434 -2.5217 0.4976, 0.238 -2.5177 0.4984, 0.238 -2.5217 0.4984, 0.2329 -2.5177 0.4998, 0.2329 -2.5217 0.4998, 0.2283 -2.5177 0.5016, 0.2283 -2.5217 0.5016, 0.224 -2.5177 0.5039, 0.224 -2.5217 0.5039, 0.22 -2.5177 0.5067, 0.22 -2.5217 0.5067, 0.2162 -2.5177 0.51, 0.2162 -2.5217 0.51, 0.215 -2.5177 0.5114, 0.215 -2.5217 0.5114, 0.2117 -2.5177 0.5153, 0.2117 -2.5217 0.5153, 0.209 -2.5177 0.5195, 0.209 -2.5217 0.5195, 0.2067 -2.5177 0.5241, 0.2067 -2.5217 0.5241, 0.2048 -2.5177 0.529, 0.2048 -2.5217 0.529, 0.2034 -2.5177 0.5344, 0.2034 -2.5217 0.5344, 0.2024 -2.5177 0.5403, 0.2024 -2.5217 0.5403, 0.2019 -2.5177 0.5466, 0.2019 -2.5217 0.5466, 0.2019 -2.5177 0.5494, 0.2019 -2.5217 0.5494, 0.2022 -2.5177 0.5563, 0.2022 -2.5217 0.5563, 0.203 -2.5177 0.5628, 0.203 -2.5217 0.5628, 0.2043 -2.5177 0.5687, 0.2043 -2.5217 0.5687, 0.2061 -2.5177 0.5741, 0.2061 -2.5217 0.5741, 0.2084 -2.5177 0.5791, 0.2084 -2.5217 0.5791, 0.2111 -2.5177 0.5836, 0.2111 -2.5217 0.5836, 0.2143 -2.5177 0.5878, 0.2143 -2.5217 0.5878, 0.2159 -2.5177 0.5895, 0.2159 -2.5217 0.5895, 0.2197 -2.5177 0.5932, 0.2197 -2.5217 0.5932, 0.2239 -2.5177 0.5963, 0.2239 -2.5217 0.5963, 0.2282 -2.5177 0.5989, 0.2282 -2.5217 0.5989, 0.2328 -2.5177 0.601, 0.2328 -2.5217 0.601, 0.2378 -2.5177 0.6026, 0.2378 -2.5217 0.6026, 0.243 -2.5177 0.6037, 0.243 -2.5217 0.6037, 0.2486 -2.5177 0.6042, 0.2486 -2.5217 0.6042, 0.2523 -2.5177 0.6044, 0.2523 -2.5217 0.6044, 0.2587 -2.5177 0.6041, 0.2587 -2.5217 0.6041, 0.2649 -2.5177 0.6032, 0.2649 -2.5217 0.6032, 0.2707 -2.5177 0.6018, 0.2707 -2.5217 0.6018, 0.2764 -2.5177 0.5999, 0.2764 -2.5217 0.5999, 0.2818 -2.5177 0.5975, 0.2818 -2.5217 0.5975, 0.2837 -2.5177 0.5964, 0.2837 -2.5217 0.5964, 0.2837 -2.5217 0.6144, 0.2837 -2.5177 0.6144, 0.2786 -2.5177 0.6164, 0.2786 -2.5217 0.6164, 0.2729 -2.5177 0.6179, 0.2729 -2.5217 0.6179, 0.2665 -2.5177 0.619, 0.2665 -2.5217 0.619, 0.2593 -2.5177 0.6197, 0.2593 -2.5217 0.6197, 0.2521 -2.5177 0.6199, 0.2521 -2.5217 0.6199, 0.2451 -2.5177 0.6196, 0.2451 -2.5217 0.6196, 0.2385 -2.5177 0.6188, 0.2385 -2.5217 0.6188, 0.2323 -2.5177 0.6174, 0.2323 -2.5217 0.6174, 0.2264 -2.5177 0.6155, 0.2264 -2.5217 0.6155, 0.2209 -2.5177 0.6132, 0.2209 -2.5217 0.6132, 0.2156 -2.5177 0.6103, 0.2156 -2.5217 0.6103, 0.2107 -2.5177 0.607, 0.2107 -2.5217 0.607, 0.206 -2.5177 0.6031, 0.206 -2.5217 0.6031, 0.2031 -2.5177 0.6003, 0.2031 -2.5217 0.6003, 0.199 -2.5177 0.5957, 0.199 -2.5217 0.5957, 0.1954 -2.5177 0.5908, 0.1954 -2.5217 0.5908, 0.1923 -2.5177 0.5857, 0.1923 -2.5217 0.5857, 0.1897 -2.5177 0.5802, 0.1897 -2.5217 0.5802, 0.1876 -2.5177 0.5744, 0.1876 -2.5217 0.5744, 0.1859 -2.5177 0.5683, 0.1859 -2.5217 0.5683, 0.1847 -2.5177 0.5617, 0.1847 -2.5217 0.5617, 0.184 -2.5177 0.5547, 0.184 -2.5217 0.5547, 0.1838 -2.5177 0.5484, 0.1838 -2.5217 0.5484, 0.1841 -2.5177 0.5409, 0.1841 -2.5217 0.5409, 0.1849 -2.5177 0.5338, 0.1849 -2.5217 0.5338, 0.1863 -2.5177 0.5273, 0.1863 -2.5217 0.5273, 0.1881 -2.5177 0.5212, 0.1881 -2.5217 0.5212, 0.1904 -2.5177 0.5156, 0.1904 -2.5217 0.5156, 0.1932 -2.5177 0.5104, 0.1932 -2.5217 0.5104, 0.1964 -2.5177 0.5056, 0.1964 -2.5217 0.5056, 0.1998 -2.5177 0.5013, 0.1998 -2.5217 0.5013, 0.2009 -2.5177 0.5002, 0.2009 -2.5217 0.5002, 0.2051 -2.5177 0.4962, 0.2051 -2.5217 0.4962, 0.2095 -2.5177 0.4927, 0.2095 -2.5217 0.4927, 0.2142 -2.5177 0.4897, 0.2142 -2.5217 0.4897, 0.2192 -2.5177 0.4872, 0.2192 -2.5217 0.4872, 0.2246 -2.5177 0.4852, 0.2246 -2.5217 0.4852, 0.2303 -2.5177 0.4837, 0.2303 -2.5217 0.4837, 0.2363 -2.5177 0.4826, 0.2363 -2.5217 0.4826, 0.2428 -2.5177 0.482, 0.2428 -2.5217 0.482, 0.3822 -2.5217 0.4994, 0.3822 -2.5217 0.4842, 0.3822 -2.5177 0.4994, 0.3822 -2.5177 0.4842, 0.3276 -2.5217 0.4994, 0.3276 -2.5177 0.4994, 0.3276 -2.5217 0.5443, 0.3276 -2.5177 0.5443, 0.3754 -2.5217 0.5443, 0.3754 -2.5177 0.5443, 0.3754 -2.5217 0.5596, 0.3754 -2.5177 0.5596, 0.3276 -2.5217 0.5596, 0.3276 -2.5177 0.5596, 0.3276 -2.5217 0.6023, 0.3276 -2.5177 0.6023, 0.3792 -2.5217 0.6023, 0.3792 -2.5177 0.6023, 0.3792 -2.5217 0.6177, 0.3792 -2.5177 0.6177, 0.3104 -2.5217 0.6177, 0.3104 -2.5177 0.6177, 0.3104 -2.5217 0.4842, 0.3104 -2.5177 0.4842, 0.4688 -2.5217 0.5037, 0.478 -2.5217 0.491, 0.4736 -2.5217 0.506, 0.4836 -2.5217 0.4938, 0.478 -2.5217 0.5087, 0.4888 -2.5217 0.4971, 0.482 -2.5217 0.5118, 0.4937 -2.5217 0.5009, 0.4837 -2.5217 0.5133, 0.4959 -2.5217 0.5029, 0.487 -2.5217 0.517, 0.5002 -2.5217 0.5073, 0.49 -2.5217 0.521, 0.5039 -2.5217 0.5119, 0.4924 -2.5217 0.5254, 0.5072 -2.5217 0.5168, 0.4944 -2.5217 0.5301, 0.4968 -2.5217 0.565, 0.5135 -2.5217 0.572, 0.4955 -2.5217 0.5706, 0.5117 -2.5217 0.5777, 0.4937 -2.5217 0.5755, 0.5093 -2.5217 0.5829, 0.4914 -2.5217 0.58, 0.5065 -2.5217 0.5878, 0.4888 -2.5217 0.5839, 0.5032 -2.5217 0.5924, 0.4993 -2.5217 0.5968, 0.4857 -2.5217 0.5875, 0.4959 -2.5217 0.6, 0.4833 -2.5217 0.5897, 0.491 -2.5217 0.604, 0.4792 -2.5217 0.5929, 0.4858 -2.5217 0.6074, 0.4747 -2.5217 0.5956, 0.4803 -2.5217 0.6104, 0.4699 -2.5217 0.5979, 0.4745 -2.5217 0.6128, 0.4647 -2.5217 0.5997, 0.4684 -2.5217 0.6148, 0.459 -2.5217 0.601, 0.462 -2.5217 0.6162, 0.4529 -2.5217 0.6019, 0.4552 -2.5217 0.6172, 0.4465 -2.5217 0.6023, 0.4479 -2.5217 0.6176, 0.4448 -2.5217 0.6023, 0.4455 -2.5217 0.6177, 0.4246 -2.5217 0.6023, 0.4074 -2.5217 0.6177, 0.4246 -2.5217 0.4994, 0.4074 -2.5217 0.4842, 0.444 -2.5217 0.4994, 0.4441 -2.5217 0.4842, 0.451 -2.5217 0.4997, 0.4517 -2.5217 0.4845, 0.4575 -2.5217 0.5005, 0.459 -2.5217 0.4853, 0.4635 -2.5217 0.5019, 0.4658 -2.5217 0.4867, 0.4721 -2.5217 0.4886, 0.5099 -2.5217 0.522, 0.5121 -2.5217 0.5275, 0.496 -2.5217 0.5353, 0.5138 -2.5217 0.5334, 0.4971 -2.5217 0.5409, 0.5151 -2.5217 0.5396, 0.4978 -2.5217 0.5471, 0.5158 -2.5217 0.5462, 0.4979 -2.5217 0.5522, 0.5161 -2.5217 0.5526, 0.4977 -2.5217 0.5589, 0.5158 -2.5217 0.5595, 0.5149 -2.5217 0.566, 0.4792 -2.5177 0.5929, 0.491 -2.5177 0.604, 0.4833 -2.5177 0.5897, 0.4959 -2.5177 0.6, 0.4857 -2.5177 0.5875, 0.4993 -2.5177 0.5968, 0.4888 -2.5177 0.5839, 0.5032 -2.5177 0.5924, 0.4914 -2.5177 0.58, 0.5065 -2.5177 0.5878, 0.4937 -2.5177 0.5755, 0.5093 -2.5177 0.5829, 0.4955 -2.5177 0.5706, 0.4736 -2.5177 0.506, 0.478 -2.5177 0.491, 0.4688 -2.5177 0.5037, 0.4721 -2.5177 0.4886, 0.4635 -2.5177 0.5019, 0.4658 -2.5177 0.4867, 0.4575 -2.5177 0.5005, 0.459 -2.5177 0.4853, 0.451 -2.5177 0.4997, 0.4517 -2.5177 0.4845, 0.444 -2.5177 0.4994, 0.4441 -2.5177 0.4842, 0.4246 -2.5177 0.4994, 0.4074 -2.5177 0.4842, 0.4246 -2.5177 0.6023, 0.4074 -2.5177 0.6177, 0.4448 -2.5177 0.6023, 0.4455 -2.5177 0.6177, 0.4465 -2.5177 0.6023, 0.4479 -2.5177 0.6176, 0.4529 -2.5177 0.6019, 0.4552 -2.5177 0.6172, 0.459 -2.5177 0.601, 0.462 -2.5177 0.6162, 0.4647 -2.5177 0.5997, 0.4684 -2.5177 0.6148, 0.4699 -2.5177 0.5979, 0.4745 -2.5177 0.6128, 0.4747 -2.5177 0.5956, 0.4803 -2.5177 0.6104, 0.4858 -2.5177 0.6074, 0.496 -2.5177 0.5353, 0.5121 -2.5177 0.5275, 0.4944 -2.5177 0.5301, 0.5099 -2.5177 0.522, 0.4924 -2.5177 0.5254, 0.5072 -2.5177 0.5168, 0.49 -2.5177 0.521, 0.5039 -2.5177 0.5119, 0.487 -2.5177 0.517, 0.5002 -2.5177 0.5073, 0.4837 -2.5177 0.5133, 0.4959 -2.5177 0.5029, 0.482 -2.5177 0.5118, 0.4937 -2.5177 0.5009, 0.478 -2.5177 0.5087, 0.4888 -2.5177 0.4971, 0.4836 -2.5177 0.4938, 0.5117 -2.5177 0.5777, 0.5135 -2.5177 0.572, 0.4968 -2.5177 0.565, 0.5149 -2.5177 0.566, 0.4977 -2.5177 0.5589, 0.5158 -2.5177 0.5595, 0.4979 -2.5177 0.5522, 0.5161 -2.5177 0.5526, 0.4978 -2.5177 0.5471, 0.5158 -2.5177 0.5462, 0.4971 -2.5177 0.5409, 0.5151 -2.5177 0.5396, 0.5138 -2.5177 0.5334, 0.5608 -2.5217 0.5358, 0.5553 -2.5217 0.5207, 0.6056 -2.5217 0.5358, 0.6109 -2.5217 0.5207, 0.5807 -2.5217 0.5913, 0.5743 -2.5217 0.6177, 0.5235 -2.5217 0.4842, 0.5425 -2.5217 0.4842, 0.5819 -2.5217 0.5952, 0.5829 -2.5217 0.6006, 0.5927 -2.5217 0.6177, 0.5833 -2.5217 0.6006, 0.5844 -2.5217 0.595, 0.5854 -2.5217 0.5913, 0.6435 -2.5217 0.4842, 0.6245 -2.5217 0.4842, 0.6056 -2.5177 0.5358, 0.5854 -2.5177 0.5913, 0.5927 -2.5177 0.6177, 0.5844 -2.5177 0.595, 0.5833 -2.5177 0.6006, 0.5743 -2.5177 0.6177, 0.5829 -2.5177 0.6006, 0.5819 -2.5177 0.5952, 0.5807 -2.5177 0.5913, 0.5608 -2.5177 0.5358, 0.5235 -2.5177 0.4842, 0.6435 -2.5177 0.4842, 0.6245 -2.5177 0.4842, 0.6109 -2.5177 0.5207, 0.5425 -2.5177 0.4842, 0.5553 -2.5177 0.5207, 0.1797 -2.5217 0.2877, 0.1797 -2.5217 0.2725, 0.1797 -2.5177 0.2877, 0.1797 -2.5177 0.2725, 0.1252 -2.5217 0.2877, 0.1252 -2.5177 0.2877, 0.1252 -2.5217 0.3326, 0.1252 -2.5177 0.3326, 0.1729 -2.5217 0.3326, 0.1729 -2.5177 0.3326, 0.1729 -2.5217 0.3479, 0.1729 -2.5177 0.3479, 0.1252 -2.5217 0.3479, 0.1252 -2.5177 0.3479, 0.1252 -2.5217 0.3906, 0.1252 -2.5177 0.3906, 0.1767 -2.5217 0.3906, 0.1767 -2.5177 0.3906, 0.1767 -2.5217 0.4059, 0.1767 -2.5177 0.4059, 0.108 -2.5217 0.4059, 0.108 -2.5177 0.4059, 0.108 -2.5217 0.2725, 0.108 -2.5177 0.2725, 0.2556 -2.5217 0.2725, 0.2723 -2.5217 0.2725, 0.2556 -2.5217 0.2872, 0.2723 -2.5217 0.3338, 0.2428 -2.5217 0.3556, 0.2455 -2.5217 0.3547, 0.2523 -2.5217 0.3679, 0.2131 -2.5217 0.3253, 0.2095 -2.5217 0.3235, 0.219 -2.5217 0.313, 0.2171 -2.5217 0.3115, 0.2557 -2.5217 0.3666, 0.2477 -2.5217 0.3534, 0.2586 -2.5217 0.3651, 0.2497 -2.5217 0.3518, 0.2613 -2.5217 0.3632, 0.2158 -2.5217 0.29, 0.2145 -2.5217 0.292, 0.2005 -2.5217 0.2815, 0.2064 -2.5217 0.3215, 0.2038 -2.5217 0.3193, 0.2156 -2.5217 0.3096, 0.2172 -2.5217 0.3269, 0.2213 -2.5217 0.3142, 0.222 -2.5217 0.3282, 0.2243 -2.5217 0.3154, 0.2274 -2.5217 0.3291, 0.2637 -2.5217 0.361, 0.2513 -2.5217 0.3499, 0.2658 -2.5217 0.3585, 0.2527 -2.5217 0.3477, 0.2677 -2.5217 0.3555, 0.2032 -2.5217 0.3187, 0.2011 -2.5217 0.3163, 0.2143 -2.5217 0.3076, 0.1994 -2.5217 0.3136, 0.2135 -2.5217 0.3052, 0.2523 -2.5217 0.2971, 0.2552 -2.5217 0.2872, 0.2506 -2.5217 0.2943, 0.2543 -2.5217 0.2858, 0.2338 -2.5217 0.2842, 0.2376 -2.5217 0.2721, 0.237 -2.5217 0.2848, 0.2409 -2.5217 0.2734, 0.24 -2.5217 0.2858, 0.244 -2.5217 0.2752, 0.2428 -2.5217 0.2872, 0.2556 -2.5217 0.3103, 0.2553 -2.5217 0.3067, 0.2547 -2.5217 0.3033, 0.2537 -2.5217 0.3001, 0.2692 -2.5217 0.3522, 0.2538 -2.5217 0.345, 0.2705 -2.5217 0.3484, 0.2547 -2.5217 0.342, 0.2715 -2.5217 0.3441, 0.2175 -2.5217 0.2883, 0.2094 -2.5217 0.2739, 0.2196 -2.5217 0.2867, 0.2125 -2.5217 0.2725, 0.2218 -2.5217 0.2855, 0.2159 -2.5217 0.2714, 0.2244 -2.5217 0.2847, 0.2026 -2.5217 0.2791, 0.2039 -2.5217 0.2778, 0.2065 -2.5217 0.2757, 0.2129 -2.5217 0.2967, 0.1966 -2.5217 0.2905, 0.2135 -2.5217 0.2942, 0.1975 -2.5217 0.2872, 0.1989 -2.5217 0.2842, 0.2556 -2.5217 0.3203, 0.2556 -2.5217 0.3331, 0.2333 -2.5217 0.3173, 0.2281 -2.5217 0.3164, 0.2468 -2.5217 0.2772, 0.2495 -2.5217 0.2797, 0.2454 -2.5217 0.2889, 0.252 -2.5217 0.2826, 0.2477 -2.5217 0.291, 0.2484 -2.5217 0.2917, 0.2721 -2.5217 0.3392, 0.2553 -2.5217 0.3384, 0.2556 -2.5217 0.3343, 0.2556 -2.5217 0.3112, 0.2196 -2.5217 0.2707, 0.2236 -2.5217 0.2703, 0.2272 -2.5217 0.2841, 0.226 -2.5217 0.2702, 0.2303 -2.5217 0.284, 0.2301 -2.5217 0.2705, 0.234 -2.5217 0.2711, 0.198 -2.5217 0.3106, 0.1969 -2.5217 0.3074, 0.2129 -2.5217 0.3026, 0.1962 -2.5217 0.3039, 0.2127 -2.5217 0.2994, 0.2486 -2.5217 0.3689, 0.2445 -2.5217 0.3696, 0.2397 -2.5217 0.3562, 0.2399 -2.5217 0.37, 0.2363 -2.5217 0.3564, 0.2379 -2.5217 0.37, 0.2346 -2.5217 0.3564, 0.2322 -2.5217 0.3698, 0.2301 -2.5217 0.356, 0.2269 -2.5217 0.3692, 0.2258 -2.5217 0.3553, 0.2218 -2.5217 0.3682, 0.2215 -2.5217 0.3541, 0.2169 -2.5217 0.3668, 0.2173 -2.5217 0.3525, 0.2124 -2.5217 0.365, 0.2132 -2.5217 0.3504, 0.208 -2.5217 0.3629, 0.2091 -2.5217 0.3479, 0.205 -2.5217 0.3611, 0.205 -2.5217 0.3449, 0.1958 -2.5217 0.3, 0.1957 -2.5217 0.298, 0.1959 -2.5217 0.2941, 0.2091 -2.5177 0.3479, 0.205 -2.5177 0.3449, 0.205 -2.5177 0.3611, 0.2477 -2.5177 0.3534, 0.2586 -2.5177 0.3651, 0.2497 -2.5177 0.3518, 0.2613 -2.5177 0.3632, 0.2513 -2.5177 0.3499, 0.2547 -2.5177 0.3033, 0.2553 -2.5177 0.3067, 0.2723 -2.5177 0.3338, 0.2158 -2.5177 0.29, 0.2005 -2.5177 0.2815, 0.2145 -2.5177 0.292, 0.1989 -2.5177 0.2842, 0.2135 -2.5177 0.2942, 0.2637 -2.5177 0.361, 0.2658 -2.5177 0.3585, 0.2527 -2.5177 0.3477, 0.2677 -2.5177 0.3555, 0.2538 -2.5177 0.345, 0.2397 -2.5177 0.3562, 0.2445 -2.5177 0.3696, 0.2428 -2.5177 0.3556, 0.2486 -2.5177 0.3689, 0.2455 -2.5177 0.3547, 0.2523 -2.5177 0.3679, 0.2557 -2.5177 0.3666, 0.2537 -2.5177 0.3001, 0.2556 -2.5177 0.2872, 0.2556 -2.5177 0.2725, 0.2723 -2.5177 0.2725, 0.2171 -2.5177 0.3115, 0.2095 -2.5177 0.3235, 0.219 -2.5177 0.313, 0.2131 -2.5177 0.3253, 0.2213 -2.5177 0.3142, 0.2172 -2.5177 0.3269, 0.2243 -2.5177 0.3154, 0.222 -2.5177 0.3282, 0.2281 -2.5177 0.3164, 0.2274 -2.5177 0.3291, 0.2156 -2.5177 0.3096, 0.2038 -2.5177 0.3193, 0.2064 -2.5177 0.3215, 0.2175 -2.5177 0.2883, 0.2039 -2.5177 0.2778, 0.2026 -2.5177 0.2791, 0.2196 -2.5177 0.2867, 0.2094 -2.5177 0.2739, 0.2065 -2.5177 0.2757, 0.2556 -2.5177 0.3203, 0.2721 -2.5177 0.3392, 0.2556 -2.5177 0.3112, 0.2556 -2.5177 0.3103, 0.2143 -2.5177 0.3076, 0.2011 -2.5177 0.3163, 0.2032 -2.5177 0.3187, 0.2692 -2.5177 0.3522, 0.2705 -2.5177 0.3484, 0.2547 -2.5177 0.342, 0.2715 -2.5177 0.3441, 0.2553 -2.5177 0.3384, 0.2556 -2.5177 0.3343, 0.1975 -2.5177 0.2872, 0.1966 -2.5177 0.2905, 0.2129 -2.5177 0.2967, 0.2556 -2.5177 0.3331, 0.2333 -2.5177 0.3173, 0.2132 -2.5177 0.3504, 0.208 -2.5177 0.3629, 0.2173 -2.5177 0.3525, 0.2124 -2.5177 0.365, 0.2215 -2.5177 0.3541, 0.2169 -2.5177 0.3668, 0.2258 -2.5177 0.3553, 0.2218 -2.5177 0.3682, 0.2301 -2.5177 0.356, 0.2269 -2.5177 0.3692, 0.2346 -2.5177 0.3564, 0.2322 -2.5177 0.3698, 0.2363 -2.5177 0.3564, 0.2379 -2.5177 0.37, 0.2399 -2.5177 0.37, 0.2129 -2.5177 0.3026, 0.1969 -2.5177 0.3074, 0.2135 -2.5177 0.3052, 0.198 -2.5177 0.3106, 0.1994 -2.5177 0.3136, 0.1959 -2.5177 0.2941, 0.1957 -2.5177 0.298, 0.2127 -2.5177 0.2994, 0.1958 -2.5177 0.3, 0.1962 -2.5177 0.3039, 0.2543 -2.5177 0.2858, 0.252 -2.5177 0.2826, 0.2454 -2.5177 0.2889, 0.2495 -2.5177 0.2797, 0.2428 -2.5177 0.2872, 0.2468 -2.5177 0.2772, 0.24 -2.5177 0.2858, 0.244 -2.5177 0.2752, 0.237 -2.5177 0.2848, 0.2272 -2.5177 0.2841, 0.2236 -2.5177 0.2703, 0.2244 -2.5177 0.2847, 0.2196 -2.5177 0.2707, 0.2218 -2.5177 0.2855, 0.2159 -2.5177 0.2714, 0.2125 -2.5177 0.2725, 0.2409 -2.5177 0.2734, 0.2376 -2.5177 0.2721, 0.2338 -2.5177 0.2842, 0.234 -2.5177 0.2711, 0.2303 -2.5177 0.284, 0.2301 -2.5177 0.2705, 0.226 -2.5177 0.2702, 0.2477 -2.5177 0.291, 0.2484 -2.5177 0.2917, 0.2552 -2.5177 0.2872, 0.2506 -2.5177 0.2943, 0.2523 -2.5177 0.2971, 0.3225 -2.5217 0.2839, 0.3225 -2.5177 0.2839, 0.3182 -2.5177 0.2841, 0.3182 -2.5217 0.2841, 0.314 -2.5177 0.2847, 0.314 -2.5217 0.2847, 0.3099 -2.5177 0.2857, 0.3099 -2.5217 0.2857, 0.306 -2.5177 0.287, 0.306 -2.5217 0.287, 0.302 -2.5177 0.2888, 0.302 -2.5217 0.2888, 0.2982 -2.5177 0.291, 0.2982 -2.5217 0.291, 0.295 -2.5177 0.2931, 0.295 -2.5217 0.2931, 0.295 -2.5217 0.2758, 0.295 -2.5177 0.2758, 0.299 -2.5177 0.2741, 0.299 -2.5217 0.2741, 0.3032 -2.5177 0.2726, 0.3032 -2.5217 0.2726, 0.3077 -2.5177 0.2715, 0.3077 -2.5217 0.2715, 0.3124 -2.5177 0.2707, 0.3124 -2.5217 0.2707, 0.3175 -2.5177 0.2703, 0.3175 -2.5217 0.2703, 0.3208 -2.5177 0.2702, 0.3208 -2.5217 0.2702, 0.3261 -2.5177 0.2704, 0.3261 -2.5217 0.2704, 0.3311 -2.5177 0.271, 0.3311 -2.5217 0.271, 0.3356 -2.5177 0.272, 0.3356 -2.5217 0.272, 0.3397 -2.5177 0.2732, 0.3397 -2.5217 0.2732, 0.3434 -2.5177 0.2748, 0.3434 -2.5217 0.2748, 0.3468 -2.5177 0.2766, 0.3468 -2.5217 0.2766, 0.3486 -2.5177 0.2778, 0.3486 -2.5217 0.2778, 0.3513 -2.5177 0.2799, 0.3513 -2.5217 0.2799, 0.3536 -2.5177 0.2822, 0.3536 -2.5217 0.2822, 0.3554 -2.5177 0.2847, 0.3554 -2.5217 0.2847, 0.3569 -2.5177 0.2873, 0.3569 -2.5217 0.2873, 0.3581 -2.5177 0.2901, 0.3581 -2.5217 0.2901, 0.3588 -2.5177 0.293, 0.3588 -2.5217 0.293, 0.3593 -2.5177 0.2962, 0.3593 -2.5217 0.2962, 0.3593 -2.5177 0.2984, 0.3593 -2.5217 0.2984, 0.3591 -2.5177 0.3018, 0.3591 -2.5217 0.3018, 0.3586 -2.5177 0.305, 0.3586 -2.5217 0.305, 0.3576 -2.5177 0.3079, 0.3576 -2.5217 0.3079, 0.3563 -2.5177 0.3105, 0.3563 -2.5217 0.3105, 0.3547 -2.5177 0.313, 0.3547 -2.5217 0.313, 0.3537 -2.5177 0.3142, 0.3537 -2.5217 0.3142, 0.3516 -2.5177 0.3162, 0.3516 -2.5217 0.3162, 0.349 -2.5177 0.3183, 0.349 -2.5217 0.3183, 0.3455 -2.5177 0.3205, 0.3455 -2.5217 0.3205, 0.3412 -2.5177 0.3227, 0.3412 -2.5217 0.3227, 0.3358 -2.5177 0.3251, 0.3358 -2.5217 0.3251, 0.3322 -2.5177 0.3265, 0.3322 -2.5217 0.3265, 0.3249 -2.5177 0.3296, 0.3249 -2.5217 0.3296, 0.3204 -2.5177 0.3318, 0.3204 -2.5217 0.3318, 0.3175 -2.5177 0.3335, 0.3175 -2.5217 0.3335, 0.3159 -2.5177 0.3347, 0.3159 -2.5217 0.3347, 0.3145 -2.5177 0.3362, 0.3145 -2.5217 0.3362, 0.3135 -2.5177 0.3379, 0.3135 -2.5217 0.3379, 0.3128 -2.5177 0.3398, 0.3128 -2.5217 0.3398, 0.3124 -2.5177 0.342, 0.3124 -2.5217 0.342, 0.3123 -2.5177 0.3436, 0.3123 -2.5217 0.3436, 0.3125 -2.5177 0.3457, 0.3125 -2.5217 0.3457, 0.3131 -2.5177 0.3477, 0.3131 -2.5217 0.3477, 0.314 -2.5177 0.3495, 0.314 -2.5217 0.3495, 0.3153 -2.5177 0.3511, 0.3153 -2.5217 0.3511, 0.3169 -2.5177 0.3526, 0.3169 -2.5217 0.3526, 0.3174 -2.5177 0.3529, 0.3174 -2.5217 0.3529, 0.3196 -2.5177 0.3542, 0.3196 -2.5217 0.3542, 0.322 -2.5177 0.3552, 0.322 -2.5217 0.3552, 0.3248 -2.5177 0.3559, 0.3248 -2.5217 0.3559, 0.328 -2.5177 0.3563, 0.328 -2.5217 0.3563, 0.3305 -2.5177 0.3564, 0.3305 -2.5217 0.3564, 0.335 -2.5177 0.3562, 0.335 -2.5217 0.3562, 0.3393 -2.5177 0.3556, 0.3393 -2.5217 0.3556, 0.3434 -2.5177 0.3547, 0.3434 -2.5217 0.3547, 0.3473 -2.5177 0.3534, 0.3473 -2.5217 0.3534, 0.351 -2.5177 0.3517, 0.351 -2.5217 0.3517, 0.3548 -2.5177 0.3495, 0.3548 -2.5217 0.3495, 0.3548 -2.5217 0.3658, 0.3548 -2.5177 0.3658, 0.3504 -2.5177 0.3673, 0.3504 -2.5217 0.3673, 0.346 -2.5177 0.3685, 0.346 -2.5217 0.3685, 0.3413 -2.5177 0.3694, 0.3413 -2.5217 0.3694, 0.3364 -2.5177 0.3699, 0.3364 -2.5217 0.3699, 0.3322 -2.5177 0.37, 0.3322 -2.5217 0.37, 0.3273 -2.5177 0.3698, 0.3273 -2.5217 0.3698, 0.3226 -2.5177 0.3692, 0.3226 -2.5217 0.3692, 0.3184 -2.5177 0.3683, 0.3184 -2.5217 0.3683, 0.3144 -2.5177 0.367, 0.3144 -2.5217 0.367, 0.3107 -2.5177 0.3654, 0.3107 -2.5217 0.3654, 0.3073 -2.5177 0.3634, 0.3073 -2.5217 0.3634, 0.3058 -2.5177 0.3624, 0.3058 -2.5217 0.3624, 0.303 -2.5177 0.3602, 0.303 -2.5217 0.3602, 0.3007 -2.5177 0.3578, 0.3007 -2.5217 0.3578, 0.2988 -2.5177 0.3553, 0.2988 -2.5217 0.3553, 0.2973 -2.5177 0.3527, 0.2973 -2.5217 0.3527, 0.2962 -2.5177 0.3499, 0.2962 -2.5217 0.3499, 0.2955 -2.5177 0.347, 0.2955 -2.5217 0.347, 0.2951 -2.5177 0.3438, 0.2951 -2.5217 0.3438, 0.2951 -2.5177 0.3421, 0.2951 -2.5217 0.3421, 0.2953 -2.5177 0.3386, 0.2953 -2.5217 0.3386, 0.2958 -2.5177 0.3354, 0.2958 -2.5217 0.3354, 0.2968 -2.5177 0.3324, 0.2968 -2.5217 0.3324, 0.2981 -2.5177 0.3297, 0.2981 -2.5217 0.3297, 0.2996 -2.5177 0.3273, 0.2996 -2.5217 0.3273, 0.2998 -2.5177 0.327, 0.2998 -2.5217 0.327, 0.3015 -2.5177 0.3251, 0.3015 -2.5217 0.3251, 0.3038 -2.5177 0.3232, 0.3038 -2.5217 0.3232, 0.3068 -2.5177 0.3211, 0.3068 -2.5217 0.3211, 0.3107 -2.5177 0.3188, 0.3107 -2.5217 0.3188, 0.3157 -2.5177 0.3164, 0.3157 -2.5217 0.3164, 0.3204 -2.5177 0.3144, 0.3204 -2.5217 0.3144, 0.3277 -2.5177 0.3115, 0.3277 -2.5217 0.3115, 0.3325 -2.5177 0.3092, 0.3325 -2.5217 0.3092, 0.3358 -2.5177 0.3073, 0.3358 -2.5217 0.3073, 0.3379 -2.5177 0.3059, 0.3379 -2.5217 0.3059, 0.3395 -2.5177 0.3042, 0.3395 -2.5217 0.3042, 0.3408 -2.5177 0.3024, 0.3408 -2.5217 0.3024, 0.3416 -2.5177 0.3005, 0.3416 -2.5217 0.3005, 0.3421 -2.5177 0.2985, 0.3421 -2.5217 0.2985, 0.3422 -2.5177 0.2968, 0.3422 -2.5217 0.2968, 0.342 -2.5177 0.2944, 0.342 -2.5217 0.2944, 0.3414 -2.5177 0.2922, 0.3414 -2.5217 0.2922, 0.3405 -2.5177 0.2904, 0.3405 -2.5217 0.2904, 0.3393 -2.5177 0.2888, 0.3393 -2.5217 0.2888, 0.3377 -2.5177 0.2874, 0.3377 -2.5217 0.2874, 0.3357 -2.5177 0.2863, 0.3357 -2.5217 0.2863, 0.3334 -2.5177 0.2853, 0.3334 -2.5217 0.2853, 0.3305 -2.5177 0.2846, 0.3305 -2.5217 0.2846, 0.327 -2.5177 0.2841, 0.327 -2.5217 0.2841, 0.4422 -2.5217 0.3678, 0.4595 -2.5217 0.3678, 0.4422 -2.5177 0.3678, 0.4595 -2.5177 0.3678, 0.4162 -2.5217 0.296, 0.4162 -2.5177 0.296, 0.4149 -2.5177 0.2916, 0.4149 -2.5217 0.2916, 0.4141 -2.5177 0.2883, 0.4141 -2.5217 0.2883, 0.4137 -2.5217 0.2883, 0.4137 -2.5177 0.2883, 0.4116 -2.5217 0.2962, 0.4116 -2.5177 0.2962, 0.3867 -2.5217 0.3678, 0.3867 -2.5177 0.3678, 0.368 -2.5217 0.3678, 0.368 -2.5177 0.3678, 0.4054 -2.5217 0.2727, 0.4054 -2.5177 0.2727, 0.3981 -2.5217 0.2554, 0.3981 -2.5177 0.2554, 0.3961 -2.5177 0.2514, 0.3961 -2.5217 0.2514, 0.3941 -2.5177 0.2485, 0.3941 -2.5217 0.2485, 0.3918 -2.5177 0.246, 0.3918 -2.5217 0.246, 0.3893 -2.5177 0.2442, 0.3893 -2.5217 0.2442, 0.3867 -2.5177 0.2429, 0.3867 -2.5217 0.2429, 0.3838 -2.5177 0.2422, 0.3838 -2.5217 0.2422, 0.381 -2.5177 0.2419, 0.381 -2.5217 0.2419, 0.3774 -2.5177 0.2422, 0.3774 -2.5217 0.2422, 0.3737 -2.5177 0.2431, 0.3737 -2.5217 0.2431, 0.3715 -2.5177 0.2438, 0.3715 -2.5217 0.2438, 0.3715 -2.5217 0.229, 0.3715 -2.5177 0.229, 0.3754 -2.5177 0.2281, 0.3754 -2.5217 0.2281, 0.38 -2.5177 0.2277, 0.38 -2.5217 0.2277, 0.3823 -2.5177 0.2276, 0.3823 -2.5217 0.2276, 0.3863 -2.5177 0.2279, 0.3863 -2.5217 0.2279, 0.3902 -2.5177 0.2287, 0.3902 -2.5217 0.2287, 0.3939 -2.5177 0.2301, 0.3939 -2.5217 0.2301, 0.3974 -2.5177 0.2319, 0.3974 -2.5217 0.2319, 0.4008 -2.5177 0.2344, 0.4008 -2.5217 0.2344, 0.404 -2.5177 0.2375, 0.404 -2.5217 0.2375, 0.4072 -2.5177 0.2412, 0.4072 -2.5217 0.2412, 0.4102 -2.5177 0.2456, 0.4102 -2.5217 0.2456, 0.4131 -2.5177 0.2509, 0.4131 -2.5217 0.2509, 0.4158 -2.5177 0.2571, 0.4158 -2.5217 0.2571, 0.4163 -2.5177 0.2581, 0.4163 -2.5217 0.2581, 0.5493 -2.5217 0.2877, 0.5493 -2.5217 0.2725, 0.5493 -2.5177 0.2877, 0.5493 -2.5177 0.2725, 0.4948 -2.5217 0.2877, 0.4948 -2.5177 0.2877, 0.4948 -2.5217 0.3326, 0.4948 -2.5177 0.3326, 0.5425 -2.5217 0.3326, 0.5425 -2.5177 0.3326, 0.5425 -2.5217 0.3479, 0.5425 -2.5177 0.3479, 0.4948 -2.5217 0.3479, 0.4948 -2.5177 0.3479, 0.4948 -2.5217 0.3906, 0.4948 -2.5177 0.3906, 0.5463 -2.5217 0.3906, 0.5463 -2.5177 0.3906, 0.5463 -2.5217 0.4059, 0.5463 -2.5177 0.4059, 0.4775 -2.5217 0.4059, 0.4775 -2.5177 0.4059, 0.4775 -2.5217 0.2725, 0.4775 -2.5177 0.2725, 0.6359 -2.5217 0.292, 0.6451 -2.5217 0.2792, 0.6408 -2.5217 0.2943, 0.6507 -2.5217 0.2821, 0.6451 -2.5217 0.297, 0.6559 -2.5217 0.2854, 0.6491 -2.5217 0.3001, 0.6608 -2.5217 0.2892, 0.6508 -2.5217 0.3016, 0.663 -2.5217 0.2912, 0.6542 -2.5217 0.3053, 0.6673 -2.5217 0.2956, 0.6571 -2.5217 0.3093, 0.6711 -2.5217 0.3002, 0.6595 -2.5217 0.3137, 0.6743 -2.5217 0.3051, 0.6616 -2.5217 0.3184, 0.6639 -2.5217 0.3533, 0.6807 -2.5217 0.3603, 0.6626 -2.5217 0.3589, 0.6788 -2.5217 0.366, 0.6608 -2.5217 0.3638, 0.6764 -2.5217 0.3712, 0.6586 -2.5217 0.3683, 0.6736 -2.5217 0.3761, 0.6559 -2.5217 0.3722, 0.6703 -2.5217 0.3807, 0.6664 -2.5217 0.385, 0.6529 -2.5217 0.3758, 0.663 -2.5217 0.3883, 0.6504 -2.5217 0.378, 0.6581 -2.5217 0.3922, 0.6463 -2.5217 0.3812, 0.6529 -2.5217 0.3957, 0.6418 -2.5217 0.3839, 0.6474 -2.5217 0.3987, 0.637 -2.5217 0.3862, 0.6416 -2.5217 0.4011, 0.6318 -2.5217 0.388, 0.6355 -2.5217 0.403, 0.6262 -2.5217 0.3893, 0.6291 -2.5217 0.4045, 0.62 -2.5217 0.3902, 0.6223 -2.5217 0.4055, 0.6136 -2.5217 0.3906, 0.615 -2.5217 0.4059, 0.6119 -2.5217 0.3906, 0.6126 -2.5217 0.4059, 0.5917 -2.5217 0.3906, 0.5745 -2.5217 0.4059, 0.5917 -2.5217 0.2877, 0.5745 -2.5217 0.2725, 0.6111 -2.5217 0.2877, 0.6112 -2.5217 0.2725, 0.6181 -2.5217 0.288, 0.6189 -2.5217 0.2728, 0.6247 -2.5217 0.2888, 0.6261 -2.5217 0.2736, 0.6306 -2.5217 0.2902, 0.6329 -2.5217 0.275, 0.6392 -2.5217 0.2769, 0.677 -2.5217 0.3103, 0.6792 -2.5217 0.3158, 0.6631 -2.5217 0.3236, 0.6809 -2.5217 0.3217, 0.6643 -2.5217 0.3292, 0.6822 -2.5217 0.3279, 0.6649 -2.5217 0.3354, 0.6829 -2.5217 0.3345, 0.6651 -2.5217 0.3405, 0.6832 -2.5217 0.3409, 0.6648 -2.5217 0.3471, 0.6829 -2.5217 0.3478, 0.682 -2.5217 0.3543, 0.6463 -2.5177 0.3812, 0.6581 -2.5177 0.3922, 0.6504 -2.5177 0.378, 0.663 -2.5177 0.3883, 0.6529 -2.5177 0.3758, 0.6664 -2.5177 0.385, 0.6559 -2.5177 0.3722, 0.6703 -2.5177 0.3807, 0.6586 -2.5177 0.3683, 0.6736 -2.5177 0.3761, 0.6608 -2.5177 0.3638, 0.6764 -2.5177 0.3712, 0.6626 -2.5177 0.3589, 0.6408 -2.5177 0.2943, 0.6451 -2.5177 0.2792, 0.6359 -2.5177 0.292, 0.6392 -2.5177 0.2769, 0.6306 -2.5177 0.2902, 0.6329 -2.5177 0.275, 0.6247 -2.5177 0.2888, 0.6261 -2.5177 0.2736, 0.6181 -2.5177 0.288, 0.6189 -2.5177 0.2728, 0.6111 -2.5177 0.2877, 0.6112 -2.5177 0.2725, 0.5917 -2.5177 0.2877, 0.5745 -2.5177 0.2725, 0.5917 -2.5177 0.3906, 0.5745 -2.5177 0.4059, 0.6119 -2.5177 0.3906, 0.6126 -2.5177 0.4059, 0.6136 -2.5177 0.3906, 0.615 -2.5177 0.4059, 0.62 -2.5177 0.3902, 0.6223 -2.5177 0.4055, 0.6262 -2.5177 0.3893, 0.6291 -2.5177 0.4045, 0.6318 -2.5177 0.388, 0.6355 -2.5177 0.403, 0.637 -2.5177 0.3862, 0.6416 -2.5177 0.4011, 0.6418 -2.5177 0.3839, 0.6474 -2.5177 0.3987, 0.6529 -2.5177 0.3957, 0.6631 -2.5177 0.3236, 0.6792 -2.5177 0.3158, 0.6616 -2.5177 0.3184, 0.677 -2.5177 0.3103, 0.6595 -2.5177 0.3137, 0.6743 -2.5177 0.3051, 0.6571 -2.5177 0.3093, 0.6711 -2.5177 0.3002, 0.6542 -2.5177 0.3053, 0.6673 -2.5177 0.2956, 0.6508 -2.5177 0.3016, 0.663 -2.5177 0.2912, 0.6491 -2.5177 0.3001, 0.6608 -2.5177 0.2892, 0.6451 -2.5177 0.297, 0.6559 -2.5177 0.2854, 0.6507 -2.5177 0.2821, 0.6788 -2.5177 0.366, 0.6807 -2.5177 0.3603, 0.6639 -2.5177 0.3533, 0.682 -2.5177 0.3543, 0.6648 -2.5177 0.3471, 0.6829 -2.5177 0.3478, 0.6651 -2.5177 0.3405, 0.6832 -2.5177 0.3409, 0.6649 -2.5177 0.3354, 0.6829 -2.5177 0.3345, 0.6643 -2.5177 0.3292, 0.6822 -2.5177 0.3279, 0.6809 -2.5177 0.3217, 0.7279 -2.5217 0.3241, 0.7224 -2.5217 0.309, 0.7727 -2.5217 0.3241, 0.778 -2.5217 0.309, 0.7478 -2.5217 0.3795, 0.7414 -2.5217 0.4059, 0.6906 -2.5217 0.2725, 0.7096 -2.5217 0.2725, 0.749 -2.5217 0.3835, 0.75 -2.5217 0.3889, 0.7598 -2.5217 0.4059, 0.7504 -2.5217 0.3889, 0.7515 -2.5217 0.3832, 0.7525 -2.5217 0.3795, 0.8106 -2.5217 0.2725, 0.7916 -2.5217 0.2725, 0.7727 -2.5177 0.3241, 0.7525 -2.5177 0.3795, 0.7598 -2.5177 0.4059, 0.7515 -2.5177 0.3832, 0.7504 -2.5177 0.3889, 0.7414 -2.5177 0.4059, 0.75 -2.5177 0.3889, 0.749 -2.5177 0.3835, 0.7478 -2.5177 0.3795, 0.7279 -2.5177 0.3241, 0.6906 -2.5177 0.2725, 0.8106 -2.5177 0.2725, 0.7916 -2.5177 0.2725, 0.778 -2.5177 0.309, 0.7096 -2.5177 0.2725, 0.7224 -2.5177 0.309, -0.4673 -2.5217 0.2361, -0.4569 -2.5217 0.2274, -0.49 -2.5217 0.3375, -0.4086 -2.5217 0.5092, -0.4017 -2.5217 0.5054, -0.4311 -2.5217 0.5747, -0.3463 -2.5217 0.576, -0.3302 -2.5217 0.5847, -0.3597 -2.5217 0.6341, -0.1576 -2.5217 0.5273, -0.1498 -2.5217 0.5105, -0.0953 -2.5217 0.5292, -0.1443 -2.5217 0.4929, -0.1418 -2.5217 0.4779, -0.3953 -2.5217 0.3398, -0.3864 -2.5217 0.337, -0.3665 -2.5217 0.3938, -0.1058 -2.5217 0.3352, -0.1189 -2.5217 0.3312, -0.1049 -2.5217 0.2748, -0.4909 -2.5217 0.2739, -0.4851 -2.5217 0.2601, -0.4772 -2.5217 0.2474, -0.1731 -2.5217 0.384, -0.2025 -2.5217 0.4343, -0.3059 -2.5217 0.3138, -0.3296 -2.5217 0.3679, -0.3059 -2.5217 0.3043, -0.3572 -2.5217 0.2201, -0.3067 -2.5217 0.2921, -0.3444 -2.5217 0.2281, -0.3338 -2.5217 0.2373, -0.4102 -2.5217 0.2673, -0.4139 -2.5217 0.2103, -0.4017 -2.5217 0.2663, -0.4008 -2.5217 0.2094, -0.3927 -2.5217 0.2675, -0.4265 -2.5217 0.2759, -0.419 -2.5217 0.2706, -0.4437 -2.5217 0.2195, -0.4292 -2.5217 0.2137, -0.3677 -2.5217 0.3179, -0.3652 -2.5217 0.3093, -0.3649 -2.5217 0.3001, -0.3669 -2.5217 0.2909, -0.3711 -2.5217 0.2826, -0.4794 -2.5217 0.5156, -0.4916 -2.5217 0.5717, -0.5101 -2.5217 0.5656, -0.1228 -2.5217 0.272, -0.1285 -2.5217 0.3299, -0.1788 -2.5217 0.272, -0.1712 -2.5217 0.3299, -0.1835 -2.5217 0.2727, -0.3396 -2.5217 0.6425, -0.3129 -2.5217 0.5911, -0.3188 -2.5217 0.6486, -0.5037 -2.5217 0.3451, -0.5198 -2.5217 0.2844, -0.5016 -2.5217 0.2771, -0.4939 -2.5217 0.5099, -0.5277 -2.5217 0.5571, -0.5072 -2.5217 0.5018, -0.5443 -2.5217 0.5464, -0.519 -2.5217 0.4918, -0.3237 -2.5217 0.2491, -0.3157 -2.5217 0.2624, -0.31 -2.5217 0.2769, -0.4385 -2.5217 0.2995, -0.4365 -2.5217 0.2907, -0.4325 -2.5217 0.2828, -0.3527 -2.5217 0.3872, -0.3785 -2.5217 0.3321, -0.3403 -2.5217 0.3785, -0.0633 -2.5217 0.4252, -0.013 -2.5217 0.4563, -0.0685 -2.5217 0.438, -0.0216 -2.5217 0.4722, -0.0759 -2.5217 0.4495, -0.0324 -2.5217 0.487, -0.0853 -2.5217 0.4594, -0.0452 -2.5217 0.5003, -0.0961 -2.5217 0.4674, -0.5266 -2.5217 0.3663, -0.5668 -2.5217 0.3195, -0.5159 -2.5217 0.3548, -0.5524 -2.5217 0.3056, -0.5367 -2.5217 0.2939, -0.4725 -2.5217 0.5754, -0.4642 -2.5217 0.5189, -0.453 -2.5217 0.5766, -0.452 -2.5217 0.5197, -0.4421 -2.5217 0.576, -0.4372 -2.5217 0.5184, -0.4228 -2.5217 0.515, -0.4383 -2.5217 0.3087, -0.4358 -2.5217 0.3177, -0.4857 -2.5217 0.3473, -0.4312 -2.5217 0.3258, -0.4017 -2.5217 0.3404, -0.4159 -2.5217 0.3989, -0.4107 -2.5217 0.3393, -0.4303 -2.5217 0.3953, -0.419 -2.5217 0.3361, -0.3814 -2.5217 0.3982, -0.3959 -2.5217 0.4, -0.4008 -2.5217 0.4001, -0.3771 -2.5217 0.2757, -0.3844 -2.5217 0.2706, -0.3711 -2.5217 0.2142, -0.3856 -2.5217 0.2106, -0.0877 -2.5217 0.28, -0.0713 -2.5217 0.2875, -0.0937 -2.5217 0.3416, -0.056 -2.5217 0.2972, -0.083 -2.5217 0.3501, -0.0419 -2.5217 0.3092, -0.0787 -2.5217 0.3546, -0.0364 -2.5217 0.3147, -0.0707 -2.5217 0.3654, -0.3791 -2.5217 0.6233, -0.3894 -2.5217 0.6165, -0.3611 -2.5217 0.5652, -0.4045 -2.5217 0.6043, -0.3742 -2.5217 0.5525, -0.4182 -2.5217 0.5904, -0.3855 -2.5217 0.5381, -0.3947 -2.5217 0.5224, -0.1036 -2.5217 0.5482, -0.1141 -2.5217 0.5663, -0.1677 -2.5217 0.5428, -0.127 -2.5217 0.5836, -0.1797 -2.5217 0.5567, -0.5453 -2.5217 0.4077, -0.6017 -2.5217 0.3844, -0.5413 -2.5217 0.3927, -0.5956 -2.5217 0.3658, -0.5347 -2.5217 0.3785, -0.5871 -2.5217 0.3479, -0.5764 -2.5217 0.3312, -0.3721 -2.5217 0.3256, -0.0614 -2.5217 0.3903, -0.0016 -2.5217 0.3966, -0.0602 -2.5217 0.4039, -0.0013 -2.5217 0.4049, -0.0606 -2.5217 0.4117, -0.0029 -2.5217 0.4226, -0.0068 -2.5217 0.4397, -0.0251 -2.5217 0.3288, -0.0159 -2.5217 0.3442, -0.0649 -2.5217 0.3775, -0.0088 -2.5217 0.3608, -0.004 -2.5217 0.3784, -0.4441 -2.5217 0.3895, -0.4557 -2.5217 0.3823, -0.4264 -2.5217 0.3309, -0.4675 -2.5217 0.3724, -0.4776 -2.5217 0.3606, -0.1758 -2.5217 0.3308, -0.1989 -2.5217 0.2822, -0.1961 -2.5217 0.2793, -0.2755 -2.5217 0.6535, -0.2746 -2.5217 0.5965, -0.2689 -2.5217 0.6533, -0.2565 -2.5217 0.5953, -0.5363 -2.5217 0.4683, -0.5944 -2.5217 0.4831, -0.5421 -2.5217 0.4545, -0.6009 -2.5217 0.4646, -0.5457 -2.5217 0.44, -0.605 -2.5217 0.4454, -0.5469 -2.5217 0.4248, -0.6066 -2.5217 0.4269, -0.5469 -2.5217 0.4221, -0.6067 -2.5217 0.4229, -0.6054 -2.5217 0.4035, -0.1342 -2.5217 0.4779, -0.1207 -2.5217 0.4767, -0.0917 -2.5217 0.528, -0.108 -2.5217 0.4732, -0.0758 -2.5217 0.5213, -0.0598 -2.5217 0.5119, -0.2063 -2.5217 0.3015, -0.2054 -2.5217 0.2946, -0.203 -2.5217 0.2881, -0.1729 -2.5217 0.3301, -0.1898 -2.5217 0.2751, -0.2975 -2.5217 0.6522, -0.2948 -2.5217 0.5951, -0.2774 -2.5217 0.5965, -0.1839 -2.5217 0.33, -0.1905 -2.5217 0.3275, -0.2061 -2.5217 0.3043, -0.1963 -2.5217 0.3234, -0.201 -2.5217 0.3182, -0.2045 -2.5217 0.3116, -0.5588 -2.5217 0.5343, -0.5621 -2.5217 0.5311, -0.5282 -2.5217 0.4812, -0.5749 -2.5217 0.5165, -0.5857 -2.5217 0.5005, -0.1769 -2.5217 0.3309, -0.1421 -2.5217 0.6, -0.1465 -2.5217 0.6041, -0.1914 -2.5217 0.5672, -0.1646 -2.5217 0.6181, -0.2063 -2.5217 0.5776, -0.1839 -2.5217 0.63, -0.2223 -2.5217 0.5858, -0.2043 -2.5217 0.6396, -0.2391 -2.5217 0.5917, -0.2254 -2.5217 0.6467, -0.247 -2.5217 0.6513, -0.2025 -2.5177 0.4343, -0.1731 -2.5177 0.384, -0.3296 -2.5177 0.3679, -0.3059 -2.5177 0.3138, -0.3572 -2.5177 0.2201, -0.3059 -2.5177 0.3043, -0.3067 -2.5177 0.2921, -0.3444 -2.5177 0.2281, -0.3338 -2.5177 0.2373, -0.4107 -2.5177 0.3393, -0.419 -2.5177 0.3361, -0.49 -2.5177 0.3375, -0.4264 -2.5177 0.3309, -0.3302 -2.5177 0.5847, -0.3463 -2.5177 0.576, -0.3791 -2.5177 0.6233, -0.4673 -2.5177 0.2361, -0.4772 -2.5177 0.2474, -0.4358 -2.5177 0.3177, -0.4851 -2.5177 0.2601, -0.4909 -2.5177 0.2739, -0.3711 -2.5177 0.2826, -0.3669 -2.5177 0.2909, -0.3649 -2.5177 0.3001, -0.3652 -2.5177 0.3093, -0.5413 -2.5177 0.3927, -0.5347 -2.5177 0.3785, -0.5871 -2.5177 0.3479, -0.31 -2.5177 0.2769, -0.3157 -2.5177 0.2624, -0.3237 -2.5177 0.2491, -0.4017 -2.5177 0.2663, -0.3927 -2.5177 0.2675, -0.3856 -2.5177 0.2106, -0.4939 -2.5177 0.5099, -0.5101 -2.5177 0.5656, -0.4794 -2.5177 0.5156, -0.4916 -2.5177 0.5717, -0.4642 -2.5177 0.5189, -0.4725 -2.5177 0.5754, -0.452 -2.5177 0.5197, -0.5764 -2.5177 0.3312, -0.5266 -2.5177 0.3663, -0.5668 -2.5177 0.3195, -0.5159 -2.5177 0.3548, -0.5524 -2.5177 0.3056, -0.5367 -2.5177 0.2939, -0.5037 -2.5177 0.3451, -0.5198 -2.5177 0.2844, -0.5016 -2.5177 0.2771, -0.4312 -2.5177 0.3258, -0.1677 -2.5177 0.5428, -0.1141 -2.5177 0.5663, -0.1576 -2.5177 0.5273, -0.1036 -2.5177 0.5482, -0.1498 -2.5177 0.5105, -0.0953 -2.5177 0.5292, -0.1443 -2.5177 0.4929, -0.3894 -2.5177 0.6165, -0.3611 -2.5177 0.5652, -0.4045 -2.5177 0.6043, -0.108 -2.5177 0.4732, -0.1207 -2.5177 0.4767, -0.4383 -2.5177 0.3087, -0.4385 -2.5177 0.2995, -0.4365 -2.5177 0.2907, -0.4182 -2.5177 0.5904, -0.3742 -2.5177 0.5525, -0.4311 -2.5177 0.5747, -0.3855 -2.5177 0.5381, -0.3947 -2.5177 0.5224, -0.0649 -2.5177 0.3775, -0.0159 -2.5177 0.3442, -0.0707 -2.5177 0.3654, -0.0251 -2.5177 0.3288, -0.0787 -2.5177 0.3546, -0.0364 -2.5177 0.3147, -0.083 -2.5177 0.3501, -0.0419 -2.5177 0.3092, -0.0937 -2.5177 0.3416, -0.0685 -2.5177 0.438, -0.013 -2.5177 0.4563, -0.0633 -2.5177 0.4252, -0.0068 -2.5177 0.4397, -0.0606 -2.5177 0.4117, -0.0029 -2.5177 0.4226, -0.0602 -2.5177 0.4039, -0.1342 -2.5177 0.4779, -0.1418 -2.5177 0.4779, -0.419 -2.5177 0.2706, -0.4569 -2.5177 0.2274, -0.4265 -2.5177 0.2759, -0.4325 -2.5177 0.2828, -0.4017 -2.5177 0.3404, -0.3959 -2.5177 0.4, -0.3953 -2.5177 0.3398, -0.3814 -2.5177 0.3982, -0.3864 -2.5177 0.337, -0.453 -2.5177 0.5766, -0.4421 -2.5177 0.576, -0.4372 -2.5177 0.5184, -0.4228 -2.5177 0.515, -0.3711 -2.5177 0.2142, -0.3844 -2.5177 0.2706, -0.3771 -2.5177 0.2757, -0.3665 -2.5177 0.3938, -0.3527 -2.5177 0.3872, -0.3785 -2.5177 0.3321, -0.3403 -2.5177 0.3785, -0.3721 -2.5177 0.3256, -0.3677 -2.5177 0.3179, -0.4441 -2.5177 0.3895, -0.4303 -2.5177 0.3953, -0.4086 -2.5177 0.5092, -0.4017 -2.5177 0.5054, -0.1961 -2.5177 0.2793, -0.1989 -2.5177 0.2822, -0.1758 -2.5177 0.3308, -0.203 -2.5177 0.2881, -0.0013 -2.5177 0.4049, -0.0016 -2.5177 0.3966, -0.0614 -2.5177 0.3903, -0.004 -2.5177 0.3784, -0.0088 -2.5177 0.3608, -0.0917 -2.5177 0.528, -0.0758 -2.5177 0.5213, -0.0961 -2.5177 0.4674, -0.0598 -2.5177 0.5119, -0.0853 -2.5177 0.4594, -0.0452 -2.5177 0.5003, -0.0759 -2.5177 0.4495, -0.0324 -2.5177 0.487, -0.0216 -2.5177 0.4722, -0.4008 -2.5177 0.2094, -0.4139 -2.5177 0.2103, -0.4102 -2.5177 0.2673, -0.4292 -2.5177 0.2137, -0.4437 -2.5177 0.2195, -0.4776 -2.5177 0.3606, -0.4675 -2.5177 0.3724, -0.4557 -2.5177 0.3823, -0.4159 -2.5177 0.3989, -0.4008 -2.5177 0.4001, -0.5421 -2.5177 0.4545, -0.5944 -2.5177 0.4831, -0.5363 -2.5177 0.4683, -0.5857 -2.5177 0.5005, -0.5282 -2.5177 0.4812, -0.5956 -2.5177 0.3658, -0.6017 -2.5177 0.3844, -0.5453 -2.5177 0.4077, -0.6054 -2.5177 0.4035, -0.5469 -2.5177 0.4221, -0.6067 -2.5177 0.4229, -0.5469 -2.5177 0.4248, -0.6066 -2.5177 0.4269, -0.5457 -2.5177 0.44, -0.605 -2.5177 0.4454, -0.6009 -2.5177 0.4646, -0.056 -2.5177 0.2972, -0.0713 -2.5177 0.2875, -0.1058 -2.5177 0.3352, -0.0877 -2.5177 0.28, -0.1189 -2.5177 0.3312, -0.1049 -2.5177 0.2748, -0.1285 -2.5177 0.3299, -0.1228 -2.5177 0.272, -0.1712 -2.5177 0.3299, -0.1788 -2.5177 0.272, -0.1729 -2.5177 0.3301, -0.1835 -2.5177 0.2727, -0.1898 -2.5177 0.2751, -0.2054 -2.5177 0.2946, -0.2063 -2.5177 0.3015, -0.2061 -2.5177 0.3043, -0.4857 -2.5177 0.3473, -0.5749 -2.5177 0.5165, -0.5621 -2.5177 0.5311, -0.519 -2.5177 0.4918, -0.5588 -2.5177 0.5343, -0.5072 -2.5177 0.5018, -0.5443 -2.5177 0.5464, -0.5277 -2.5177 0.5571, -0.2045 -2.5177 0.3116, -0.201 -2.5177 0.3182, -0.1963 -2.5177 0.3234, -0.1905 -2.5177 0.3275, -0.1914 -2.5177 0.5672, -0.1465 -2.5177 0.6041, -0.1797 -2.5177 0.5567, -0.1421 -2.5177 0.6, -0.127 -2.5177 0.5836, -0.3597 -2.5177 0.6341, -0.3396 -2.5177 0.6425, -0.3129 -2.5177 0.5911, -0.3188 -2.5177 0.6486, -0.2948 -2.5177 0.5951, -0.2975 -2.5177 0.6522, -0.2774 -2.5177 0.5965, -0.2755 -2.5177 0.6535, -0.2746 -2.5177 0.5965, -0.2689 -2.5177 0.6533, -0.2565 -2.5177 0.5953, -0.247 -2.5177 0.6513, -0.2391 -2.5177 0.5917, -0.2254 -2.5177 0.6467, -0.2223 -2.5177 0.5858, -0.2043 -2.5177 0.6396, -0.2063 -2.5177 0.5776, -0.1839 -2.5177 0.63, -0.1646 -2.5177 0.6181, -0.1839 -2.5177 0.33, -0.1769 -2.5177 0.3309
            ]
        }
        coordIndex [
            0,1,2,-1,2,1,3,-1,4,0,5,-1,5,0,2,-1,6,4,7,-1,7,4,5,-1,6,7,8,-1,8,7,9,-1,8,9,10,-1,10,9,11,-1,10,11,12,-1,12,11,13,-1,12,13,14,-1,14,13,15,-1,14,15,16,-1,16,15,17,-1,16,17,18,-1,18,17,19,-1,20,18,21,-1,21,18,19,-1,22,23,24,-1,24,23,25,-1,25,23,26,-1,25,26,27,-1,27,26,28,-1,27,28,29,-1,29,28,30,-1,29,30,31,-1,31,30,32,-1,31,32,33,-1,33,32,34,-1,33,34,35,-1,35,34,36,-1,35,36,37,-1,37,36,3,-1,37,3,1,-1,14,31,12,-1,12,31,33,-1,12,33,10,-1,10,33,35,-1,10,35,8,-1,8,35,37,-1,8,37,6,-1,6,37,1,-1,6,1,4,-1,4,1,0,-1,20,24,18,-1,18,24,25,-1,18,25,16,-1,16,25,27,-1,16,27,14,-1,14,27,29,-1,14,29,31,-1,20,38,24,-1,24,38,39,-1,24,39,40,-1,41,42,40,-1,40,42,43,-1,40,43,24,-1,44,21,45,-1,13,30,15,-1,15,30,28,-1,15,28,17,-1,17,28,26,-1,17,26,19,-1,19,26,23,-1,19,23,21,-1,21,23,22,-1,21,22,45,-1,5,2,7,-1,7,2,3,-1,7,3,9,-1,9,3,36,-1,9,36,11,-1,11,36,34,-1,11,34,13,-1,13,34,32,-1,13,32,30,-1,46,47,48,-1,46,48,45,-1,45,48,49,-1,45,49,44,-1,20,21,44,-1,20,44,38,-1,38,44,49,-1,38,49,39,-1,39,49,48,-1,39,48,40,-1,40,48,47,-1,40,47,41,-1,41,47,46,-1,41,46,42,-1,42,46,45,-1,42,45,43,-1,43,45,22,-1,43,22,24,-1,50,51,52,-1,52,51,53,-1,51,54,53,-1,53,54,55,-1,54,56,55,-1,55,56,57,-1,58,59,60,-1,60,59,61,-1,60,61,62,-1,62,61,63,-1,62,63,64,-1,64,63,65,-1,64,65,66,-1,66,65,67,-1,66,67,68,-1,68,67,69,-1,68,69,56,-1,56,69,57,-1,58,70,59,-1,59,70,71,-1,72,73,74,-1,74,73,75,-1,50,52,76,-1,50,76,77,-1,77,76,78,-1,77,78,79,-1,79,78,80,-1,79,80,81,-1,81,80,82,-1,81,82,83,-1,83,82,84,-1,83,84,85,-1,85,84,86,-1,85,86,87,-1,87,86,75,-1,87,75,73,-1,64,83,62,-1,62,83,85,-1,62,85,60,-1,60,85,87,-1,60,87,58,-1,58,87,73,-1,58,73,70,-1,54,51,56,-1,56,51,50,-1,56,50,68,-1,68,50,77,-1,68,77,66,-1,66,77,79,-1,66,79,64,-1,64,79,81,-1,64,81,83,-1,73,72,70,-1,70,72,88,-1,70,88,89,-1,89,90,91,-1,91,92,89,-1,89,92,93,-1,89,93,70,-1,53,55,52,-1,52,55,57,-1,52,57,76,-1,76,57,69,-1,76,69,78,-1,78,69,67,-1,78,67,80,-1,80,67,65,-1,80,65,82,-1,82,65,63,-1,82,63,84,-1,94,95,96,-1,84,63,86,-1,86,63,61,-1,86,61,75,-1,75,61,59,-1,75,59,74,-1,74,59,71,-1,74,71,97,-1,94,96,98,-1,97,71,96,-1,96,71,99,-1,96,99,98,-1,71,70,93,-1,71,93,99,-1,99,93,92,-1,99,92,98,-1,98,92,91,-1,98,91,94,-1,94,91,90,-1,94,90,95,-1,95,90,89,-1,95,89,96,-1,96,89,88,-1,96,88,97,-1,97,88,72,-1,97,72,74,-1,100,101,102,-1,102,101,103,-1,104,100,105,-1,105,100,102,-1,106,104,107,-1,107,104,105,-1,108,106,109,-1,109,106,107,-1,110,108,111,-1,111,108,109,-1,101,110,103,-1,103,110,111,-1,106,108,104,-1,104,108,110,-1,104,110,100,-1,100,110,101,-1,102,103,105,-1,105,103,111,-1,105,111,107,-1,107,111,109,-1,112,113,114,-1,112,114,115,-1,115,114,116,-1,115,116,117,-1,117,116,118,-1,117,118,119,-1,119,118,120,-1,119,120,121,-1,121,120,122,-1,121,122,123,-1,123,122,124,-1,123,124,125,-1,126,125,127,-1,127,125,124,-1,126,127,128,-1,126,128,129,-1,129,128,130,-1,129,130,131,-1,131,130,132,-1,131,132,133,-1,133,132,134,-1,133,134,135,-1,135,134,136,-1,135,136,137,-1,137,136,138,-1,137,138,139,-1,139,138,140,-1,139,140,141,-1,141,140,142,-1,141,142,143,-1,143,142,144,-1,143,144,145,-1,145,144,146,-1,145,146,147,-1,147,146,148,-1,147,148,149,-1,149,148,150,-1,149,150,151,-1,151,150,152,-1,151,152,153,-1,153,152,154,-1,153,154,155,-1,155,154,156,-1,155,156,157,-1,157,156,158,-1,157,158,159,-1,159,158,160,-1,159,160,161,-1,161,160,162,-1,161,162,163,-1,163,162,164,-1,163,164,165,-1,165,164,166,-1,165,166,167,-1,167,166,168,-1,167,168,169,-1,169,168,170,-1,169,170,171,-1,171,170,172,-1,171,172,173,-1,173,172,174,-1,173,174,175,-1,175,174,176,-1,175,176,177,-1,177,176,178,-1,177,178,179,-1,179,178,180,-1,179,180,181,-1,181,180,182,-1,181,182,183,-1,183,182,184,-1,183,184,185,-1,185,184,186,-1,185,186,187,-1,187,186,188,-1,187,188,189,-1,189,188,190,-1,189,190,191,-1,191,190,192,-1,191,192,193,-1,193,192,194,-1,193,194,195,-1,195,194,196,-1,195,196,197,-1,197,196,198,-1,197,198,199,-1,199,198,200,-1,199,200,201,-1,201,200,202,-1,201,202,203,-1,203,202,204,-1,203,204,205,-1,205,204,206,-1,205,206,207,-1,207,206,208,-1,207,208,209,-1,209,208,210,-1,209,210,211,-1,211,210,212,-1,211,212,213,-1,213,212,214,-1,213,214,215,-1,216,215,217,-1,217,215,214,-1,216,217,218,-1,216,218,219,-1,219,218,220,-1,219,220,221,-1,221,220,222,-1,221,222,223,-1,223,222,224,-1,223,224,225,-1,225,224,226,-1,225,226,227,-1,227,226,228,-1,227,228,229,-1,229,228,230,-1,229,230,231,-1,231,230,232,-1,231,232,233,-1,233,232,234,-1,233,234,235,-1,235,234,236,-1,235,236,237,-1,237,236,238,-1,237,238,239,-1,239,238,240,-1,239,240,241,-1,241,240,242,-1,241,242,243,-1,243,242,244,-1,243,244,245,-1,245,244,246,-1,245,246,247,-1,247,246,248,-1,247,248,249,-1,249,248,250,-1,249,250,251,-1,251,250,252,-1,251,252,253,-1,253,252,254,-1,253,254,255,-1,255,254,256,-1,255,256,257,-1,257,256,258,-1,257,258,259,-1,259,258,260,-1,259,260,261,-1,261,260,262,-1,261,262,263,-1,263,262,264,-1,263,264,265,-1,265,264,266,-1,265,266,267,-1,267,266,268,-1,267,268,269,-1,269,268,270,-1,269,270,271,-1,271,270,272,-1,271,272,273,-1,273,272,274,-1,273,274,275,-1,275,274,276,-1,275,276,277,-1,277,276,278,-1,277,278,279,-1,279,278,280,-1,279,280,281,-1,281,280,282,-1,281,282,283,-1,283,282,284,-1,283,284,285,-1,285,284,286,-1,285,286,287,-1,287,286,288,-1,287,288,289,-1,289,288,290,-1,289,290,291,-1,291,290,292,-1,291,292,293,-1,293,292,294,-1,293,294,295,-1,295,294,296,-1,295,296,297,-1,297,296,113,-1,297,113,112,-1,213,215,216,-1,157,277,279,-1,157,279,155,-1,155,279,281,-1,155,281,153,-1,153,281,283,-1,153,283,151,-1,151,283,285,-1,151,285,149,-1,149,285,287,-1,149,287,147,-1,133,121,131,-1,131,121,123,-1,131,123,129,-1,129,123,125,-1,129,125,126,-1,287,289,147,-1,147,289,291,-1,147,291,145,-1,145,291,293,-1,145,293,143,-1,143,293,295,-1,143,295,141,-1,141,295,297,-1,141,297,139,-1,139,297,112,-1,139,112,137,-1,137,112,115,-1,137,115,135,-1,135,115,117,-1,135,117,133,-1,133,117,119,-1,133,119,121,-1,189,243,187,-1,187,243,245,-1,187,245,185,-1,185,245,247,-1,185,247,183,-1,183,247,249,-1,183,249,181,-1,181,249,251,-1,181,251,179,-1,179,251,253,-1,179,253,177,-1,177,253,255,-1,177,255,175,-1,213,216,211,-1,211,216,219,-1,211,219,209,-1,209,219,221,-1,209,221,207,-1,207,221,223,-1,207,223,205,-1,205,223,225,-1,205,225,203,-1,203,225,227,-1,203,227,201,-1,201,227,229,-1,201,229,199,-1,199,229,231,-1,199,231,197,-1,197,231,233,-1,197,233,195,-1,195,233,235,-1,195,235,193,-1,193,235,237,-1,193,237,191,-1,191,237,239,-1,191,239,189,-1,189,239,241,-1,189,241,243,-1,277,157,275,-1,275,157,159,-1,275,159,273,-1,273,159,161,-1,273,161,271,-1,271,161,163,-1,271,163,269,-1,269,163,165,-1,269,165,267,-1,267,165,265,-1,265,165,167,-1,265,167,263,-1,255,257,175,-1,175,257,259,-1,175,259,173,-1,173,259,261,-1,173,261,171,-1,171,261,263,-1,171,263,169,-1,169,263,167,-1,128,127,124,-1,128,124,130,-1,144,290,146,-1,146,290,288,-1,146,288,148,-1,148,288,286,-1,148,286,150,-1,150,286,284,-1,150,284,152,-1,152,284,282,-1,152,282,154,-1,214,212,217,-1,217,212,210,-1,217,210,218,-1,218,210,208,-1,282,280,154,-1,154,280,278,-1,154,278,156,-1,156,278,276,-1,156,276,158,-1,158,276,274,-1,158,274,160,-1,160,274,272,-1,160,272,162,-1,124,122,130,-1,130,122,120,-1,130,120,132,-1,132,120,118,-1,132,118,134,-1,134,118,116,-1,134,116,136,-1,136,116,114,-1,136,114,138,-1,138,114,113,-1,138,113,140,-1,140,113,296,-1,140,296,142,-1,142,296,294,-1,142,294,144,-1,144,294,292,-1,144,292,290,-1,182,246,184,-1,184,246,244,-1,184,244,186,-1,186,244,242,-1,186,242,188,-1,188,242,240,-1,188,240,190,-1,190,240,238,-1,190,238,192,-1,192,238,236,-1,192,236,194,-1,194,236,234,-1,194,234,196,-1,196,234,232,-1,196,232,198,-1,198,232,230,-1,198,230,200,-1,200,230,228,-1,200,228,202,-1,202,228,226,-1,202,226,204,-1,204,226,224,-1,204,224,206,-1,206,224,222,-1,206,222,208,-1,208,222,220,-1,208,220,218,-1,262,260,172,-1,172,260,258,-1,172,258,174,-1,174,258,256,-1,174,256,176,-1,176,256,254,-1,176,254,178,-1,178,254,252,-1,178,252,180,-1,180,252,250,-1,180,250,182,-1,182,250,248,-1,182,248,246,-1,272,270,162,-1,162,270,268,-1,162,268,164,-1,164,268,266,-1,164,266,166,-1,166,266,264,-1,166,264,168,-1,168,264,262,-1,168,262,170,-1,170,262,172,-1,298,299,300,-1,300,299,301,-1,302,298,303,-1,303,298,300,-1,304,302,305,-1,305,302,303,-1,306,304,307,-1,307,304,305,-1,308,306,309,-1,309,306,307,-1,310,308,311,-1,311,308,309,-1,312,310,313,-1,313,310,311,-1,314,312,315,-1,315,312,313,-1,316,314,317,-1,317,314,315,-1,318,316,319,-1,319,316,317,-1,320,318,321,-1,321,318,319,-1,299,320,301,-1,301,320,321,-1,320,299,298,-1,298,302,320,-1,320,302,304,-1,320,304,318,-1,314,316,312,-1,312,316,318,-1,312,318,310,-1,310,318,304,-1,310,304,308,-1,308,304,306,-1,319,317,315,-1,315,313,319,-1,319,313,311,-1,319,311,321,-1,300,301,303,-1,303,301,321,-1,303,321,305,-1,305,321,311,-1,305,311,307,-1,307,311,309,-1,322,323,324,-1,324,323,325,-1,324,325,326,-1,326,325,327,-1,326,327,328,-1,328,327,329,-1,328,329,330,-1,330,329,331,-1,330,331,332,-1,332,331,333,-1,332,333,334,-1,334,333,335,-1,334,335,336,-1,336,335,337,-1,336,337,338,-1,339,340,341,-1,341,340,342,-1,341,342,343,-1,343,342,344,-1,343,344,345,-1,345,344,346,-1,345,346,347,-1,346,348,347,-1,347,348,349,-1,347,349,350,-1,350,349,351,-1,350,351,352,-1,352,351,353,-1,352,353,354,-1,354,353,355,-1,354,355,356,-1,356,355,357,-1,356,357,358,-1,358,357,359,-1,358,359,360,-1,360,359,361,-1,360,361,362,-1,362,361,363,-1,362,363,364,-1,364,363,365,-1,364,365,366,-1,366,365,367,-1,366,367,368,-1,368,367,369,-1,368,369,370,-1,370,369,371,-1,370,371,372,-1,372,371,373,-1,372,373,374,-1,374,373,375,-1,374,375,376,-1,376,375,377,-1,376,377,378,-1,378,377,379,-1,378,379,380,-1,380,379,381,-1,380,381,322,-1,322,381,382,-1,322,382,323,-1,337,383,338,-1,338,383,384,-1,338,384,385,-1,385,384,386,-1,385,386,387,-1,387,386,388,-1,387,388,389,-1,389,388,390,-1,389,390,391,-1,391,390,392,-1,391,392,393,-1,393,392,394,-1,393,394,339,-1,339,394,395,-1,339,395,340,-1,396,397,398,-1,398,397,399,-1,398,399,400,-1,400,399,401,-1,400,401,402,-1,402,401,403,-1,402,403,404,-1,404,403,405,-1,404,405,406,-1,406,405,407,-1,406,407,408,-1,409,410,411,-1,411,410,412,-1,411,412,413,-1,413,412,414,-1,413,414,415,-1,415,414,416,-1,415,416,417,-1,417,416,418,-1,417,418,419,-1,419,418,420,-1,419,420,421,-1,421,420,422,-1,421,422,423,-1,423,422,424,-1,423,424,425,-1,425,424,426,-1,425,426,427,-1,427,426,428,-1,427,428,429,-1,429,428,430,-1,429,430,431,-1,431,430,432,-1,431,432,433,-1,433,432,434,-1,433,434,435,-1,435,434,436,-1,435,436,437,-1,437,436,438,-1,437,438,396,-1,396,438,439,-1,396,439,397,-1,440,441,442,-1,442,441,443,-1,442,443,444,-1,444,443,445,-1,444,445,446,-1,446,445,447,-1,446,447,448,-1,448,447,449,-1,448,449,450,-1,450,449,451,-1,450,451,452,-1,452,451,453,-1,452,453,454,-1,454,453,455,-1,454,455,409,-1,409,455,456,-1,409,456,410,-1,407,457,408,-1,408,457,458,-1,408,458,459,-1,459,458,460,-1,459,460,461,-1,461,460,462,-1,461,462,463,-1,463,462,464,-1,463,464,465,-1,465,464,466,-1,465,466,467,-1,467,466,468,-1,467,468,440,-1,440,468,469,-1,440,469,441,-1,375,373,420,-1,420,373,422,-1,375,420,418,-1,375,418,377,-1,377,418,416,-1,377,416,379,-1,379,416,414,-1,379,414,381,-1,381,414,412,-1,381,412,382,-1,382,412,410,-1,382,410,323,-1,323,410,456,-1,323,456,325,-1,325,456,455,-1,325,455,327,-1,327,455,453,-1,327,453,329,-1,329,453,451,-1,329,451,331,-1,331,451,449,-1,331,449,333,-1,333,449,447,-1,333,447,335,-1,335,447,445,-1,335,445,337,-1,337,445,443,-1,337,443,383,-1,383,443,441,-1,383,441,384,-1,384,441,469,-1,384,469,386,-1,386,469,468,-1,386,468,388,-1,388,468,466,-1,388,466,390,-1,390,466,464,-1,390,464,392,-1,392,464,462,-1,392,462,394,-1,394,462,460,-1,394,460,395,-1,395,460,458,-1,395,458,340,-1,340,458,457,-1,340,457,342,-1,342,457,407,-1,342,407,344,-1,344,407,405,-1,344,405,346,-1,346,405,403,-1,346,403,348,-1,348,403,401,-1,348,401,349,-1,349,401,399,-1,349,399,351,-1,351,399,397,-1,351,397,353,-1,353,397,439,-1,353,439,355,-1,355,439,438,-1,355,438,357,-1,357,438,436,-1,357,436,359,-1,359,436,434,-1,359,434,361,-1,361,434,432,-1,361,432,363,-1,363,432,430,-1,363,430,365,-1,365,430,428,-1,365,428,367,-1,367,428,426,-1,367,426,369,-1,371,369,424,-1,424,369,426,-1,373,371,422,-1,422,371,424,-1,368,370,425,-1,425,370,423,-1,370,372,423,-1,423,372,421,-1,372,374,421,-1,421,374,419,-1,330,450,452,-1,330,452,328,-1,328,452,454,-1,328,454,326,-1,326,454,409,-1,326,409,324,-1,324,409,411,-1,324,411,322,-1,322,411,413,-1,322,413,380,-1,380,413,415,-1,380,415,378,-1,378,415,417,-1,378,417,376,-1,376,417,419,-1,376,419,374,-1,391,463,465,-1,391,465,389,-1,389,465,467,-1,389,467,387,-1,387,467,440,-1,387,440,385,-1,385,440,442,-1,385,442,338,-1,338,442,444,-1,338,444,336,-1,336,444,446,-1,336,446,334,-1,334,446,448,-1,334,448,332,-1,332,448,450,-1,332,450,330,-1,352,398,400,-1,352,400,350,-1,350,400,402,-1,350,402,347,-1,347,402,404,-1,347,404,345,-1,345,404,406,-1,345,406,343,-1,343,406,408,-1,343,408,341,-1,341,408,459,-1,341,459,339,-1,339,459,461,-1,339,461,393,-1,393,461,463,-1,393,463,391,-1,368,425,427,-1,368,427,366,-1,366,427,429,-1,366,429,364,-1,364,429,431,-1,364,431,362,-1,362,431,433,-1,362,433,360,-1,360,433,435,-1,360,435,358,-1,358,435,437,-1,358,437,356,-1,356,437,396,-1,356,396,354,-1,354,396,398,-1,354,398,352,-1,470,471,472,-1,472,471,473,-1,474,475,470,-1,470,475,476,-1,470,476,471,-1,471,476,477,-1,474,478,475,-1,475,478,479,-1,475,479,480,-1,480,479,481,-1,480,481,482,-1,482,483,480,-1,480,483,472,-1,480,472,484,-1,484,472,473,-1,484,473,485,-1,486,487,488,-1,487,489,488,-1,488,489,490,-1,488,490,491,-1,491,490,492,-1,491,492,493,-1,493,494,491,-1,491,494,495,-1,491,495,496,-1,497,498,499,-1,500,496,501,-1,501,496,495,-1,501,495,499,-1,499,495,486,-1,499,486,497,-1,497,486,488,-1,480,484,488,-1,488,484,497,-1,475,480,491,-1,491,480,488,-1,476,475,496,-1,496,475,491,-1,477,476,500,-1,500,476,496,-1,471,477,501,-1,501,477,500,-1,473,471,499,-1,499,471,501,-1,485,473,498,-1,498,473,499,-1,484,485,497,-1,497,485,498,-1,470,472,495,-1,495,472,486,-1,472,483,486,-1,486,483,487,-1,481,490,489,-1,481,489,482,-1,482,489,487,-1,482,487,483,-1,481,479,490,-1,490,479,492,-1,474,494,493,-1,474,493,478,-1,478,493,492,-1,478,492,479,-1,474,470,494,-1,494,470,495,-1,502,503,504,-1,504,503,505,-1,506,502,507,-1,507,502,504,-1,508,506,509,-1,509,506,507,-1,510,508,511,-1,511,508,509,-1,512,510,513,-1,513,510,511,-1,514,512,515,-1,515,512,513,-1,516,514,517,-1,517,514,515,-1,518,516,519,-1,519,516,517,-1,520,518,521,-1,521,518,519,-1,522,520,523,-1,523,520,521,-1,524,522,525,-1,525,522,523,-1,503,524,505,-1,505,524,525,-1,524,503,502,-1,502,506,524,-1,524,506,508,-1,524,508,522,-1,518,520,516,-1,516,520,522,-1,516,522,514,-1,514,522,508,-1,514,508,512,-1,512,508,510,-1,523,521,519,-1,519,517,523,-1,523,517,515,-1,523,515,525,-1,504,505,507,-1,507,505,525,-1,507,525,509,-1,509,525,515,-1,509,515,511,-1,511,515,513,-1,526,527,528,-1,528,527,529,-1,530,531,532,-1,533,534,535,-1,535,534,536,-1,532,531,537,-1,537,531,538,-1,537,538,539,-1,539,538,540,-1,539,540,541,-1,542,543,544,-1,534,545,536,-1,536,545,546,-1,536,546,547,-1,533,535,548,-1,548,535,549,-1,548,549,550,-1,550,549,551,-1,550,551,552,-1,541,540,553,-1,553,540,554,-1,553,554,555,-1,555,554,556,-1,555,556,557,-1,546,558,547,-1,547,558,559,-1,547,559,560,-1,560,559,561,-1,560,561,562,-1,528,563,564,-1,564,563,565,-1,564,565,566,-1,567,568,569,-1,569,568,570,-1,569,570,571,-1,571,570,572,-1,571,572,573,-1,574,575,529,-1,529,575,576,-1,529,576,528,-1,528,576,577,-1,528,577,563,-1,557,556,578,-1,578,556,579,-1,578,579,580,-1,580,579,581,-1,580,581,582,-1,583,584,585,-1,585,584,586,-1,585,586,587,-1,587,586,588,-1,587,588,589,-1,544,590,542,-1,542,590,591,-1,542,591,583,-1,583,591,592,-1,583,592,584,-1,593,594,595,-1,595,594,596,-1,595,596,543,-1,543,596,597,-1,543,597,544,-1,598,599,600,-1,600,599,552,-1,600,552,601,-1,601,552,551,-1,572,602,573,-1,573,602,603,-1,573,603,604,-1,604,603,605,-1,604,605,606,-1,606,605,566,-1,606,566,607,-1,607,566,565,-1,582,581,608,-1,608,581,609,-1,608,609,610,-1,610,599,608,-1,608,599,598,-1,608,598,529,-1,529,598,611,-1,529,611,574,-1,588,612,589,-1,589,612,613,-1,589,613,614,-1,614,613,615,-1,614,615,616,-1,616,615,617,-1,616,617,567,-1,567,617,618,-1,567,618,568,-1,561,619,562,-1,562,619,620,-1,562,620,621,-1,621,620,622,-1,621,622,623,-1,532,624,530,-1,530,624,625,-1,530,625,626,-1,626,625,627,-1,626,627,628,-1,628,627,629,-1,628,629,630,-1,630,629,631,-1,630,631,632,-1,632,631,633,-1,632,633,634,-1,634,633,635,-1,634,635,636,-1,636,635,637,-1,636,637,638,-1,638,637,639,-1,638,639,640,-1,640,639,641,-1,640,641,642,-1,642,641,643,-1,642,643,644,-1,622,645,623,-1,623,645,646,-1,623,646,593,-1,593,646,647,-1,593,647,594,-1,648,649,650,-1,651,652,653,-1,653,652,654,-1,653,654,655,-1,656,657,658,-1,659,660,661,-1,661,660,662,-1,661,662,663,-1,654,664,655,-1,655,664,665,-1,655,665,666,-1,666,665,667,-1,666,667,668,-1,669,670,671,-1,671,670,672,-1,671,672,673,-1,673,672,674,-1,673,674,651,-1,651,674,675,-1,651,675,652,-1,676,656,677,-1,677,656,658,-1,677,658,678,-1,678,658,679,-1,680,681,682,-1,682,681,683,-1,682,683,684,-1,684,683,685,-1,684,685,686,-1,686,685,687,-1,686,687,688,-1,688,687,689,-1,690,691,680,-1,680,691,692,-1,680,692,681,-1,693,694,659,-1,659,694,695,-1,659,695,660,-1,696,697,693,-1,693,697,698,-1,693,698,694,-1,699,700,701,-1,701,700,658,-1,701,658,702,-1,702,658,657,-1,703,704,690,-1,690,704,705,-1,690,705,691,-1,667,706,668,-1,668,706,707,-1,668,707,708,-1,708,707,709,-1,708,709,710,-1,710,709,700,-1,710,700,711,-1,662,712,663,-1,663,712,713,-1,663,713,714,-1,711,700,715,-1,715,700,699,-1,715,699,689,-1,689,699,716,-1,689,716,688,-1,648,650,717,-1,717,650,718,-1,717,718,719,-1,719,718,720,-1,719,720,721,-1,721,720,722,-1,721,722,723,-1,723,722,724,-1,723,724,725,-1,725,724,726,-1,725,726,727,-1,727,726,728,-1,727,728,729,-1,729,728,730,-1,729,730,669,-1,669,730,731,-1,669,731,670,-1,732,733,734,-1,734,733,735,-1,734,735,703,-1,703,735,736,-1,703,736,704,-1,713,737,714,-1,714,737,738,-1,714,738,739,-1,739,738,740,-1,739,740,732,-1,732,740,741,-1,732,741,733,-1,742,743,744,-1,744,743,745,-1,744,745,746,-1,746,745,747,-1,746,747,748,-1,748,747,749,-1,748,749,750,-1,751,752,753,-1,753,752,754,-1,753,754,755,-1,755,754,756,-1,755,756,696,-1,696,756,757,-1,696,757,697,-1,749,758,750,-1,750,758,759,-1,750,759,760,-1,760,759,761,-1,760,761,762,-1,762,761,763,-1,762,763,751,-1,751,763,764,-1,751,764,752,-1,744,765,742,-1,742,765,766,-1,742,766,767,-1,767,766,768,-1,767,768,677,-1,677,768,769,-1,677,769,676,-1,629,730,728,-1,629,728,631,-1,631,728,726,-1,631,726,633,-1,633,726,724,-1,633,724,635,-1,635,724,722,-1,635,722,637,-1,637,722,720,-1,637,720,639,-1,639,720,718,-1,639,718,641,-1,641,718,650,-1,641,650,643,-1,644,643,649,-1,649,643,650,-1,644,649,648,-1,644,648,642,-1,642,648,717,-1,642,717,640,-1,640,717,719,-1,640,719,638,-1,638,719,721,-1,638,721,636,-1,636,721,723,-1,636,723,634,-1,634,723,725,-1,634,725,632,-1,632,725,727,-1,632,727,630,-1,630,727,729,-1,630,729,628,-1,628,729,669,-1,628,669,626,-1,626,669,671,-1,626,671,530,-1,530,671,673,-1,530,673,531,-1,531,673,651,-1,531,651,538,-1,538,651,653,-1,538,653,540,-1,540,653,655,-1,540,655,554,-1,554,655,666,-1,554,666,556,-1,556,666,668,-1,556,668,579,-1,579,668,708,-1,579,708,581,-1,581,708,710,-1,581,710,609,-1,609,710,711,-1,609,711,610,-1,610,711,715,-1,610,715,599,-1,552,599,689,-1,689,599,715,-1,552,689,687,-1,552,687,550,-1,550,687,685,-1,550,685,548,-1,548,685,683,-1,548,683,533,-1,533,683,681,-1,533,681,534,-1,534,681,692,-1,534,692,545,-1,545,692,691,-1,545,691,546,-1,546,691,705,-1,546,705,558,-1,558,705,704,-1,558,704,559,-1,559,704,736,-1,559,736,561,-1,561,736,735,-1,561,735,619,-1,619,735,733,-1,619,733,620,-1,620,733,741,-1,620,741,622,-1,622,741,740,-1,622,740,645,-1,645,740,738,-1,645,738,646,-1,646,738,737,-1,646,737,647,-1,647,737,713,-1,647,713,594,-1,594,713,712,-1,594,712,596,-1,596,712,662,-1,596,662,597,-1,597,662,660,-1,597,660,544,-1,544,660,695,-1,544,695,590,-1,590,695,694,-1,590,694,591,-1,591,694,698,-1,591,698,592,-1,592,698,697,-1,592,697,584,-1,584,697,757,-1,584,757,586,-1,586,757,756,-1,586,756,588,-1,588,756,754,-1,588,754,612,-1,612,754,752,-1,612,752,613,-1,613,752,764,-1,613,764,615,-1,615,764,763,-1,615,763,617,-1,617,763,761,-1,617,761,618,-1,618,761,759,-1,618,759,568,-1,568,759,758,-1,568,758,570,-1,570,758,749,-1,570,749,572,-1,572,749,747,-1,572,747,602,-1,602,747,745,-1,602,745,603,-1,603,745,743,-1,603,743,605,-1,605,743,742,-1,605,742,566,-1,566,742,767,-1,566,767,564,-1,528,564,677,-1,677,564,767,-1,526,528,678,-1,678,528,677,-1,527,526,679,-1,679,526,678,-1,529,527,658,-1,658,527,679,-1,529,658,700,-1,529,700,608,-1,608,700,709,-1,608,709,582,-1,582,709,707,-1,582,707,580,-1,580,707,706,-1,580,706,578,-1,578,706,667,-1,578,667,557,-1,557,667,665,-1,557,665,555,-1,555,665,664,-1,555,664,553,-1,553,664,654,-1,553,654,541,-1,541,654,652,-1,541,652,539,-1,539,652,675,-1,539,675,537,-1,537,675,674,-1,537,674,532,-1,532,674,672,-1,532,672,624,-1,624,672,670,-1,624,670,625,-1,625,670,731,-1,625,731,627,-1,627,731,730,-1,627,730,629,-1,536,680,682,-1,536,682,535,-1,535,682,684,-1,535,684,549,-1,549,684,686,-1,549,686,551,-1,551,686,688,-1,551,688,601,-1,601,688,716,-1,601,716,600,-1,623,739,732,-1,623,732,621,-1,621,732,734,-1,621,734,562,-1,562,734,703,-1,562,703,560,-1,560,703,690,-1,560,690,547,-1,547,690,680,-1,547,680,536,-1,583,693,659,-1,583,659,542,-1,542,659,661,-1,542,661,543,-1,543,661,663,-1,543,663,595,-1,595,663,714,-1,595,714,593,-1,593,714,739,-1,593,739,623,-1,616,762,751,-1,616,751,614,-1,614,751,753,-1,614,753,589,-1,589,753,755,-1,589,755,587,-1,587,755,696,-1,587,696,585,-1,585,696,693,-1,585,693,583,-1,607,766,765,-1,607,765,606,-1,606,765,744,-1,606,744,604,-1,604,744,746,-1,604,746,573,-1,573,746,748,-1,573,748,571,-1,571,748,750,-1,571,750,569,-1,569,750,760,-1,569,760,567,-1,567,760,762,-1,567,762,616,-1,611,701,702,-1,611,702,574,-1,574,702,657,-1,574,657,575,-1,575,657,656,-1,575,656,576,-1,576,656,676,-1,576,676,577,-1,577,676,769,-1,577,769,563,-1,563,769,768,-1,563,768,565,-1,565,768,766,-1,565,766,607,-1,611,598,701,-1,701,598,699,-1,598,600,699,-1,699,600,716,-1,770,771,772,-1,770,772,773,-1,773,772,774,-1,773,774,775,-1,775,774,776,-1,775,776,777,-1,777,776,778,-1,777,778,779,-1,779,778,780,-1,779,780,781,-1,781,780,782,-1,781,782,783,-1,783,782,784,-1,783,784,785,-1,786,785,787,-1,787,785,784,-1,786,787,788,-1,786,788,789,-1,789,788,790,-1,789,790,791,-1,791,790,792,-1,791,792,793,-1,793,792,794,-1,793,794,795,-1,795,794,796,-1,795,796,797,-1,797,796,798,-1,797,798,799,-1,799,798,800,-1,799,800,801,-1,801,800,802,-1,801,802,803,-1,803,802,804,-1,803,804,805,-1,805,804,806,-1,805,806,807,-1,807,806,808,-1,807,808,809,-1,809,808,810,-1,809,810,811,-1,811,810,812,-1,811,812,813,-1,813,812,814,-1,813,814,815,-1,815,814,816,-1,815,816,817,-1,817,816,818,-1,817,818,819,-1,819,818,820,-1,819,820,821,-1,821,820,822,-1,821,822,823,-1,823,822,824,-1,823,824,825,-1,825,824,826,-1,825,826,827,-1,827,826,828,-1,827,828,829,-1,829,828,830,-1,829,830,831,-1,831,830,832,-1,831,832,833,-1,833,832,834,-1,833,834,835,-1,835,834,836,-1,835,836,837,-1,837,836,838,-1,837,838,839,-1,839,838,840,-1,839,840,841,-1,841,840,842,-1,841,842,843,-1,843,842,844,-1,843,844,845,-1,845,844,846,-1,845,846,847,-1,847,846,848,-1,847,848,849,-1,849,848,850,-1,849,850,851,-1,851,850,852,-1,851,852,853,-1,853,852,854,-1,853,854,855,-1,855,854,856,-1,855,856,857,-1,857,856,858,-1,857,858,859,-1,859,858,860,-1,859,860,861,-1,861,860,862,-1,861,862,863,-1,863,862,864,-1,863,864,865,-1,865,864,866,-1,865,866,867,-1,867,866,868,-1,867,868,869,-1,869,868,870,-1,869,870,871,-1,871,870,872,-1,871,872,873,-1,873,872,874,-1,873,874,875,-1,875,874,876,-1,875,876,877,-1,877,876,878,-1,877,878,879,-1,879,878,880,-1,879,880,881,-1,881,880,882,-1,881,882,883,-1,883,882,884,-1,883,884,885,-1,885,884,886,-1,885,886,887,-1,887,886,888,-1,887,888,889,-1,889,888,890,-1,889,890,891,-1,891,890,892,-1,891,892,893,-1,893,892,894,-1,893,894,895,-1,895,894,896,-1,895,896,897,-1,897,896,898,-1,897,898,899,-1,899,898,900,-1,899,900,901,-1,901,900,902,-1,901,902,903,-1,903,902,904,-1,903,904,905,-1,906,905,907,-1,907,905,904,-1,906,907,908,-1,906,908,909,-1,909,908,910,-1,909,910,911,-1,911,910,912,-1,911,912,913,-1,913,912,914,-1,913,914,915,-1,915,914,916,-1,915,916,917,-1,917,916,918,-1,917,918,919,-1,919,918,920,-1,919,920,921,-1,921,920,922,-1,921,922,923,-1,923,922,924,-1,923,924,925,-1,925,924,926,-1,925,926,927,-1,927,926,928,-1,927,928,929,-1,929,928,930,-1,929,930,931,-1,931,930,932,-1,931,932,933,-1,933,932,934,-1,933,934,935,-1,935,934,936,-1,935,936,937,-1,937,936,938,-1,937,938,939,-1,939,938,940,-1,939,940,941,-1,941,940,942,-1,941,942,943,-1,943,942,944,-1,943,944,945,-1,945,944,946,-1,945,946,947,-1,947,946,948,-1,947,948,949,-1,949,948,950,-1,949,950,951,-1,951,950,952,-1,951,952,953,-1,953,952,954,-1,953,954,955,-1,955,954,956,-1,955,956,957,-1,957,956,958,-1,957,958,959,-1,959,958,960,-1,959,960,961,-1,961,960,962,-1,961,962,963,-1,963,962,964,-1,963,964,965,-1,965,964,966,-1,965,966,967,-1,967,966,968,-1,967,968,969,-1,969,968,970,-1,969,970,971,-1,971,970,972,-1,971,972,973,-1,973,972,974,-1,973,974,975,-1,975,974,976,-1,975,976,977,-1,977,976,978,-1,977,978,979,-1,979,978,980,-1,979,980,981,-1,981,980,982,-1,981,982,983,-1,983,982,984,-1,983,984,985,-1,985,984,986,-1,985,986,987,-1,987,986,988,-1,987,988,989,-1,989,988,990,-1,989,990,991,-1,991,990,992,-1,991,992,993,-1,993,992,994,-1,993,994,995,-1,995,994,996,-1,995,996,997,-1,997,996,998,-1,997,998,999,-1,999,998,1000,-1,999,1000,1001,-1,1001,1000,1002,-1,1001,1002,1003,-1,1003,1002,1004,-1,1003,1004,1005,-1,1005,1004,1006,-1,1005,1006,1007,-1,1007,1006,771,-1,1007,771,770,-1,783,785,786,-1,903,905,906,-1,813,815,997,-1,997,815,995,-1,877,937,875,-1,875,937,939,-1,875,939,873,-1,815,817,995,-1,995,817,819,-1,995,819,993,-1,879,933,877,-1,877,933,935,-1,877,935,937,-1,813,997,811,-1,811,997,999,-1,811,999,809,-1,809,999,1001,-1,809,1001,807,-1,807,1001,1003,-1,807,1003,805,-1,955,865,953,-1,953,865,867,-1,837,983,835,-1,835,983,985,-1,939,941,873,-1,873,941,943,-1,873,943,871,-1,943,945,871,-1,871,945,947,-1,871,947,869,-1,869,947,949,-1,869,949,867,-1,867,949,951,-1,867,951,953,-1,955,957,865,-1,865,957,959,-1,865,959,863,-1,863,959,961,-1,863,961,861,-1,861,961,963,-1,861,963,859,-1,859,963,965,-1,859,965,857,-1,989,829,987,-1,987,829,831,-1,987,831,985,-1,985,831,833,-1,985,833,835,-1,819,821,993,-1,993,821,823,-1,993,823,991,-1,991,823,825,-1,991,825,989,-1,989,825,827,-1,989,827,829,-1,837,839,983,-1,983,839,841,-1,983,841,981,-1,981,841,843,-1,981,843,979,-1,979,843,845,-1,979,845,977,-1,977,845,847,-1,977,847,975,-1,805,1003,803,-1,803,1003,1005,-1,803,1005,801,-1,801,1005,1007,-1,801,1007,799,-1,799,1007,770,-1,799,770,797,-1,797,770,773,-1,797,773,795,-1,795,773,775,-1,795,775,793,-1,793,775,777,-1,793,777,791,-1,791,777,779,-1,791,779,789,-1,789,779,786,-1,786,779,781,-1,786,781,783,-1,847,849,975,-1,975,849,851,-1,975,851,973,-1,973,851,853,-1,973,853,971,-1,971,853,855,-1,971,855,969,-1,969,855,857,-1,969,857,967,-1,967,857,965,-1,903,906,901,-1,901,906,909,-1,901,909,899,-1,899,909,911,-1,899,911,897,-1,897,911,913,-1,897,913,895,-1,895,913,915,-1,895,915,893,-1,893,915,917,-1,893,917,891,-1,891,917,919,-1,891,919,889,-1,889,919,921,-1,889,921,887,-1,887,921,923,-1,887,923,885,-1,885,923,925,-1,885,925,883,-1,883,925,927,-1,883,927,881,-1,881,927,929,-1,881,929,879,-1,879,929,931,-1,879,931,933,-1,994,814,996,-1,996,814,812,-1,996,812,998,-1,998,812,810,-1,998,810,1000,-1,876,874,936,-1,956,864,958,-1,958,864,862,-1,992,818,994,-1,994,818,816,-1,994,816,814,-1,986,984,832,-1,832,984,834,-1,834,984,982,-1,834,982,836,-1,956,954,864,-1,864,954,952,-1,864,952,866,-1,866,952,950,-1,866,950,868,-1,980,840,982,-1,982,840,838,-1,982,838,836,-1,870,942,872,-1,872,942,940,-1,872,940,874,-1,874,940,938,-1,874,938,936,-1,990,822,992,-1,992,822,820,-1,992,820,818,-1,950,948,868,-1,868,948,946,-1,868,946,870,-1,870,946,944,-1,870,944,942,-1,810,808,1000,-1,1000,808,806,-1,1000,806,1002,-1,1002,806,804,-1,1002,804,1004,-1,1004,804,802,-1,1004,802,1006,-1,1006,802,800,-1,1006,800,771,-1,771,800,798,-1,771,798,772,-1,772,798,796,-1,772,796,774,-1,774,796,794,-1,774,794,776,-1,832,830,986,-1,986,830,828,-1,986,828,988,-1,988,828,826,-1,988,826,990,-1,990,826,824,-1,990,824,822,-1,794,792,776,-1,776,792,790,-1,776,790,778,-1,778,790,788,-1,778,788,780,-1,780,788,787,-1,780,787,782,-1,782,787,784,-1,972,970,854,-1,854,970,968,-1,854,968,856,-1,856,968,966,-1,856,966,858,-1,858,966,964,-1,858,964,860,-1,860,964,962,-1,860,962,862,-1,862,962,960,-1,862,960,958,-1,936,934,876,-1,876,934,932,-1,876,932,878,-1,878,932,930,-1,878,930,880,-1,880,930,928,-1,880,928,882,-1,882,928,926,-1,882,926,884,-1,884,926,924,-1,884,924,886,-1,886,924,922,-1,886,922,888,-1,888,922,920,-1,888,920,890,-1,890,920,918,-1,890,918,892,-1,892,918,916,-1,892,916,894,-1,894,916,914,-1,894,914,896,-1,896,914,912,-1,896,912,898,-1,898,912,910,-1,898,910,900,-1,900,910,908,-1,900,908,902,-1,902,908,907,-1,902,907,904,-1,854,852,972,-1,972,852,850,-1,972,850,974,-1,974,850,848,-1,974,848,976,-1,976,848,846,-1,976,846,978,-1,978,846,844,-1,978,844,980,-1,980,844,842,-1,980,842,840,-1,1008,1009,1010,-1,1010,1009,1011,-1,1012,1008,1013,-1,1013,1008,1010,-1,1012,1013,1014,-1,1012,1014,1015,-1,1015,1014,1016,-1,1015,1016,1017,-1,1018,1017,1019,-1,1019,1017,1016,-1,1020,1018,1021,-1,1021,1018,1019,-1,1022,1020,1023,-1,1023,1020,1021,-1,1024,1022,1025,-1,1025,1022,1023,-1,1026,1024,1027,-1,1027,1024,1025,-1,1028,1026,1029,-1,1029,1026,1027,-1,1028,1029,1030,-1,1028,1030,1031,-1,1031,1030,1032,-1,1031,1032,1033,-1,1033,1032,1034,-1,1033,1034,1035,-1,1035,1034,1036,-1,1035,1036,1037,-1,1037,1036,1038,-1,1037,1038,1039,-1,1039,1038,1040,-1,1039,1040,1041,-1,1041,1040,1042,-1,1041,1042,1043,-1,1043,1042,1044,-1,1043,1044,1045,-1,1045,1044,1046,-1,1045,1046,1047,-1,1047,1046,1048,-1,1047,1048,1049,-1,1050,1049,1051,-1,1051,1049,1048,-1,1050,1051,1052,-1,1050,1052,1053,-1,1053,1052,1054,-1,1053,1054,1055,-1,1055,1054,1056,-1,1055,1056,1057,-1,1057,1056,1058,-1,1057,1058,1059,-1,1059,1058,1060,-1,1059,1060,1061,-1,1061,1060,1062,-1,1061,1062,1063,-1,1063,1062,1064,-1,1063,1064,1065,-1,1065,1064,1066,-1,1065,1066,1067,-1,1067,1066,1068,-1,1067,1068,1069,-1,1069,1068,1070,-1,1069,1070,1071,-1,1071,1070,1072,-1,1071,1072,1073,-1,1073,1072,1074,-1,1073,1074,1075,-1,1075,1074,1076,-1,1075,1076,1077,-1,1077,1076,1078,-1,1077,1078,1079,-1,1009,1079,1011,-1,1011,1079,1078,-1,1015,1017,1079,-1,1009,1008,1079,-1,1079,1008,1012,-1,1079,1012,1015,-1,1022,1024,1020,-1,1020,1024,1026,-1,1020,1026,1018,-1,1033,1035,1067,-1,1067,1035,1065,-1,1065,1035,1037,-1,1065,1037,1063,-1,1063,1037,1039,-1,1063,1039,1061,-1,1061,1039,1059,-1,1059,1039,1041,-1,1059,1041,1057,-1,1057,1041,1043,-1,1057,1043,1055,-1,1067,1069,1033,-1,1033,1069,1071,-1,1033,1071,1031,-1,1031,1071,1073,-1,1031,1073,1028,-1,1055,1043,1053,-1,1053,1043,1045,-1,1053,1045,1050,-1,1050,1045,1047,-1,1050,1047,1049,-1,1073,1075,1028,-1,1028,1075,1077,-1,1028,1077,1026,-1,1026,1077,1079,-1,1026,1079,1018,-1,1018,1079,1017,-1,1040,1038,1060,-1,1027,1025,1023,-1,1010,1011,1013,-1,1013,1011,1078,-1,1060,1038,1062,-1,1062,1038,1036,-1,1062,1036,1064,-1,1060,1058,1040,-1,1040,1058,1056,-1,1040,1056,1042,-1,1042,1056,1054,-1,1042,1054,1044,-1,1044,1054,1052,-1,1044,1052,1046,-1,1046,1052,1051,-1,1046,1051,1048,-1,1064,1036,1066,-1,1066,1036,1034,-1,1066,1034,1068,-1,1068,1034,1032,-1,1068,1032,1070,-1,1070,1032,1030,-1,1070,1030,1072,-1,1072,1030,1074,-1,1074,1030,1029,-1,1074,1029,1076,-1,1019,1016,1078,-1,1078,1016,1014,-1,1078,1014,1013,-1,1023,1021,1027,-1,1027,1021,1019,-1,1027,1019,1029,-1,1029,1019,1078,-1,1029,1078,1076,-1,1080,1081,1082,-1,1082,1081,1083,-1,1084,1080,1085,-1,1085,1080,1082,-1,1086,1084,1087,-1,1087,1084,1085,-1,1088,1086,1089,-1,1089,1086,1087,-1,1090,1088,1091,-1,1091,1088,1089,-1,1092,1090,1093,-1,1093,1090,1091,-1,1094,1092,1095,-1,1095,1092,1093,-1,1096,1094,1097,-1,1097,1094,1095,-1,1098,1096,1099,-1,1099,1096,1097,-1,1100,1098,1101,-1,1101,1098,1099,-1,1102,1100,1103,-1,1103,1100,1101,-1,1081,1102,1083,-1,1083,1102,1103,-1,1102,1081,1080,-1,1080,1084,1102,-1,1102,1084,1086,-1,1102,1086,1100,-1,1096,1098,1094,-1,1094,1098,1100,-1,1094,1100,1092,-1,1092,1100,1086,-1,1092,1086,1090,-1,1090,1086,1088,-1,1101,1099,1097,-1,1097,1095,1101,-1,1101,1095,1093,-1,1101,1093,1103,-1,1082,1083,1085,-1,1085,1083,1103,-1,1085,1103,1087,-1,1087,1103,1093,-1,1087,1093,1089,-1,1089,1093,1091,-1,1104,1105,1106,-1,1106,1105,1107,-1,1106,1107,1108,-1,1108,1107,1109,-1,1108,1109,1110,-1,1110,1109,1111,-1,1110,1111,1112,-1,1112,1111,1113,-1,1112,1113,1114,-1,1114,1113,1115,-1,1114,1115,1116,-1,1116,1115,1117,-1,1116,1117,1118,-1,1118,1117,1119,-1,1118,1119,1120,-1,1121,1122,1123,-1,1123,1122,1124,-1,1123,1124,1125,-1,1125,1124,1126,-1,1125,1126,1127,-1,1127,1126,1128,-1,1127,1128,1129,-1,1128,1130,1129,-1,1129,1130,1131,-1,1129,1131,1132,-1,1132,1131,1133,-1,1132,1133,1134,-1,1134,1133,1135,-1,1134,1135,1136,-1,1136,1135,1137,-1,1136,1137,1138,-1,1138,1137,1139,-1,1138,1139,1140,-1,1140,1139,1141,-1,1140,1141,1142,-1,1142,1141,1143,-1,1142,1143,1144,-1,1144,1143,1145,-1,1144,1145,1146,-1,1146,1145,1147,-1,1146,1147,1148,-1,1148,1147,1149,-1,1148,1149,1150,-1,1150,1149,1151,-1,1150,1151,1152,-1,1152,1151,1153,-1,1152,1153,1154,-1,1154,1153,1155,-1,1154,1155,1156,-1,1156,1155,1157,-1,1156,1157,1158,-1,1158,1157,1159,-1,1158,1159,1160,-1,1160,1159,1161,-1,1160,1161,1162,-1,1162,1161,1163,-1,1162,1163,1104,-1,1104,1163,1164,-1,1104,1164,1105,-1,1119,1165,1120,-1,1120,1165,1166,-1,1120,1166,1167,-1,1167,1166,1168,-1,1167,1168,1169,-1,1169,1168,1170,-1,1169,1170,1171,-1,1171,1170,1172,-1,1171,1172,1173,-1,1173,1172,1174,-1,1173,1174,1175,-1,1175,1174,1176,-1,1175,1176,1121,-1,1121,1176,1177,-1,1121,1177,1122,-1,1178,1179,1180,-1,1180,1179,1181,-1,1180,1181,1182,-1,1182,1181,1183,-1,1182,1183,1184,-1,1184,1183,1185,-1,1184,1185,1186,-1,1186,1185,1187,-1,1186,1187,1188,-1,1188,1187,1189,-1,1188,1189,1190,-1,1191,1192,1193,-1,1193,1192,1194,-1,1193,1194,1195,-1,1195,1194,1196,-1,1195,1196,1197,-1,1197,1196,1198,-1,1197,1198,1199,-1,1199,1198,1200,-1,1199,1200,1201,-1,1201,1200,1202,-1,1201,1202,1203,-1,1203,1202,1204,-1,1203,1204,1205,-1,1205,1204,1206,-1,1205,1206,1207,-1,1207,1206,1208,-1,1207,1208,1209,-1,1209,1208,1210,-1,1209,1210,1211,-1,1211,1210,1212,-1,1211,1212,1213,-1,1213,1212,1214,-1,1213,1214,1215,-1,1215,1214,1216,-1,1215,1216,1217,-1,1217,1216,1218,-1,1217,1218,1219,-1,1219,1218,1220,-1,1219,1220,1178,-1,1178,1220,1221,-1,1178,1221,1179,-1,1222,1223,1224,-1,1224,1223,1225,-1,1224,1225,1226,-1,1226,1225,1227,-1,1226,1227,1228,-1,1228,1227,1229,-1,1228,1229,1230,-1,1230,1229,1231,-1,1230,1231,1232,-1,1232,1231,1233,-1,1232,1233,1234,-1,1234,1233,1235,-1,1234,1235,1236,-1,1236,1235,1237,-1,1236,1237,1191,-1,1191,1237,1238,-1,1191,1238,1192,-1,1189,1239,1190,-1,1190,1239,1240,-1,1190,1240,1241,-1,1241,1240,1242,-1,1241,1242,1243,-1,1243,1242,1244,-1,1243,1244,1245,-1,1245,1244,1246,-1,1245,1246,1247,-1,1247,1246,1248,-1,1247,1248,1249,-1,1249,1248,1250,-1,1249,1250,1222,-1,1222,1250,1251,-1,1222,1251,1223,-1,1157,1155,1202,-1,1202,1155,1204,-1,1157,1202,1200,-1,1157,1200,1159,-1,1159,1200,1198,-1,1159,1198,1161,-1,1161,1198,1196,-1,1161,1196,1163,-1,1163,1196,1194,-1,1163,1194,1164,-1,1164,1194,1192,-1,1164,1192,1105,-1,1105,1192,1238,-1,1105,1238,1107,-1,1107,1238,1237,-1,1107,1237,1109,-1,1109,1237,1235,-1,1109,1235,1111,-1,1111,1235,1233,-1,1111,1233,1113,-1,1113,1233,1231,-1,1113,1231,1115,-1,1115,1231,1229,-1,1115,1229,1117,-1,1117,1229,1227,-1,1117,1227,1119,-1,1119,1227,1225,-1,1119,1225,1165,-1,1165,1225,1223,-1,1165,1223,1166,-1,1166,1223,1251,-1,1166,1251,1168,-1,1168,1251,1250,-1,1168,1250,1170,-1,1170,1250,1248,-1,1170,1248,1172,-1,1172,1248,1246,-1,1172,1246,1174,-1,1174,1246,1244,-1,1174,1244,1176,-1,1176,1244,1242,-1,1176,1242,1177,-1,1177,1242,1240,-1,1177,1240,1122,-1,1122,1240,1239,-1,1122,1239,1124,-1,1124,1239,1189,-1,1124,1189,1126,-1,1126,1189,1187,-1,1126,1187,1128,-1,1128,1187,1185,-1,1128,1185,1130,-1,1130,1185,1183,-1,1130,1183,1131,-1,1131,1183,1181,-1,1131,1181,1133,-1,1133,1181,1179,-1,1133,1179,1135,-1,1135,1179,1221,-1,1135,1221,1137,-1,1137,1221,1220,-1,1137,1220,1139,-1,1139,1220,1218,-1,1139,1218,1141,-1,1141,1218,1216,-1,1141,1216,1143,-1,1143,1216,1214,-1,1143,1214,1145,-1,1145,1214,1212,-1,1145,1212,1147,-1,1147,1212,1210,-1,1147,1210,1149,-1,1149,1210,1208,-1,1149,1208,1151,-1,1153,1151,1206,-1,1206,1151,1208,-1,1155,1153,1204,-1,1204,1153,1206,-1,1150,1152,1207,-1,1207,1152,1205,-1,1152,1154,1205,-1,1205,1154,1203,-1,1154,1156,1203,-1,1203,1156,1201,-1,1112,1232,1234,-1,1112,1234,1110,-1,1110,1234,1236,-1,1110,1236,1108,-1,1108,1236,1191,-1,1108,1191,1106,-1,1106,1191,1193,-1,1106,1193,1104,-1,1104,1193,1195,-1,1104,1195,1162,-1,1162,1195,1197,-1,1162,1197,1160,-1,1160,1197,1199,-1,1160,1199,1158,-1,1158,1199,1201,-1,1158,1201,1156,-1,1173,1245,1247,-1,1173,1247,1171,-1,1171,1247,1249,-1,1171,1249,1169,-1,1169,1249,1222,-1,1169,1222,1167,-1,1167,1222,1224,-1,1167,1224,1120,-1,1120,1224,1226,-1,1120,1226,1118,-1,1118,1226,1228,-1,1118,1228,1116,-1,1116,1228,1230,-1,1116,1230,1114,-1,1114,1230,1232,-1,1114,1232,1112,-1,1134,1180,1182,-1,1134,1182,1132,-1,1132,1182,1184,-1,1132,1184,1129,-1,1129,1184,1186,-1,1129,1186,1127,-1,1127,1186,1188,-1,1127,1188,1125,-1,1125,1188,1190,-1,1125,1190,1123,-1,1123,1190,1241,-1,1123,1241,1121,-1,1121,1241,1243,-1,1121,1243,1175,-1,1175,1243,1245,-1,1175,1245,1173,-1,1150,1207,1209,-1,1150,1209,1148,-1,1148,1209,1211,-1,1148,1211,1146,-1,1146,1211,1213,-1,1146,1213,1144,-1,1144,1213,1215,-1,1144,1215,1142,-1,1142,1215,1217,-1,1142,1217,1140,-1,1140,1217,1219,-1,1140,1219,1138,-1,1138,1219,1178,-1,1138,1178,1136,-1,1136,1178,1180,-1,1136,1180,1134,-1,1252,1253,1254,-1,1254,1253,1255,-1,1256,1257,1252,-1,1252,1257,1258,-1,1252,1258,1253,-1,1253,1258,1259,-1,1256,1260,1257,-1,1257,1260,1261,-1,1257,1261,1262,-1,1262,1261,1263,-1,1262,1263,1264,-1,1264,1265,1262,-1,1262,1265,1254,-1,1262,1254,1266,-1,1266,1254,1255,-1,1266,1255,1267,-1,1268,1269,1270,-1,1269,1271,1270,-1,1270,1271,1272,-1,1270,1272,1273,-1,1273,1272,1274,-1,1273,1274,1275,-1,1275,1276,1273,-1,1273,1276,1277,-1,1273,1277,1278,-1,1279,1280,1281,-1,1282,1278,1283,-1,1283,1278,1277,-1,1283,1277,1281,-1,1281,1277,1268,-1,1281,1268,1279,-1,1279,1268,1270,-1,1262,1266,1270,-1,1270,1266,1279,-1,1257,1262,1273,-1,1273,1262,1270,-1,1258,1257,1278,-1,1278,1257,1273,-1,1259,1258,1282,-1,1282,1258,1278,-1,1253,1259,1283,-1,1283,1259,1282,-1,1255,1253,1281,-1,1281,1253,1283,-1,1267,1255,1280,-1,1280,1255,1281,-1,1266,1267,1279,-1,1279,1267,1280,-1,1252,1254,1277,-1,1277,1254,1268,-1,1254,1265,1268,-1,1268,1265,1269,-1,1263,1272,1271,-1,1263,1271,1264,-1,1264,1271,1269,-1,1264,1269,1265,-1,1263,1261,1272,-1,1272,1261,1274,-1,1256,1276,1275,-1,1256,1275,1260,-1,1260,1275,1274,-1,1260,1274,1261,-1,1256,1252,1276,-1,1276,1252,1277,-1,1284,1285,1286,-1,1287,1288,1289,-1,1290,1291,1292,-1,1293,1294,1295,-1,1295,1294,1296,-1,1295,1296,1297,-1,1298,1299,1300,-1,1301,1302,1303,-1,1304,1305,1286,-1,1286,1305,1306,-1,1286,1306,1284,-1,1307,1308,1309,-1,1309,1308,1310,-1,1309,1310,1311,-1,1311,1310,1312,-1,1311,1312,1313,-1,1313,1312,1314,-1,1313,1314,1315,-1,1316,1317,1318,-1,1318,1317,1319,-1,1318,1319,1320,-1,1321,1285,1322,-1,1322,1285,1323,-1,1322,1323,1316,-1,1316,1323,1324,-1,1316,1324,1317,-1,1325,1326,1310,-1,1310,1326,1327,-1,1310,1327,1312,-1,1312,1327,1328,-1,1312,1328,1329,-1,1330,1331,1332,-1,1303,1302,1333,-1,1333,1302,1334,-1,1333,1334,1335,-1,1335,1334,1336,-1,1335,1336,1337,-1,1292,1291,1338,-1,1338,1291,1339,-1,1338,1339,1340,-1,1341,1342,1286,-1,1286,1342,1343,-1,1286,1343,1304,-1,1330,1332,1344,-1,1344,1332,1345,-1,1344,1345,1346,-1,1346,1345,1347,-1,1346,1347,1348,-1,1315,1349,1313,-1,1313,1349,1350,-1,1313,1350,1351,-1,1352,1286,1353,-1,1353,1286,1285,-1,1353,1285,1354,-1,1354,1285,1321,-1,1300,1299,1355,-1,1355,1299,1356,-1,1355,1356,1357,-1,1358,1359,1360,-1,1360,1359,1361,-1,1360,1361,1362,-1,1362,1361,1363,-1,1362,1363,1364,-1,1364,1363,1365,-1,1364,1365,1366,-1,1367,1368,1369,-1,1369,1368,1370,-1,1369,1370,1341,-1,1341,1370,1371,-1,1341,1371,1342,-1,1331,1330,1372,-1,1372,1330,1373,-1,1372,1373,1374,-1,1374,1373,1375,-1,1374,1375,1376,-1,1376,1375,1377,-1,1376,1377,1289,-1,1289,1377,1378,-1,1289,1378,1287,-1,1352,1379,1286,-1,1286,1379,1380,-1,1286,1380,1381,-1,1381,1380,1382,-1,1383,1384,1385,-1,1385,1384,1386,-1,1385,1386,1387,-1,1300,1388,1298,-1,1298,1388,1389,-1,1298,1389,1383,-1,1383,1389,1390,-1,1383,1390,1384,-1,1329,1391,1312,-1,1312,1391,1392,-1,1312,1392,1393,-1,1393,1392,1320,-1,1393,1320,1394,-1,1394,1320,1319,-1,1303,1395,1301,-1,1301,1395,1396,-1,1301,1396,1397,-1,1397,1396,1398,-1,1397,1398,1399,-1,1399,1398,1400,-1,1399,1400,1401,-1,1401,1400,1402,-1,1401,1402,1403,-1,1292,1404,1290,-1,1290,1404,1405,-1,1290,1405,1406,-1,1406,1405,1407,-1,1406,1407,1408,-1,1408,1407,1409,-1,1408,1409,1410,-1,1410,1409,1289,-1,1410,1289,1411,-1,1411,1289,1288,-1,1295,1412,1293,-1,1293,1412,1413,-1,1293,1413,1414,-1,1414,1413,1415,-1,1414,1415,1416,-1,1417,1418,1419,-1,1419,1418,1420,-1,1419,1420,1421,-1,1421,1420,1422,-1,1421,1422,1367,-1,1367,1422,1423,-1,1367,1423,1368,-1,1357,1356,1310,-1,1310,1356,1424,-1,1310,1424,1325,-1,1425,1426,1427,-1,1427,1426,1428,-1,1427,1428,1429,-1,1429,1428,1430,-1,1429,1430,1358,-1,1358,1430,1431,-1,1358,1431,1359,-1,1402,1432,1403,-1,1403,1432,1433,-1,1403,1433,1434,-1,1434,1433,1435,-1,1434,1435,1425,-1,1425,1435,1436,-1,1425,1436,1426,-1,1386,1437,1387,-1,1387,1437,1438,-1,1387,1438,1439,-1,1439,1438,1440,-1,1439,1440,1382,-1,1382,1440,1441,-1,1382,1441,1381,-1,1442,1443,1444,-1,1445,1446,1447,-1,1447,1446,1448,-1,1449,1450,1451,-1,1451,1450,1452,-1,1451,1452,1453,-1,1453,1452,1454,-1,1453,1454,1455,-1,1455,1454,1456,-1,1455,1456,1457,-1,1457,1456,1458,-1,1457,1458,1417,-1,1417,1458,1459,-1,1417,1459,1418,-1,1297,1460,1295,-1,1295,1460,1461,-1,1295,1461,1462,-1,1462,1461,1463,-1,1462,1463,1464,-1,1464,1463,1366,-1,1464,1366,1465,-1,1465,1366,1365,-1,1466,1467,1442,-1,1442,1467,1468,-1,1442,1468,1443,-1,1336,1469,1337,-1,1337,1469,1442,-1,1337,1442,1470,-1,1470,1442,1444,-1,1340,1339,1471,-1,1471,1339,1472,-1,1471,1472,1445,-1,1445,1472,1473,-1,1445,1473,1446,-1,1474,1475,1476,-1,1475,1477,1476,-1,1476,1477,1478,-1,1476,1478,1479,-1,1347,1480,1348,-1,1348,1480,1481,-1,1348,1481,1482,-1,1482,1481,1483,-1,1482,1483,1449,-1,1449,1483,1484,-1,1449,1484,1450,-1,1466,1442,1476,-1,1476,1442,1485,-1,1476,1485,1474,-1,1415,1486,1416,-1,1416,1486,1487,-1,1416,1487,1488,-1,1488,1487,1489,-1,1488,1489,1490,-1,1490,1489,1491,-1,1490,1491,1492,-1,1492,1491,1493,-1,1492,1493,1494,-1,1494,1493,1495,-1,1494,1495,1448,-1,1448,1495,1496,-1,1448,1496,1447,-1,1497,1498,1499,-1,1499,1498,1500,-1,1499,1500,1501,-1,1500,1502,1501,-1,1501,1502,1503,-1,1501,1503,1504,-1,1504,1503,1505,-1,1506,1507,1508,-1,1508,1507,1509,-1,1510,1511,1512,-1,1513,1514,1515,-1,1515,1514,1516,-1,1515,1516,1517,-1,1518,1519,1501,-1,1501,1519,1520,-1,1501,1520,1499,-1,1499,1520,1521,-1,1522,1523,1524,-1,1525,1526,1503,-1,1503,1526,1527,-1,1503,1527,1505,-1,1528,1529,1530,-1,1531,1532,1533,-1,1533,1532,1534,-1,1533,1534,1535,-1,1535,1534,1536,-1,1535,1536,1537,-1,1524,1523,1538,-1,1538,1523,1539,-1,1538,1539,1540,-1,1540,1539,1541,-1,1540,1541,1542,-1,1542,1541,1543,-1,1543,1541,1544,-1,1543,1544,1545,-1,1545,1544,1508,-1,1545,1508,1546,-1,1546,1508,1509,-1,1546,1509,1517,-1,1517,1509,1547,-1,1517,1547,1515,-1,1548,1549,1550,-1,1550,1549,1551,-1,1550,1551,1552,-1,1552,1551,1553,-1,1552,1553,1554,-1,1512,1511,1555,-1,1555,1511,1556,-1,1555,1556,1557,-1,1558,1559,1553,-1,1515,1560,1513,-1,1513,1560,1561,-1,1513,1561,1562,-1,1557,1556,1563,-1,1563,1556,1564,-1,1563,1564,1565,-1,1565,1564,1566,-1,1565,1566,1567,-1,1568,1569,1570,-1,1570,1569,1571,-1,1570,1571,1572,-1,1572,1571,1573,-1,1572,1573,1574,-1,1574,1573,1575,-1,1574,1575,1576,-1,1577,1578,1579,-1,1579,1578,1580,-1,1579,1580,1581,-1,1581,1580,1582,-1,1581,1582,1583,-1,1559,1584,1553,-1,1553,1584,1585,-1,1553,1585,1554,-1,1586,1587,1588,-1,1588,1587,1513,-1,1588,1513,1589,-1,1589,1513,1562,-1,1590,1591,1592,-1,1592,1591,1593,-1,1592,1593,1594,-1,1536,1595,1537,-1,1537,1595,1596,-1,1537,1596,1597,-1,1597,1596,1565,-1,1597,1565,1598,-1,1530,1529,1599,-1,1599,1529,1600,-1,1599,1600,1501,-1,1501,1600,1601,-1,1501,1601,1518,-1,1593,1602,1594,-1,1594,1602,1603,-1,1594,1603,1604,-1,1604,1603,1605,-1,1604,1605,1606,-1,1606,1605,1499,-1,1606,1499,1607,-1,1607,1499,1521,-1,1590,1608,1609,-1,1598,1565,1610,-1,1610,1565,1567,-1,1610,1567,1611,-1,1612,1613,1614,-1,1614,1613,1615,-1,1582,1616,1583,-1,1583,1616,1617,-1,1583,1617,1618,-1,1618,1617,1619,-1,1618,1619,1568,-1,1568,1619,1620,-1,1568,1620,1569,-1,1553,1621,1558,-1,1558,1621,1622,-1,1558,1622,1623,-1,1623,1622,1624,-1,1623,1624,1625,-1,1625,1624,1626,-1,1625,1626,1627,-1,1627,1626,1628,-1,1627,1628,1577,-1,1577,1628,1629,-1,1577,1629,1578,-1,1530,1630,1528,-1,1528,1630,1631,-1,1528,1631,1632,-1,1632,1631,1633,-1,1632,1633,1586,-1,1586,1633,1634,-1,1586,1634,1587,-1,1635,1636,1590,-1,1590,1636,1637,-1,1590,1637,1608,-1,1609,1638,1590,-1,1590,1638,1639,-1,1590,1639,1591,-1,1640,1641,1642,-1,1642,1641,1643,-1,1642,1643,1644,-1,1524,1645,1522,-1,1522,1645,1646,-1,1522,1646,1647,-1,1647,1646,1648,-1,1647,1648,1649,-1,1649,1648,1650,-1,1649,1650,1651,-1,1651,1650,1652,-1,1651,1652,1653,-1,1653,1652,1654,-1,1653,1654,1640,-1,1640,1654,1655,-1,1640,1655,1641,-1,1575,1656,1576,-1,1576,1656,1657,-1,1576,1657,1658,-1,1658,1657,1659,-1,1658,1659,1660,-1,1660,1659,1661,-1,1660,1661,1662,-1,1662,1661,1663,-1,1662,1663,1664,-1,1664,1663,1665,-1,1664,1665,1666,-1,1666,1665,1667,-1,1666,1667,1614,-1,1614,1667,1668,-1,1614,1668,1612,-1,1615,1669,1614,-1,1614,1669,1670,-1,1614,1670,1671,-1,1506,1508,1590,-1,1590,1508,1672,-1,1590,1672,1635,-1,1643,1673,1644,-1,1644,1673,1674,-1,1644,1674,1675,-1,1675,1674,1676,-1,1675,1676,1677,-1,1677,1676,1678,-1,1677,1678,1531,-1,1531,1678,1679,-1,1531,1679,1532,-1,1680,1681,1671,-1,1671,1681,1682,-1,1671,1682,1683,-1,1684,1685,1686,-1,1686,1685,1687,-1,1686,1687,1548,-1,1548,1687,1688,-1,1548,1688,1549,-1,1512,1689,1510,-1,1510,1689,1690,-1,1510,1690,1691,-1,1691,1690,1692,-1,1691,1692,1693,-1,1693,1692,1694,-1,1693,1694,1695,-1,1695,1694,1696,-1,1695,1696,1697,-1,1697,1696,1698,-1,1697,1698,1699,-1,1699,1698,1700,-1,1699,1700,1701,-1,1701,1700,1702,-1,1701,1702,1703,-1,1703,1702,1704,-1,1703,1704,1705,-1,1705,1704,1706,-1,1705,1706,1684,-1,1684,1706,1707,-1,1684,1707,1685,-1,1683,1708,1671,-1,1671,1708,1709,-1,1671,1709,1614,-1,1428,1616,1582,-1,1428,1582,1430,-1,1430,1582,1580,-1,1430,1580,1431,-1,1431,1580,1578,-1,1431,1578,1359,-1,1359,1578,1629,-1,1359,1629,1361,-1,1361,1629,1628,-1,1361,1628,1363,-1,1363,1628,1626,-1,1363,1626,1365,-1,1365,1626,1624,-1,1365,1624,1465,-1,1465,1624,1622,-1,1465,1622,1464,-1,1464,1622,1621,-1,1464,1621,1462,-1,1462,1621,1553,-1,1462,1553,1295,-1,1295,1553,1551,-1,1295,1551,1412,-1,1412,1551,1549,-1,1412,1549,1413,-1,1413,1549,1688,-1,1413,1688,1415,-1,1415,1688,1687,-1,1415,1687,1486,-1,1486,1687,1685,-1,1486,1685,1487,-1,1487,1685,1707,-1,1487,1707,1489,-1,1489,1707,1706,-1,1489,1706,1491,-1,1491,1706,1704,-1,1491,1704,1493,-1,1493,1704,1702,-1,1493,1702,1495,-1,1495,1702,1700,-1,1495,1700,1496,-1,1496,1700,1698,-1,1496,1698,1447,-1,1447,1698,1696,-1,1447,1696,1445,-1,1445,1696,1694,-1,1445,1694,1471,-1,1471,1694,1692,-1,1471,1692,1340,-1,1340,1692,1690,-1,1340,1690,1338,-1,1338,1690,1689,-1,1338,1689,1292,-1,1292,1689,1512,-1,1292,1512,1404,-1,1404,1512,1555,-1,1404,1555,1405,-1,1405,1555,1557,-1,1405,1557,1407,-1,1407,1557,1563,-1,1407,1563,1409,-1,1409,1563,1565,-1,1409,1565,1289,-1,1289,1565,1596,-1,1289,1596,1376,-1,1376,1596,1595,-1,1376,1595,1374,-1,1374,1595,1536,-1,1374,1536,1372,-1,1372,1536,1534,-1,1372,1534,1331,-1,1331,1534,1532,-1,1331,1532,1332,-1,1332,1532,1679,-1,1332,1679,1345,-1,1345,1679,1678,-1,1345,1678,1347,-1,1347,1678,1676,-1,1347,1676,1480,-1,1480,1676,1674,-1,1480,1674,1481,-1,1481,1674,1673,-1,1481,1673,1483,-1,1483,1673,1643,-1,1483,1643,1484,-1,1484,1643,1641,-1,1484,1641,1450,-1,1450,1641,1655,-1,1450,1655,1452,-1,1452,1655,1654,-1,1452,1654,1454,-1,1454,1654,1652,-1,1454,1652,1456,-1,1456,1652,1650,-1,1456,1650,1458,-1,1458,1650,1648,-1,1458,1648,1459,-1,1459,1648,1646,-1,1459,1646,1418,-1,1418,1646,1645,-1,1418,1645,1420,-1,1420,1645,1524,-1,1420,1524,1422,-1,1422,1524,1538,-1,1422,1538,1423,-1,1423,1538,1540,-1,1423,1540,1368,-1,1368,1540,1542,-1,1368,1542,1370,-1,1370,1542,1543,-1,1370,1543,1371,-1,1371,1543,1545,-1,1371,1545,1342,-1,1342,1545,1546,-1,1342,1546,1343,-1,1343,1546,1517,-1,1343,1517,1304,-1,1304,1517,1516,-1,1304,1516,1305,-1,1305,1516,1514,-1,1305,1514,1306,-1,1306,1514,1513,-1,1306,1513,1284,-1,1284,1513,1587,-1,1284,1587,1285,-1,1285,1587,1634,-1,1285,1634,1323,-1,1323,1634,1633,-1,1323,1633,1324,-1,1324,1633,1631,-1,1324,1631,1317,-1,1317,1631,1630,-1,1317,1630,1319,-1,1319,1630,1530,-1,1319,1530,1394,-1,1394,1530,1599,-1,1394,1599,1393,-1,1393,1599,1501,-1,1393,1501,1312,-1,1312,1501,1504,-1,1312,1504,1314,-1,1314,1504,1505,-1,1314,1505,1315,-1,1315,1505,1527,-1,1315,1527,1349,-1,1349,1527,1526,-1,1349,1526,1350,-1,1350,1526,1525,-1,1350,1525,1351,-1,1351,1525,1503,-1,1351,1503,1313,-1,1313,1503,1502,-1,1313,1502,1311,-1,1309,1311,1500,-1,1500,1311,1502,-1,1307,1309,1498,-1,1498,1309,1500,-1,1308,1307,1497,-1,1497,1307,1498,-1,1310,1308,1499,-1,1499,1308,1497,-1,1310,1499,1605,-1,1310,1605,1357,-1,1357,1605,1603,-1,1357,1603,1355,-1,1355,1603,1602,-1,1355,1602,1300,-1,1300,1602,1593,-1,1300,1593,1388,-1,1388,1593,1591,-1,1388,1591,1389,-1,1389,1591,1639,-1,1389,1639,1390,-1,1390,1639,1638,-1,1390,1638,1384,-1,1384,1638,1609,-1,1384,1609,1386,-1,1386,1609,1608,-1,1386,1608,1437,-1,1437,1608,1637,-1,1437,1637,1438,-1,1438,1637,1636,-1,1438,1636,1440,-1,1440,1636,1635,-1,1440,1635,1441,-1,1441,1635,1672,-1,1441,1672,1381,-1,1381,1672,1508,-1,1381,1508,1286,-1,1286,1508,1544,-1,1286,1544,1341,-1,1341,1544,1541,-1,1341,1541,1369,-1,1369,1541,1539,-1,1369,1539,1367,-1,1367,1539,1523,-1,1367,1523,1421,-1,1421,1523,1522,-1,1421,1522,1419,-1,1419,1522,1647,-1,1419,1647,1417,-1,1417,1647,1649,-1,1417,1649,1457,-1,1457,1649,1651,-1,1457,1651,1455,-1,1455,1651,1653,-1,1455,1653,1453,-1,1453,1653,1640,-1,1453,1640,1451,-1,1451,1640,1642,-1,1451,1642,1449,-1,1449,1642,1644,-1,1449,1644,1482,-1,1482,1644,1675,-1,1482,1675,1348,-1,1348,1675,1677,-1,1348,1677,1346,-1,1346,1677,1531,-1,1346,1531,1344,-1,1344,1531,1533,-1,1344,1533,1330,-1,1330,1533,1535,-1,1330,1535,1373,-1,1373,1535,1537,-1,1373,1537,1375,-1,1375,1537,1597,-1,1375,1597,1377,-1,1377,1597,1598,-1,1377,1598,1378,-1,1378,1598,1610,-1,1378,1610,1287,-1,1287,1610,1611,-1,1287,1611,1288,-1,1288,1611,1567,-1,1288,1567,1411,-1,1411,1567,1566,-1,1411,1566,1410,-1,1410,1566,1564,-1,1410,1564,1408,-1,1408,1564,1556,-1,1408,1556,1406,-1,1406,1556,1511,-1,1406,1511,1290,-1,1290,1511,1510,-1,1290,1510,1291,-1,1291,1510,1691,-1,1291,1691,1339,-1,1339,1691,1693,-1,1339,1693,1472,-1,1472,1693,1695,-1,1472,1695,1473,-1,1473,1695,1697,-1,1473,1697,1446,-1,1446,1697,1699,-1,1446,1699,1448,-1,1448,1699,1701,-1,1448,1701,1494,-1,1494,1701,1703,-1,1494,1703,1492,-1,1492,1703,1705,-1,1492,1705,1490,-1,1490,1705,1684,-1,1490,1684,1488,-1,1488,1684,1686,-1,1488,1686,1416,-1,1416,1686,1548,-1,1416,1548,1414,-1,1414,1548,1550,-1,1414,1550,1293,-1,1293,1550,1552,-1,1293,1552,1294,-1,1294,1552,1554,-1,1294,1554,1296,-1,1296,1554,1585,-1,1296,1585,1297,-1,1460,1297,1584,-1,1584,1297,1585,-1,1460,1584,1559,-1,1460,1559,1461,-1,1461,1559,1558,-1,1461,1558,1463,-1,1463,1558,1623,-1,1463,1623,1366,-1,1366,1623,1625,-1,1366,1625,1364,-1,1364,1625,1627,-1,1364,1627,1362,-1,1362,1627,1577,-1,1362,1577,1360,-1,1360,1577,1579,-1,1360,1579,1358,-1,1358,1579,1581,-1,1358,1581,1429,-1,1429,1581,1583,-1,1429,1583,1427,-1,1427,1583,1618,-1,1427,1618,1425,-1,1425,1618,1568,-1,1425,1568,1434,-1,1434,1568,1570,-1,1434,1570,1403,-1,1403,1570,1572,-1,1403,1572,1401,-1,1401,1572,1574,-1,1401,1574,1399,-1,1399,1574,1576,-1,1399,1576,1397,-1,1397,1576,1658,-1,1397,1658,1301,-1,1301,1658,1660,-1,1301,1660,1302,-1,1302,1660,1662,-1,1302,1662,1334,-1,1336,1334,1664,-1,1664,1334,1662,-1,1336,1664,1666,-1,1336,1666,1469,-1,1469,1666,1614,-1,1469,1614,1442,-1,1442,1614,1709,-1,1442,1709,1485,-1,1485,1709,1708,-1,1485,1708,1474,-1,1474,1708,1683,-1,1474,1683,1475,-1,1475,1683,1682,-1,1475,1682,1477,-1,1477,1682,1681,-1,1477,1681,1478,-1,1478,1681,1680,-1,1478,1680,1479,-1,1479,1680,1671,-1,1479,1671,1476,-1,1476,1671,1670,-1,1476,1670,1466,-1,1466,1670,1669,-1,1466,1669,1467,-1,1467,1669,1615,-1,1467,1615,1468,-1,1468,1615,1613,-1,1468,1613,1443,-1,1443,1613,1612,-1,1443,1612,1444,-1,1444,1612,1668,-1,1444,1668,1470,-1,1470,1668,1667,-1,1470,1667,1337,-1,1337,1667,1665,-1,1337,1665,1335,-1,1333,1335,1663,-1,1663,1335,1665,-1,1333,1663,1661,-1,1333,1661,1303,-1,1303,1661,1659,-1,1303,1659,1395,-1,1395,1659,1657,-1,1395,1657,1396,-1,1396,1657,1656,-1,1396,1656,1398,-1,1398,1656,1575,-1,1398,1575,1400,-1,1400,1575,1573,-1,1400,1573,1402,-1,1402,1573,1571,-1,1402,1571,1432,-1,1432,1571,1569,-1,1432,1569,1433,-1,1433,1569,1620,-1,1433,1620,1435,-1,1435,1620,1619,-1,1435,1619,1436,-1,1436,1619,1617,-1,1436,1617,1426,-1,1426,1617,1616,-1,1426,1616,1428,-1,1383,1590,1592,-1,1383,1592,1298,-1,1298,1592,1594,-1,1298,1594,1299,-1,1299,1594,1604,-1,1299,1604,1356,-1,1356,1604,1606,-1,1356,1606,1424,-1,1424,1606,1607,-1,1424,1607,1325,-1,1325,1607,1521,-1,1325,1521,1326,-1,1326,1521,1520,-1,1326,1520,1327,-1,1327,1520,1519,-1,1327,1519,1328,-1,1328,1519,1518,-1,1328,1518,1329,-1,1329,1518,1601,-1,1329,1601,1391,-1,1391,1601,1600,-1,1391,1600,1392,-1,1392,1600,1529,-1,1392,1529,1320,-1,1320,1529,1528,-1,1320,1528,1318,-1,1318,1528,1632,-1,1318,1632,1316,-1,1316,1632,1586,-1,1316,1586,1322,-1,1322,1586,1588,-1,1322,1588,1321,-1,1321,1588,1589,-1,1321,1589,1354,-1,1354,1589,1562,-1,1354,1562,1353,-1,1353,1562,1561,-1,1353,1561,1352,-1,1352,1561,1560,-1,1352,1560,1379,-1,1379,1560,1515,-1,1379,1515,1380,-1,1380,1515,1547,-1,1380,1547,1382,-1,1382,1547,1509,-1,1382,1509,1439,-1,1439,1509,1507,-1,1439,1507,1387,-1,1387,1507,1506,-1,1387,1506,1385,-1,1385,1506,1590,-1,1385,1590,1383,-1,
        ]
    }
}