ISO-10303-21;
HEADER;
FILE_DESCRIPTION (( 'STEP AP214' ),
    '1' );
FILE_NAME ('SQS484EN-T1.STEP',
    '2021-09-29T14:14:13',
    ( '' ),
    ( '' ),
    'SwSTEP 2.0',
    'SolidWorks 2018',
    '' );
FILE_SCHEMA (( 'AUTOMOTIVE_DESIGN' ));
ENDSEC;

DATA;
#1 = VECTOR ( 'NONE', #25, 1000.000000000000000 ) ;
#2 = DIRECTION ( 'NONE',  ( 1.000000000000000000, 0.0000000000000000000, 0.0000000000000000000 ) ) ;
#3 = STYLED_ITEM ( 'NONE', ( #4152 ), #3726 ) ;
#4 = COLOUR_RGB ( '',1.000000000000000000, 1.000000000000000000, 1.000000000000000000 ) ;
#5 = FILL_AREA_STYLE ('',( #5392 ) ) ;
#6 =( GEOMETRIC_REPRESENTATION_CONTEXT ( 3 ) GLOBAL_UNCERTAINTY_ASSIGNED_CONTEXT ( ( #5701 ) ) GLOBAL_UNIT_ASSIGNED_CONTEXT ( ( #456, #50, #3597 ) ) REPRESENTATION_CONTEXT ( 'NONE', 'WORKASPACE' ) );
#7 = SURFACE_SIDE_STYLE ('',( #3648 ) ) ;
#8 = DIRECTION ( 'NONE',  ( -0.0000000000000000000, -0.0000000000000000000, -1.000000000000000000 ) ) ;
#9 = LINE ( 'NONE', #254, #3512 ) ;
#10 = EDGE_CURVE ( 'NONE', #3201, #3449, #1312, .T. ) ;
#11 = PLANE ( 'NONE',  #4440 ) ;
#12 = DIRECTION ( 'NONE',  ( -1.000000000000000000, 0.0000000000000000000, -2.853163611803958284E-16 ) ) ;
#13 =( NAMED_UNIT ( * ) PLANE_ANGLE_UNIT ( ) SI_UNIT ( $, .RADIAN. ) );
#14 = VECTOR ( 'NONE', #1902, 1000.000000000000000 ) ;
#15 = ADVANCED_FACE ( 'NONE', ( #5830 ), #4642, .F. ) ;
#16 = VERTEX_POINT ( 'NONE', #2417 ) ;
#17 = EDGE_LOOP ( 'NONE', ( #879, #1445, #508, #229 ) ) ;
#18 = ORIENTED_EDGE ( 'NONE', *, *, #3994, .F. ) ;
#19 = CARTESIAN_POINT ( 'NONE',  ( 1.655000000000000249, 0.2800000000000000266, 0.4749999999999997558 ) ) ;
#20 = ORIENTED_EDGE ( 'NONE', *, *, #1470, .F. ) ;
#21 = DIRECTION ( 'NONE',  ( 1.000000000000000000, -0.0000000000000000000, -0.0000000000000000000 ) ) ;
#22 = VECTOR ( 'NONE', #5335, 1000.000000000000000 ) ;
#23 = VERTEX_POINT ( 'NONE', #692 ) ;
#24 = ORIENTED_EDGE ( 'NONE', *, *, #4807, .T. ) ;
#25 = DIRECTION ( 'NONE',  ( 0.0000000000000000000, 0.0000000000000000000, -1.000000000000000000 ) ) ;
#26 = ORIENTED_EDGE ( 'NONE', *, *, #284, .F. ) ;
#27 = VECTOR ( 'NONE', #339, 1000.000000000000000 ) ;
#28 = ORIENTED_EDGE ( 'NONE', *, *, #2758, .F. ) ;
#29 = EDGE_LOOP ( 'NONE', ( #3706, #1061, #4450, #3061 ) ) ;
#30 = DIRECTION ( 'NONE',  ( 0.0000000000000000000, 0.0000000000000000000, 1.000000000000000000 ) ) ;
#31 = DIRECTION ( 'NONE',  ( 0.0000000000000000000, -0.0000000000000000000, 1.000000000000000000 ) ) ;
#32 = EDGE_CURVE ( 'NONE', #5364, #4263, #5244, .T. ) ;
#33 = DIRECTION ( 'NONE',  ( -0.0000000000000000000, 1.000000000000000000, -0.0000000000000000000 ) ) ;
#34 = DIRECTION ( 'NONE',  ( 1.000000000000000000, 0.0000000000000000000, -0.0000000000000000000 ) ) ;
#35 =( NAMED_UNIT ( * ) SI_UNIT ( $, .STERADIAN. ) SOLID_ANGLE_UNIT ( ) );
#36 = ORIENTED_EDGE ( 'NONE', *, *, #4560, .T. ) ;
#37 = VECTOR ( 'NONE', #586, 1000.000000000000000 ) ;
#38 = ORIENTED_EDGE ( 'NONE', *, *, #2912, .T. ) ;
#39 = ORIENTED_EDGE ( 'NONE', *, *, #4414, .F. ) ;
#40 = STYLED_ITEM ( 'NONE', ( #4670 ), #366 ) ;
#41 = DIRECTION ( 'NONE',  ( 0.0000000000000000000, 1.000000000000000000, 0.0000000000000000000 ) ) ;
#42 = VECTOR ( 'NONE', #5672, 1000.000000000000000 ) ;
#43 = DIRECTION ( 'NONE',  ( 0.0000000000000000000, -0.0000000000000000000, -1.000000000000000000 ) ) ;
#44 = ADVANCED_FACE ( 'NONE', ( #2728 ), #2903, .F. ) ;
#45 = PRESENTATION_LAYER_ASSIGNMENT (  '', '', ( #4251 ) ) ;
#46 = APPLICATION_PROTOCOL_DEFINITION ( 'draft international standard', 'automotive_design', 1998, #4085 ) ;
#47 = EDGE_CURVE ( 'NONE', #2576, #2161, #1817, .T. ) ;
#48 = SURFACE_SIDE_STYLE ('',( #4632 ) ) ;
#49 = ORIENTED_EDGE ( 'NONE', *, *, #4672, .F. ) ;
#50 =( NAMED_UNIT ( * ) PLANE_ANGLE_UNIT ( ) SI_UNIT ( $, .RADIAN. ) );
#51 = VECTOR ( 'NONE', #459, 1000.000000000000000 ) ;
#52 = DIRECTION ( 'NONE',  ( 0.0000000000000000000, 0.0000000000000000000, 1.000000000000000000 ) ) ;
#53 =( NAMED_UNIT ( * ) PLANE_ANGLE_UNIT ( ) SI_UNIT ( $, .RADIAN. ) );
#54 = VECTOR ( 'NONE', #792, 1000.000000000000000 ) ;
#55 = VERTEX_POINT ( 'NONE', #5638 ) ;
#56 = CARTESIAN_POINT ( 'NONE',  ( 1.245000000000000329, 0.0000000000000000000, 0.1749999999999998501 ) ) ;
#57 = PLANE ( 'NONE',  #4071 ) ;
#58 = EDGE_CURVE ( 'NONE', #5738, #4367, #1377, .T. ) ;
#59 = CARTESIAN_POINT ( 'NONE',  ( 1.655000000000000249, 0.2800000000000000266, -0.4749999999999997558 ) ) ;
#60 = LINE ( 'NONE', #1622, #3158 ) ;
#61 = FACE_OUTER_BOUND ( 'NONE', #4304, .T. ) ;
#62 = CARTESIAN_POINT ( 'NONE',  ( -1.225000000000006528, 0.2800000000000000266, 1.125000000000000222 ) ) ;
#63 = ORIENTED_EDGE ( 'NONE', *, *, #2441, .T. ) ;
#64 = SURFACE_STYLE_FILL_AREA ( #4846 ) ;
#65 = CARTESIAN_POINT ( 'NONE',  ( 1.245000000000000329, 0.2800000000000000266, 0.8249999999999997335 ) ) ;
#66 = DIRECTION ( 'NONE',  ( -7.228014483236698528E-16, 0.0000000000000000000, 1.000000000000000000 ) ) ;
#67 =( GEOMETRIC_REPRESENTATION_CONTEXT ( 3 ) GLOBAL_UNCERTAINTY_ASSIGNED_CONTEXT ( ( #1036 ) ) GLOBAL_UNIT_ASSIGNED_CONTEXT ( ( #1126, #5254, #5714 ) ) REPRESENTATION_CONTEXT ( 'NONE', 'WORKASPACE' ) );
#68 = VECTOR ( 'NONE', #5646, 1000.000000000000000 ) ;
#69 = DIRECTION ( 'NONE',  ( -0.0000000000000000000, -0.0000000000000000000, -1.000000000000000000 ) ) ;
#70 = DIRECTION ( 'NONE',  ( -1.322197771323785883E-16, 0.0000000000000000000, 1.000000000000000000 ) ) ;
#71 = AXIS2_PLACEMENT_3D ( 'NONE', #789, #4778, #4861 ) ;
#72 = DIRECTION ( 'NONE',  ( -0.0000000000000000000, 1.000000000000000000, -0.0000000000000000000 ) ) ;
#73 =( NAMED_UNIT ( * ) PLANE_ANGLE_UNIT ( ) SI_UNIT ( $, .RADIAN. ) );
#74 = ADVANCED_FACE ( 'NONE', ( #2805 ), #4662, .T. ) ;
#75 = EDGE_CURVE ( 'NONE', #4749, #5652, #3756, .T. ) ;
#76 = LINE ( 'NONE', #5188, #4502 ) ;
#77 = CARTESIAN_POINT ( 'NONE',  ( -0.02499999999999971342, 0.0000000000000000000, 1.054999999999999938 ) ) ;
#78 = MECHANICAL_DESIGN_GEOMETRIC_PRESENTATION_REPRESENTATION (  '', ( #5509 ), #1277 ) ;
#79 = LINE ( 'NONE', #749, #2360 ) ;
#80 = COLOUR_RGB ( '',1.000000000000000000, 1.000000000000000000, 1.000000000000000000 ) ;
#81 = DIRECTION ( 'NONE',  ( -1.000000000000000000, 0.0000000000000000000, -1.322197771323785883E-16 ) ) ;
#82 = VECTOR ( 'NONE', #1079, 1000.000000000000000 ) ;
#83 = FILL_AREA_STYLE_COLOUR ( '', #4068 ) ;
#84 = EDGE_CURVE ( 'NONE', #3608, #4749, #178, .T. ) ;
#85 = DIRECTION ( 'NONE',  ( 0.0000000000000000000, 1.000000000000000000, 0.0000000000000000000 ) ) ;
#86 = SURFACE_STYLE_USAGE ( .BOTH. , #517 ) ;
#87 = PRESENTATION_LAYER_ASSIGNMENT (  '', '', ( #4119 ) ) ;
#88 = ORIENTED_EDGE ( 'NONE', *, *, #5611, .T. ) ;
#89 = CARTESIAN_POINT ( 'NONE',  ( -1.225000000000001865, 0.2800000000000000266, -0.1749999999999998224 ) ) ;
#90 = DIRECTION ( 'NONE',  ( 0.0000000000000000000, 0.0000000000000000000, 1.000000000000000000 ) ) ;
#91 = CARTESIAN_POINT ( 'NONE',  ( 1.524999999999999911, 0.0000000000000000000, -1.525000000000000355 ) ) ;
#92 = LINE ( 'NONE', #4612, #4720 ) ;
#93 = ORIENTED_EDGE ( 'NONE', *, *, #347, .T. ) ;
#94 = ORIENTED_EDGE ( 'NONE', *, *, #979, .F. ) ;
#95 = DIRECTION ( 'NONE',  ( -1.000000000000000000, -0.0000000000000000000, -0.0000000000000000000 ) ) ;
#96 = VERTEX_POINT ( 'NONE', #5659 ) ;
#97 = ORIENTED_EDGE ( 'NONE', *, *, #2562, .T. ) ;
#98 = ORIENTED_EDGE ( 'NONE', *, *, #4363, .F. ) ;
#99 = PRESENTATION_LAYER_ASSIGNMENT (  '', '', ( #4425 ) ) ;
#100 = PRESENTATION_LAYER_ASSIGNMENT (  '', '', ( #2928 ) ) ;
#101 = ORIENTED_EDGE ( 'NONE', *, *, #3345, .F. ) ;
#102 = ADVANCED_FACE ( 'NONE', ( #5239 ), #5575, .F. ) ;
#103 = LINE ( 'NONE', #1125, #1886 ) ;
#104 = ORIENTED_EDGE ( 'NONE', *, *, #5550, .F. ) ;
#105 = DIRECTION ( 'NONE',  ( 0.0000000000000000000, 0.0000000000000000000, 1.000000000000000000 ) ) ;
#106 = UNCERTAINTY_MEASURE_WITH_UNIT (LENGTH_MEASURE( 1.000000000000000082E-05 ), #425, 'distance_accuracy_value', 'NONE');
#107 = ORIENTED_EDGE ( 'NONE', *, *, #3658, .T. ) ;
#108 =( NAMED_UNIT ( * ) PLANE_ANGLE_UNIT ( ) SI_UNIT ( $, .RADIAN. ) );
#109 = DIRECTION ( 'NONE',  ( -0.0000000000000000000, 1.000000000000000000, -0.0000000000000000000 ) ) ;
#110 = EDGE_CURVE ( 'NONE', #4107, #2450, #4185, .T. ) ;
#111 = LINE ( 'NONE', #2404, #4319 ) ;
#112 = CARTESIAN_POINT ( 'NONE',  ( -1.224999999999999867, -0.02000000000000000042, -0.8249999999999997335 ) ) ;
#113 = DIRECTION ( 'NONE',  ( -0.0000000000000000000, 1.000000000000000000, -0.0000000000000000000 ) ) ;
#114 = UNCERTAINTY_MEASURE_WITH_UNIT (LENGTH_MEASURE( 1.000000000000000082E-05 ), #2041, 'distance_accuracy_value', 'NONE');
#115 =( GEOMETRIC_REPRESENTATION_CONTEXT ( 3 ) GLOBAL_UNCERTAINTY_ASSIGNED_CONTEXT ( ( #4101 ) ) GLOBAL_UNIT_ASSIGNED_CONTEXT ( ( #4007, #5395, #4461 ) ) REPRESENTATION_CONTEXT ( 'NONE', 'WORKASPACE' ) );
#116 = SURFACE_STYLE_FILL_AREA ( #2493 ) ;
#117 = CARTESIAN_POINT ( 'NONE',  ( -0.06999999999999975686, 0.2800000000000000266, 1.300000000000000044 ) ) ;
#118 = AXIS2_PLACEMENT_3D ( 'NONE', #4551, #2340, #909 ) ;
#119 = PRESENTATION_STYLE_ASSIGNMENT (( #895 ) ) ;
#120 = VECTOR ( 'NONE', #3299, 1000.000000000000000 ) ;
#121 = CARTESIAN_POINT ( 'NONE',  ( -0.06999999999999975686, 0.2800000000000000266, 1.300000000000000044 ) ) ;
#122 = CARTESIAN_POINT ( 'NONE',  ( -1.224999999999999645, 0.2800000000000000266, -1.124999999999999778 ) ) ;
#123 = PRESENTATION_LAYER_ASSIGNMENT (  '', '', ( #534 ) ) ;
#124 = MECHANICAL_DESIGN_GEOMETRIC_PRESENTATION_REPRESENTATION (  '', ( #2483 ), #5274 ) ;
#125 = EDGE_LOOP ( 'NONE', ( #326, #3137, #1862, #3818, #2227, #3496, #5027, #2366, #2400, #4801, #5755, #2574, #2308, #2922, #1315, #4596, #5089, #5720, #4536, #1202, #2982, #1876, #397, #3690, #4530, #4539, #4169, #4607, #3803, #2900, #36, #94 ) ) ;
#126 = LINE ( 'NONE', #4209, #4750 ) ;
#127 = CARTESIAN_POINT ( 'NONE',  ( -1.655000000000002025, 0.2800000000000000266, -0.4749999999999997558 ) ) ;
#128 = PLANE ( 'NONE',  #2750 ) ;
#129 = PRESENTATION_STYLE_ASSIGNMENT (( #5259 ) ) ;
#130 = DIRECTION ( 'NONE',  ( -1.000000000000000000, 0.0000000000000000000, 0.0000000000000000000 ) ) ;
#131 = ADVANCED_FACE ( 'NONE', ( #5391 ), #5697, .F. ) ;
#132 =( LENGTH_UNIT ( ) NAMED_UNIT ( * ) SI_UNIT ( .MILLI., .METRE. ) );
#133 = VECTOR ( 'NONE', #4957, 1000.000000000000000 ) ;
#134 =( NAMED_UNIT ( * ) PLANE_ANGLE_UNIT ( ) SI_UNIT ( $, .RADIAN. ) );
#135 = VECTOR ( 'NONE', #4015, 1000.000000000000000 ) ;
#136 = LINE ( 'NONE', #1814, #2415 ) ;
#137 = SURFACE_STYLE_FILL_AREA ( #520 ) ;
#138 = DIRECTION ( 'NONE',  ( -2.853163611803958284E-16, -0.0000000000000000000, 1.000000000000000000 ) ) ;
#139 = DIRECTION ( 'NONE',  ( -0.2873478855663454956, -0.0000000000000000000, 0.9578262852211513190 ) ) ;
#140 = COLOUR_RGB ( '',1.000000000000000000, 1.000000000000000000, 1.000000000000000000 ) ;
#141 = AXIS2_PLACEMENT_3D ( 'NONE', #2742, #463, #2659 ) ;
#142 = PRESENTATION_STYLE_ASSIGNMENT (( #1591 ) ) ;
#143 = PLANE ( 'NONE',  #2187 ) ;
#144 = FACE_OUTER_BOUND ( 'NONE', #4165, .T. ) ;
#145 = AXIS2_PLACEMENT_3D ( 'NONE', #3527, #4043, #2220 ) ;
#146 = LINE ( 'NONE', #3921, #3114 ) ;
#147 = LINE ( 'NONE', #3439, #4775 ) ;
#148 = FILL_AREA_STYLE ('',( #1960 ) ) ;
#149 =( GEOMETRIC_REPRESENTATION_CONTEXT ( 3 ) GLOBAL_UNCERTAINTY_ASSIGNED_CONTEXT ( ( #4275 ) ) GLOBAL_UNIT_ASSIGNED_CONTEXT ( ( #2944, #631, #1087 ) ) REPRESENTATION_CONTEXT ( 'NONE', 'WORKASPACE' ) );
#150 = SURFACE_STYLE_USAGE ( .BOTH. , #4226 ) ;
#151 = COLOUR_RGB ( '',1.000000000000000000, 1.000000000000000000, 1.000000000000000000 ) ;
#152 = MECHANICAL_DESIGN_GEOMETRIC_PRESENTATION_REPRESENTATION (  '', ( #4772 ), #945 ) ;
#153 = ORIENTED_EDGE ( 'NONE', *, *, #4062, .F. ) ;
#154 = CARTESIAN_POINT ( 'NONE',  ( -1.225000000000004308, 0.2800000000000000266, 0.1750000000000002387 ) ) ;
#155 = STYLED_ITEM ( 'NONE', ( #421 ), #839 ) ;
#156 = ORIENTED_EDGE ( 'NONE', *, *, #4979, .T. ) ;
#157 = ORIENTED_EDGE ( 'NONE', *, *, #897, .F. ) ;
#158 = ORIENTED_EDGE ( 'NONE', *, *, #814, .F. ) ;
#159 = EDGE_CURVE ( 'NONE', #166, #3325, #1893, .T. ) ;
#160 = LINE ( 'NONE', #5312, #1947 ) ;
#161 = ORIENTED_EDGE ( 'NONE', *, *, #5790, .F. ) ;
#162 =( NAMED_UNIT ( * ) PLANE_ANGLE_UNIT ( ) SI_UNIT ( $, .RADIAN. ) );
#163 = VERTEX_POINT ( 'NONE', #4820 ) ;
#164 = CARTESIAN_POINT ( 'NONE',  ( 1.655000000000000249, 0.0000000000000000000, -0.1749999999999998224 ) ) ;
#165 = DIRECTION ( 'NONE',  ( 1.000000000000000000, 0.0000000000000000000, 1.260700200564540091E-16 ) ) ;
#166 = VERTEX_POINT ( 'NONE', #2152 ) ;
#167 = LINE ( 'NONE', #4285, #4874 ) ;
#168 = ORIENTED_EDGE ( 'NONE', *, *, #406, .T. ) ;
#169 = ORIENTED_EDGE ( 'NONE', *, *, #1423, .T. ) ;
#170 = VERTEX_POINT ( 'NONE', #3481 ) ;
#171 = PRESENTATION_STYLE_ASSIGNMENT (( #1438 ) ) ;
#172 = EDGE_LOOP ( 'NONE', ( #295, #4297, #5454, #5658 ) ) ;
#173 = UNCERTAINTY_MEASURE_WITH_UNIT (LENGTH_MEASURE( 1.000000000000000082E-05 ), #3050, 'distance_accuracy_value', 'NONE');
#174 = ORIENTED_EDGE ( 'NONE', *, *, #1903, .F. ) ;
#175 = STYLED_ITEM ( 'NONE', ( #5782 ), #5745 ) ;
#176 = SURFACE_SIDE_STYLE ('',( #2538 ) ) ;
#177 = PLANE ( 'NONE',  #1474 ) ;
#178 = LINE ( 'NONE', #5116, #2391 ) ;
#179 = CARTESIAN_POINT ( 'NONE',  ( -0.3199999999999997291, 0.2800000000000000266, 1.300000000000000044 ) ) ;
#180 = CARTESIAN_POINT ( 'NONE',  ( 1.245000000000000329, 0.2800000000000000266, 1.054999999999999938 ) ) ;
#181 = FILL_AREA_STYLE ('',( #1532 ) ) ;
#182 = EDGE_CURVE ( 'NONE', #4314, #2499, #665, .T. ) ;
#183 = VERTEX_POINT ( 'NONE', #1656 ) ;
#184 = DIRECTION ( 'NONE',  ( -1.000000000000000000, -0.0000000000000000000, 1.421904488505579654E-16 ) ) ;
#185 = LINE ( 'NONE', #5482, #3077 ) ;
#186 = DIRECTION ( 'NONE',  ( -0.0000000000000000000, -1.000000000000000000, -0.0000000000000000000 ) ) ;
#187 = SURFACE_STYLE_USAGE ( .BOTH. , #632 ) ;
#188 = ORIENTED_EDGE ( 'NONE', *, *, #3425, .T. ) ;
#189 = STYLED_ITEM ( 'NONE', ( #1589 ), #480 ) ;
#190 = VECTOR ( 'NONE', #4335, 1000.000000000000000 ) ;
#191 =( LENGTH_UNIT ( ) NAMED_UNIT ( * ) SI_UNIT ( .MILLI., .METRE. ) );
#192 = ORIENTED_EDGE ( 'NONE', *, *, #5301, .F. ) ;
#193 = EDGE_CURVE ( 'NONE', #298, #2144, #3214, .T. ) ;
#194 = SURFACE_STYLE_FILL_AREA ( #1109 ) ;
#195 = CARTESIAN_POINT ( 'NONE',  ( -0.3199999999999997291, 0.2800000000000000266, -1.300000000000000044 ) ) ;
#196 = STYLED_ITEM ( 'NONE', ( #5662 ), #4522 ) ;
#197 = CARTESIAN_POINT ( 'NONE',  ( -0.06999999999999975686, 0.2800000000000000266, 1.649999999999999911 ) ) ;
#198 = FILL_AREA_STYLE ('',( #5285 ) ) ;
#199 = PLANE ( 'NONE',  #2648 ) ;
#200 = CARTESIAN_POINT ( 'NONE',  ( 1.245000000000000329, 0.0000000000000000000, 0.8249999999999997335 ) ) ;
#201 = PRESENTATION_STYLE_ASSIGNMENT (( #1897 ) ) ;
#202 = COLOUR_RGB ( '',1.000000000000000000, 1.000000000000000000, 1.000000000000000000 ) ;
#203 = CARTESIAN_POINT ( 'NONE',  ( -1.225000000000004308, -0.02000000000000000042, 0.1750000000000002387 ) ) ;
#204 = SURFACE_STYLE_FILL_AREA ( #867 ) ;
#205 = DIRECTION ( 'NONE',  ( -0.0000000000000000000, 1.000000000000000000, -0.0000000000000000000 ) ) ;
#206 = UNCERTAINTY_MEASURE_WITH_UNIT (LENGTH_MEASURE( 1.000000000000000082E-05 ), #5594, 'distance_accuracy_value', 'NONE');
#207 = CARTESIAN_POINT ( 'NONE',  ( -1.225000000000006528, -0.02000000000000000042, 1.125000000000000222 ) ) ;
#208 =( GEOMETRIC_REPRESENTATION_CONTEXT ( 3 ) GLOBAL_UNCERTAINTY_ASSIGNED_CONTEXT ( ( #2329 ) ) GLOBAL_UNIT_ASSIGNED_CONTEXT ( ( #2448, #592, #3736 ) ) REPRESENTATION_CONTEXT ( 'NONE', 'WORKASPACE' ) );
#209 = PRESENTATION_LAYER_ASSIGNMENT (  '', '', ( #2240 ) ) ;
#210 = CARTESIAN_POINT ( 'NONE',  ( 1.245000000000000329, 0.0000000000000000000, -1.124999999999999556 ) ) ;
#211 =( NAMED_UNIT ( * ) PLANE_ANGLE_UNIT ( ) SI_UNIT ( $, .RADIAN. ) );
#212 = PRESENTATION_STYLE_ASSIGNMENT (( #1139 ) ) ;
#213 = DIRECTION ( 'NONE',  ( -0.0000000000000000000, 0.0000000000000000000, 1.000000000000000000 ) ) ;
#214 = EDGE_CURVE ( 'NONE', #2521, #965, #2169, .T. ) ;
#215 = PRESENTATION_STYLE_ASSIGNMENT (( #3826 ) ) ;
#216 = PLANE ( 'NONE',  #5433 ) ;
#217 = SURFACE_STYLE_USAGE ( .BOTH. , #1116 ) ;
#218 = AXIS2_PLACEMENT_3D ( 'NONE', #4498, #2733, #4917 ) ;
#219 = FILL_AREA_STYLE_COLOUR ( '', #5706 ) ;
#220 = EDGE_CURVE ( 'NONE', #4884, #288, #5030, .T. ) ;
#221 = DIRECTION ( 'NONE',  ( -0.0000000000000000000, -0.0000000000000000000, -1.000000000000000000 ) ) ;
#222 = DIRECTION ( 'NONE',  ( 0.9914542955425441617, 0.1304545125713841014, 0.0000000000000000000 ) ) ;
#223 =( NAMED_UNIT ( * ) PLANE_ANGLE_UNIT ( ) SI_UNIT ( $, .RADIAN. ) );
#224 = VERTEX_POINT ( 'NONE', #5739 ) ;
#225 = VERTEX_POINT ( 'NONE', #3024 ) ;
#226 = STYLED_ITEM ( 'NONE', ( #2183 ), #2679 ) ;
#227 = DIRECTION ( 'NONE',  ( 1.000000000000000000, -0.0000000000000000000, -0.0000000000000000000 ) ) ;
#228 = EDGE_CURVE ( 'NONE', #5664, #4090, #2025, .T. ) ;
#229 = ORIENTED_EDGE ( 'NONE', *, *, #3292, .F. ) ;
#230 = PRESENTATION_LAYER_ASSIGNMENT (  '', '', ( #637 ) ) ;
#231 = VERTEX_POINT ( 'NONE', #4838 ) ;
#232 = VERTEX_POINT ( 'NONE', #2174 ) ;
#233 =( LENGTH_UNIT ( ) NAMED_UNIT ( * ) SI_UNIT ( .MILLI., .METRE. ) );
#234 = ORIENTED_EDGE ( 'NONE', *, *, #4134, .T. ) ;
#235 =( LENGTH_UNIT ( ) NAMED_UNIT ( * ) SI_UNIT ( .MILLI., .METRE. ) );
#236 = EDGE_CURVE ( 'NONE', #183, #2450, #805, .T. ) ;
#237 = ORIENTED_EDGE ( 'NONE', *, *, #4019, .T. ) ;
#238 = DIRECTION ( 'NONE',  ( -0.0000000000000000000, 1.000000000000000000, -0.0000000000000000000 ) ) ;
#239 = CARTESIAN_POINT ( 'NONE',  ( -0.06999999999999975686, 0.0000000000000000000, 1.300000000000000044 ) ) ;
#240 = EDGE_LOOP ( 'NONE', ( #2070, #1939, #582, #5110 ) ) ;
#241 =( GEOMETRIC_REPRESENTATION_CONTEXT ( 3 ) GLOBAL_UNCERTAINTY_ASSIGNED_CONTEXT ( ( #2138 ) ) GLOBAL_UNIT_ASSIGNED_CONTEXT ( ( #3361, #4260, #3786 ) ) REPRESENTATION_CONTEXT ( 'NONE', 'WORKASPACE' ) );
#242 = EDGE_LOOP ( 'NONE', ( #4609, #1140, #4236, #4299 ) ) ;
#243 = DIRECTION ( 'NONE',  ( -5.288791085295143532E-16, 0.0000000000000000000, -1.000000000000000000 ) ) ;
#244 = SURFACE_STYLE_USAGE ( .BOTH. , #2047 ) ;
#245 = DIRECTION ( 'NONE',  ( -0.0000000000000000000, 1.000000000000000000, -0.0000000000000000000 ) ) ;
#246 = DIRECTION ( 'NONE',  ( -1.000000000000000000, 0.0000000000000000000, -0.0000000000000000000 ) ) ;
#247 = DIRECTION ( 'NONE',  ( 1.000000000000000000, 0.0000000000000000000, 5.288791085295143532E-16 ) ) ;
#248 = CARTESIAN_POINT ( 'NONE',  ( -0.3199999999999997291, 0.2800000000000000266, -1.300000000000000044 ) ) ;
#249 = DIRECTION ( 'NONE',  ( -1.000000000000000000, -0.0000000000000000000, 1.421904488505579654E-16 ) ) ;
#250 =( NAMED_UNIT ( * ) SI_UNIT ( $, .STERADIAN. ) SOLID_ANGLE_UNIT ( ) );
#251 = DIRECTION ( 'NONE',  ( -0.2873478855663454956, -0.0000000000000000000, -0.9578262852211513190 ) ) ;
#252 = MECHANICAL_DESIGN_GEOMETRIC_PRESENTATION_REPRESENTATION (  '', ( #858 ), #4247 ) ;
#253 = FACE_OUTER_BOUND ( 'NONE', #1868, .T. ) ;
#254 = CARTESIAN_POINT ( 'NONE',  ( 1.524999999999999911, 0.0000000000000000000, 1.524999999999999467 ) ) ;
#255 = VERTEX_POINT ( 'NONE', #711 ) ;
#256 = DIRECTION ( 'NONE',  ( -1.000000000000000000, 0.0000000000000000000, -0.0000000000000000000 ) ) ;
#257 = VECTOR ( 'NONE', #95, 1000.000000000000000 ) ;
#258 = CARTESIAN_POINT ( 'NONE',  ( 0.0000000000000000000, 0.0000000000000000000, 0.4749999999999997558 ) ) ;
#259 = STYLED_ITEM ( 'NONE', ( #4354 ), #896 ) ;
#260 = SURFACE_STYLE_USAGE ( .BOTH. , #4686 ) ;
#261 = VECTOR ( 'NONE', #4620, 1000.000000000000000 ) ;
#262 = VECTOR ( 'NONE', #4067, 1000.000000000000000 ) ;
#263 = FACE_OUTER_BOUND ( 'NONE', #2775, .T. ) ;
#264 = EDGE_CURVE ( 'NONE', #638, #3531, #4394, .T. ) ;
#265 =( NAMED_UNIT ( * ) PLANE_ANGLE_UNIT ( ) SI_UNIT ( $, .RADIAN. ) );
#266 = LINE ( 'NONE', #2592, #3653 ) ;
#267 = LINE ( 'NONE', #2909, #3926 ) ;
#268 = CARTESIAN_POINT ( 'NONE',  ( -1.224999999999999645, -0.02000000000000000042, -1.124999999999999778 ) ) ;
#269 =( NAMED_UNIT ( * ) PLANE_ANGLE_UNIT ( ) SI_UNIT ( $, .RADIAN. ) );
#270 = SURFACE_STYLE_FILL_AREA ( #2590 ) ;
#271 = UNCERTAINTY_MEASURE_WITH_UNIT (LENGTH_MEASURE( 1.000000000000000082E-05 ), #299, 'distance_accuracy_value', 'NONE');
#272 = DIRECTION ( 'NONE',  ( 0.0000000000000000000, -1.000000000000000000, 0.0000000000000000000 ) ) ;
#273 = LINE ( 'NONE', #2463, #989 ) ;
#274 =( LENGTH_UNIT ( ) NAMED_UNIT ( * ) SI_UNIT ( .MILLI., .METRE. ) );
#275 = CARTESIAN_POINT ( 'NONE',  ( -0.06999999999999974298, 0.0000000000000000000, -1.300000000000000044 ) ) ;
#276 = PLANE ( 'NONE',  #5407 ) ;
#277 = SURFACE_SIDE_STYLE ('',( #3639 ) ) ;
#278 = MECHANICAL_DESIGN_GEOMETRIC_PRESENTATION_REPRESENTATION (  '', ( #2421 ), #585 ) ;
#279 = SURFACE_STYLE_FILL_AREA ( #4792 ) ;
#280 = FILL_AREA_STYLE ('',( #5256 ) ) ;
#281 = UNCERTAINTY_MEASURE_WITH_UNIT (LENGTH_MEASURE( 1.000000000000000082E-05 ), #1540, 'distance_accuracy_value', 'NONE');
#282 = SURFACE_STYLE_FILL_AREA ( #3294 ) ;
#283 = LINE ( 'NONE', #2491, #3934 ) ;
#284 = EDGE_CURVE ( 'NONE', #3210, #2037, #5165, .T. ) ;
#285 = VERTEX_POINT ( 'NONE', #3040 ) ;
#286 = VERTEX_POINT ( 'NONE', #2579 ) ;
#287 = PLANE ( 'NONE',  #3216 ) ;
#288 = VERTEX_POINT ( 'NONE', #3848 ) ;
#289 = CARTESIAN_POINT ( 'NONE',  ( -0.02499999999999971342, 0.0000000000000000000, -1.054999999999999938 ) ) ;
#290 = STYLED_ITEM ( 'NONE', ( #3101 ), #3957 ) ;
#291 = PLANE ( 'NONE',  #4847 ) ;
#292 = VERTEX_POINT ( 'NONE', #732 ) ;
#293 = STYLED_ITEM ( 'NONE', ( #2425 ), #565 ) ;
#294 = PRESENTATION_STYLE_ASSIGNMENT (( #2737 ) ) ;
#295 = ORIENTED_EDGE ( 'NONE', *, *, #4598, .T. ) ;
#296 = ORIENTED_EDGE ( 'NONE', *, *, #1854, .T. ) ;
#297 = DIRECTION ( 'NONE',  ( 2.853163611803958284E-16, 0.0000000000000000000, -1.000000000000000000 ) ) ;
#298 = VERTEX_POINT ( 'NONE', #3442 ) ;
#299 =( LENGTH_UNIT ( ) NAMED_UNIT ( * ) SI_UNIT ( .MILLI., .METRE. ) );
#300 = EDGE_CURVE ( 'NONE', #4058, #3614, #4816, .T. ) ;
#301 = SURFACE_SIDE_STYLE ('',( #5243 ) ) ;
#302 = LINE ( 'NONE', #2153, #3877 ) ;
#303 = ORIENTED_EDGE ( 'NONE', *, *, #416, .T. ) ;
#304 = EDGE_LOOP ( 'NONE', ( #3052, #5578, #1063, #3875 ) ) ;
#305 =( GEOMETRIC_REPRESENTATION_CONTEXT ( 3 ) GLOBAL_UNCERTAINTY_ASSIGNED_CONTEXT ( ( #5170 ) ) GLOBAL_UNIT_ASSIGNED_CONTEXT ( ( #3036, #3437, #331 ) ) REPRESENTATION_CONTEXT ( 'NONE', 'WORKASPACE' ) );
#306 = EDGE_LOOP ( 'NONE', ( #589, #2976, #4655, #2848 ) ) ;
#307 = UNCERTAINTY_MEASURE_WITH_UNIT (LENGTH_MEASURE( 1.000000000000000082E-05 ), #3414, 'distance_accuracy_value', 'NONE');
#308 = ORIENTED_EDGE ( 'NONE', *, *, #5726, .F. ) ;
#309 = ORIENTED_EDGE ( 'NONE', *, *, #4216, .T. ) ;
#310 = FILL_AREA_STYLE_COLOUR ( '', #4494 ) ;
#311 = CARTESIAN_POINT ( 'NONE',  ( 1.245000000000000329, 0.0000000000000000000, -1.124999999999999556 ) ) ;
#312 =( NAMED_UNIT ( * ) PLANE_ANGLE_UNIT ( ) SI_UNIT ( $, .RADIAN. ) );
#313 = CARTESIAN_POINT ( 'NONE',  ( 1.245000000000000329, 0.2800000000000000266, 0.1749999999999998501 ) ) ;
#314 = LINE ( 'NONE', #1819, #3004 ) ;
#315 = CARTESIAN_POINT ( 'NONE',  ( 1.655000000000000249, 0.0000000000000000000, 0.4749999999999997558 ) ) ;
#316 = CARTESIAN_POINT ( 'NONE',  ( -0.3199999999999997291, 0.2800000000000000266, 1.649999999999999911 ) ) ;
#317 = ORIENTED_EDGE ( 'NONE', *, *, #5827, .T. ) ;
#318 =( NAMED_UNIT ( * ) SI_UNIT ( $, .STERADIAN. ) SOLID_ANGLE_UNIT ( ) );
#319 = DIRECTION ( 'NONE',  ( 0.0000000000000000000, 0.0000000000000000000, -1.000000000000000000 ) ) ;
#320 = VECTOR ( 'NONE', #3664, 1000.000000000000000 ) ;
#321 = EDGE_CURVE ( 'NONE', #1641, #1865, #1229, .T. ) ;
#322 = EDGE_LOOP ( 'NONE', ( #2005, #2708, #1433, #777 ) ) ;
#323 = VECTOR ( 'NONE', #2972, 1000.000000000000000 ) ;
#324 = CARTESIAN_POINT ( 'NONE',  ( -1.655000000000006466, 0.2800000000000000266, 0.8250000000000001776 ) ) ;
#325 = VECTOR ( 'NONE', #5313, 1000.000000000000000 ) ;
#326 = ORIENTED_EDGE ( 'NONE', *, *, #2160, .T. ) ;
#327 = DIRECTION ( 'NONE',  ( 1.000000000000000000, 0.0000000000000000000, -1.322197771323785883E-16 ) ) ;
#328 = SURFACE_STYLE_USAGE ( .BOTH. , #4873 ) ;
#329 = EDGE_CURVE ( 'NONE', #3058, #5733, #4542, .T. ) ;
#330 = COLOUR_RGB ( '',0.2509803921568627416, 0.2509803921568627416, 0.2509803921568627416 ) ;
#331 =( NAMED_UNIT ( * ) SI_UNIT ( $, .STERADIAN. ) SOLID_ANGLE_UNIT ( ) );
#332 = CARTESIAN_POINT ( 'NONE',  ( -1.524999999999999911, 0.0000000000000000000, 1.524999999999999911 ) ) ;
#333 = VECTOR ( 'NONE', #3590, 1000.000000000000000 ) ;
#334 = PRESENTATION_STYLE_ASSIGNMENT (( #2645 ) ) ;
#335 =( LENGTH_UNIT ( ) NAMED_UNIT ( * ) SI_UNIT ( .MILLI., .METRE. ) );
#336 = MECHANICAL_DESIGN_GEOMETRIC_PRESENTATION_REPRESENTATION (  '', ( #3458 ), #1542 ) ;
#337 = VECTOR ( 'NONE', #1462, 1000.000000000000000 ) ;
#338 =( LENGTH_UNIT ( ) NAMED_UNIT ( * ) SI_UNIT ( .MILLI., .METRE. ) );
#339 = DIRECTION ( 'NONE',  ( 0.0000000000000000000, 0.0000000000000000000, 1.000000000000000000 ) ) ;
#340 = FACE_OUTER_BOUND ( 'NONE', #322, .T. ) ;
#341 = FACE_OUTER_BOUND ( 'NONE', #2148, .T. ) ;
#342 = PRESENTATION_STYLE_ASSIGNMENT (( #3528 ) ) ;
#343 =( LENGTH_UNIT ( ) NAMED_UNIT ( * ) SI_UNIT ( .MILLI., .METRE. ) );
#344 = CARTESIAN_POINT ( 'NONE',  ( -0.02499999999999974118, 0.0000000000000000000, -1.149999999999999911 ) ) ;
#345 = CARTESIAN_POINT ( 'NONE',  ( -1.655000000000004245, -0.02000000000000000042, 0.1750000000000001832 ) ) ;
#346 = LINE ( 'NONE', #2300, #4990 ) ;
#347 = EDGE_CURVE ( 'NONE', #4263, #4181, #5307, .T. ) ;
#348 = LINE ( 'NONE', #4741, #2351 ) ;
#349 = STYLED_ITEM ( 'NONE', ( #3853 ), #5318 ) ;
#350 = SURFACE_STYLE_USAGE ( .BOTH. , #2206 ) ;
#351 = UNCERTAINTY_MEASURE_WITH_UNIT (LENGTH_MEASURE( 1.000000000000000082E-05 ), #4451, 'distance_accuracy_value', 'NONE');
#352 = SURFACE_SIDE_STYLE ('',( #5346 ) ) ;
#353 = SURFACE_STYLE_USAGE ( .BOTH. , #3076 ) ;
#354 = CARTESIAN_POINT ( 'NONE',  ( -1.225000000000004308, 0.2800000000000000266, 0.4750000000000001443 ) ) ;
#355 = SURFACE_STYLE_FILL_AREA ( #1682 ) ;
#356 = CARTESIAN_POINT ( 'NONE',  ( 0.0000000000000000000, 0.2800000000000000266, 0.0000000000000000000 ) ) ;
#357 = VECTOR ( 'NONE', #205, 1000.000000000000000 ) ;
#358 = FILL_AREA_STYLE_COLOUR ( '', #202 ) ;
#359 = UNCERTAINTY_MEASURE_WITH_UNIT (LENGTH_MEASURE( 1.000000000000000082E-05 ), #5356, 'distance_accuracy_value', 'NONE');
#360 = CARTESIAN_POINT ( 'NONE',  ( 1.524999999999999911, 1.040000000000000036, -0.4749999999999997558 ) ) ;
#361 = CARTESIAN_POINT ( 'NONE',  ( 1.655000000000000249, 0.0000000000000000000, 0.8249999999999997335 ) ) ;
#362 = STYLED_ITEM ( 'NONE', ( #4404 ), #2395 ) ;
#363 = FILL_AREA_STYLE_COLOUR ( '', #1123 ) ;
#364 =( NAMED_UNIT ( * ) SI_UNIT ( $, .STERADIAN. ) SOLID_ANGLE_UNIT ( ) );
#365 = CARTESIAN_POINT ( 'NONE',  ( 1.524999999999999911, 0.2799999999999790434, 1.524999999999999467 ) ) ;
#366 = ADVANCED_FACE ( 'NONE', ( #1822 ), #872, .F. ) ;
#367 = PRESENTATION_LAYER_ASSIGNMENT (  '', '', ( #1645 ) ) ;
#368 = ORIENTED_EDGE ( 'NONE', *, *, #4598, .F. ) ;
#369 = ORIENTED_EDGE ( 'NONE', *, *, #4134, .F. ) ;
#370 = EDGE_LOOP ( 'NONE', ( #4030, #3542, #3333, #2468 ) ) ;
#371 = EDGE_CURVE ( 'NONE', #285, #2303, #5048, .T. ) ;
#372 = FILL_AREA_STYLE ('',( #3964 ) ) ;
#373 = ORIENTED_EDGE ( 'NONE', *, *, #3862, .T. ) ;
#374 =( LENGTH_UNIT ( ) NAMED_UNIT ( * ) SI_UNIT ( .MILLI., .METRE. ) );
#375 = LINE ( 'NONE', #386, #1569 ) ;
#376 = VERTEX_POINT ( 'NONE', #5379 ) ;
#377 = DIRECTION ( 'NONE',  ( 1.000000000000000000, 0.0000000000000000000, 0.0000000000000000000 ) ) ;
#378 = ORIENTED_EDGE ( 'NONE', *, *, #2022, .F. ) ;
#379 = DIRECTION ( 'NONE',  ( 0.2873478855663454401, -0.0000000000000000000, 0.9578262852211513190 ) ) ;
#380 = PRESENTATION_LAYER_ASSIGNMENT (  '', '', ( #4702 ) ) ;
#381 = ORIENTED_EDGE ( 'NONE', *, *, #3666, .F. ) ;
#382 = SURFACE_STYLE_USAGE ( .BOTH. , #2577 ) ;
#383 = VERTEX_POINT ( 'NONE', #5781 ) ;
#384 = SURFACE_STYLE_USAGE ( .BOTH. , #830 ) ;
#385 = ORIENTED_EDGE ( 'NONE', *, *, #1201, .F. ) ;
#386 = CARTESIAN_POINT ( 'NONE',  ( -1.225000000000001865, -0.02000000000000000042, -0.4749999999999997558 ) ) ;
#387 =( LENGTH_UNIT ( ) NAMED_UNIT ( * ) SI_UNIT ( .MILLI., .METRE. ) );
#388 =( NAMED_UNIT ( * ) PLANE_ANGLE_UNIT ( ) SI_UNIT ( $, .RADIAN. ) );
#389 = EDGE_CURVE ( 'NONE', #225, #3210, #481, .T. ) ;
#390 = FILL_AREA_STYLE ('',( #3507 ) ) ;
#391 = UNCERTAINTY_MEASURE_WITH_UNIT (LENGTH_MEASURE( 1.000000000000000082E-05 ), #2789, 'distance_accuracy_value', 'NONE');
#392 = DIRECTION ( 'NONE',  ( 0.0000000000000000000, 0.0000000000000000000, -1.000000000000000000 ) ) ;
#393 = DIRECTION ( 'NONE',  ( -0.0000000000000000000, 1.000000000000000000, -0.0000000000000000000 ) ) ;
#394 = ADVANCED_FACE ( 'NONE', ( #1255 ), #3062, .F. ) ;
#395 = FILL_AREA_STYLE ('',( #5819 ) ) ;
#396 = AXIS2_PLACEMENT_3D ( 'NONE', #3652, #962, #942 ) ;
#397 = ORIENTED_EDGE ( 'NONE', *, *, #1821, .T. ) ;
#398 =( LENGTH_UNIT ( ) NAMED_UNIT ( * ) SI_UNIT ( .MILLI., .METRE. ) );
#399 = CARTESIAN_POINT ( 'NONE',  ( 1.524999999999999911, 1.040000000000000036, 1.524999999999999467 ) ) ;
#400 = DIRECTION ( 'NONE',  ( -0.2873478855663454956, -0.0000000000000000000, -0.9578262852211513190 ) ) ;
#401 = VERTEX_POINT ( 'NONE', #418 ) ;
#402 = CARTESIAN_POINT ( 'NONE',  ( 1.245000000000000329, 0.2800000000000000266, -0.8249999999999997335 ) ) ;
#403 = CARTESIAN_POINT ( 'NONE',  ( 1.655000000000000249, 0.0000000000000000000, -0.4749999999999997558 ) ) ;
#404 = CARTESIAN_POINT ( 'NONE',  ( -1.224999999999999645, 0.2800000000000000266, -1.124999999999999778 ) ) ;
#405 = SURFACE_STYLE_FILL_AREA ( #4193 ) ;
#406 = EDGE_CURVE ( 'NONE', #3456, #3771, #5764, .T. ) ;
#407 = COLOUR_RGB ( '',1.000000000000000000, 1.000000000000000000, 1.000000000000000000 ) ;
#408 = LINE ( 'NONE', #1448, #899 ) ;
#409 = AXIS2_PLACEMENT_3D ( 'NONE', #203, #2451, #165 ) ;
#410 = LINE ( 'NONE', #1358, #133 ) ;
#411 = LINE ( 'NONE', #2658, #5339 ) ;
#412 = CARTESIAN_POINT ( 'NONE',  ( -1.225000000000001865, 0.2800000000000000266, -0.4749999999999997558 ) ) ;
#413 =( GEOMETRIC_REPRESENTATION_CONTEXT ( 3 ) GLOBAL_UNCERTAINTY_ASSIGNED_CONTEXT ( ( #3073 ) ) GLOBAL_UNIT_ASSIGNED_CONTEXT ( ( #5056, #162, #1500 ) ) REPRESENTATION_CONTEXT ( 'NONE', 'WORKASPACE' ) );
#414 = VECTOR ( 'NONE', #1790, 1000.000000000000000 ) ;
#415 = VECTOR ( 'NONE', #3350, 1000.000000000000000 ) ;
#416 = EDGE_CURVE ( 'NONE', #255, #4257, #2882, .T. ) ;
#417 = LINE ( 'NONE', #3203, #5205 ) ;
#418 = CARTESIAN_POINT ( 'NONE',  ( -1.655000000000004245, 0.2800000000000000266, 0.1750000000000001832 ) ) ;
#419 = FILL_AREA_STYLE ('',( #3484 ) ) ;
#420 = AXIS2_PLACEMENT_3D ( 'NONE', #5323, #2288, #1847 ) ;
#421 = PRESENTATION_STYLE_ASSIGNMENT (( #3476 ) ) ;
#422 = STYLED_ITEM ( 'NONE', ( #5624 ), #1276 ) ;
#423 =( LENGTH_UNIT ( ) NAMED_UNIT ( * ) SI_UNIT ( .MILLI., .METRE. ) );
#424 = CARTESIAN_POINT ( 'NONE',  ( 1.245000000000000329, 0.2800000000000000266, -1.054999999999999938 ) ) ;
#425 =( LENGTH_UNIT ( ) NAMED_UNIT ( * ) SI_UNIT ( .MILLI., .METRE. ) );
#426 = ADVANCED_FACE ( 'NONE', ( #4139 ), #437, .F. ) ;
#427 = PRODUCT ( 'SQS484EN-T1', 'SQS484EN-T1', '', ( #3657 ) ) ;
#428 = CYLINDRICAL_SURFACE ( 'NONE', #4869, 0.1499999999999999667 ) ;
#429 = FACE_OUTER_BOUND ( 'NONE', #5524, .T. ) ;
#430 = SURFACE_STYLE_FILL_AREA ( #655 ) ;
#431 = PLANE ( 'NONE',  #4942 ) ;
#432 = CARTESIAN_POINT ( 'NONE',  ( 1.524999999999999911, 1.040000000000000036, 0.4749999999999997558 ) ) ;
#433 = FILL_AREA_STYLE_COLOUR ( '', #1475 ) ;
#434 = VERTEX_POINT ( 'NONE', #4429 ) ;
#435 = ORIENTED_EDGE ( 'NONE', *, *, #5237, .T. ) ;
#436 = ORIENTED_EDGE ( 'NONE', *, *, #643, .T. ) ;
#437 = PLANE ( 'NONE',  #4736 ) ;
#438 = DIRECTION ( 'NONE',  ( 0.0000000000000000000, 1.000000000000000000, 0.0000000000000000000 ) ) ;
#439 = AXIS2_PLACEMENT_3D ( 'NONE', #117, #499, #3649 ) ;
#440 = EDGE_LOOP ( 'NONE', ( #580, #525, #3326, #2936 ) ) ;
#441 = ORIENTED_EDGE ( 'NONE', *, *, #5142, .F. ) ;
#442 = VERTEX_POINT ( 'NONE', #3082 ) ;
#443 = PRESENTATION_LAYER_ASSIGNMENT (  '', '', ( #3376 ) ) ;
#444 = ORIENTED_EDGE ( 'NONE', *, *, #4177, .F. ) ;
#445 = EDGE_CURVE ( 'NONE', #2234, #4103, #408, .T. ) ;
#446 = ORIENTED_EDGE ( 'NONE', *, *, #3800, .F. ) ;
#447 = DIRECTION ( 'NONE',  ( -1.000000000000000000, 0.0000000000000000000, -0.0000000000000000000 ) ) ;
#448 =( NAMED_UNIT ( * ) SI_UNIT ( $, .STERADIAN. ) SOLID_ANGLE_UNIT ( ) );
#449 = ORIENTED_EDGE ( 'NONE', *, *, #4565, .T. ) ;
#450 = ADVANCED_FACE ( 'NONE', ( #2266 ), #11, .F. ) ;
#451 = PRESENTATION_LAYER_ASSIGNMENT (  '', '', ( #226 ) ) ;
#452 = PRESENTATION_STYLE_ASSIGNMENT (( #5561 ) ) ;
#453 = FILL_AREA_STYLE ('',( #1831 ) ) ;
#454 = ORIENTED_EDGE ( 'NONE', *, *, #1883, .F. ) ;
#455 =( GEOMETRIC_REPRESENTATION_CONTEXT ( 3 ) GLOBAL_UNCERTAINTY_ASSIGNED_CONTEXT ( ( #3679 ) ) GLOBAL_UNIT_ASSIGNED_CONTEXT ( ( #5750, #739, #4356 ) ) REPRESENTATION_CONTEXT ( 'NONE', 'WORKASPACE' ) );
#456 =( LENGTH_UNIT ( ) NAMED_UNIT ( * ) SI_UNIT ( .MILLI., .METRE. ) );
#457 =( BOUNDED_CURVE ( )  B_SPLINE_CURVE ( 3, ( #4877, #1718, #823, #2623 ),
 .UNSPECIFIED., .F., .F. ) 
 B_SPLINE_CURVE_WITH_KNOTS ( ( 4, 4 ),
 ( 3.272420049663847141, 4.712388980384689674 ),
 .UNSPECIFIED. ) 
 CURVE ( )  GEOMETRIC_REPRESENTATION_ITEM ( )  RATIONAL_B_SPLINE_CURVE ( ( 1.000000000000000000, 0.8345439815689350560, 0.8345439815689350560, 1.000000000000000000 ) ) 
 REPRESENTATION_ITEM ( '' )  );
#458 = DIRECTION ( 'NONE',  ( 1.000000000000000000, 0.0000000000000000000, -1.421904488505579654E-16 ) ) ;
#459 = DIRECTION ( 'NONE',  ( 1.000000000000000000, -0.0000000000000000000, -5.288791085295143532E-16 ) ) ;
#460 = SURFACE_STYLE_FILL_AREA ( #2887 ) ;
#461 = CARTESIAN_POINT ( 'NONE',  ( -1.524999999999999911, 1.040000000000000036, -1.124999999999999778 ) ) ;
#462 = EDGE_CURVE ( 'NONE', #3268, #401, #5109, .T. ) ;
#463 = DIRECTION ( 'NONE',  ( -1.322197771323785883E-16, 0.0000000000000000000, -1.000000000000000000 ) ) ;
#464 = SURFACE_STYLE_FILL_AREA ( #3601 ) ;
#465 = VECTOR ( 'NONE', #4824, 1000.000000000000000 ) ;
#466 = ORIENTED_EDGE ( 'NONE', *, *, #300, .T. ) ;
#467 = ORIENTED_EDGE ( 'NONE', *, *, #1555, .F. ) ;
#468 = FILL_AREA_STYLE_COLOUR ( '', #4493 ) ;
#469 = PRESENTATION_STYLE_ASSIGNMENT (( #187 ) ) ;
#470 =( LENGTH_UNIT ( ) NAMED_UNIT ( * ) SI_UNIT ( .MILLI., .METRE. ) );
#471 =( NAMED_UNIT ( * ) PLANE_ANGLE_UNIT ( ) SI_UNIT ( $, .RADIAN. ) );
#472 = VECTOR ( 'NONE', #1165, 1000.000000000000000 ) ;
#473 = PRESENTATION_LAYER_ASSIGNMENT (  '', '', ( #175 ) ) ;
#474 = AXIS2_PLACEMENT_3D ( 'NONE', #179, #3323, #3764 ) ;
#475 = FACE_OUTER_BOUND ( 'NONE', #928, .T. ) ;
#476 = CARTESIAN_POINT ( 'NONE',  ( 1.839153740585303369E-16, 1.040000000000000036, 1.293443937657340337 ) ) ;
#477 = DIRECTION ( 'NONE',  ( 1.000000000000000000, -0.0000000000000000000, -0.0000000000000000000 ) ) ;
#478 = COLOUR_RGB ( '',1.000000000000000000, 1.000000000000000000, 1.000000000000000000 ) ;
#479 = CARTESIAN_POINT ( 'NONE',  ( 2.168404344971004431E-16, 0.2800000000000000822, 1.524999999999996803 ) ) ;
#480 = ADVANCED_FACE ( 'NONE', ( #5400 ), #492, .F. ) ;
#481 = LINE ( 'NONE', #1306, #1398 ) ;
#482 = EDGE_CURVE ( 'NONE', #4367, #2309, #1936, .T. ) ;
#483 = LINE ( 'NONE', #2354, #2603 ) ;
#484 = PRESENTATION_STYLE_ASSIGNMENT (( #2327 ) ) ;
#485 = FACE_OUTER_BOUND ( 'NONE', #927, .T. ) ;
#486 = CARTESIAN_POINT ( 'NONE',  ( -1.225000000000004308, 0.2800000000000000266, 0.4750000000000001443 ) ) ;
#487 = VECTOR ( 'NONE', #4290, 1000.000000000000000 ) ;
#488 = SURFACE_SIDE_STYLE ('',( #1909 ) ) ;
#489 = FACE_OUTER_BOUND ( 'NONE', #1169, .T. ) ;
#490 = LINE ( 'NONE', #4851, #1052 ) ;
#491 = EDGE_CURVE ( 'NONE', #1570, #2724, #1788, .T. ) ;
#492 = PLANE ( 'NONE',  #2847 ) ;
#493 = CARTESIAN_POINT ( 'NONE',  ( 1.524999999999997025, 0.2800000000000000266, -1.124999999999999778 ) ) ;
#494 = AXIS2_PLACEMENT_3D ( 'NONE', #1583, #2519, #2537 ) ;
#495 = LINE ( 'NONE', #289, #1194 ) ;
#496 = PLANE ( 'NONE',  #409 ) ;
#497 =( LENGTH_UNIT ( ) NAMED_UNIT ( * ) SI_UNIT ( .MILLI., .METRE. ) );
#498 = FACE_OUTER_BOUND ( 'NONE', #1365, .T. ) ;
#499 = DIRECTION ( 'NONE',  ( 1.000000000000000000, 0.0000000000000000000, 0.0000000000000000000 ) ) ;
#500 = VECTOR ( 'NONE', #622, 1000.000000000000000 ) ;
#501 = ORIENTED_EDGE ( 'NONE', *, *, #5461, .F. ) ;
#502 = VERTEX_POINT ( 'NONE', #5480 ) ;
#503 = PLANE ( 'NONE',  #396 ) ;
#504 =( GEOMETRIC_REPRESENTATION_CONTEXT ( 3 ) GLOBAL_UNCERTAINTY_ASSIGNED_CONTEXT ( ( #3703 ) ) GLOBAL_UNIT_ASSIGNED_CONTEXT ( ( #4589, #2414, #3220 ) ) REPRESENTATION_CONTEXT ( 'NONE', 'WORKASPACE' ) );
#505 = ORIENTED_EDGE ( 'NONE', *, *, #3760, .F. ) ;
#506 = SURFACE_STYLE_USAGE ( .BOTH. , #4545 ) ;
#507 = SURFACE_STYLE_FILL_AREA ( #4054 ) ;
#508 = ORIENTED_EDGE ( 'NONE', *, *, #2562, .F. ) ;
#509 = ADVANCED_FACE ( 'NONE', ( #571 ), #4072, .F. ) ;
#510 = APPLICATION_CONTEXT ( 'automotive_design' ) ;
#511 = VERTEX_POINT ( 'NONE', #4995 ) ;
#512 = CARTESIAN_POINT ( 'NONE',  ( -1.401154618473896329, 1.221224899598389424, -1.401154618473896329 ) ) ;
#513 = EDGE_LOOP ( 'NONE', ( #2523, #4936, #98, #5156 ) ) ;
#514 = ORIENTED_EDGE ( 'NONE', *, *, #1503, .T. ) ;
#515 = SURFACE_SIDE_STYLE ('',( #5686 ) ) ;
#516 = EDGE_LOOP ( 'NONE', ( #3754, #3389, #1572, #4652 ) ) ;
#517 = SURFACE_SIDE_STYLE ('',( #2103 ) ) ;
#518 = EDGE_CURVE ( 'NONE', #4032, #2161, #5647, .T. ) ;
#519 = FILL_AREA_STYLE_COLOUR ( '', #5789 ) ;
#520 = FILL_AREA_STYLE ('',( #2801 ) ) ;
#521 = FILL_AREA_STYLE_COLOUR ( '', #3012 ) ;
#522 = ORIENTED_EDGE ( 'NONE', *, *, #4019, .F. ) ;
#523 = EDGE_LOOP ( 'NONE', ( #2639, #5005, #3349, #4719 ) ) ;
#524 = MECHANICAL_DESIGN_GEOMETRIC_PRESENTATION_REPRESENTATION (  '', ( #3051 ), #4733 ) ;
#525 = ORIENTED_EDGE ( 'NONE', *, *, #877, .T. ) ;
#526 = DIRECTION ( 'NONE',  ( -1.000000000000000000, -0.0000000000000000000, -1.322197771323785883E-16 ) ) ;
#527 = EDGE_CURVE ( 'NONE', #5733, #3533, #2067, .T. ) ;
#528 = FACE_OUTER_BOUND ( 'NONE', #304, .T. ) ;
#529 = CARTESIAN_POINT ( 'NONE',  ( 1.655000000000000249, 0.0000000000000000000, 0.1749999999999998224 ) ) ;
#530 = MECHANICAL_DESIGN_GEOMETRIC_PRESENTATION_REPRESENTATION (  '', ( #3253 ), #1129 ) ;
#531 =( LENGTH_UNIT ( ) NAMED_UNIT ( * ) SI_UNIT ( .MILLI., .METRE. ) );
#532 =( NAMED_UNIT ( * ) SI_UNIT ( $, .STERADIAN. ) SOLID_ANGLE_UNIT ( ) );
#533 = UNCERTAINTY_MEASURE_WITH_UNIT (LENGTH_MEASURE( 1.000000000000000082E-05 ), #5003, 'distance_accuracy_value', 'NONE');
#534 = STYLED_ITEM ( 'NONE', ( #4776 ), #5772 ) ;
#535 = MECHANICAL_DESIGN_GEOMETRIC_PRESENTATION_REPRESENTATION (  '', ( #637 ), #1133 ) ;
#536 = FILL_AREA_STYLE ('',( #3662 ) ) ;
#537 = FILL_AREA_STYLE ('',( #1483 ) ) ;
#538 = ORIENTED_EDGE ( 'NONE', *, *, #4487, .T. ) ;
#539 = CARTESIAN_POINT ( 'NONE',  ( -0.3199999999999997291, 0.2800000000000000266, -1.300000000000000044 ) ) ;
#540 = EDGE_CURVE ( 'NONE', #4515, #5510, #5543, .T. ) ;
#541 = ADVANCED_FACE ( 'NONE', ( #4332 ), #4202, .T. ) ;
#542 = MANIFOLD_SOLID_BREP ( 'Boss-Extrude2[2]', #5229 ) ;
#543 = PRESENTATION_LAYER_ASSIGNMENT (  '', '', ( #5136 ) ) ;
#544 =( NAMED_UNIT ( * ) PLANE_ANGLE_UNIT ( ) SI_UNIT ( $, .RADIAN. ) );
#545 = ORIENTED_EDGE ( 'NONE', *, *, #4258, .F. ) ;
#546 = COLOUR_RGB ( '',0.2509803921568627416, 0.2509803921568627416, 0.2509803921568627416 ) ;
#547 = SURFACE_STYLE_FILL_AREA ( #3591 ) ;
#548 = CARTESIAN_POINT ( 'NONE',  ( 1.245000000000000329, 0.0000000000000000000, -1.124999999999999556 ) ) ;
#549 = STYLED_ITEM ( 'NONE', ( #119 ), #2617 ) ;
#550 = LINE ( 'NONE', #4819, #5051 ) ;
#551 = FILL_AREA_STYLE ('',( #5497 ) ) ;
#552 = AXIS2_PLACEMENT_3D ( 'NONE', #1543, #2018, #247 ) ;
#553 = SURFACE_STYLE_FILL_AREA ( #1747 ) ;
#554 = CARTESIAN_POINT ( 'NONE',  ( -1.655000000000002025, 0.2800000000000000266, -0.1749999999999998224 ) ) ;
#555 = LINE ( 'NONE', #3285, #2487 ) ;
#556 = STYLED_ITEM ( 'NONE', ( #5099 ), #131 ) ;
#557 = FACE_OUTER_BOUND ( 'NONE', #440, .T. ) ;
#558 = VECTOR ( 'NONE', #1193, 1000.000000000000000 ) ;
#559 =( LENGTH_UNIT ( ) NAMED_UNIT ( * ) SI_UNIT ( .MILLI., .METRE. ) );
#560 = STYLED_ITEM ( 'NONE', ( #3228 ), #4138 ) ;
#561 = UNCERTAINTY_MEASURE_WITH_UNIT (LENGTH_MEASURE( 1.000000000000000082E-05 ), #3126, 'distance_accuracy_value', 'NONE');
#562 = VECTOR ( 'NONE', #1185, 1000.000000000000000 ) ;
#563 = DIRECTION ( 'NONE',  ( 1.000000000000000000, -0.0000000000000000000, 0.0000000000000000000 ) ) ;
#564 = MECHANICAL_DESIGN_GEOMETRIC_PRESENTATION_REPRESENTATION (  '', ( #259 ), #1660 ) ;
#565 = ADVANCED_FACE ( 'NONE', ( #5065 ), #1482, .F. ) ;
#566 = SURFACE_SIDE_STYLE ('',( #1106 ) ) ;
#567 = CARTESIAN_POINT ( 'NONE',  ( 1.524999999999999911, 1.040000000000000036, -1.525000000000000355 ) ) ;
#568 = EDGE_CURVE ( 'NONE', #5074, #224, #2134, .T. ) ;
#569 = VECTOR ( 'NONE', #2902, 1000.000000000000000 ) ;
#570 = DIRECTION ( 'NONE',  ( -0.0000000000000000000, 1.000000000000000000, -0.0000000000000000000 ) ) ;
#571 = FACE_OUTER_BOUND ( 'NONE', #5725, .T. ) ;
#572 = DIRECTION ( 'NONE',  ( -1.000000000000000000, 0.0000000000000000000, -0.0000000000000000000 ) ) ;
#573 = STYLED_ITEM ( 'NONE', ( #2069 ), #4843 ) ;
#574 = EDGE_LOOP ( 'NONE', ( #723, #1018, #93, #4618 ) ) ;
#575 = PLANE ( 'NONE',  #2465 ) ;
#576 = ORIENTED_EDGE ( 'NONE', *, *, #2840, .F. ) ;
#577 = ORIENTED_EDGE ( 'NONE', *, *, #3187, .F. ) ;
#578 = SURFACE_STYLE_USAGE ( .BOTH. , #3758 ) ;
#579 =( NAMED_UNIT ( * ) SI_UNIT ( $, .STERADIAN. ) SOLID_ANGLE_UNIT ( ) );
#580 = ORIENTED_EDGE ( 'NONE', *, *, #3606, .T. ) ;
#581 = VECTOR ( 'NONE', #874, 1000.000000000000000 ) ;
#582 = ORIENTED_EDGE ( 'NONE', *, *, #84, .F. ) ;
#583 = ORIENTED_EDGE ( 'NONE', *, *, #5626, .F. ) ;
#584 =( GEOMETRIC_REPRESENTATION_CONTEXT ( 3 ) GLOBAL_UNCERTAINTY_ASSIGNED_CONTEXT ( ( #3099 ) ) GLOBAL_UNIT_ASSIGNED_CONTEXT ( ( #4976, #1352, #4563 ) ) REPRESENTATION_CONTEXT ( 'NONE', 'WORKASPACE' ) );
#585 =( GEOMETRIC_REPRESENTATION_CONTEXT ( 3 ) GLOBAL_UNCERTAINTY_ASSIGNED_CONTEXT ( ( #1961 ) ) GLOBAL_UNIT_ASSIGNED_CONTEXT ( ( #5413, #4033, #5835 ) ) REPRESENTATION_CONTEXT ( 'NONE', 'WORKASPACE' ) );
#586 = DIRECTION ( 'NONE',  ( -2.853163611803958284E-16, -0.0000000000000000000, 1.000000000000000000 ) ) ;
#587 = ORIENTED_EDGE ( 'NONE', *, *, #1687, .F. ) ;
#588 = SURFACE_STYLE_FILL_AREA ( #5211 ) ;
#589 = ORIENTED_EDGE ( 'NONE', *, *, #193, .F. ) ;
#590 = SURFACE_STYLE_USAGE ( .BOTH. , #1913 ) ;
#591 = DIRECTION ( 'NONE',  ( 0.0000000000000000000, -1.000000000000000000, 0.0000000000000000000 ) ) ;
#592 =( NAMED_UNIT ( * ) PLANE_ANGLE_UNIT ( ) SI_UNIT ( $, .RADIAN. ) );
#593 = EDGE_CURVE ( 'NONE', #5614, #183, #4503, .T. ) ;
#594 = FILL_AREA_STYLE_COLOUR ( '', #5130 ) ;
#595 = STYLED_ITEM ( 'NONE', ( #4916 ), #3959 ) ;
#596 = VECTOR ( 'NONE', #2049, 1000.000000000000000 ) ;
#597 =( LENGTH_UNIT ( ) NAMED_UNIT ( * ) SI_UNIT ( .MILLI., .METRE. ) );
#598 = PLANE ( 'NONE',  #1773 ) ;
#599 = STYLED_ITEM ( 'NONE', ( #5504 ), #718 ) ;
#600 = VECTOR ( 'NONE', #935, 1000.000000000000000 ) ;
#601 = VECTOR ( 'NONE', #4863, 1000.000000000000000 ) ;
#602 = UNCERTAINTY_MEASURE_WITH_UNIT (LENGTH_MEASURE( 1.000000000000000082E-05 ), #3625, 'distance_accuracy_value', 'NONE');
#603 = VERTEX_POINT ( 'NONE', #3768 ) ;
#604 =( NAMED_UNIT ( * ) SI_UNIT ( $, .STERADIAN. ) SOLID_ANGLE_UNIT ( ) );
#605 = EDGE_CURVE ( 'NONE', #2144, #857, #4713, .T. ) ;
#606 = FILL_AREA_STYLE ('',( #1528 ) ) ;
#607 =( GEOMETRIC_REPRESENTATION_CONTEXT ( 3 ) GLOBAL_UNCERTAINTY_ASSIGNED_CONTEXT ( ( #2914 ) ) GLOBAL_UNIT_ASSIGNED_CONTEXT ( ( #3569, #3940, #4475 ) ) REPRESENTATION_CONTEXT ( 'NONE', 'WORKASPACE' ) );
#608 = LINE ( 'NONE', #4137, #4124 ) ;
#609 = EDGE_LOOP ( 'NONE', ( #5572, #3390, #1347, #3139 ) ) ;
#610 =( NAMED_UNIT ( * ) PLANE_ANGLE_UNIT ( ) SI_UNIT ( $, .RADIAN. ) );
#611 = CARTESIAN_POINT ( 'NONE',  ( 0.0000000000000000000, 0.2800000000000000266, 0.0000000000000000000 ) ) ;
#612 = FILL_AREA_STYLE_COLOUR ( '', #5466 ) ;
#613 = DIRECTION ( 'NONE',  ( 0.0000000000000000000, 0.0000000000000000000, 1.000000000000000000 ) ) ;
#614 = FILL_AREA_STYLE ('',( #2424 ) ) ;
#615 = LINE ( 'NONE', #5375, #980 ) ;
#616 = CARTESIAN_POINT ( 'NONE',  ( -1.225000000000004308, -0.02000000000000000042, 0.1750000000000002387 ) ) ;
#617 = EDGE_CURVE ( 'NONE', #1948, #3054, #850, .T. ) ;
#618 = CARTESIAN_POINT ( 'NONE',  ( 1.245000000000000329, 0.2800000000000000266, -1.124999999999999556 ) ) ;
#619 = FACE_OUTER_BOUND ( 'NONE', #1005, .T. ) ;
#620 = CARTESIAN_POINT ( 'NONE',  ( 1.245000000000000329, 0.2800000000000000266, -0.1749999999999998501 ) ) ;
#621 = FILL_AREA_STYLE ('',( #4588 ) ) ;
#622 = DIRECTION ( 'NONE',  ( 0.0000000000000000000, 0.0000000000000000000, -1.000000000000000000 ) ) ;
#623 = LINE ( 'NONE', #1258, #3857 ) ;
#624 = SURFACE_STYLE_FILL_AREA ( #148 ) ;
#625 = FACE_OUTER_BOUND ( 'NONE', #743, .T. ) ;
#626 = PLANE ( 'NONE',  #1118 ) ;
#627 = VECTOR ( 'NONE', #238, 1000.000000000000000 ) ;
#628 = PLANE ( 'NONE',  #2583 ) ;
#629 = UNCERTAINTY_MEASURE_WITH_UNIT (LENGTH_MEASURE( 1.000000000000000082E-05 ), #191, 'distance_accuracy_value', 'NONE');
#630 = LINE ( 'NONE', #5699, #2492 ) ;
#631 =( NAMED_UNIT ( * ) PLANE_ANGLE_UNIT ( ) SI_UNIT ( $, .RADIAN. ) );
#632 = SURFACE_SIDE_STYLE ('',( #1035 ) ) ;
#633 = FACE_OUTER_BOUND ( 'NONE', #125, .T. ) ;
#634 = STYLED_ITEM ( 'NONE', ( #3078 ), #2744 ) ;
#635 = EDGE_CURVE ( 'NONE', #1246, #3965, #4288, .T. ) ;
#636 = SURFACE_SIDE_STYLE ('',( #1644 ) ) ;
#637 = STYLED_ITEM ( 'NONE', ( #2675 ), #1630 ) ;
#638 = VERTEX_POINT ( 'NONE', #127 ) ;
#639 = ORIENTED_EDGE ( 'NONE', *, *, #5626, .T. ) ;
#640 = DIRECTION ( 'NONE',  ( -0.0000000000000000000, 1.000000000000000000, -0.0000000000000000000 ) ) ;
#641 = CARTESIAN_POINT ( 'NONE',  ( -1.524999999999999911, 0.2799999999999790434, 1.524999999999999911 ) ) ;
#642 = ORIENTED_EDGE ( 'NONE', *, *, #3351, .F. ) ;
#643 = EDGE_CURVE ( 'NONE', #5281, #4375, #4215, .T. ) ;
#644 = CARTESIAN_POINT ( 'NONE',  ( -0.02499999999999974118, 0.2800000000000000266, -1.149999999999999911 ) ) ;
#645 = PRESENTATION_STYLE_ASSIGNMENT (( #2718 ) ) ;
#646 = EDGE_LOOP ( 'NONE', ( #1346, #2992, #2578, #2236 ) ) ;
#647 =( NAMED_UNIT ( * ) SI_UNIT ( $, .STERADIAN. ) SOLID_ANGLE_UNIT ( ) );
#648 = ORIENTED_EDGE ( 'NONE', *, *, #5257, .F. ) ;
#649 = CARTESIAN_POINT ( 'NONE',  ( 1.245000000000000329, 0.2800000000000000266, -0.8249999999999997335 ) ) ;
#650 = AXIS2_PLACEMENT_3D ( 'NONE', #4696, #5537, #1043 ) ;
#651 = DIRECTION ( 'NONE',  ( -0.0000000000000000000, 1.000000000000000000, -0.0000000000000000000 ) ) ;
#652 = VERTEX_POINT ( 'NONE', #1935 ) ;
#653 = VECTOR ( 'NONE', #3461, 1000.000000000000000 ) ;
#654 = ORIENTED_EDGE ( 'NONE', *, *, #2412, .F. ) ;
#655 = FILL_AREA_STYLE ('',( #1162 ) ) ;
#656 = FILL_AREA_STYLE_COLOUR ( '', #3977 ) ;
#657 = DIRECTION ( 'NONE',  ( -0.0000000000000000000, -1.000000000000000000, -0.0000000000000000000 ) ) ;
#658 = ORIENTED_EDGE ( 'NONE', *, *, #4078, .T. ) ;
#659 =( NAMED_UNIT ( * ) PLANE_ANGLE_UNIT ( ) SI_UNIT ( $, .RADIAN. ) );
#660 = SURFACE_STYLE_FILL_AREA ( #4717 ) ;
#661 = ORIENTED_EDGE ( 'NONE', *, *, #635, .F. ) ;
#662 = ORIENTED_EDGE ( 'NONE', *, *, #3902, .T. ) ;
#663 = PRESENTATION_LAYER_ASSIGNMENT (  '', '', ( #1382 ) ) ;
#664 = CARTESIAN_POINT ( 'NONE',  ( 1.524999999999999911, 0.0000000000000000000, -0.1749999999999998224 ) ) ;
#665 = LINE ( 'NONE', #275, #3970 ) ;
#666 = SURFACE_STYLE_USAGE ( .BOTH. , #1174 ) ;
#667 = MECHANICAL_DESIGN_GEOMETRIC_PRESENTATION_REPRESENTATION (  '', ( #3376 ), #3687 ) ;
#668 = DIRECTION ( 'NONE',  ( -1.000000000000000000, 0.0000000000000000000, -1.260700200564540091E-16 ) ) ;
#669 = DIRECTION ( 'NONE',  ( 0.0000000000000000000, 0.0000000000000000000, 1.000000000000000000 ) ) ;
#670 = EDGE_CURVE ( 'NONE', #4228, #603, #3859, .T. ) ;
#671 = CARTESIAN_POINT ( 'NONE',  ( 1.245000000000000329, 0.2800000000000000266, 0.4749999999999997558 ) ) ;
#672 = DIRECTION ( 'NONE',  ( 0.2873478855663454956, 0.0000000000000000000, -0.9578262852211513190 ) ) ;
#673 =( GEOMETRIC_REPRESENTATION_CONTEXT ( 3 ) GLOBAL_UNCERTAINTY_ASSIGNED_CONTEXT ( ( #4572 ) ) GLOBAL_UNIT_ASSIGNED_CONTEXT ( ( #1522, #2398, #1994 ) ) REPRESENTATION_CONTEXT ( 'NONE', 'WORKASPACE' ) );
#674 = FACE_OUTER_BOUND ( 'NONE', #866, .T. ) ;
#675 = SURFACE_STYLE_USAGE ( .BOTH. , #1102 ) ;
#676 = ORIENTED_EDGE ( 'NONE', *, *, #3800, .T. ) ;
#677 =( GEOMETRIC_REPRESENTATION_CONTEXT ( 3 ) GLOBAL_UNCERTAINTY_ASSIGNED_CONTEXT ( ( #2643 ) ) GLOBAL_UNIT_ASSIGNED_CONTEXT ( ( #3329, #5503, #2741 ) ) REPRESENTATION_CONTEXT ( 'NONE', 'WORKASPACE' ) );
#678 = CARTESIAN_POINT ( 'NONE',  ( -0.3199999999999997291, 0.0000000000000000000, 1.300000000000000044 ) ) ;
#679 = SURFACE_STYLE_FILL_AREA ( #5742 ) ;
#680 = ORIENTED_EDGE ( 'NONE', *, *, #2429, .F. ) ;
#681 = EDGE_CURVE ( 'NONE', #3048, #4884, #704, .T. ) ;
#682 = FILL_AREA_STYLE ('',( #1551 ) ) ;
#683 = PRESENTATION_LAYER_ASSIGNMENT (  '', '', ( #1484 ) ) ;
#684 = CARTESIAN_POINT ( 'NONE',  ( -1.655000000000002025, -0.0000000000000000000, -0.1749999999999998224 ) ) ;
#685 = SURFACE_SIDE_STYLE ('',( #1120 ) ) ;
#686 = DIRECTION ( 'NONE',  ( -1.000000000000000000, -0.0000000000000000000, -0.0000000000000000000 ) ) ;
#687 = COLOUR_RGB ( '',0.2509803921568627416, 0.2509803921568627416, 0.2509803921568627416 ) ;
#688 = VECTOR ( 'NONE', #2214, 1000.000000000000114 ) ;
#689 = PLANE ( 'NONE',  #3936 ) ;
#690 = VECTOR ( 'NONE', #3150, 1000.000000000000000 ) ;
#691 = VECTOR ( 'NONE', #926, 1000.000000000000000 ) ;
#692 = CARTESIAN_POINT ( 'NONE',  ( -0.06999999999999975686, 0.2800000000000000266, 1.649999999999999911 ) ) ;
#693 =( LENGTH_UNIT ( ) NAMED_UNIT ( * ) SI_UNIT ( .MILLI., .METRE. ) );
#694 = MECHANICAL_DESIGN_GEOMETRIC_PRESENTATION_REPRESENTATION (  '', ( #4799 ), #4310 ) ;
#695 = COLOUR_RGB ( '',1.000000000000000000, 1.000000000000000000, 1.000000000000000000 ) ;
#696 = FILL_AREA_STYLE ('',( #1565 ) ) ;
#697 = VECTOR ( 'NONE', #3922, 1000.000000000000000 ) ;
#698 = LINE ( 'NONE', #4424, #2540 ) ;
#699 = DIRECTION ( 'NONE',  ( -0.2873478855663454956, -0.0000000000000000000, 0.9578262852211513190 ) ) ;
#700 = EDGE_CURVE ( 'NONE', #4788, #2703, #1616, .T. ) ;
#701 = LINE ( 'NONE', #4160, #2129 ) ;
#702 = DIRECTION ( 'NONE',  ( 1.000000000000000000, -0.0000000000000000000, -0.0000000000000000000 ) ) ;
#703 = FACE_OUTER_BOUND ( 'NONE', #1034, .T. ) ;
#704 = LINE ( 'NONE', #5567, #5562 ) ;
#705 = PRESENTATION_LAYER_ASSIGNMENT (  '', '', ( #3827 ) ) ;
#706 = UNCERTAINTY_MEASURE_WITH_UNIT (LENGTH_MEASURE( 1.000000000000000082E-05 ), #4231, 'distance_accuracy_value', 'NONE');
#707 = CARTESIAN_POINT ( 'NONE',  ( -1.225000000000006528, -0.02000000000000000042, 0.8250000000000001776 ) ) ;
#708 = SURFACE_STYLE_FILL_AREA ( #2088 ) ;
#709 = PRESENTATION_LAYER_ASSIGNMENT (  '', '', ( #1195 ) ) ;
#710 = CARTESIAN_POINT ( 'NONE',  ( -1.225000000000006528, 0.2800000000000000266, 0.8250000000000001776 ) ) ;
#711 = CARTESIAN_POINT ( 'NONE',  ( -0.02499999999999971342, 0.2800000000000000266, 1.054999999999999938 ) ) ;
#712 = SURFACE_STYLE_USAGE ( .BOTH. , #2555 ) ;
#713 = ORIENTED_EDGE ( 'NONE', *, *, #1705, .T. ) ;
#714 = ORIENTED_EDGE ( 'NONE', *, *, #329, .T. ) ;
#715 = DIRECTION ( 'NONE',  ( -0.0000000000000000000, 1.000000000000000000, -0.0000000000000000000 ) ) ;
#716 = EDGE_CURVE ( 'NONE', #1865, #1151, #3732, .T. ) ;
#717 = ORIENTED_EDGE ( 'NONE', *, *, #1871, .T. ) ;
#718 = ADVANCED_FACE ( 'NONE', ( #2549 ), #216, .F. ) ;
#719 = ORIENTED_EDGE ( 'NONE', *, *, #3446, .F. ) ;
#720 = LINE ( 'NONE', #4941, #1206 ) ;
#721 = ORIENTED_EDGE ( 'NONE', *, *, #4186, .F. ) ;
#722 =( NAMED_UNIT ( * ) SI_UNIT ( $, .STERADIAN. ) SOLID_ANGLE_UNIT ( ) );
#723 = ORIENTED_EDGE ( 'NONE', *, *, #2881, .T. ) ;
#724 = ORIENTED_EDGE ( 'NONE', *, *, #1187, .F. ) ;
#725 = PLANE ( 'NONE',  #2988 ) ;
#726 =( NAMED_UNIT ( * ) SI_UNIT ( $, .STERADIAN. ) SOLID_ANGLE_UNIT ( ) );
#727 = ORIENTED_EDGE ( 'NONE', *, *, #4216, .F. ) ;
#728 = ORIENTED_EDGE ( 'NONE', *, *, #2513, .T. ) ;
#729 = FILL_AREA_STYLE_COLOUR ( '', #1408 ) ;
#730 = ORIENTED_EDGE ( 'NONE', *, *, #1170, .F. ) ;
#731 = CARTESIAN_POINT ( 'NONE',  ( 1.245000000000000329, 0.0000000000000000000, 1.054999999999999938 ) ) ;
#732 = CARTESIAN_POINT ( 'NONE',  ( -0.02499999999999971342, 0.2800000000000000266, -1.054999999999999938 ) ) ;
#733 =( NAMED_UNIT ( * ) SI_UNIT ( $, .STERADIAN. ) SOLID_ANGLE_UNIT ( ) );
#734 =( LENGTH_UNIT ( ) NAMED_UNIT ( * ) SI_UNIT ( .MILLI., .METRE. ) );
#735 = MECHANICAL_DESIGN_GEOMETRIC_PRESENTATION_REPRESENTATION (  '', ( #549 ), #4391 ) ;
#736 = UNCERTAINTY_MEASURE_WITH_UNIT (LENGTH_MEASURE( 1.000000000000000082E-05 ), #4233, 'distance_accuracy_value', 'NONE');
#737 =( NAMED_UNIT ( * ) PLANE_ANGLE_UNIT ( ) SI_UNIT ( $, .RADIAN. ) );
#738 = PRESENTATION_LAYER_ASSIGNMENT (  '', '', ( #3856 ) ) ;
#739 =( NAMED_UNIT ( * ) PLANE_ANGLE_UNIT ( ) SI_UNIT ( $, .RADIAN. ) );
#740 = CARTESIAN_POINT ( 'NONE',  ( -1.524999999999999911, 0.0000000000000000000, -1.524999999999999911 ) ) ;
#741 = STYLED_ITEM ( 'NONE', ( #3551 ), #74 ) ;
#742 = VECTOR ( 'NONE', #3242, 1000.000000000000000 ) ;
#743 = EDGE_LOOP ( 'NONE', ( #5038, #4454, #5445, #2792 ) ) ;
#744 = LINE ( 'NONE', #248, #323 ) ;
#745 = DIRECTION ( 'NONE',  ( 0.0000000000000000000, 0.0000000000000000000, -1.000000000000000000 ) ) ;
#746 = MECHANICAL_DESIGN_GEOMETRIC_PRESENTATION_REPRESENTATION (  '', ( #4065 ), #4564 ) ;
#747 = CARTESIAN_POINT ( 'NONE',  ( -0.3199999999999997291, 0.0000000000000000000, 0.0000000000000000000 ) ) ;
#748 = STYLED_ITEM ( 'NONE', ( #4360 ), #1039 ) ;
#749 = CARTESIAN_POINT ( 'NONE',  ( 1.524999999999999911, 1.040000000000000036, -1.525000000000000355 ) ) ;
#750 = CARTESIAN_POINT ( 'NONE',  ( 1.524999999999999911, 0.0000000000000000000, 0.4749999999999997558 ) ) ;
#751 = VECTOR ( 'NONE', #4051, 1000.000000000000000 ) ;
#752 = EDGE_CURVE ( 'NONE', #5800, #170, #2614, .T. ) ;
#753 = FACE_OUTER_BOUND ( 'NONE', #3261, .T. ) ;
#754 = STYLED_ITEM ( 'NONE', ( #215 ), #5025 ) ;
#755 =( LENGTH_UNIT ( ) NAMED_UNIT ( * ) SI_UNIT ( .MILLI., .METRE. ) );
#756 = VECTOR ( 'NONE', #90, 1000.000000000000000 ) ;
#757 = COLOUR_RGB ( '',1.000000000000000000, 1.000000000000000000, 1.000000000000000000 ) ;
#758 = CARTESIAN_POINT ( 'NONE',  ( -0.02499999999999974118, 0.2800000000000000266, 1.149999999999999911 ) ) ;
#759 = CARTESIAN_POINT ( 'NONE',  ( -1.524999999999999911, 1.040000000000000036, -0.1749999999999998224 ) ) ;
#760 = CARTESIAN_POINT ( 'NONE',  ( -0.3199999999999997291, 0.0000000000000000000, -1.649999999999999911 ) ) ;
#761 = CARTESIAN_POINT ( 'NONE',  ( 1.655000000000000249, 0.0000000000000000000, 0.1749999999999998224 ) ) ;
#762 = FACE_OUTER_BOUND ( 'NONE', #5832, .T. ) ;
#763 = DIRECTION ( 'NONE',  ( -1.000000000000000000, -0.0000000000000000000, -0.0000000000000000000 ) ) ;
#764 = MECHANICAL_DESIGN_GEOMETRIC_PRESENTATION_REPRESENTATION (  '', ( #175 ), #305 ) ;
#765 = PRESENTATION_LAYER_ASSIGNMENT (  '', '', ( #3976 ) ) ;
#766 = VECTOR ( 'NONE', #4695, 1000.000000000000000 ) ;
#767 = DIRECTION ( 'NONE',  ( 0.0000000000000000000, 0.0000000000000000000, -1.000000000000000000 ) ) ;
#768 = DIRECTION ( 'NONE',  ( 0.0000000000000000000, 0.0000000000000000000, 1.000000000000000000 ) ) ;
#769 = ADVANCED_FACE ( 'NONE', ( #4280 ), #199, .F. ) ;
#770 = COLOUR_RGB ( '',1.000000000000000000, 1.000000000000000000, 1.000000000000000000 ) ;
#771 = EDGE_CURVE ( 'NONE', #383, #23, #1480, .T. ) ;
#772 = DIRECTION ( 'NONE',  ( -0.0000000000000000000, 0.0000000000000000000, -1.000000000000000000 ) ) ;
#773 = UNCERTAINTY_MEASURE_WITH_UNIT (LENGTH_MEASURE( 1.000000000000000082E-05 ), #5308, 'distance_accuracy_value', 'NONE');
#774 = LINE ( 'NONE', #4242, #1489 ) ;
#775 = ORIENTED_EDGE ( 'NONE', *, *, #958, .T. ) ;
#776 = CARTESIAN_POINT ( 'NONE',  ( 1.655000000000000249, 0.2800000000000000266, -0.8249999999999997335 ) ) ;
#777 = ORIENTED_EDGE ( 'NONE', *, *, #284, .T. ) ;
#778 = PRESENTATION_LAYER_ASSIGNMENT (  '', '', ( #3383 ) ) ;
#779 = CARTESIAN_POINT ( 'NONE',  ( 0.0000000000000000000, 0.0000000000000000000, 0.1750000000000002387 ) ) ;
#780 = CARTESIAN_POINT ( 'NONE',  ( -0.06999999999999974298, 0.2800000000000000266, -1.524999999999997247 ) ) ;
#781 = ORIENTED_EDGE ( 'NONE', *, *, #5726, .T. ) ;
#782 = STYLED_ITEM ( 'NONE', ( #1095 ), #541 ) ;
#783 = ORIENTED_EDGE ( 'NONE', *, *, #5049, .T. ) ;
#784 = CARTESIAN_POINT ( 'NONE',  ( 1.245000000000000329, 0.2800000000000000266, 1.054999999999999938 ) ) ;
#785 = ORIENTED_EDGE ( 'NONE', *, *, #4578, .T. ) ;
#786 = SURFACE_SIDE_STYLE ('',( #2307 ) ) ;
#787 = SURFACE_STYLE_USAGE ( .BOTH. , #5271 ) ;
#788 = ORIENTED_EDGE ( 'NONE', *, *, #2274, .F. ) ;
#789 = CARTESIAN_POINT ( 'NONE',  ( 1.245000000000000329, 0.2800000000000000266, 0.8249999999999997335 ) ) ;
#790 =( NAMED_UNIT ( * ) PLANE_ANGLE_UNIT ( ) SI_UNIT ( $, .RADIAN. ) );
#791 = EDGE_CURVE ( 'NONE', #1443, #1499, #273, .T. ) ;
#792 = DIRECTION ( 'NONE',  ( 1.000000000000000000, -0.0000000000000000000, -0.0000000000000000000 ) ) ;
#793 = ORIENTED_EDGE ( 'NONE', *, *, #4659, .T. ) ;
#794 = MECHANICAL_DESIGN_GEOMETRIC_PRESENTATION_REPRESENTATION (  '', ( #1096 ), #4785 ) ;
#795 = EDGE_LOOP ( 'NONE', ( #1298, #5452, #3209, #2080 ) ) ;
#796 = FACE_OUTER_BOUND ( 'NONE', #5513, .T. ) ;
#797 = EDGE_LOOP ( 'NONE', ( #5723, #1223, #5450, #5374 ) ) ;
#798 = CARTESIAN_POINT ( 'NONE',  ( 1.524999999999997025, 0.2800000000000000266, 1.124999999999999778 ) ) ;
#799 = ORIENTED_EDGE ( 'NONE', *, *, #5438, .F. ) ;
#800 =( LENGTH_UNIT ( ) NAMED_UNIT ( * ) SI_UNIT ( .MILLI., .METRE. ) );
#801 =( NAMED_UNIT ( * ) PLANE_ANGLE_UNIT ( ) SI_UNIT ( $, .RADIAN. ) );
#802 = ADVANCED_FACE ( 'NONE', ( #3580 ), #1159, .F. ) ;
#803 = DIRECTION ( 'NONE',  ( -0.0000000000000000000, 1.000000000000000000, -0.0000000000000000000 ) ) ;
#804 = ADVANCED_FACE ( 'NONE', ( #3373 ), #725, .F. ) ;
#805 = LINE ( 'NONE', #4752, #42 ) ;
#806 = CARTESIAN_POINT ( 'NONE',  ( -0.02499999999999974118, 0.2800000000000000266, -1.149999999999999911 ) ) ;
#807 = PRESENTATION_LAYER_ASSIGNMENT (  '', '', ( #4834 ) ) ;
#808 =( GEOMETRIC_REPRESENTATION_CONTEXT ( 3 ) GLOBAL_UNCERTAINTY_ASSIGNED_CONTEXT ( ( #889 ) ) GLOBAL_UNIT_ASSIGNED_CONTEXT ( ( #470, #4128, #925 ) ) REPRESENTATION_CONTEXT ( 'NONE', 'WORKASPACE' ) );
#809 = CARTESIAN_POINT ( 'NONE',  ( -1.524999999999999911, 1.040000000000000036, 1.524999999999999911 ) ) ;
#810 = DIRECTION ( 'NONE',  ( -1.000000000000000000, 0.0000000000000000000, -7.228014483236700500E-16 ) ) ;
#811 = CARTESIAN_POINT ( 'NONE',  ( -1.654999999999999805, -0.02000000000000000042, -1.124999999999999778 ) ) ;
#812 = DIRECTION ( 'NONE',  ( 0.2873478855663454956, 0.0000000000000000000, 0.9578262852211513190 ) ) ;
#813 = CARTESIAN_POINT ( 'NONE',  ( 1.524999999999999911, 0.2799999999999790434, -1.525000000000000355 ) ) ;
#814 = EDGE_CURVE ( 'NONE', #166, #1208, #2685, .T. ) ;
#815 = VERTEX_POINT ( 'NONE', #4872 ) ;
#816 = CARTESIAN_POINT ( 'NONE',  ( 1.655000000000000249, 0.2800000000000000266, 1.124999999999999778 ) ) ;
#817 = PRESENTATION_LAYER_ASSIGNMENT (  '', '', ( #595 ) ) ;
#818 = EDGE_LOOP ( 'NONE', ( #2702, #5809, #1197, #3949 ) ) ;
#819 = DIRECTION ( 'NONE',  ( 0.0000000000000000000, 0.0000000000000000000, 1.000000000000000000 ) ) ;
#820 =( LENGTH_UNIT ( ) NAMED_UNIT ( * ) SI_UNIT ( .MILLI., .METRE. ) );
#821 = STYLED_ITEM ( 'NONE', ( #2282 ), #542 ) ;
#822 = VECTOR ( 'NONE', #1076, 1000.000000000000000 ) ;
#823 = CARTESIAN_POINT ( 'NONE',  ( 1.372453912856161917, 1.040000000000000036, 1.372453912856161695 ) ) ;
#824 = SURFACE_STYLE_USAGE ( .BOTH. , #3518 ) ;
#825 = FACE_OUTER_BOUND ( 'NONE', #5140, .T. ) ;
#826 =( LENGTH_UNIT ( ) NAMED_UNIT ( * ) SI_UNIT ( .MILLI., .METRE. ) );
#827 =( NAMED_UNIT ( * ) PLANE_ANGLE_UNIT ( ) SI_UNIT ( $, .RADIAN. ) );
#828 = MECHANICAL_DESIGN_GEOMETRIC_PRESENTATION_REPRESENTATION (  '', ( #4251 ), #5473 ) ;
#829 = PRESENTATION_STYLE_ASSIGNMENT (( #384 ) ) ;
#830 = SURFACE_SIDE_STYLE ('',( #5118 ) ) ;
#831 =( NAMED_UNIT ( * ) PLANE_ANGLE_UNIT ( ) SI_UNIT ( $, .RADIAN. ) );
#832 = COLOUR_RGB ( '',1.000000000000000000, 1.000000000000000000, 1.000000000000000000 ) ;
#833 = PRESENTATION_LAYER_ASSIGNMENT (  '', '', ( #5476 ) ) ;
#834 = FACE_OUTER_BOUND ( 'NONE', #1568, .T. ) ;
#835 =( GEOMETRIC_REPRESENTATION_CONTEXT ( 3 ) GLOBAL_UNCERTAINTY_ASSIGNED_CONTEXT ( ( #1577 ) ) GLOBAL_UNIT_ASSIGNED_CONTEXT ( ( #3487, #790, #318 ) ) REPRESENTATION_CONTEXT ( 'NONE', 'WORKASPACE' ) );
#836 = SURFACE_STYLE_USAGE ( .BOTH. , #4059 ) ;
#837 =( LENGTH_UNIT ( ) NAMED_UNIT ( * ) SI_UNIT ( .MILLI., .METRE. ) );
#838 = SURFACE_SIDE_STYLE ('',( #3347 ) ) ;
#839 = ADVANCED_FACE ( 'NONE', ( #4708 ), #3938, .F. ) ;
#840 = EDGE_CURVE ( 'NONE', #2450, #5510, #1113, .T. ) ;
#841 = AXIS2_PLACEMENT_3D ( 'NONE', #4173, #70, #1013 ) ;
#842 = PRESENTATION_STYLE_ASSIGNMENT (( #5098 ) ) ;
#843 = COLOUR_RGB ( '',0.2509803921568627416, 0.2509803921568627416, 0.2509803921568627416 ) ;
#844 = LINE ( 'NONE', #671, #5199 ) ;
#845 = FILL_AREA_STYLE_COLOUR ( '', #4501 ) ;
#846 =( NAMED_UNIT ( * ) PLANE_ANGLE_UNIT ( ) SI_UNIT ( $, .RADIAN. ) );
#847 = DIRECTION ( 'NONE',  ( 0.2873478855663454401, 0.0000000000000000000, 0.9578262852211513190 ) ) ;
#848 = DIRECTION ( 'NONE',  ( 1.000000000000000000, -0.0000000000000000000, -1.322197771323785883E-16 ) ) ;
#849 = SURFACE_STYLE_FILL_AREA ( #198 ) ;
#850 = LINE ( 'NONE', #3750, #3313 ) ;
#851 =( NAMED_UNIT ( * ) PLANE_ANGLE_UNIT ( ) SI_UNIT ( $, .RADIAN. ) );
#852 = CARTESIAN_POINT ( 'NONE',  ( 1.524999999999999911, 1.040000000000000036, 0.1749999999999998224 ) ) ;
#853 = CARTESIAN_POINT ( 'NONE',  ( 1.245000000000000329, 0.2800000000000000266, 0.4749999999999997558 ) ) ;
#854 = AXIS2_PLACEMENT_3D ( 'NONE', #5294, #3069, #5788 ) ;
#855 = ORIENTED_EDGE ( 'NONE', *, *, #371, .F. ) ;
#856 = ORIENTED_EDGE ( 'NONE', *, *, #193, .T. ) ;
#857 = VERTEX_POINT ( 'NONE', #5685 ) ;
#858 = STYLED_ITEM ( 'NONE', ( #3280 ), #102 ) ;
#859 = CARTESIAN_POINT ( 'NONE',  ( 1.245000000000000329, 0.0000000000000000000, -1.054999999999999938 ) ) ;
#860 = VERTEX_POINT ( 'NONE', #268 ) ;
#861 = DIRECTION ( 'NONE',  ( 0.0000000000000000000, -0.0000000000000000000, -1.000000000000000000 ) ) ;
#862 = CARTESIAN_POINT ( 'NONE',  ( 1.293443937657340337, 0.8900000000000001243, 0.0000000000000000000 ) ) ;
#863 = ORIENTED_EDGE ( 'NONE', *, *, #3530, .T. ) ;
#864 = ADVANCED_FACE ( 'NONE', ( #619 ), #287, .F. ) ;
#865 = MECHANICAL_DESIGN_GEOMETRIC_PRESENTATION_REPRESENTATION (  '', ( #902 ), #3611 ) ;
#866 = EDGE_LOOP ( 'NONE', ( #2593, #1942, #2430, #3809, #5661, #3450, #2778, #2717 ) ) ;
#867 = FILL_AREA_STYLE ('',( #1864 ) ) ;
#868 = SURFACE_STYLE_USAGE ( .BOTH. , #3555 ) ;
#869 = MECHANICAL_DESIGN_GEOMETRIC_PRESENTATION_REPRESENTATION (  '', ( #3180 ), #1281 ) ;
#870 = ORIENTED_EDGE ( 'NONE', *, *, #4066, .F. ) ;
#871 = ORIENTED_EDGE ( 'NONE', *, *, #5014, .T. ) ;
#872 = PLANE ( 'NONE',  #4324 ) ;
#873 = ORIENTED_EDGE ( 'NONE', *, *, #228, .F. ) ;
#874 = DIRECTION ( 'NONE',  ( -0.0000000000000000000, -1.000000000000000000, -0.0000000000000000000 ) ) ;
#875 = DIRECTION ( 'NONE',  ( -0.0000000000000000000, -0.0000000000000000000, 1.000000000000000000 ) ) ;
#876 = DIRECTION ( 'NONE',  ( 1.000000000000000000, 0.0000000000000000000, -1.421904488505579654E-16 ) ) ;
#877 = EDGE_CURVE ( 'NONE', #3417, #2306, #1049, .T. ) ;
#878 = FILL_AREA_STYLE ('',( #2223 ) ) ;
#879 = ORIENTED_EDGE ( 'NONE', *, *, #5762, .F. ) ;
#880 = VECTOR ( 'NONE', #2388, 1000.000000000000000 ) ;
#881 = STYLED_ITEM ( 'NONE', ( #2084 ), #4489 ) ;
#882 = FILL_AREA_STYLE_COLOUR ( '', #912 ) ;
#883 = DIRECTION ( 'NONE',  ( 0.0000000000000000000, 0.0000000000000000000, -1.000000000000000000 ) ) ;
#884 = PLANE ( 'NONE',  #3817 ) ;
#885 = STYLED_ITEM ( 'NONE', ( #171 ), #5446 ) ;
#886 = PRESENTATION_LAYER_ASSIGNMENT (  '', '', ( #4197 ) ) ;
#887 = ORIENTED_EDGE ( 'NONE', *, *, #1537, .F. ) ;
#888 = DIRECTION ( 'NONE',  ( -7.228014483236700500E-16, 0.0000000000000000000, 1.000000000000000000 ) ) ;
#889 = UNCERTAINTY_MEASURE_WITH_UNIT (LENGTH_MEASURE( 1.000000000000000082E-05 ), #470, 'distance_accuracy_value', 'NONE');
#890 =( NAMED_UNIT ( * ) SI_UNIT ( $, .STERADIAN. ) SOLID_ANGLE_UNIT ( ) );
#891 = PRESENTATION_STYLE_ASSIGNMENT (( #3980 ) ) ;
#892 = ORIENTED_EDGE ( 'NONE', *, *, #5355, .F. ) ;
#893 =( NAMED_UNIT ( * ) SI_UNIT ( $, .STERADIAN. ) SOLID_ANGLE_UNIT ( ) );
#894 = DIRECTION ( 'NONE',  ( 0.0000000000000000000, -1.000000000000000000, 0.0000000000000000000 ) ) ;
#895 = SURFACE_STYLE_USAGE ( .BOTH. , #3995 ) ;
#896 = ADVANCED_FACE ( 'NONE', ( #3031 ), #3497, .F. ) ;
#897 = EDGE_CURVE ( 'NONE', #4107, #4515, #2485, .T. ) ;
#898 = SURFACE_STYLE_FILL_AREA ( #5507 ) ;
#899 = VECTOR ( 'NONE', #3219, 1000.000000000000000 ) ;
#900 = UNCERTAINTY_MEASURE_WITH_UNIT (LENGTH_MEASURE( 1.000000000000000082E-05 ), #2756, 'distance_accuracy_value', 'NONE');
#901 = DIRECTION ( 'NONE',  ( 0.0000000000000000000, 1.000000000000000000, 0.0000000000000000000 ) ) ;
#902 = STYLED_ITEM ( 'NONE', ( #5414 ), #4037 ) ;
#903 = LINE ( 'NONE', #1097, #4562 ) ;
#904 = DIRECTION ( 'NONE',  ( 0.0000000000000000000, -0.0000000000000000000, 1.000000000000000000 ) ) ;
#905 = AXIS2_PLACEMENT_3D ( 'NONE', #5519, #591, #2838 ) ;
#906 =( LENGTH_UNIT ( ) NAMED_UNIT ( * ) SI_UNIT ( .MILLI., .METRE. ) );
#907 = FACE_OUTER_BOUND ( 'NONE', #1526, .T. ) ;
#908 = EDGE_CURVE ( 'NONE', #3614, #3683, #1261, .T. ) ;
#909 = DIRECTION ( 'NONE',  ( 0.0000000000000000000, 0.0000000000000000000, -1.000000000000000000 ) ) ;
#910 = DIRECTION ( 'NONE',  ( -1.000000000000000000, 0.0000000000000000000, -0.0000000000000000000 ) ) ;
#911 = CARTESIAN_POINT ( 'NONE',  ( -1.524999999999999911, 0.0000000000000000000, 1.524999999999999911 ) ) ;
#912 = COLOUR_RGB ( '',1.000000000000000000, 1.000000000000000000, 1.000000000000000000 ) ;
#913 = CARTESIAN_POINT ( 'NONE',  ( -1.524999999999999911, 1.040000000000000036, 0.4750000000000001443 ) ) ;
#914 = DIRECTION ( 'NONE',  ( -0.0000000000000000000, -1.000000000000000000, -0.0000000000000000000 ) ) ;
#915 = PLANE ( 'NONE',  #141 ) ;
#916 = PRESENTATION_STYLE_ASSIGNMENT (( #1288 ) ) ;
#917 = VECTOR ( 'NONE', #393, 1000.000000000000000 ) ;
#918 = SURFACE_STYLE_FILL_AREA ( #395 ) ;
#919 = VECTOR ( 'NONE', #3719, 1000.000000000000000 ) ;
#920 = SURFACE_SIDE_STYLE ('',( #3305 ) ) ;
#921 = DIRECTION ( 'NONE',  ( -1.000000000000000000, 0.0000000000000000000, 1.421904488505579654E-16 ) ) ;
#922 = COLOUR_RGB ( '',1.000000000000000000, 1.000000000000000000, 1.000000000000000000 ) ;
#923 = ADVANCED_FACE ( 'NONE', ( #5266 ), #1882, .F. ) ;
#924 = UNCERTAINTY_MEASURE_WITH_UNIT (LENGTH_MEASURE( 1.000000000000000082E-05 ), #2367, 'distance_accuracy_value', 'NONE');
#925 =( NAMED_UNIT ( * ) SI_UNIT ( $, .STERADIAN. ) SOLID_ANGLE_UNIT ( ) );
#926 = DIRECTION ( 'NONE',  ( -0.0000000000000000000, -0.0000000000000000000, -1.000000000000000000 ) ) ;
#927 = EDGE_LOOP ( 'NONE', ( #4176, #5092, #317, #4381 ) ) ;
#928 = EDGE_LOOP ( 'NONE', ( #3693, #3191, #5161, #2911 ) ) ;
#929 = ORIENTED_EDGE ( 'NONE', *, *, #3493, .F. ) ;
#930 = CARTESIAN_POINT ( 'NONE',  ( -0.06999999999999975686, 0.2800000000000000266, 1.524999999999996803 ) ) ;
#931 = EDGE_CURVE ( 'NONE', #3608, #1016, #346, .T. ) ;
#932 = ORIENTED_EDGE ( 'NONE', *, *, #5037, .T. ) ;
#933 = DIRECTION ( 'NONE',  ( -0.0000000000000000000, 1.000000000000000000, -0.0000000000000000000 ) ) ;
#934 = SURFACE_SIDE_STYLE ('',( #1490 ) ) ;
#935 = DIRECTION ( 'NONE',  ( -1.000000000000000000, -0.0000000000000000000, -5.288791085295143532E-16 ) ) ;
#936 = ORIENTED_EDGE ( 'NONE', *, *, #3351, .T. ) ;
#937 = ORIENTED_EDGE ( 'NONE', *, *, #3766, .F. ) ;
#938 = STYLED_ITEM ( 'NONE', ( #5488 ), #4018 ) ;
#939 = ORIENTED_EDGE ( 'NONE', *, *, #2185, .T. ) ;
#940 = EDGE_CURVE ( 'NONE', #286, #860, #5493, .T. ) ;
#941 = VERTEX_POINT ( 'NONE', #3241 ) ;
#942 = DIRECTION ( 'NONE',  ( 0.0000000000000000000, 0.0000000000000000000, 1.000000000000000000 ) ) ;
#943 = SURFACE_SIDE_STYLE ('',( #4637 ) ) ;
#944 = EDGE_LOOP ( 'NONE', ( #5675, #3532, #378, #2856 ) ) ;
#945 =( GEOMETRIC_REPRESENTATION_CONTEXT ( 3 ) GLOBAL_UNCERTAINTY_ASSIGNED_CONTEXT ( ( #1646 ) ) GLOBAL_UNIT_ASSIGNED_CONTEXT ( ( #132, #2726, #3607 ) ) REPRESENTATION_CONTEXT ( 'NONE', 'WORKASPACE' ) );
#946 = DIRECTION ( 'NONE',  ( -0.0000000000000000000, 1.000000000000000000, -0.0000000000000000000 ) ) ;
#947 = COLOUR_RGB ( '',1.000000000000000000, 1.000000000000000000, 1.000000000000000000 ) ;
#948 = ORIENTED_EDGE ( 'NONE', *, *, #491, .F. ) ;
#949 = DIRECTION ( 'NONE',  ( -1.000000000000000000, 0.0000000000000000000, 1.421904488505579654E-16 ) ) ;
#950 = ORIENTED_EDGE ( 'NONE', *, *, #2655, .T. ) ;
#951 = AXIS2_PLACEMENT_3D ( 'NONE', #4862, #2677, #3087 ) ;
#952 = FILL_AREA_STYLE_COLOUR ( '', #2456 ) ;
#953 =( NAMED_UNIT ( * ) SI_UNIT ( $, .STERADIAN. ) SOLID_ANGLE_UNIT ( ) );
#954 = SURFACE_STYLE_USAGE ( .BOTH. , #5521 ) ;
#955 = VECTOR ( 'NONE', #1725, 1000.000000000000000 ) ;
#956 =( NAMED_UNIT ( * ) SI_UNIT ( $, .STERADIAN. ) SOLID_ANGLE_UNIT ( ) );
#957 = FILL_AREA_STYLE ('',( #4077 ) ) ;
#958 = EDGE_CURVE ( 'NONE', #3468, #2905, #1181, .T. ) ;
#959 = SURFACE_STYLE_USAGE ( .BOTH. , #3647 ) ;
#960 = ADVANCED_FACE ( 'NONE', ( #5415 ), #628, .F. ) ;
#961 = ORIENTED_EDGE ( 'NONE', *, *, #3218, .T. ) ;
#962 = DIRECTION ( 'NONE',  ( -1.000000000000000000, 0.0000000000000000000, 0.0000000000000000000 ) ) ;
#963 = LINE ( 'NONE', #1881, #2182 ) ;
#964 = FACE_OUTER_BOUND ( 'NONE', #4377, .T. ) ;
#965 = VERTEX_POINT ( 'NONE', #2323 ) ;
#966 = CARTESIAN_POINT ( 'NONE',  ( -0.02499999999999971342, 0.2800000000000000266, -1.054999999999999938 ) ) ;
#967 =( LENGTH_UNIT ( ) NAMED_UNIT ( * ) SI_UNIT ( .MILLI., .METRE. ) );
#968 = DIRECTION ( 'NONE',  ( 0.1293584209510523497, 0.9831239992280224049, 0.1293584209510523220 ) ) ;
#969 = UNCERTAINTY_MEASURE_WITH_UNIT (LENGTH_MEASURE( 1.000000000000000082E-05 ), #3549, 'distance_accuracy_value', 'NONE');
#970 = STYLED_ITEM ( 'NONE', ( #3015 ), #2224 ) ;
#971 = ORIENTED_EDGE ( 'NONE', *, *, #5341, .T. ) ;
#972 = CARTESIAN_POINT ( 'NONE',  ( 0.0000000000000000000, 0.0000000000000000000, 0.0000000000000000000 ) ) ;
#973 = DIRECTION ( 'NONE',  ( 0.0000000000000000000, 0.0000000000000000000, -1.000000000000000000 ) ) ;
#974 = PLANE ( 'NONE',  #3371 ) ;
#975 = AXIS2_PLACEMENT_3D ( 'NONE', #2135, #3445, #812 ) ;
#976 = DIRECTION ( 'NONE',  ( -1.000000000000000000, -0.0000000000000000000, -0.0000000000000000000 ) ) ;
#977 = DIRECTION ( 'NONE',  ( 0.0000000000000000000, 0.0000000000000000000, 1.000000000000000000 ) ) ;
#978 = UNCERTAINTY_MEASURE_WITH_UNIT (LENGTH_MEASURE( 1.000000000000000082E-05 ), #800, 'distance_accuracy_value', 'NONE');
#979 = EDGE_CURVE ( 'NONE', #857, #4732, #3723, .T. ) ;
#980 = VECTOR ( 'NONE', #3554, 1000.000000000000000 ) ;
#981 = DIRECTION ( 'NONE',  ( -0.0000000000000000000, 0.0000000000000000000, -1.000000000000000000 ) ) ;
#982 = VECTOR ( 'NONE', #2516, 1000.000000000000000 ) ;
#983 = PRESENTATION_LAYER_ASSIGNMENT (  '', '', ( #1907 ) ) ;
#984 = FILL_AREA_STYLE ('',( #2286 ) ) ;
#985 =( GEOMETRIC_REPRESENTATION_CONTEXT ( 3 ) GLOBAL_UNCERTAINTY_ASSIGNED_CONTEXT ( ( #3254 ) ) GLOBAL_UNIT_ASSIGNED_CONTEXT ( ( #274, #2535, #5133 ) ) REPRESENTATION_CONTEXT ( 'NONE', 'WORKASPACE' ) );
#986 = ADVANCED_FACE ( 'NONE', ( #907 ), #1410, .F. ) ;
#987 =( NAMED_UNIT ( * ) SI_UNIT ( $, .STERADIAN. ) SOLID_ANGLE_UNIT ( ) );
#988 = VECTOR ( 'NONE', #2870, 1000.000000000000000 ) ;
#989 = VECTOR ( 'NONE', #2062, 1000.000000000000000 ) ;
#990 = EDGE_CURVE ( 'NONE', #4307, #2724, #4784, .T. ) ;
#991 = CARTESIAN_POINT ( 'NONE',  ( -0.02499999999999974118, 0.0000000000000000000, 1.149999999999999911 ) ) ;
#992 =( NAMED_UNIT ( * ) PLANE_ANGLE_UNIT ( ) SI_UNIT ( $, .RADIAN. ) );
#993 = CARTESIAN_POINT ( 'NONE',  ( -1.654999999999999805, 0.2800000000000000266, -1.124999999999999778 ) ) ;
#994 = MECHANICAL_DESIGN_GEOMETRIC_PRESENTATION_REPRESENTATION (  '', ( #4119 ), #5319 ) ;
#995 = PRESENTATION_STYLE_ASSIGNMENT (( #1212 ) ) ;
#996 = LINE ( 'NONE', #644, #4437 ) ;
#997 = DIRECTION ( 'NONE',  ( 1.000000000000000000, 0.0000000000000000000, -1.421904488505579654E-16 ) ) ;
#998 =( LENGTH_UNIT ( ) NAMED_UNIT ( * ) SI_UNIT ( .MILLI., .METRE. ) );
#999 = DIRECTION ( 'NONE',  ( 1.000000000000000000, 0.0000000000000000000, 0.0000000000000000000 ) ) ;
#1000 = VECTOR ( 'NONE', #4962, 1000.000000000000000 ) ;
#1001 =( GEOMETRIC_REPRESENTATION_CONTEXT ( 3 ) GLOBAL_UNCERTAINTY_ASSIGNED_CONTEXT ( ( #1892 ) ) GLOBAL_UNIT_ASSIGNED_CONTEXT ( ( #2251, #2704, #448 ) ) REPRESENTATION_CONTEXT ( 'NONE', 'WORKASPACE' ) );
#1002 = MECHANICAL_DESIGN_GEOMETRIC_PRESENTATION_REPRESENTATION (  '', ( #5329 ), #5754 ) ;
#1003 = ORIENTED_EDGE ( 'NONE', *, *, #5223, .F. ) ;
#1004 = VECTOR ( 'NONE', #3663, 1000.000000000000000 ) ;
#1005 = EDGE_LOOP ( 'NONE', ( #1354, #3156, #3013, #3401 ) ) ;
#1006 = ORIENTED_EDGE ( 'NONE', *, *, #3093, .F. ) ;
#1007 =( NAMED_UNIT ( * ) SI_UNIT ( $, .STERADIAN. ) SOLID_ANGLE_UNIT ( ) );
#1008 = VERTEX_POINT ( 'NONE', #5444 ) ;
#1009 = FACE_OUTER_BOUND ( 'NONE', #5232, .T. ) ;
#1010 = EDGE_LOOP ( 'NONE', ( #971, #4724, #308, #2163 ) ) ;
#1011 = SURFACE_STYLE_USAGE ( .BOTH. , #1970 ) ;
#1012 = VERTEX_POINT ( 'NONE', #2761 ) ;
#1013 = DIRECTION ( 'NONE',  ( 1.000000000000000000, 0.0000000000000000000, 1.322197771323785883E-16 ) ) ;
#1014 = EDGE_CURVE ( 'NONE', #2166, #3683, #2140, .T. ) ;
#1015 =( NAMED_UNIT ( * ) PLANE_ANGLE_UNIT ( ) SI_UNIT ( $, .RADIAN. ) );
#1016 = VERTEX_POINT ( 'NONE', #4224 ) ;
#1017 = ADVANCED_FACE ( 'NONE', ( #633 ), #57, .T. ) ;
#1018 = ORIENTED_EDGE ( 'NONE', *, *, #32, .T. ) ;
#1019 = PRESENTATION_LAYER_ASSIGNMENT (  '', '', ( #4024 ) ) ;
#1020 = ORIENTED_EDGE ( 'NONE', *, *, #2469, .F. ) ;
#1021 = DIRECTION ( 'NONE',  ( 0.0000000000000000000, -0.0000000000000000000, -1.000000000000000000 ) ) ;
#1022 = DIRECTION ( 'NONE',  ( 0.0000000000000000000, 0.0000000000000000000, -1.000000000000000000 ) ) ;
#1023 = MECHANICAL_DESIGN_GEOMETRIC_PRESENTATION_REPRESENTATION (  '', ( #3651 ), #2016 ) ;
#1024 = SURFACE_STYLE_FILL_AREA ( #1911 ) ;
#1025 = CARTESIAN_POINT ( 'NONE',  ( -1.225000000000001865, 0.2800000000000000266, -0.1749999999999998224 ) ) ;
#1026 = DIRECTION ( 'NONE',  ( -1.000000000000000000, -0.0000000000000000000, -0.0000000000000000000 ) ) ;
#1027 = AXIS2_PLACEMENT_3D ( 'NONE', #3972, #5289, #2609 ) ;
#1028 = FACE_OUTER_BOUND ( 'NONE', #4038, .T. ) ;
#1029 = FILL_AREA_STYLE ('',( #1366 ) ) ;
#1030 = LINE ( 'NONE', #1249, #601 ) ;
#1031 = DIRECTION ( 'NONE',  ( 0.0000000000000000000, -0.0000000000000000000, -1.000000000000000000 ) ) ;
#1032 = LINE ( 'NONE', #3578, #1740 ) ;
#1033 = CARTESIAN_POINT ( 'NONE',  ( 1.245000000000000329, 0.0000000000000000000, -0.1749999999999998501 ) ) ;
#1034 = EDGE_LOOP ( 'NONE', ( #2715, #5470, #545, #2019 ) ) ;
#1035 = SURFACE_STYLE_FILL_AREA ( #3728 ) ;
#1036 = UNCERTAINTY_MEASURE_WITH_UNIT (LENGTH_MEASURE( 1.000000000000000082E-05 ), #1126, 'distance_accuracy_value', 'NONE');
#1037 = FACE_OUTER_BOUND ( 'NONE', #797, .T. ) ;
#1038 = PRESENTATION_STYLE_ASSIGNMENT (( #4023 ) ) ;
#1039 = ADVANCED_FACE ( 'NONE', ( #5137 ), #2924, .F. ) ;
#1040 =( LENGTH_UNIT ( ) NAMED_UNIT ( * ) SI_UNIT ( .MILLI., .METRE. ) );
#1041 =( GEOMETRIC_REPRESENTATION_CONTEXT ( 3 ) GLOBAL_UNCERTAINTY_ASSIGNED_CONTEXT ( ( #1770 ) ) GLOBAL_UNIT_ASSIGNED_CONTEXT ( ( #1308, #4448, #2218 ) ) REPRESENTATION_CONTEXT ( 'NONE', 'WORKASPACE' ) );
#1042 = SURFACE_STYLE_FILL_AREA ( #4566 ) ;
#1043 = DIRECTION ( 'NONE',  ( 0.0000000000000000000, 0.0000000000000000000, -1.000000000000000000 ) ) ;
#1044 = CYLINDRICAL_SURFACE ( 'NONE', #5541, 0.1499999999999999667 ) ;
#1045 = PRESENTATION_LAYER_ASSIGNMENT (  '', '', ( #4468 ) ) ;
#1046 =( LENGTH_UNIT ( ) NAMED_UNIT ( * ) SI_UNIT ( .MILLI., .METRE. ) );
#1047 = STYLED_ITEM ( 'NONE', ( #3556 ), #15 ) ;
#1048 = CARTESIAN_POINT ( 'NONE',  ( 0.0000000000000000000, -0.02000000000000000042, 0.0000000000000000000 ) ) ;
#1049 = LINE ( 'NONE', #4337, #2888 ) ;
#1050 = MECHANICAL_DESIGN_GEOMETRIC_PRESENTATION_REPRESENTATION (  '', ( #2947 ), #2984 ) ;
#1051 = LINE ( 'NONE', #913, #5704 ) ;
#1052 = VECTOR ( 'NONE', #3967, 1000.000000000000000 ) ;
#1053 = SURFACE_STYLE_USAGE ( .BOTH. , #3674 ) ;
#1054 = STYLED_ITEM ( 'NONE', ( #3504 ), #1250 ) ;
#1055 = FILL_AREA_STYLE_COLOUR ( '', #1527 ) ;
#1056 = VECTOR ( 'NONE', #1971, 1000.000000000000000 ) ;
#1057 = EDGE_CURVE ( 'NONE', #3325, #2521, #5710, .T. ) ;
#1058 = DIRECTION ( 'NONE',  ( -0.0000000000000000000, -0.0000000000000000000, -1.000000000000000000 ) ) ;
#1059 = DIRECTION ( 'NONE',  ( 0.0000000000000000000, -0.0000000000000000000, 1.000000000000000000 ) ) ;
#1060 = STYLED_ITEM ( 'NONE', ( #995 ), #5047 ) ;
#1061 = ORIENTED_EDGE ( 'NONE', *, *, #1092, .F. ) ;
#1062 = PRESENTATION_STYLE_ASSIGNMENT (( #2819 ) ) ;
#1063 = ORIENTED_EDGE ( 'NONE', *, *, #3133, .T. ) ;
#1064 = VERTEX_POINT ( 'NONE', #4751 ) ;
#1065 = COLOUR_RGB ( '',0.2509803921568627416, 0.2509803921568627416, 0.2509803921568627416 ) ;
#1066 = UNCERTAINTY_MEASURE_WITH_UNIT (LENGTH_MEASURE( 1.000000000000000082E-05 ), #2254, 'distance_accuracy_value', 'NONE');
#1067 = SURFACE_SIDE_STYLE ('',( #460 ) ) ;
#1068 =( NAMED_UNIT ( * ) SI_UNIT ( $, .STERADIAN. ) SOLID_ANGLE_UNIT ( ) );
#1069 = ORIENTED_EDGE ( 'NONE', *, *, #527, .T. ) ;
#1070 = ORIENTED_EDGE ( 'NONE', *, *, #3380, .T. ) ;
#1071 = VERTEX_POINT ( 'NONE', #710 ) ;
#1072 = DIRECTION ( 'NONE',  ( 1.000000000000000000, -0.0000000000000000000, -0.0000000000000000000 ) ) ;
#1073 = ORIENTED_EDGE ( 'NONE', *, *, #3960, .F. ) ;
#1074 = PRESENTATION_STYLE_ASSIGNMENT (( #3913 ) ) ;
#1075 = ORIENTED_EDGE ( 'NONE', *, *, #4890, .T. ) ;
#1076 = DIRECTION ( 'NONE',  ( -1.000000000000000000, 0.0000000000000000000, -1.260700200564539845E-16 ) ) ;
#1077 = ORIENTED_EDGE ( 'NONE', *, *, #5812, .F. ) ;
#1078 = CARTESIAN_POINT ( 'NONE',  ( -1.225000000000001865, -0.02000000000000000042, -0.1749999999999997669 ) ) ;
#1079 = DIRECTION ( 'NONE',  ( 0.0000000000000000000, 1.000000000000000000, 0.0000000000000000000 ) ) ;
#1080 = DIRECTION ( 'NONE',  ( -0.0000000000000000000, -0.0000000000000000000, 1.000000000000000000 ) ) ;
#1081 = EDGE_CURVE ( 'NONE', #1064, #4178, #4017, .T. ) ;
#1082 = ORIENTED_EDGE ( 'NONE', *, *, #3309, .F. ) ;
#1083 = ORIENTED_EDGE ( 'NONE', *, *, #3469, .T. ) ;
#1084 = DIRECTION ( 'NONE',  ( -1.000000000000000000, 0.0000000000000000000, -0.0000000000000000000 ) ) ;
#1085 = CARTESIAN_POINT ( 'NONE',  ( 1.245000000000000329, 0.0000000000000000000, -0.4749999999999997558 ) ) ;
#1086 =( GEOMETRIC_REPRESENTATION_CONTEXT ( 3 ) GLOBAL_UNCERTAINTY_ASSIGNED_CONTEXT ( ( #1173 ) ) GLOBAL_UNIT_ASSIGNED_CONTEXT ( ( #597, #5100, #2873 ) ) REPRESENTATION_CONTEXT ( 'NONE', 'WORKASPACE' ) );
#1087 =( NAMED_UNIT ( * ) SI_UNIT ( $, .STERADIAN. ) SOLID_ANGLE_UNIT ( ) );
#1088 = MECHANICAL_DESIGN_GEOMETRIC_PRESENTATION_REPRESENTATION (  '', ( #1195 ), #4933 ) ;
#1089 = CARTESIAN_POINT ( 'NONE',  ( -0.06999999999999974298, 0.2800000000000000266, -1.300000000000000044 ) ) ;
#1090 = VERTEX_POINT ( 'NONE', #3846 ) ;
#1091 =( NAMED_UNIT ( * ) PLANE_ANGLE_UNIT ( ) SI_UNIT ( $, .RADIAN. ) );
#1092 = EDGE_CURVE ( 'NONE', #1285, #4554, #4162, .T. ) ;
#1093 =( NAMED_UNIT ( * ) PLANE_ANGLE_UNIT ( ) SI_UNIT ( $, .RADIAN. ) );
#1094 = LINE ( 'NONE', #2273, #5247 ) ;
#1095 = PRESENTATION_STYLE_ASSIGNMENT (( #1011 ) ) ;
#1096 = STYLED_ITEM ( 'NONE', ( #645 ), #4747 ) ;
#1097 = CARTESIAN_POINT ( 'NONE',  ( 1.655000000000000249, 0.0000000000000000000, 1.124999999999999778 ) ) ;
#1098 = ORIENTED_EDGE ( 'NONE', *, *, #1587, .F. ) ;
#1099 = PLANE ( 'NONE',  #3245 ) ;
#1100 = ORIENTED_EDGE ( 'NONE', *, *, #406, .F. ) ;
#1101 = CARTESIAN_POINT ( 'NONE',  ( 1.524999999999999911, 0.0000000000000000000, 1.124999999999999778 ) ) ;
#1102 = SURFACE_SIDE_STYLE ('',( #116 ) ) ;
#1103 = LINE ( 'NONE', #5390, #3500 ) ;
#1104 = STYLED_ITEM ( 'NONE', ( #4298 ), #4908 ) ;
#1105 = DIRECTION ( 'NONE',  ( -0.0000000000000000000, 0.0000000000000000000, 1.000000000000000000 ) ) ;
#1106 = SURFACE_STYLE_FILL_AREA ( #1497 ) ;
#1107 = DIRECTION ( 'NONE',  ( -1.000000000000000000, 0.0000000000000000000, 0.0000000000000000000 ) ) ;
#1108 = LINE ( 'NONE', #1329, #2411 ) ;
#1109 = FILL_AREA_STYLE ('',( #1055 ) ) ;
#1110 = EDGE_CURVE ( 'NONE', #5652, #1570, #3039, .T. ) ;
#1111 = LINE ( 'NONE', #1359, #2048 ) ;
#1112 = CARTESIAN_POINT ( 'NONE',  ( -0.02499999999999971342, 0.0000000000000000000, 1.054999999999999938 ) ) ;
#1113 = LINE ( 'NONE', #2190, #4844 ) ;
#1114 = VECTOR ( 'NONE', #2948, 1000.000000000000000 ) ;
#1115 = SURFACE_SIDE_STYLE ('',( #3855 ) ) ;
#1116 = SURFACE_SIDE_STYLE ('',( #2846 ) ) ;
#1117 = FACE_OUTER_BOUND ( 'NONE', #2142, .T. ) ;
#1118 = AXIS2_PLACEMENT_3D ( 'NONE', #3770, #5132, #1084 ) ;
#1119 = DIRECTION ( 'NONE',  ( 1.000000000000000000, 0.0000000000000000000, -0.0000000000000000000 ) ) ;
#1120 = SURFACE_STYLE_FILL_AREA ( #3378 ) ;
#1121 = PRESENTATION_LAYER_ASSIGNMENT (  '', '', ( #821 ) ) ;
#1122 = DIRECTION ( 'NONE',  ( -0.0000000000000000000, -0.0000000000000000000, 1.000000000000000000 ) ) ;
#1123 = COLOUR_RGB ( '',1.000000000000000000, 1.000000000000000000, 1.000000000000000000 ) ;
#1124 = CARTESIAN_POINT ( 'NONE',  ( -0.02499999999999974118, 0.2800000000000000266, 1.149999999999999911 ) ) ;
#1125 = CARTESIAN_POINT ( 'NONE',  ( -1.655000000000006466, 0.2800000000000000266, 0.8250000000000001776 ) ) ;
#1126 =( LENGTH_UNIT ( ) NAMED_UNIT ( * ) SI_UNIT ( .MILLI., .METRE. ) );
#1127 = LINE ( 'NONE', #2528, #5499 ) ;
#1128 = LINE ( 'NONE', #760, #4000 ) ;
#1129 =( GEOMETRIC_REPRESENTATION_CONTEXT ( 3 ) GLOBAL_UNCERTAINTY_ASSIGNED_CONTEXT ( ( #4636 ) ) GLOBAL_UNIT_ASSIGNED_CONTEXT ( ( #4780, #5296, #1707 ) ) REPRESENTATION_CONTEXT ( 'NONE', 'WORKASPACE' ) );
#1130 =( NAMED_UNIT ( * ) PLANE_ANGLE_UNIT ( ) SI_UNIT ( $, .RADIAN. ) );
#1131 = EDGE_CURVE ( 'NONE', #1793, #638, #283, .T. ) ;
#1132 =( GEOMETRIC_REPRESENTATION_CONTEXT ( 3 ) GLOBAL_UNCERTAINTY_ASSIGNED_CONTEXT ( ( #1066 ) ) GLOBAL_UNIT_ASSIGNED_CONTEXT ( ( #2254, #3140, #2311 ) ) REPRESENTATION_CONTEXT ( 'NONE', 'WORKASPACE' ) );
#1133 =( GEOMETRIC_REPRESENTATION_CONTEXT ( 3 ) GLOBAL_UNCERTAINTY_ASSIGNED_CONTEXT ( ( #2466 ) ) GLOBAL_UNIT_ASSIGNED_CONTEXT ( ( #4762, #2026, #4728 ) ) REPRESENTATION_CONTEXT ( 'NONE', 'WORKASPACE' ) );
#1134 = DIRECTION ( 'NONE',  ( 0.2873478855663454956, -0.0000000000000000000, -0.9578262852211513190 ) ) ;
#1135 = DIRECTION ( 'NONE',  ( -0.0000000000000000000, 1.000000000000000000, -0.0000000000000000000 ) ) ;
#1136 = ORIENTED_EDGE ( 'NONE', *, *, #3392, .F. ) ;
#1137 = EDGE_CURVE ( 'NONE', #1351, #4058, #2553, .T. ) ;
#1138 = ORIENTED_EDGE ( 'NONE', *, *, #1272, .F. ) ;
#1139 = SURFACE_STYLE_USAGE ( .BOTH. , #685 ) ;
#1140 = ORIENTED_EDGE ( 'NONE', *, *, #5167, .F. ) ;
#1141 = FILL_AREA_STYLE_COLOUR ( '', #151 ) ;
#1142 = MECHANICAL_DESIGN_GEOMETRIC_PRESENTATION_REPRESENTATION (  '', ( #5753 ), #5792 ) ;
#1143 = UNCERTAINTY_MEASURE_WITH_UNIT (LENGTH_MEASURE( 1.000000000000000082E-05 ), #2719, 'distance_accuracy_value', 'NONE');
#1144 = ORIENTED_EDGE ( 'NONE', *, *, #4783, .T. ) ;
#1145 = EDGE_LOOP ( 'NONE', ( #932, #2855, #49, #1144 ) ) ;
#1146 = DIRECTION ( 'NONE',  ( 0.0000000000000000000, 0.0000000000000000000, -1.000000000000000000 ) ) ;
#1147 = ORIENTED_EDGE ( 'NONE', *, *, #3621, .T. ) ;
#1148 = SURFACE_SIDE_STYLE ('',( #5669 ) ) ;
#1149 =( NAMED_UNIT ( * ) PLANE_ANGLE_UNIT ( ) SI_UNIT ( $, .RADIAN. ) );
#1150 = CARTESIAN_POINT ( 'NONE',  ( 1.245000000000000329, 0.0000000000000000000, 0.1749999999999998501 ) ) ;
#1151 = VERTEX_POINT ( 'NONE', #4305 ) ;
#1152 = CARTESIAN_POINT ( 'NONE',  ( -1.524999999999997025, 0.2800000000000000266, -0.4749999999999997558 ) ) ;
#1153 = FACE_OUTER_BOUND ( 'NONE', #3270, .T. ) ;
#1154 = VERTEX_POINT ( 'NONE', #1596 ) ;
#1155 = ORIENTED_EDGE ( 'NONE', *, *, #5550, .T. ) ;
#1156 = CARTESIAN_POINT ( 'NONE',  ( -0.06999999999999974298, 0.0000000000000000000, -1.300000000000000044 ) ) ;
#1157 = CARTESIAN_POINT ( 'NONE',  ( 1.524999999999999911, 1.040000000000000036, 1.124999999999999778 ) ) ;
#1158 = PRESENTATION_LAYER_ASSIGNMENT (  '', '', ( #4763 ) ) ;
#1159 = PLANE ( 'NONE',  #5698 ) ;
#1160 = DIRECTION ( 'NONE',  ( -0.0000000000000000000, 0.0000000000000000000, 1.000000000000000000 ) ) ;
#1161 = PRESENTATION_LAYER_ASSIGNMENT (  '', '', ( #556 ) ) ;
#1162 = FILL_AREA_STYLE_COLOUR ( '', #5432 ) ;
#1163 = MECHANICAL_DESIGN_GEOMETRIC_PRESENTATION_REPRESENTATION (  '', ( #5731 ), #2727 ) ;
#1164 = CARTESIAN_POINT ( 'NONE',  ( 1.245000000000000329, 0.2800000000000000266, 0.8249999999999997335 ) ) ;
#1165 = DIRECTION ( 'NONE',  ( -0.0000000000000000000, -0.0000000000000000000, 1.000000000000000000 ) ) ;
#1166 = MECHANICAL_DESIGN_GEOMETRIC_PRESENTATION_REPRESENTATION (  '', ( #3698 ), #677 ) ;
#1167 = CARTESIAN_POINT ( 'NONE',  ( 1.524999999999997025, 0.2800000000000000822, 0.0000000000000000000 ) ) ;
#1168 = LINE ( 'NONE', #2671, #325 ) ;
#1169 = EDGE_LOOP ( 'NONE', ( #1372, #648, #3596, #26 ) ) ;
#1170 = EDGE_CURVE ( 'NONE', #5740, #3321, #4510, .T. ) ;
#1171 = VECTOR ( 'NONE', #1553, 1000.000000000000000 ) ;
#1172 = CARTESIAN_POINT ( 'NONE',  ( 1.245000000000000329, 0.0000000000000000000, 1.124999999999999556 ) ) ;
#1173 = UNCERTAINTY_MEASURE_WITH_UNIT (LENGTH_MEASURE( 1.000000000000000082E-05 ), #597, 'distance_accuracy_value', 'NONE');
#1174 = SURFACE_SIDE_STYLE ('',( #4266 ) ) ;
#1175 = VECTOR ( 'NONE', #1848, 1000.000000000000000 ) ;
#1176 = LINE ( 'NONE', #5427, #4625 ) ;
#1177 = CARTESIAN_POINT ( 'NONE',  ( -0.06999999999999975686, 0.0000000000000000000, 1.649999999999999911 ) ) ;
#1178 = CARTESIAN_POINT ( 'NONE',  ( 1.245000000000000329, 0.2800000000000000266, -1.124999999999999556 ) ) ;
#1179 = CARTESIAN_POINT ( 'NONE',  ( -0.02499999999999971342, 0.2800000000000000266, 1.054999999999999938 ) ) ;
#1180 = FILL_AREA_STYLE ('',( #2454 ) ) ;
#1181 = LINE ( 'NONE', #5001, #756 ) ;
#1182 = AXIS2_PLACEMENT_3D ( 'NONE', #3304, #4584, #3697 ) ;
#1183 =( GEOMETRIC_REPRESENTATION_CONTEXT ( 3 ) GLOBAL_UNCERTAINTY_ASSIGNED_CONTEXT ( ( #3144 ) ) GLOBAL_UNIT_ASSIGNED_CONTEXT ( ( #2650, #1830, #5820 ) ) REPRESENTATION_CONTEXT ( 'NONE', 'WORKASPACE' ) );
#1184 = LINE ( 'NONE', #2284, #4419 ) ;
#1185 = DIRECTION ( 'NONE',  ( -1.000000000000000000, 0.0000000000000000000, 0.0000000000000000000 ) ) ;
#1186 = PLANE ( 'NONE',  #4333 ) ;
#1187 = EDGE_CURVE ( 'NONE', #232, #603, #3188, .T. ) ;
#1188 = VECTOR ( 'NONE', #21, 1000.000000000000000 ) ;
#1189 = COLOUR_RGB ( '',0.2509803921568627416, 0.2509803921568627416, 0.2509803921568627416 ) ;
#1190 = DIRECTION ( 'NONE',  ( -0.0000000000000000000, 1.000000000000000000, -0.0000000000000000000 ) ) ;
#1191 = MECHANICAL_DESIGN_GEOMETRIC_PRESENTATION_REPRESENTATION (  '', ( #3213 ), #4402 ) ;
#1192 = DIRECTION ( 'NONE',  ( -0.0000000000000000000, -0.0000000000000000000, 1.000000000000000000 ) ) ;
#1193 = DIRECTION ( 'NONE',  ( -0.0000000000000000000, -0.0000000000000000000, -1.000000000000000000 ) ) ;
#1194 = VECTOR ( 'NONE', #1190, 1000.000000000000000 ) ;
#1195 = STYLED_ITEM ( 'NONE', ( #5549 ), #450 ) ;
#1196 = DIRECTION ( 'NONE',  ( 0.0000000000000000000, 0.0000000000000000000, -1.000000000000000000 ) ) ;
#1197 = ORIENTED_EDGE ( 'NONE', *, *, #1290, .F. ) ;
#1198 = ORIENTED_EDGE ( 'NONE', *, *, #2095, .F. ) ;
#1199 = SURFACE_STYLE_USAGE ( .BOTH. , #3463 ) ;
#1200 = DIRECTION ( 'NONE',  ( 0.1293584209510523497, 0.9831239992280224049, -0.1293584209510523775 ) ) ;
#1201 = EDGE_CURVE ( 'NONE', #401, #5443, #1995, .T. ) ;
#1202 = ORIENTED_EDGE ( 'NONE', *, *, #635, .T. ) ;
#1203 = SURFACE_STYLE_USAGE ( .BOTH. , #301 ) ;
#1204 = ORIENTED_EDGE ( 'NONE', *, *, #5438, .T. ) ;
#1205 = PRODUCT_DEFINITION_CONTEXT ( 'detailed design', #4085, 'design' ) ;
#1206 = VECTOR ( 'NONE', #1771, 1000.000000000000000 ) ;
#1207 = VERTEX_POINT ( 'NONE', #1101 ) ;
#1208 = VERTEX_POINT ( 'NONE', #1614 ) ;
#1209 = DIRECTION ( 'NONE',  ( -0.2873478855663454956, 0.0000000000000000000, -0.9578262852211513190 ) ) ;
#1210 = UNCERTAINTY_MEASURE_WITH_UNIT (LENGTH_MEASURE( 1.000000000000000082E-05 ), #1730, 'distance_accuracy_value', 'NONE');
#1211 = ORIENTED_EDGE ( 'NONE', *, *, #814, .T. ) ;
#1212 = SURFACE_STYLE_USAGE ( .BOTH. , #2503 ) ;
#1213 = SURFACE_STYLE_FILL_AREA ( #2068 ) ;
#1214 = ORIENTED_EDGE ( 'NONE', *, *, #321, .F. ) ;
#1215 = DIRECTION ( 'NONE',  ( 1.000000000000000000, 0.0000000000000000000, 0.0000000000000000000 ) ) ;
#1216 = ADVANCED_FACE ( 'NONE', ( #498 ), #5209, .F. ) ;
#1217 = DIRECTION ( 'NONE',  ( 1.000000000000000000, 0.0000000000000000000, -1.421904488505579654E-16 ) ) ;
#1218 = ORIENTED_EDGE ( 'NONE', *, *, #752, .F. ) ;
#1219 = SURFACE_STYLE_USAGE ( .BOTH. , #4795 ) ;
#1220 = LINE ( 'NONE', #529, #3277 ) ;
#1221 = ORIENTED_EDGE ( 'NONE', *, *, #5186, .T. ) ;
#1222 = SURFACE_SIDE_STYLE ('',( #3409 ) ) ;
#1223 = ORIENTED_EDGE ( 'NONE', *, *, #47, .T. ) ;
#1224 = CARTESIAN_POINT ( 'NONE',  ( 1.245000000000000329, 0.2800000000000000266, 0.1749999999999998501 ) ) ;
#1225 =( NAMED_UNIT ( * ) SI_UNIT ( $, .STERADIAN. ) SOLID_ANGLE_UNIT ( ) );
#1226 = CARTESIAN_POINT ( 'NONE',  ( -0.3199999999999997291, 0.0000000000000000000, -1.300000000000000044 ) ) ;
#1227 = FILL_AREA_STYLE_COLOUR ( '', #4969 ) ;
#1228 = EDGE_CURVE ( 'NONE', #3741, #3058, #4296, .T. ) ;
#1229 = LINE ( 'NONE', #315, #5462 ) ;
#1230 =( NAMED_UNIT ( * ) PLANE_ANGLE_UNIT ( ) SI_UNIT ( $, .RADIAN. ) );
#1231 = PRESENTATION_LAYER_ASSIGNMENT (  '', '', ( #938 ) ) ;
#1232 = ORIENTED_EDGE ( 'NONE', *, *, #445, .F. ) ;
#1233 =( NAMED_UNIT ( * ) PLANE_ANGLE_UNIT ( ) SI_UNIT ( $, .RADIAN. ) );
#1234 = AXIS2_PLACEMENT_3D ( 'NONE', #2518, #222, #1597 ) ;
#1235 = CARTESIAN_POINT ( 'NONE',  ( 1.442162081988721978, 0.9095681768857077909, -1.442162081988722422 ) ) ;
#1236 = VECTOR ( 'NONE', #5382, 1000.000000000000000 ) ;
#1237 = CARTESIAN_POINT ( 'NONE',  ( -0.06999999999999974298, 0.0000000000000000000, -1.649999999999999911 ) ) ;
#1238 = ORIENTED_EDGE ( 'NONE', *, *, #593, .F. ) ;
#1239 = DIRECTION ( 'NONE',  ( -0.0000000000000000000, -0.0000000000000000000, -1.000000000000000000 ) ) ;
#1240 = AXIS2_PLACEMENT_3D ( 'NONE', #3465, #3917, #861 ) ;
#1241 = EDGE_CURVE ( 'NONE', #3054, #2975, #2409, .T. ) ;
#1242 = SURFACE_STYLE_FILL_AREA ( #5824 ) ;
#1243 =( NAMED_UNIT ( * ) PLANE_ANGLE_UNIT ( ) SI_UNIT ( $, .RADIAN. ) );
#1244 = DIRECTION ( 'NONE',  ( 1.000000000000000000, 0.0000000000000000000, 0.0000000000000000000 ) ) ;
#1245 = AXIS2_PLACEMENT_3D ( 'NONE', #5711, #3524, #3003 ) ;
#1246 = VERTEX_POINT ( 'NONE', #313 ) ;
#1247 =( NAMED_UNIT ( * ) SI_UNIT ( $, .STERADIAN. ) SOLID_ANGLE_UNIT ( ) );
#1248 = CARTESIAN_POINT ( 'NONE',  ( -0.3649999999999997691, 0.0000000000000000000, 1.149999999999999911 ) ) ;
#1249 = CARTESIAN_POINT ( 'NONE',  ( -1.654999999999999805, 0.2800000000000000266, -0.8249999999999997335 ) ) ;
#1250 = ADVANCED_FACE ( 'NONE', ( #5692 ), #3480, .F. ) ;
#1251 = UNCERTAINTY_MEASURE_WITH_UNIT (LENGTH_MEASURE( 1.000000000000000082E-05 ), #4214, 'distance_accuracy_value', 'NONE');
#1252 = LINE ( 'NONE', #1248, #4201 ) ;
#1253 = SURFACE_STYLE_FILL_AREA ( #1813 ) ;
#1254 = EDGE_CURVE ( 'NONE', #1246, #2309, #550, .T. ) ;
#1255 = FACE_OUTER_BOUND ( 'NONE', #3956, .T. ) ;
#1256 = PRESENTATION_LAYER_ASSIGNMENT (  '', '', ( #1762 ) ) ;
#1257 = COLOUR_RGB ( '',0.2509803921568627416, 0.2509803921568627416, 0.2509803921568627416 ) ;
#1258 = CARTESIAN_POINT ( 'NONE',  ( -1.655000000000006466, 0.0000000000000000000, 1.125000000000000222 ) ) ;
#1259 = SURFACE_STYLE_USAGE ( .BOTH. , #5773 ) ;
#1260 =( NAMED_UNIT ( * ) SI_UNIT ( $, .STERADIAN. ) SOLID_ANGLE_UNIT ( ) );
#1261 = LINE ( 'NONE', #758, #2956 ) ;
#1262 = FACE_OUTER_BOUND ( 'NONE', #5456, .T. ) ;
#1263 = SURFACE_SIDE_STYLE ('',( #1603 ) ) ;
#1264 = VECTOR ( 'NONE', #2676, 1000.000000000000000 ) ;
#1265 = DIRECTION ( 'NONE',  ( -0.0000000000000000000, -0.0000000000000000000, -1.000000000000000000 ) ) ;
#1266 = PRESENTATION_LAYER_ASSIGNMENT (  '', '', ( #362 ) ) ;
#1267 =( NAMED_UNIT ( * ) PLANE_ANGLE_UNIT ( ) SI_UNIT ( $, .RADIAN. ) );
#1268 =( NAMED_UNIT ( * ) PLANE_ANGLE_UNIT ( ) SI_UNIT ( $, .RADIAN. ) );
#1269 = DIRECTION ( 'NONE',  ( 1.000000000000000000, -0.0000000000000000000, 0.0000000000000000000 ) ) ;
#1270 =( GEOMETRIC_REPRESENTATION_CONTEXT ( 3 ) GLOBAL_UNCERTAINTY_ASSIGNED_CONTEXT ( ( #2216 ) ) GLOBAL_UNIT_ASSIGNED_CONTEXT ( ( #343, #2179, #4412 ) ) REPRESENTATION_CONTEXT ( 'NONE', 'WORKASPACE' ) );
#1271 = PRESENTATION_STYLE_ASSIGNMENT (( #5502 ) ) ;
#1272 = EDGE_CURVE ( 'NONE', #2306, #286, #3298, .T. ) ;
#1273 =( NAMED_UNIT ( * ) SI_UNIT ( $, .STERADIAN. ) SOLID_ANGLE_UNIT ( ) );
#1274 = DIRECTION ( 'NONE',  ( 1.000000000000000000, 0.0000000000000000000, 0.0000000000000000000 ) ) ;
#1275 = CARTESIAN_POINT ( 'NONE',  ( -1.225000000000006528, 0.2800000000000000266, 1.125000000000000222 ) ) ;
#1276 = ADVANCED_FACE ( 'NONE', ( #340 ), #4854, .F. ) ;
#1277 =( GEOMETRIC_REPRESENTATION_CONTEXT ( 3 ) GLOBAL_UNCERTAINTY_ASSIGNED_CONTEXT ( ( #2397 ) ) GLOBAL_UNIT_ASSIGNED_CONTEXT ( ( #2426, #3217, #2836 ) ) REPRESENTATION_CONTEXT ( 'NONE', 'WORKASPACE' ) );
#1278 = SURFACE_SIDE_STYLE ('',( #204 ) ) ;
#1279 = FILL_AREA_STYLE ('',( #2194 ) ) ;
#1280 = ORIENTED_EDGE ( 'NONE', *, *, #5091, .T. ) ;
#1281 =( GEOMETRIC_REPRESENTATION_CONTEXT ( 3 ) GLOBAL_UNCERTAINTY_ASSIGNED_CONTEXT ( ( #1781 ) ) GLOBAL_UNIT_ASSIGNED_CONTEXT ( ( #3366, #2517, #4680 ) ) REPRESENTATION_CONTEXT ( 'NONE', 'WORKASPACE' ) );
#1282 = VECTOR ( 'NONE', #52, 1000.000000000000000 ) ;
#1283 = ORIENTED_EDGE ( 'NONE', *, *, #3072, .T. ) ;
#1284 = PLANE ( 'NONE',  #4860 ) ;
#1285 = VERTEX_POINT ( 'NONE', #5267 ) ;
#1286 = DIRECTION ( 'NONE',  ( -0.0000000000000000000, 0.0000000000000000000, -1.000000000000000000 ) ) ;
#1287 = ORIENTED_EDGE ( 'NONE', *, *, #617, .F. ) ;
#1288 = SURFACE_STYLE_USAGE ( .BOTH. , #3581 ) ;
#1289 =( NAMED_UNIT ( * ) PLANE_ANGLE_UNIT ( ) SI_UNIT ( $, .RADIAN. ) );
#1290 = EDGE_CURVE ( 'NONE', #96, #4228, #4758, .T. ) ;
#1291 =( NAMED_UNIT ( * ) SI_UNIT ( $, .STERADIAN. ) SOLID_ANGLE_UNIT ( ) );
#1292 = ORIENTED_EDGE ( 'NONE', *, *, #5315, .T. ) ;
#1293 = ORIENTED_EDGE ( 'NONE', *, *, #1782, .F. ) ;
#1294 = STYLED_ITEM ( 'NONE', ( #1062 ), #4876 ) ;
#1295 = VERTEX_POINT ( 'NONE', #5756 ) ;
#1296 = ORIENTED_EDGE ( 'NONE', *, *, #4358, .F. ) ;
#1297 = CARTESIAN_POINT ( 'NONE',  ( -1.655000000000004245, 0.2800000000000000266, 0.1750000000000002387 ) ) ;
#1298 = ORIENTED_EDGE ( 'NONE', *, *, #2772, .F. ) ;
#1299 =( NAMED_UNIT ( * ) SI_UNIT ( $, .STERADIAN. ) SOLID_ANGLE_UNIT ( ) );
#1300 = DIRECTION ( 'NONE',  ( 1.000000000000000000, 0.0000000000000000000, -0.0000000000000000000 ) ) ;
#1301 = CARTESIAN_POINT ( 'NONE',  ( -1.655000000000002025, -0.02000000000000000042, -0.4749999999999997558 ) ) ;
#1302 = DIRECTION ( 'NONE',  ( -0.0000000000000000000, 1.000000000000000000, -0.0000000000000000000 ) ) ;
#1303 = AXIS2_PLACEMENT_3D ( 'NONE', #4495, #1845, #2729 ) ;
#1304 = MECHANICAL_DESIGN_GEOMETRIC_PRESENTATION_REPRESENTATION (  '', ( #2928 ), #1601 ) ;
#1305 =( NAMED_UNIT ( * ) SI_UNIT ( $, .STERADIAN. ) SOLID_ANGLE_UNIT ( ) );
#1306 = CARTESIAN_POINT ( 'NONE',  ( -1.524999999999999911, 0.0000000000000000000, 1.524999999999999911 ) ) ;
#1307 = DIRECTION ( 'NONE',  ( 0.0000000000000000000, 0.0000000000000000000, -1.000000000000000000 ) ) ;
#1308 =( LENGTH_UNIT ( ) NAMED_UNIT ( * ) SI_UNIT ( .MILLI., .METRE. ) );
#1309 = CARTESIAN_POINT ( 'NONE',  ( -1.225000000000004308, 0.0000000000000000000, 0.1750000000000002387 ) ) ;
#1310 = ADVANCED_FACE ( 'NONE', ( #2346 ), #2630, .T. ) ;
#1311 = EDGE_CURVE ( 'NONE', #4314, #5800, #5490, .T. ) ;
#1312 = LINE ( 'NONE', #4143, #120 ) ;
#1313 = MECHANICAL_DESIGN_GEOMETRIC_PRESENTATION_REPRESENTATION (  '', ( #2165 ), #3727 ) ;
#1314 = FACE_OUTER_BOUND ( 'NONE', #4867, .T. ) ;
#1315 = ORIENTED_EDGE ( 'NONE', *, *, #4938, .T. ) ;
#1316 = CARTESIAN_POINT ( 'NONE',  ( 1.655000000000000249, 0.0000000000000000000, 0.1749999999999998224 ) ) ;
#1317 = MECHANICAL_DESIGN_GEOMETRIC_PRESENTATION_REPRESENTATION (  '', ( #2127 ), #5043 ) ;
#1318 = CARTESIAN_POINT ( 'NONE',  ( 1.245000000000000329, 0.0000000000000000000, -0.4749999999999997558 ) ) ;
#1319 = FILL_AREA_STYLE ('',( #4476 ) ) ;
#1320 = DIRECTION ( 'NONE',  ( -1.000000000000000000, -0.0000000000000000000, -0.0000000000000000000 ) ) ;
#1321 = VECTOR ( 'NONE', #2588, 1000.000000000000000 ) ;
#1322 = EDGE_CURVE ( 'NONE', #5663, #3456, #4142, .T. ) ;
#1323 = DIRECTION ( 'NONE',  ( -1.421904488505579654E-16, 0.0000000000000000000, -1.000000000000000000 ) ) ;
#1324 = UNCERTAINTY_MEASURE_WITH_UNIT (LENGTH_MEASURE( 1.000000000000000082E-05 ), #2010, 'distance_accuracy_value', 'NONE');
#1325 = PLANE ( 'NONE',  #3802 ) ;
#1326 = COLOUR_RGB ( '',1.000000000000000000, 1.000000000000000000, 1.000000000000000000 ) ;
#1327 = SURFACE_STYLE_FILL_AREA ( #5361 ) ;
#1328 = FILL_AREA_STYLE_COLOUR ( '', #3243 ) ;
#1329 = CARTESIAN_POINT ( 'NONE',  ( -0.3649999999999997691, 0.2800000000000000266, -1.149999999999999911 ) ) ;
#1330 = CARTESIAN_POINT ( 'NONE',  ( -1.655000000000006466, -0.02000000000000000042, 0.8250000000000001776 ) ) ;
#1331 = SURFACE_STYLE_FILL_AREA ( #957 ) ;
#1332 = FACE_OUTER_BOUND ( 'NONE', #1664, .T. ) ;
#1333 = UNCERTAINTY_MEASURE_WITH_UNIT (LENGTH_MEASURE( 1.000000000000000082E-05 ), #2818, 'distance_accuracy_value', 'NONE');
#1334 = VECTOR ( 'NONE', #3829, 1000.000000000000114 ) ;
#1335 = SURFACE_STYLE_FILL_AREA ( #984 ) ;
#1336 = ADVANCED_FACE ( 'NONE', ( #3565 ), #1284, .F. ) ;
#1337 = SURFACE_STYLE_USAGE ( .BOTH. , #4005 ) ;
#1338 =( LENGTH_UNIT ( ) NAMED_UNIT ( * ) SI_UNIT ( .MILLI., .METRE. ) );
#1339 = LINE ( 'NONE', #4439, #3789 ) ;
#1340 = SURFACE_STYLE_FILL_AREA ( #4342 ) ;
#1341 = PRESENTATION_STYLE_ASSIGNMENT (( #2372 ) ) ;
#1342 =( NAMED_UNIT ( * ) PLANE_ANGLE_UNIT ( ) SI_UNIT ( $, .RADIAN. ) );
#1343 = EDGE_CURVE ( 'NONE', #5800, #2228, #4561, .T. ) ;
#1344 = CARTESIAN_POINT ( 'NONE',  ( -1.224999999999999645, -0.02000000000000000042, -1.124999999999999778 ) ) ;
#1345 = CARTESIAN_POINT ( 'NONE',  ( -0.02499999999999971342, 0.0000000000000000000, -1.054999999999999938 ) ) ;
#1346 = ORIENTED_EDGE ( 'NONE', *, *, #1759, .T. ) ;
#1347 = ORIENTED_EDGE ( 'NONE', *, *, #2723, .T. ) ;
#1348 = ORIENTED_EDGE ( 'NONE', *, *, #3239, .T. ) ;
#1349 = EDGE_CURVE ( 'NONE', #2508, #1295, #1252, .T. ) ;
#1350 =( NAMED_UNIT ( * ) SI_UNIT ( $, .STERADIAN. ) SOLID_ANGLE_UNIT ( ) );
#1351 = VERTEX_POINT ( 'NONE', #3424 ) ;
#1352 =( NAMED_UNIT ( * ) PLANE_ANGLE_UNIT ( ) SI_UNIT ( $, .RADIAN. ) );
#1353 = FACE_OUTER_BOUND ( 'NONE', #4234, .T. ) ;
#1354 = ORIENTED_EDGE ( 'NONE', *, *, #4610, .F. ) ;
#1355 =( GEOMETRIC_REPRESENTATION_CONTEXT ( 3 ) GLOBAL_UNCERTAINTY_ASSIGNED_CONTEXT ( ( #4891 ) ) GLOBAL_UNIT_ASSIGNED_CONTEXT ( ( #2181, #2201, #1661 ) ) REPRESENTATION_CONTEXT ( 'NONE', 'WORKASPACE' ) );
#1356 = UNCERTAINTY_MEASURE_WITH_UNIT (LENGTH_MEASURE( 1.000000000000000082E-05 ), #3238, 'distance_accuracy_value', 'NONE');
#1357 = VERTEX_POINT ( 'NONE', #3026 ) ;
#1358 = CARTESIAN_POINT ( 'NONE',  ( -0.3199999999999997291, -0.0000000000000000000, -1.300000000000000044 ) ) ;
#1359 = CARTESIAN_POINT ( 'NONE',  ( -1.655000000000004245, 0.0000000000000000000, 0.4750000000000001443 ) ) ;
#1360 = PRESENTATION_LAYER_ASSIGNMENT (  '', '', ( #3698 ) ) ;
#1361 = ORIENTED_EDGE ( 'NONE', *, *, #5538, .F. ) ;
#1362 = LINE ( 'NONE', #4839, #27 ) ;
#1363 = ORIENTED_EDGE ( 'NONE', *, *, #1453, .T. ) ;
#1364 = FILL_AREA_STYLE_COLOUR ( '', #1065 ) ;
#1365 = EDGE_LOOP ( 'NONE', ( #1507, #3634, #2158, #436 ) ) ;
#1366 = FILL_AREA_STYLE_COLOUR ( '', #2850 ) ;
#1367 = CARTESIAN_POINT ( 'NONE',  ( 1.293443937657340337, 1.040000000000000036, 1.293443937657340115 ) ) ;
#1368 = CARTESIAN_POINT ( 'NONE',  ( 1.524999999999999911, 1.040000000000000036, 1.524999999999999467 ) ) ;
#1369 =( NAMED_UNIT ( * ) PLANE_ANGLE_UNIT ( ) SI_UNIT ( $, .RADIAN. ) );
#1370 = EDGE_CURVE ( 'NONE', #3937, #1012, #5763, .T. ) ;
#1371 = PLANE ( 'NONE',  #3283 ) ;
#1372 = ORIENTED_EDGE ( 'NONE', *, *, #5611, .F. ) ;
#1373 = ADVANCED_FACE ( 'NONE', ( #5618 ), #2156, .F. ) ;
#1374 = ORIENTED_EDGE ( 'NONE', *, *, #1953, .T. ) ;
#1375 = PRESENTATION_LAYER_ASSIGNMENT (  '', '', ( #1060 ) ) ;
#1376 = VERTEX_POINT ( 'NONE', #4779 ) ;
#1377 = LINE ( 'NONE', #1561, #4892 ) ;
#1378 = SURFACE_STYLE_USAGE ( .BOTH. , #4064 ) ;
#1379 = SURFACE_STYLE_USAGE ( .BOTH. , #2791 ) ;
#1380 = CARTESIAN_POINT ( 'NONE',  ( 1.524999999999997025, 0.2800000000000000266, 0.1749999999999998224 ) ) ;
#1381 =( GEOMETRIC_REPRESENTATION_CONTEXT ( 3 ) GLOBAL_UNCERTAINTY_ASSIGNED_CONTEXT ( ( #5363 ) ) GLOBAL_UNIT_ASSIGNED_CONTEXT ( ( #3731, #4164, #4603 ) ) REPRESENTATION_CONTEXT ( 'NONE', 'WORKASPACE' ) );
#1382 = STYLED_ITEM ( 'NONE', ( #3083 ), #2279 ) ;
#1383 = LINE ( 'NONE', #3163, #51 ) ;
#1384 = CARTESIAN_POINT ( 'NONE',  ( 0.0000000000000000000, 0.0000000000000000000, 0.0000000000000000000 ) ) ;
#1385 = VERTEX_POINT ( 'NONE', #1683 ) ;
#1386 =( NAMED_UNIT ( * ) SI_UNIT ( $, .STERADIAN. ) SOLID_ANGLE_UNIT ( ) );
#1387 = FILL_AREA_STYLE_COLOUR ( '', #5747 ) ;
#1388 = EDGE_CURVE ( 'NONE', #1008, #4884, #3918, .T. ) ;
#1389 = PLANE ( 'NONE',  #439 ) ;
#1390 = ORIENTED_EDGE ( 'NONE', *, *, #5186, .F. ) ;
#1391 = FILL_AREA_STYLE ('',( #4083 ) ) ;
#1392 = AXIS2_PLACEMENT_3D ( 'NONE', #1048, #4684, #1021 ) ;
#1393 = LINE ( 'NONE', #3931, #4833 ) ;
#1394 = PRESENTATION_STYLE_ASSIGNMENT (( #666 ) ) ;
#1395 =( LENGTH_UNIT ( ) NAMED_UNIT ( * ) SI_UNIT ( .MILLI., .METRE. ) );
#1396 = PRESENTATION_LAYER_ASSIGNMENT (  '', '', ( #782 ) ) ;
#1397 = ADVANCED_FACE ( 'NONE', ( #825 ), #1186, .F. ) ;
#1398 = VECTOR ( 'NONE', #4039, 1000.000000000000000 ) ;
#1399 = DIRECTION ( 'NONE',  ( -1.260700200564540091E-16, 0.0000000000000000000, 1.000000000000000000 ) ) ;
#1400 = FACE_OUTER_BOUND ( 'NONE', #2243, .T. ) ;
#1401 = UNCERTAINTY_MEASURE_WITH_UNIT (LENGTH_MEASURE( 1.000000000000000082E-05 ), #3985, 'distance_accuracy_value', 'NONE');
#1402 = LINE ( 'NONE', #4060, #690 ) ;
#1403 = FILL_AREA_STYLE ('',( #952 ) ) ;
#1404 = EDGE_CURVE ( 'NONE', #2099, #2442, #1393, .T. ) ;
#1405 =( NAMED_UNIT ( * ) SI_UNIT ( $, .STERADIAN. ) SOLID_ANGLE_UNIT ( ) );
#1406 =( NAMED_UNIT ( * ) PLANE_ANGLE_UNIT ( ) SI_UNIT ( $, .RADIAN. ) );
#1407 = CARTESIAN_POINT ( 'NONE',  ( -0.02499999999999971342, -0.0000000000000000000, -1.054999999999999938 ) ) ;
#1408 = COLOUR_RGB ( '',0.2509803921568627416, 0.2509803921568627416, 0.2509803921568627416 ) ;
#1409 = AXIS2_PLACEMENT_3D ( 'NONE', #1959, #973, #572 ) ;
#1410 = PLANE ( 'NONE',  #2906 ) ;
#1411 = FILL_AREA_STYLE ('',( #2802 ) ) ;
#1412 = PRESENTATION_STYLE_ASSIGNMENT (( #328 ) ) ;
#1413 = VECTOR ( 'NONE', #377, 1000.000000000000000 ) ;
#1414 = SURFACE_SIDE_STYLE ('',( #898 ) ) ;
#1415 = CARTESIAN_POINT ( 'NONE',  ( -1.524999999999999911, 0.0000000000000000000, 1.125000000000000222 ) ) ;
#1416 = SURFACE_STYLE_FILL_AREA ( #5743 ) ;
#1417 = MECHANICAL_DESIGN_GEOMETRIC_PRESENTATION_REPRESENTATION (  '', ( #4834 ), #241 ) ;
#1418 = PRESENTATION_LAYER_ASSIGNMENT (  '', '', ( #3925 ) ) ;
#1419 = FACE_OUTER_BOUND ( 'NONE', #5570, .T. ) ;
#1420 = SURFACE_SIDE_STYLE ('',( #4373 ) ) ;
#1421 =( NAMED_UNIT ( * ) PLANE_ANGLE_UNIT ( ) SI_UNIT ( $, .RADIAN. ) );
#1422 =( NAMED_UNIT ( * ) SI_UNIT ( $, .STERADIAN. ) SOLID_ANGLE_UNIT ( ) );
#1423 = EDGE_CURVE ( 'NONE', #5372, #3965, #3357, .T. ) ;
#1424 = ORIENTED_EDGE ( 'NONE', *, *, #700, .F. ) ;
#1425 = CARTESIAN_POINT ( 'NONE',  ( 1.245000000000000329, 0.2800000000000000266, -0.1749999999999998501 ) ) ;
#1426 = DIRECTION ( 'NONE',  ( -1.000000000000000000, 0.0000000000000000000, 1.421904488505579654E-16 ) ) ;
#1427 = LINE ( 'NONE', #5460, #1004 ) ;
#1428 = ORIENTED_EDGE ( 'NONE', *, *, #3320, .F. ) ;
#1429 = ADVANCED_FACE ( 'NONE', ( #1977 ), #4413, .F. ) ;
#1430 = ORIENTED_EDGE ( 'NONE', *, *, #2978, .T. ) ;
#1431 = MECHANICAL_DESIGN_GEOMETRIC_PRESENTATION_REPRESENTATION (  '', ( #290 ), #5344 ) ;
#1432 = FILL_AREA_STYLE ('',( #5467 ) ) ;
#1433 = ORIENTED_EDGE ( 'NONE', *, *, #389, .T. ) ;
#1434 = MECHANICAL_DESIGN_GEOMETRIC_PRESENTATION_REPRESENTATION (  '', ( #821 ), #413 ) ;
#1435 = EDGE_LOOP ( 'NONE', ( #309, #2106, #18, #3470 ) ) ;
#1436 = UNCERTAINTY_MEASURE_WITH_UNIT (LENGTH_MEASURE( 1.000000000000000082E-05 ), #693, 'distance_accuracy_value', 'NONE');
#1437 = ORIENTED_EDGE ( 'NONE', *, *, #1513, .F. ) ;
#1438 = SURFACE_STYLE_USAGE ( .BOTH. , #5086 ) ;
#1439 = ORIENTED_EDGE ( 'NONE', *, *, #491, .T. ) ;
#1440 =( GEOMETRIC_REPRESENTATION_CONTEXT ( 3 ) GLOBAL_UNCERTAINTY_ASSIGNED_CONTEXT ( ( #106 ) ) GLOBAL_UNIT_ASSIGNED_CONTEXT ( ( #425, #108, #2795 ) ) REPRESENTATION_CONTEXT ( 'NONE', 'WORKASPACE' ) );
#1441 = APPLICATION_PROTOCOL_DEFINITION ( 'draft international standard', 'automotive_design', 1998, #5033 ) ;
#1442 = EDGE_CURVE ( 'NONE', #3883, #1008, #1402, .T. ) ;
#1443 = VERTEX_POINT ( 'NONE', #1799 ) ;
#1444 = CARTESIAN_POINT ( 'NONE',  ( -0.3199999999999997291, 0.0000000000000000000, -1.525000000000000355 ) ) ;
#1445 = ORIENTED_EDGE ( 'NONE', *, *, #5014, .F. ) ;
#1446 = PRODUCT_RELATED_PRODUCT_CATEGORY ( 'part', '', ( #4920 ) ) ;
#1447 = STYLED_ITEM ( 'NONE', ( #1394 ), #1693 ) ;
#1448 = CARTESIAN_POINT ( 'NONE',  ( -1.655000000000006466, 0.2800000000000000266, 1.125000000000000222 ) ) ;
#1449 = SURFACE_STYLE_USAGE ( .BOTH. , #5072 ) ;
#1450 = CARTESIAN_POINT ( 'NONE',  ( -0.06999999999999975686, 0.2800000000000000266, 1.300000000000000044 ) ) ;
#1451 = CARTESIAN_POINT ( 'NONE',  ( -1.655000000000004245, -0.02000000000000000042, 0.1750000000000001832 ) ) ;
#1452 =( LENGTH_UNIT ( ) NAMED_UNIT ( * ) SI_UNIT ( .MILLI., .METRE. ) );
#1453 = EDGE_CURVE ( 'NONE', #5740, #4668, #1108, .T. ) ;
#1454 = SURFACE_SIDE_STYLE ('',( #2872 ) ) ;
#1455 = AXIS2_PLACEMENT_3D ( 'NONE', #3861, #5227, #1160 ) ;
#1456 =( NAMED_UNIT ( * ) SI_UNIT ( $, .STERADIAN. ) SOLID_ANGLE_UNIT ( ) );
#1457 = DIRECTION ( 'NONE',  ( -1.000000000000000000, -0.0000000000000000000, -0.0000000000000000000 ) ) ;
#1458 = FACE_OUTER_BOUND ( 'NONE', #2629, .T. ) ;
#1459 = ORIENTED_EDGE ( 'NONE', *, *, #3701, .T. ) ;
#1460 = PLANE ( 'NONE',  #5531 ) ;
#1461 = ADVANCED_FACE ( 'NONE', ( #834 ), #1776, .F. ) ;
#1462 = DIRECTION ( 'NONE',  ( -1.000000000000000000, -0.0000000000000000000, -0.0000000000000000000 ) ) ;
#1463 = MECHANICAL_DESIGN_GEOMETRIC_PRESENTATION_REPRESENTATION (  '', ( #362 ), #4587 ) ;
#1464 = ORIENTED_EDGE ( 'NONE', *, *, #5223, .T. ) ;
#1465 = FACE_OUTER_BOUND ( 'NONE', #3193, .T. ) ;
#1466 =( LENGTH_UNIT ( ) NAMED_UNIT ( * ) SI_UNIT ( .MILLI., .METRE. ) );
#1467 =( LENGTH_UNIT ( ) NAMED_UNIT ( * ) SI_UNIT ( .MILLI., .METRE. ) );
#1468 =( GEOMETRIC_REPRESENTATION_CONTEXT ( 3 ) GLOBAL_UNCERTAINTY_ASSIGNED_CONTEXT ( ( #3670 ) ) GLOBAL_UNIT_ASSIGNED_CONTEXT ( ( #3185, #851, #4966 ) ) REPRESENTATION_CONTEXT ( 'NONE', 'WORKASPACE' ) );
#1469 = VECTOR ( 'NONE', #4380, 1000.000000000000000 ) ;
#1470 = EDGE_CURVE ( 'NONE', #5664, #3883, #2045, .T. ) ;
#1471 = PRESENTATION_STYLE_ASSIGNMENT (( #382 ) ) ;
#1472 = VECTOR ( 'NONE', #5475, 1000.000000000000000 ) ;
#1473 = PLANE ( 'NONE',  #4688 ) ;
#1474 = AXIS2_PLACEMENT_3D ( 'NONE', #4268, #5551, #213 ) ;
#1475 = COLOUR_RGB ( '',1.000000000000000000, 1.000000000000000000, 1.000000000000000000 ) ;
#1476 = COLOUR_RGB ( '',1.000000000000000000, 1.000000000000000000, 1.000000000000000000 ) ;
#1477 = LINE ( 'NONE', #197, #1846 ) ;
#1478 = COLOUR_RGB ( '',0.7921568627450980005, 0.8196078431372548767, 0.9333333333333333481 ) ;
#1479 = CARTESIAN_POINT ( 'NONE',  ( 1.524999999999999911, 0.0000000000000000000, 1.524999999999999467 ) ) ;
#1480 = LINE ( 'NONE', #1177, #627 ) ;
#1481 = EDGE_CURVE ( 'NONE', #16, #4788, #2198, .T. ) ;
#1482 = PLANE ( 'NONE',  #2046 ) ;
#1483 = FILL_AREA_STYLE_COLOUR ( '', #3318 ) ;
#1484 = STYLED_ITEM ( 'NONE', ( #294 ), #4781 ) ;
#1485 = VECTOR ( 'NONE', #2622, 1000.000000000000000 ) ;
#1486 = PRESENTATION_STYLE_ASSIGNMENT (( #3790 ) ) ;
#1487 = CARTESIAN_POINT ( 'NONE',  ( -1.654999999999999805, -0.02000000000000000042, -1.124999999999999778 ) ) ;
#1488 = ADVANCED_FACE ( 'NONE', ( #263 ), #5826, .F. ) ;
#1489 = VECTOR ( 'NONE', #4714, 1000.000000000000000 ) ;
#1490 = SURFACE_STYLE_FILL_AREA ( #3626 ) ;
#1491 = MECHANICAL_DESIGN_GEOMETRIC_PRESENTATION_REPRESENTATION (  '', ( #2316 ), #584 ) ;
#1492 = MECHANICAL_DESIGN_GEOMETRIC_PRESENTATION_REPRESENTATION (  '', ( #2240 ), #5838 ) ;
#1493 = EDGE_LOOP ( 'NONE', ( #4654, #4806, #2701, #961 ) ) ;
#1494 = VECTOR ( 'NONE', #4133, 1000.000000000000000 ) ;
#1495 = ORIENTED_EDGE ( 'NONE', *, *, #908, .T. ) ;
#1496 = ORIENTED_EDGE ( 'NONE', *, *, #5200, .T. ) ;
#1497 = FILL_AREA_STYLE ('',( #4635 ) ) ;
#1498 = ORIENTED_EDGE ( 'NONE', *, *, #3564, .T. ) ;
#1499 = VERTEX_POINT ( 'NONE', #424 ) ;
#1500 =( NAMED_UNIT ( * ) SI_UNIT ( $, .STERADIAN. ) SOLID_ANGLE_UNIT ( ) );
#1501 = ORIENTED_EDGE ( 'NONE', *, *, #3279, .F. ) ;
#1502 = CARTESIAN_POINT ( 'NONE',  ( 1.524999999999999911, 0.2799999999999790434, 1.524999999999999467 ) ) ;
#1503 = EDGE_CURVE ( 'NONE', #5654, #383, #411, .T. ) ;
#1504 = VERTEX_POINT ( 'NONE', #5385 ) ;
#1505 = LINE ( 'NONE', #3443, #4952 ) ;
#1506 = ORIENTED_EDGE ( 'NONE', *, *, #3493, .T. ) ;
#1507 = ORIENTED_EDGE ( 'NONE', *, *, #2301, .T. ) ;
#1508 = DIRECTION ( 'NONE',  ( 0.0000000000000000000, -0.0000000000000000000, 1.000000000000000000 ) ) ;
#1509 = PRESENTATION_LAYER_ASSIGNMENT (  '', '', ( #599 ) ) ;
#1510 = ORIENTED_EDGE ( 'NONE', *, *, #1092, .T. ) ;
#1511 = ORIENTED_EDGE ( 'NONE', *, *, #940, .F. ) ;
#1512 = ORIENTED_EDGE ( 'NONE', *, *, #3164, .T. ) ;
#1513 = EDGE_CURVE ( 'NONE', #3907, #4307, #3095, .T. ) ;
#1514 = DIRECTION ( 'NONE',  ( -0.0000000000000000000, 1.000000000000000000, -0.0000000000000000000 ) ) ;
#1515 =( GEOMETRIC_REPRESENTATION_CONTEXT ( 3 ) GLOBAL_UNCERTAINTY_ASSIGNED_CONTEXT ( ( #4306 ) ) GLOBAL_UNIT_ASSIGNED_CONTEXT ( ( #5834, #846, #3516 ) ) REPRESENTATION_CONTEXT ( 'NONE', 'WORKASPACE' ) );
#1516 = DIRECTION ( 'NONE',  ( 1.000000000000000000, -0.0000000000000000000, 0.0000000000000000000 ) ) ;
#1517 = FACE_OUTER_BOUND ( 'NONE', #3393, .T. ) ;
#1518 = CARTESIAN_POINT ( 'NONE',  ( -0.3649999999999997691, 0.0000000000000000000, 1.149999999999999911 ) ) ;
#1519 =( NAMED_UNIT ( * ) SI_UNIT ( $, .STERADIAN. ) SOLID_ANGLE_UNIT ( ) );
#1520 = SURFACE_STYLE_USAGE ( .BOTH. , #1067 ) ;
#1521 = SURFACE_STYLE_FILL_AREA ( #2344 ) ;
#1522 =( LENGTH_UNIT ( ) NAMED_UNIT ( * ) SI_UNIT ( .MILLI., .METRE. ) );
#1523 = ORIENTED_EDGE ( 'NONE', *, *, #1705, .F. ) ;
#1524 = LINE ( 'NONE', #3763, #1171 ) ;
#1525 = PLANE ( 'NONE',  #3521 ) ;
#1526 = EDGE_LOOP ( 'NONE', ( #5366, #2725, #3821, #4113 ) ) ;
#1527 = COLOUR_RGB ( '',1.000000000000000000, 1.000000000000000000, 1.000000000000000000 ) ;
#1528 = FILL_AREA_STYLE_COLOUR ( '', #5114 ) ;
#1529 = EDGE_CURVE ( 'NONE', #3771, #5286, #5768, .T. ) ;
#1530 = CARTESIAN_POINT ( 'NONE',  ( -0.3199999999999997291, 0.2800000000000000266, 1.300000000000000044 ) ) ;
#1531 = CARTESIAN_POINT ( 'NONE',  ( 1.431854874185882753, 0.9879029561872894050, -1.431854874185882975 ) ) ;
#1532 = FILL_AREA_STYLE_COLOUR ( '', #1620 ) ;
#1533 = LINE ( 'NONE', #5514, #4567 ) ;
#1534 =( GEOMETRIC_REPRESENTATION_CONTEXT ( 3 ) GLOBAL_UNCERTAINTY_ASSIGNED_CONTEXT ( ( #3063 ) ) GLOBAL_UNIT_ASSIGNED_CONTEXT ( ( #906, #5376, #3234 ) ) REPRESENTATION_CONTEXT ( 'NONE', 'WORKASPACE' ) );
#1535 =( NAMED_UNIT ( * ) PLANE_ANGLE_UNIT ( ) SI_UNIT ( $, .RADIAN. ) );
#1536 = COLOUR_RGB ( '',0.2509803921568627416, 0.2509803921568627416, 0.2509803921568627416 ) ;
#1537 = EDGE_CURVE ( 'NONE', #3965, #1954, #2482, .T. ) ;
#1538 = SURFACE_SIDE_STYLE ('',( #708 ) ) ;
#1539 = VECTOR ( 'NONE', #5636, 1000.000000000000000 ) ;
#1540 =( LENGTH_UNIT ( ) NAMED_UNIT ( * ) SI_UNIT ( .MILLI., .METRE. ) );
#1541 = LINE ( 'NONE', #2052, #4580 ) ;
#1542 =( GEOMETRIC_REPRESENTATION_CONTEXT ( 3 ) GLOBAL_UNCERTAINTY_ASSIGNED_CONTEXT ( ( #706 ) ) GLOBAL_UNIT_ASSIGNED_CONTEXT ( ( #4231, #659, #3407 ) ) REPRESENTATION_CONTEXT ( 'NONE', 'WORKASPACE' ) );
#1543 = CARTESIAN_POINT ( 'NONE',  ( 1.245000000000000329, 0.2800000000000000266, 1.124999999999999556 ) ) ;
#1544 = EDGE_CURVE ( 'NONE', #4668, #1710, #5054, .T. ) ;
#1545 = LINE ( 'NONE', #5805, #3585 ) ;
#1546 = LINE ( 'NONE', #5632, #2964 ) ;
#1547 = SURFACE_STYLE_FILL_AREA ( #1812 ) ;
#1548 = PLANE ( 'NONE',  #2598 ) ;
#1549 = SURFACE_STYLE_FILL_AREA ( #3839 ) ;
#1550 = STYLED_ITEM ( 'NONE', ( #5841 ), #1336 ) ;
#1551 = FILL_AREA_STYLE_COLOUR ( '', #330 ) ;
#1552 = LINE ( 'NONE', #2636, #562 ) ;
#1553 = DIRECTION ( 'NONE',  ( 0.0000000000000000000, 0.0000000000000000000, -1.000000000000000000 ) ) ;
#1554 = VECTOR ( 'NONE', #2063, 1000.000000000000000 ) ;
#1555 = EDGE_CURVE ( 'NONE', #5225, #1641, #3365, .T. ) ;
#1556 = SURFACE_SIDE_STYLE ('',( #3033 ) ) ;
#1557 = CARTESIAN_POINT ( 'NONE',  ( 1.524999999999999911, 1.040000000000000036, 1.524999999999999467 ) ) ;
#1558 =( GEOMETRIC_REPRESENTATION_CONTEXT ( 3 ) GLOBAL_UNCERTAINTY_ASSIGNED_CONTEXT ( ( #1685 ) ) GLOBAL_UNIT_ASSIGNED_CONTEXT ( ( #4790, #2082, #5708 ) ) REPRESENTATION_CONTEXT ( 'NONE', 'WORKASPACE' ) );
#1559 = FILL_AREA_STYLE ('',( #519 ) ) ;
#1560 = ORIENTED_EDGE ( 'NONE', *, *, #3691, .T. ) ;
#1561 = CARTESIAN_POINT ( 'NONE',  ( 1.245000000000000329, 0.2800000000000000266, -0.1749999999999998501 ) ) ;
#1562 =( NAMED_UNIT ( * ) SI_UNIT ( $, .STERADIAN. ) SOLID_ANGLE_UNIT ( ) );
#1563 = ORIENTED_EDGE ( 'NONE', *, *, #1057, .T. ) ;
#1564 = ORIENTED_EDGE ( 'NONE', *, *, #5049, .F. ) ;
#1565 = FILL_AREA_STYLE_COLOUR ( '', #2763 ) ;
#1566 = EDGE_LOOP ( 'NONE', ( #5214, #5520, #2437, #3153 ) ) ;
#1567 = PRESENTATION_LAYER_ASSIGNMENT (  '', '', ( #1997 ) ) ;
#1568 = EDGE_LOOP ( 'NONE', ( #538, #3684, #1293, #871 ) ) ;
#1569 = VECTOR ( 'NONE', #2131, 1000.000000000000000 ) ;
#1570 = VERTEX_POINT ( 'NONE', #3358 ) ;
#1571 =( LENGTH_UNIT ( ) NAMED_UNIT ( * ) SI_UNIT ( .MILLI., .METRE. ) );
#1572 = ORIENTED_EDGE ( 'NONE', *, *, #527, .F. ) ;
#1573 = DIRECTION ( 'NONE',  ( 0.0000000000000000000, 0.0000000000000000000, -1.000000000000000000 ) ) ;
#1574 = EDGE_CURVE ( 'NONE', #5458, #4032, #4484, .T. ) ;
#1575 = SURFACE_STYLE_FILL_AREA ( #1180 ) ;
#1576 = ORIENTED_EDGE ( 'NONE', *, *, #2359, .T. ) ;
#1577 = UNCERTAINTY_MEASURE_WITH_UNIT (LENGTH_MEASURE( 1.000000000000000082E-05 ), #3487, 'distance_accuracy_value', 'NONE');
#1578 = ORIENTED_EDGE ( 'NONE', *, *, #3606, .F. ) ;
#1579 =( NAMED_UNIT ( * ) SI_UNIT ( $, .STERADIAN. ) SOLID_ANGLE_UNIT ( ) );
#1580 = AXIS2_PLACEMENT_3D ( 'NONE', #2845, #1944, #2904 ) ;
#1581 = COLOUR_RGB ( '',0.2509803921568627416, 0.2509803921568627416, 0.2509803921568627416 ) ;
#1582 = SURFACE_STYLE_FILL_AREA ( #5311 ) ;
#1583 = CARTESIAN_POINT ( 'NONE',  ( 0.0000000000000000000, 0.2800000000000000266, 0.0000000000000000000 ) ) ;
#1584 =( GEOMETRIC_REPRESENTATION_CONTEXT ( 3 ) GLOBAL_UNCERTAINTY_ASSIGNED_CONTEXT ( ( #2406 ) ) GLOBAL_UNIT_ASSIGNED_CONTEXT ( ( #4281, #827, #3927 ) ) REPRESENTATION_CONTEXT ( 'NONE', 'WORKASPACE' ) );
#1585 = DIRECTION ( 'NONE',  ( 1.000000000000000000, -0.0000000000000000000, 5.288791085295143532E-16 ) ) ;
#1586 = UNCERTAINTY_MEASURE_WITH_UNIT (LENGTH_MEASURE( 1.000000000000000082E-05 ), #1452, 'distance_accuracy_value', 'NONE');
#1587 = EDGE_CURVE ( 'NONE', #2811, #225, #3428, .T. ) ;
#1588 =( GEOMETRIC_REPRESENTATION_CONTEXT ( 3 ) GLOBAL_UNCERTAINTY_ASSIGNED_CONTEXT ( ( #3517 ) ) GLOBAL_UNIT_ASSIGNED_CONTEXT ( ( #5173, #5660, #4348 ) ) REPRESENTATION_CONTEXT ( 'NONE', 'WORKASPACE' ) );
#1589 = PRESENTATION_STYLE_ASSIGNMENT (( #2735 ) ) ;
#1590 = ORIENTED_EDGE ( 'NONE', *, *, #4905, .F. ) ;
#1591 = SURFACE_STYLE_USAGE ( .BOTH. , #1115 ) ;
#1592 = COLOUR_RGB ( '',1.000000000000000000, 1.000000000000000000, 1.000000000000000000 ) ;
#1593 =( NAMED_UNIT ( * ) SI_UNIT ( $, .STERADIAN. ) SOLID_ANGLE_UNIT ( ) );
#1594 = ORIENTED_EDGE ( 'NONE', *, *, #716, .F. ) ;
#1595 = VECTOR ( 'NONE', #5080, 1000.000000000000000 ) ;
#1596 = CARTESIAN_POINT ( 'NONE',  ( -1.225000000000006528, 0.0000000000000000000, 1.125000000000000222 ) ) ;
#1597 = DIRECTION ( 'NONE',  ( 0.0000000000000000000, -0.0000000000000000000, 1.000000000000000000 ) ) ;
#1598 = CARTESIAN_POINT ( 'NONE',  ( 1.245000000000000329, 0.2800000000000000266, -1.054999999999999938 ) ) ;
#1599 = CARTESIAN_POINT ( 'NONE',  ( 1.245000000000000329, 0.0000000000000000000, 0.1749999999999998501 ) ) ;
#1600 = STYLED_ITEM ( 'NONE', ( #5029 ), #5525 ) ;
#1601 =( GEOMETRIC_REPRESENTATION_CONTEXT ( 3 ) GLOBAL_UNCERTAINTY_ASSIGNED_CONTEXT ( ( #5767 ) ) GLOBAL_UNIT_ASSIGNED_CONTEXT ( ( #5434, #4547, #532 ) ) REPRESENTATION_CONTEXT ( 'NONE', 'WORKASPACE' ) );
#1602 = COLOUR_RGB ( '',0.2509803921568627416, 0.2509803921568627416, 0.2509803921568627416 ) ;
#1603 = SURFACE_STYLE_FILL_AREA ( #3946 ) ;
#1604 = FILL_AREA_STYLE_COLOUR ( '', #5406 ) ;
#1605 = UNCERTAINTY_MEASURE_WITH_UNIT (LENGTH_MEASURE( 1.000000000000000082E-05 ), #4740, 'distance_accuracy_value', 'NONE');
#1606 = EDGE_CURVE ( 'NONE', #231, #285, #3779, .T. ) ;
#1607 = LINE ( 'NONE', #3197, #691 ) ;
#1608 = LINE ( 'NONE', #210, #2203 ) ;
#1609 = FILL_AREA_STYLE_COLOUR ( '', #3930 ) ;
#1610 = LINE ( 'NONE', #89, #2965 ) ;
#1611 =( GEOMETRIC_REPRESENTATION_CONTEXT ( 3 ) GLOBAL_UNCERTAINTY_ASSIGNED_CONTEXT ( ( #1851 ) ) GLOBAL_UNIT_ASSIGNED_CONTEXT ( ( #826, #312, #1260 ) ) REPRESENTATION_CONTEXT ( 'NONE', 'WORKASPACE' ) );
#1612 =( LENGTH_UNIT ( ) NAMED_UNIT ( * ) SI_UNIT ( .MILLI., .METRE. ) );
#1613 =( GEOMETRIC_REPRESENTATION_CONTEXT ( 3 ) GLOBAL_UNCERTAINTY_ASSIGNED_CONTEXT ( ( #5780 ) ) GLOBAL_UNIT_ASSIGNED_CONTEXT ( ( #2318, #2356, #953 ) ) REPRESENTATION_CONTEXT ( 'NONE', 'WORKASPACE' ) );
#1614 = CARTESIAN_POINT ( 'NONE',  ( -0.3649999999999997691, 0.2800000000000000266, -1.149999999999999911 ) ) ;
#1615 = VECTOR ( 'NONE', #4135, 1000.000000000000000 ) ;
#1616 = LINE ( 'NONE', #4187, #3523 ) ;
#1617 = CARTESIAN_POINT ( 'NONE',  ( 1.245000000000000329, 0.0000000000000000000, 1.124999999999999556 ) ) ;
#1618 = PRODUCT_DEFINITION ( 'UNKNOWN', '', #1838, #1205 ) ;
#1619 = MECHANICAL_DESIGN_GEOMETRIC_PRESENTATION_REPRESENTATION (  '', ( #5164 ), #835 ) ;
#1620 = COLOUR_RGB ( '',1.000000000000000000, 1.000000000000000000, 1.000000000000000000 ) ;
#1621 = VECTOR ( 'NONE', #672, 1000.000000000000114 ) ;
#1622 = CARTESIAN_POINT ( 'NONE',  ( 1.245000000000000329, 0.0000000000000000000, -0.4749999999999997558 ) ) ;
#1623 = FILL_AREA_STYLE_COLOUR ( '', #1257 ) ;
#1624 = ORIENTED_EDGE ( 'NONE', *, *, #2758, .T. ) ;
#1625 = VERTEX_POINT ( 'NONE', #3825 ) ;
#1626 =( LENGTH_UNIT ( ) NAMED_UNIT ( * ) SI_UNIT ( .MILLI., .METRE. ) );
#1627 = ORIENTED_EDGE ( 'NONE', *, *, #4253, .F. ) ;
#1628 = CARTESIAN_POINT ( 'NONE',  ( -0.3199999999999997291, 0.0000000000000000000, -1.649999999999999911 ) ) ;
#1629 = SURFACE_SIDE_STYLE ('',( #270 ) ) ;
#1630 = ADVANCED_FACE ( 'NONE', ( #3845 ), #2060, .F. ) ;
#1631 = CARTESIAN_POINT ( 'NONE',  ( -1.224999999999999867, -0.02000000000000000042, -0.8249999999999997335 ) ) ;
#1632 = ORIENTED_EDGE ( 'NONE', *, *, #300, .F. ) ;
#1633 = ORIENTED_EDGE ( 'NONE', *, *, #2602, .F. ) ;
#1634 = VERTEX_POINT ( 'NONE', #1112 ) ;
#1635 = CARTESIAN_POINT ( 'NONE',  ( -0.02499999999999971342, 0.2800000000000000266, -1.054999999999999938 ) ) ;
#1636 = ORIENTED_EDGE ( 'NONE', *, *, #4665, .T. ) ;
#1637 = DIRECTION ( 'NONE',  ( -0.0000000000000000000, -0.0000000000000000000, -1.000000000000000000 ) ) ;
#1638 = SURFACE_SIDE_STYLE ('',( #1908 ) ) ;
#1639 = VECTOR ( 'NONE', #4409, 1000.000000000000000 ) ;
#1640 = ORIENTED_EDGE ( 'NONE', *, *, #2172, .T. ) ;
#1641 = VERTEX_POINT ( 'NONE', #3397 ) ;
#1642 = EDGE_CURVE ( 'NONE', #1791, #4732, #1840, .T. ) ;
#1643 = ORIENTED_EDGE ( 'NONE', *, *, #3766, .T. ) ;
#1644 = SURFACE_STYLE_FILL_AREA ( #2439 ) ;
#1645 = STYLED_ITEM ( 'NONE', ( #2619 ), #3207 ) ;
#1646 = UNCERTAINTY_MEASURE_WITH_UNIT (LENGTH_MEASURE( 1.000000000000000082E-05 ), #132, 'distance_accuracy_value', 'NONE');
#1647 = EDGE_LOOP ( 'NONE', ( #3559, #2865, #5222, #3391, #4523, #856, #1020, #4452, #1003, #5527, #3467, #446, #2980, #1744, #88, #5293, #1098, #3620, #1512, #3962, #1752, #4808, #3086, #1501 ) ) ;
#1648 = CARTESIAN_POINT ( 'NONE',  ( -0.3649999999999997691, 0.0000000000000000000, -1.149999999999999911 ) ) ;
#1649 = DIRECTION ( 'NONE',  ( 0.0000000000000000000, 0.0000000000000000000, 1.000000000000000000 ) ) ;
#1650 = PRESENTATION_LAYER_ASSIGNMENT (  '', '', ( #40 ) ) ;
#1651 = CARTESIAN_POINT ( 'NONE',  ( -1.524999999999999911, 1.040000000000000036, 1.524999999999999911 ) ) ;
#1652 = COLOUR_RGB ( '',1.000000000000000000, 1.000000000000000000, 1.000000000000000000 ) ;
#1653 = FILL_AREA_STYLE_COLOUR ( '', #2766 ) ;
#1654 = DIRECTION ( 'NONE',  ( 1.000000000000000000, -0.0000000000000000000, 1.260700200564539845E-16 ) ) ;
#1655 = PRESENTATION_LAYER_ASSIGNMENT (  '', '', ( #4855 ) ) ;
#1656 = CARTESIAN_POINT ( 'NONE',  ( -0.02499999999999974118, -0.0000000000000000000, -1.149999999999999911 ) ) ;
#1657 = LINE ( 'NONE', #3088, #4677 ) ;
#1658 = SURFACE_SIDE_STYLE ('',( #5586 ) ) ;
#1659 = ORIENTED_EDGE ( 'NONE', *, *, #2274, .T. ) ;
#1660 =( GEOMETRIC_REPRESENTATION_CONTEXT ( 3 ) GLOBAL_UNCERTAINTY_ASSIGNED_CONTEXT ( ( #978 ) ) GLOBAL_UNIT_ASSIGNED_CONTEXT ( ( #800, #5304, #1714 ) ) REPRESENTATION_CONTEXT ( 'NONE', 'WORKASPACE' ) );
#1661 =( NAMED_UNIT ( * ) SI_UNIT ( $, .STERADIAN. ) SOLID_ANGLE_UNIT ( ) );
#1662 = VECTOR ( 'NONE', #4092, 1000.000000000000000 ) ;
#1663 = SURFACE_STYLE_FILL_AREA ( #621 ) ;
#1664 = EDGE_LOOP ( 'NONE', ( #3740, #4099, #2858, #4179 ) ) ;
#1665 = EDGE_CURVE ( 'NONE', #1207, #1723, #1910, .T. ) ;
#1666 = VECTOR ( 'NONE', #699, 1000.000000000000114 ) ;
#1667 =( GEOMETRIC_REPRESENTATION_CONTEXT ( 3 ) GLOBAL_UNCERTAINTY_ASSIGNED_CONTEXT ( ( #3941 ) ) GLOBAL_UNIT_ASSIGNED_CONTEXT ( ( #2571, #269, #2550 ) ) REPRESENTATION_CONTEXT ( 'NONE', 'WORKASPACE' ) );
#1668 = FILL_AREA_STYLE_COLOUR ( '', #2875 ) ;
#1669 = SURFACE_STYLE_FILL_AREA ( #1904 ) ;
#1670 = FILL_AREA_STYLE ('',( #5729 ) ) ;
#1671 = CARTESIAN_POINT ( 'NONE',  ( -0.3649999999999997691, 0.0000000000000000000, 1.149999999999999911 ) ) ;
#1672 =( NAMED_UNIT ( * ) PLANE_ANGLE_UNIT ( ) SI_UNIT ( $, .RADIAN. ) );
#1673 = SURFACE_SIDE_STYLE ('',( #4770 ) ) ;
#1674 = VECTOR ( 'NONE', #3678, 1000.000000000000000 ) ;
#1675 = PRESENTATION_STYLE_ASSIGNMENT (( #350 ) ) ;
#1676 =( NAMED_UNIT ( * ) PLANE_ANGLE_UNIT ( ) SI_UNIT ( $, .RADIAN. ) );
#1677 = LINE ( 'NONE', #1955, #337 ) ;
#1678 =( LENGTH_UNIT ( ) NAMED_UNIT ( * ) SI_UNIT ( .MILLI., .METRE. ) );
#1679 =( GEOMETRIC_REPRESENTATION_CONTEXT ( 3 ) GLOBAL_UNCERTAINTY_ASSIGNED_CONTEXT ( ( #629 ) ) GLOBAL_UNIT_ASSIGNED_CONTEXT ( ( #191, #211, #3352 ) ) REPRESENTATION_CONTEXT ( 'NONE', 'WORKASPACE' ) );
#1680 = PRESENTATION_LAYER_ASSIGNMENT (  '', '', ( #5383 ) ) ;
#1681 = SURFACE_STYLE_FILL_AREA ( #3915 ) ;
#1682 = FILL_AREA_STYLE ('',( #363 ) ) ;
#1683 = CARTESIAN_POINT ( 'NONE',  ( -1.224999999999999867, 0.2800000000000000266, -0.8249999999999997335 ) ) ;
#1684 = FILL_AREA_STYLE ('',( #1227 ) ) ;
#1685 = UNCERTAINTY_MEASURE_WITH_UNIT (LENGTH_MEASURE( 1.000000000000000082E-05 ), #4790, 'distance_accuracy_value', 'NONE');
#1686 = FACE_OUTER_BOUND ( 'NONE', #1145, .T. ) ;
#1687 = EDGE_CURVE ( 'NONE', #2303, #1726, #903, .T. ) ;
#1688 = CARTESIAN_POINT ( 'NONE',  ( 1.655000000000000249, 0.0000000000000000000, -0.8249999999999997335 ) ) ;
#1689 = COLOUR_RGB ( '',0.2509803921568627416, 0.2509803921568627416, 0.2509803921568627416 ) ;
#1690 = LINE ( 'NONE', #4626, #3032 ) ;
#1691 = DIRECTION ( 'NONE',  ( 1.000000000000000000, 0.0000000000000000000, -0.0000000000000000000 ) ) ;
#1692 = CARTESIAN_POINT ( 'NONE',  ( -0.3199999999999997291, 0.2799999999999790434, -1.525000000000000133 ) ) ;
#1693 = ADVANCED_FACE ( 'NONE', ( #2822 ), #2917, .F. ) ;
#1694 = PRESENTATION_STYLE_ASSIGNMENT (( #1199 ) ) ;
#1695 = CARTESIAN_POINT ( 'NONE',  ( -1.225000000000006528, 0.2800000000000000266, 0.8250000000000001776 ) ) ;
#1696 = VECTOR ( 'NONE', #251, 1000.000000000000114 ) ;
#1697 = VECTOR ( 'NONE', #5600, 1000.000000000000000 ) ;
#1698 =( GEOMETRIC_REPRESENTATION_CONTEXT ( 3 ) GLOBAL_UNCERTAINTY_ASSIGNED_CONTEXT ( ( #1333 ) ) GLOBAL_UNIT_ASSIGNED_CONTEXT ( ( #2818, #3702, #3293 ) ) REPRESENTATION_CONTEXT ( 'NONE', 'WORKASPACE' ) );
#1699 = CARTESIAN_POINT ( 'NONE',  ( 1.524999999999997025, 0.2800000000000000822, 0.0000000000000000000 ) ) ;
#1700 = DIRECTION ( 'NONE',  ( -0.0000000000000000000, 1.000000000000000000, -0.0000000000000000000 ) ) ;
#1701 = DIRECTION ( 'NONE',  ( -1.000000000000000000, 0.0000000000000000000, -0.0000000000000000000 ) ) ;
#1702 = ORIENTED_EDGE ( 'NONE', *, *, #4842, .T. ) ;
#1703 = SURFACE_SIDE_STYLE ('',( #355 ) ) ;
#1704 = CARTESIAN_POINT ( 'NONE',  ( -1.654999999999999805, -0.0000000000000000000, -0.8249999999999997335 ) ) ;
#1705 = EDGE_CURVE ( 'NONE', #5364, #5288, #4417, .T. ) ;
#1706 = ORIENTED_EDGE ( 'NONE', *, *, #4526, .T. ) ;
#1707 =( NAMED_UNIT ( * ) SI_UNIT ( $, .STERADIAN. ) SOLID_ANGLE_UNIT ( ) );
#1708 = STYLED_ITEM ( 'NONE', ( #2572 ), #4558 ) ;
#1709 = VERTEX_POINT ( 'NONE', #5748 ) ;
#1710 = VERTEX_POINT ( 'NONE', #3474 ) ;
#1711 = ORIENTED_EDGE ( 'NONE', *, *, #518, .T. ) ;
#1712 = DIRECTION ( 'NONE',  ( -0.0000000000000000000, -0.0000000000000000000, 1.000000000000000000 ) ) ;
#1713 = ORIENTED_EDGE ( 'NONE', *, *, #3410, .T. ) ;
#1714 =( NAMED_UNIT ( * ) SI_UNIT ( $, .STERADIAN. ) SOLID_ANGLE_UNIT ( ) );
#1715 = FILL_AREA_STYLE ('',( #845 ) ) ;
#1716 = COLOUR_RGB ( '',1.000000000000000000, 1.000000000000000000, 1.000000000000000000 ) ;
#1717 = ORIENTED_EDGE ( 'NONE', *, *, #1821, .F. ) ;
#1718 = CARTESIAN_POINT ( 'NONE',  ( 1.431854874185882753, 0.9879029561872894050, 1.431854874185882753 ) ) ;
#1719 = ORIENTED_EDGE ( 'NONE', *, *, #3046, .T. ) ;
#1720 = SURFACE_STYLE_USAGE ( .BOTH. , #5325 ) ;
#1721 = MECHANICAL_DESIGN_GEOMETRIC_PRESENTATION_REPRESENTATION (  '', ( #1762 ), #2884 ) ;
#1722 =( GEOMETRIC_REPRESENTATION_CONTEXT ( 3 ) GLOBAL_UNCERTAINTY_ASSIGNED_CONTEXT ( ( #2561 ) ) GLOBAL_UNIT_ASSIGNED_CONTEXT ( ( #4911, #5831, #1350 ) ) REPRESENTATION_CONTEXT ( 'NONE', 'WORKASPACE' ) );
#1723 = VERTEX_POINT ( 'NONE', #798 ) ;
#1724 = ORIENTED_EDGE ( 'NONE', *, *, #2477, .T. ) ;
#1725 = DIRECTION ( 'NONE',  ( 1.000000000000000000, 0.0000000000000000000, 0.0000000000000000000 ) ) ;
#1726 = VERTEX_POINT ( 'NONE', #816 ) ;
#1727 =( NAMED_UNIT ( * ) SI_UNIT ( $, .STERADIAN. ) SOLID_ANGLE_UNIT ( ) );
#1728 = PLANE ( 'NONE',  #4168 ) ;
#1729 = FILL_AREA_STYLE_COLOUR ( '', #5429 ) ;
#1730 =( LENGTH_UNIT ( ) NAMED_UNIT ( * ) SI_UNIT ( .MILLI., .METRE. ) );
#1731 = SURFACE_SIDE_STYLE ('',( #2587 ) ) ;
#1732 = ADVANCED_FACE ( 'NONE', ( #2880 ), #3074, .F. ) ;
#1733 = EDGE_CURVE ( 'NONE', #5225, #4098, #2667, .T. ) ;
#1734 = LINE ( 'NONE', #2021, #3969 ) ;
#1735 = VECTOR ( 'NONE', #4308, 1000.000000000000000 ) ;
#1736 = FILL_AREA_STYLE_COLOUR ( '', #5183 ) ;
#1737 = DIRECTION ( 'NONE',  ( 1.322197771323785883E-16, 0.0000000000000000000, 1.000000000000000000 ) ) ;
#1738 =( GEOMETRIC_REPRESENTATION_CONTEXT ( 3 ) GLOBAL_UNCERTAINTY_ASSIGNED_CONTEXT ( ( #3688 ) ) GLOBAL_UNIT_ASSIGNED_CONTEXT ( ( #1466, #4611, #5093 ) ) REPRESENTATION_CONTEXT ( 'NONE', 'WORKASPACE' ) );
#1739 = CARTESIAN_POINT ( 'NONE',  ( 1.245000000000000329, 0.2800000000000000266, -1.124999999999999556 ) ) ;
#1740 = VECTOR ( 'NONE', #5421, 1000.000000000000000 ) ;
#1741 = DIRECTION ( 'NONE',  ( 0.0000000000000000000, 1.000000000000000000, 0.0000000000000000000 ) ) ;
#1742 = VECTOR ( 'NONE', #2560, 1000.000000000000000 ) ;
#1743 = DIRECTION ( 'NONE',  ( -1.421904488505579901E-16, 0.0000000000000000000, -1.000000000000000000 ) ) ;
#1744 = ORIENTED_EDGE ( 'NONE', *, *, #5341, .F. ) ;
#1745 = SURFACE_STYLE_USAGE ( .BOTH. , #4427 ) ;
#1746 = EDGE_CURVE ( 'NONE', #4528, #3608, #2749, .T. ) ;
#1747 = FILL_AREA_STYLE ('',( #5816 ) ) ;
#1748 = LINE ( 'NONE', #4286, #472 ) ;
#1749 =( NAMED_UNIT ( * ) PLANE_ANGLE_UNIT ( ) SI_UNIT ( $, .RADIAN. ) );
#1750 = AXIS2_PLACEMENT_3D ( 'NONE', #3553, #3615, #1912 ) ;
#1751 = AXIS2_PLACEMENT_3D ( 'NONE', #2934, #3837, #2955 ) ;
#1752 = ORIENTED_EDGE ( 'NONE', *, *, #1370, .F. ) ;
#1753 = CARTESIAN_POINT ( 'NONE',  ( -1.655000000000004245, 0.2800000000000000266, 0.4750000000000001443 ) ) ;
#1754 = DIRECTION ( 'NONE',  ( 0.0000000000000000000, 0.0000000000000000000, -1.000000000000000000 ) ) ;
#1755 = SURFACE_SIDE_STYLE ('',( #5106 ) ) ;
#1756 = VECTOR ( 'NONE', #3801, 1000.000000000000000 ) ;
#1757 = LINE ( 'NONE', #65, #2821 ) ;
#1758 = VECTOR ( 'NONE', #2118, 1000.000000000000000 ) ;
#1759 = EDGE_CURVE ( 'NONE', #2724, #4375, #5327, .T. ) ;
#1760 = PRESENTATION_STYLE_ASSIGNMENT (( #3503 ) ) ;
#1761 = VECTOR ( 'NONE', #4069, 1000.000000000000000 ) ;
#1762 = STYLED_ITEM ( 'NONE', ( #2219 ), #4968 ) ;
#1763 =( NAMED_UNIT ( * ) PLANE_ANGLE_UNIT ( ) SI_UNIT ( $, .RADIAN. ) );
#1764 = FACE_OUTER_BOUND ( 'NONE', #2861, .T. ) ;
#1765 = ADVANCED_FACE ( 'NONE', ( #4344 ), #3447, .F. ) ;
#1766 = DIRECTION ( 'NONE',  ( -0.0000000000000000000, 1.000000000000000000, -0.0000000000000000000 ) ) ;
#1767 = FILL_AREA_STYLE_COLOUR ( '', #478 ) ;
#1768 = LINE ( 'NONE', #5484, #2361 ) ;
#1769 = VECTOR ( 'NONE', #1192, 1000.000000000000000 ) ;
#1770 = UNCERTAINTY_MEASURE_WITH_UNIT (LENGTH_MEASURE( 1.000000000000000082E-05 ), #1308, 'distance_accuracy_value', 'NONE');
#1771 = DIRECTION ( 'NONE',  ( -2.853163611803958284E-16, 0.0000000000000000000, 1.000000000000000000 ) ) ;
#1772 = PLANE ( 'NONE',  #5715 ) ;
#1773 = AXIS2_PLACEMENT_3D ( 'NONE', #1150, #246, #3815 ) ;
#1774 = VECTOR ( 'NONE', #5651, 1000.000000000000000 ) ;
#1775 = FILL_AREA_STYLE ('',( #1328 ) ) ;
#1776 = PLANE ( 'NONE',  #3661 ) ;
#1777 =( NAMED_UNIT ( * ) PLANE_ANGLE_UNIT ( ) SI_UNIT ( $, .RADIAN. ) );
#1778 = SURFACE_STYLE_FILL_AREA ( #1715 ) ;
#1779 = VECTOR ( 'NONE', #976, 1000.000000000000000 ) ;
#1780 = LINE ( 'NONE', #4768, #2691 ) ;
#1781 = UNCERTAINTY_MEASURE_WITH_UNIT (LENGTH_MEASURE( 1.000000000000000082E-05 ), #3366, 'distance_accuracy_value', 'NONE');
#1782 = EDGE_CURVE ( 'NONE', #2635, #1357, #5684, .T. ) ;
#1783 = SURFACE_STYLE_USAGE ( .BOTH. , #920 ) ;
#1784 = DIRECTION ( 'NONE',  ( 0.0000000000000000000, 0.0000000000000000000, -1.000000000000000000 ) ) ;
#1785 = VECTOR ( 'NONE', #1122, 1000.000000000000000 ) ;
#1786 = MECHANICAL_DESIGN_GEOMETRIC_PRESENTATION_REPRESENTATION (  '', ( #3383 ), #2089 ) ;
#1787 = DIRECTION ( 'NONE',  ( -0.0000000000000000000, -1.000000000000000000, 0.0000000000000000000 ) ) ;
#1788 = LINE ( 'NONE', #3237, #2146 ) ;
#1789 = DIRECTION ( 'NONE',  ( -0.0000000000000000000, 1.000000000000000000, -0.0000000000000000000 ) ) ;
#1790 = DIRECTION ( 'NONE',  ( 1.000000000000000000, -0.0000000000000000000, -0.0000000000000000000 ) ) ;
#1791 = VERTEX_POINT ( 'NONE', #4870 ) ;
#1792 = AXIS2_PLACEMENT_3D ( 'NONE', #4096, #5022, #3225 ) ;
#1793 = VERTEX_POINT ( 'NONE', #3903 ) ;
#1794 = ORIENTED_EDGE ( 'NONE', *, *, #2817, .F. ) ;
#1795 = DIRECTION ( 'NONE',  ( 0.0000000000000000000, -1.000000000000000000, 0.0000000000000000000 ) ) ;
#1796 = CARTESIAN_POINT ( 'NONE',  ( 1.245000000000000329, 0.0000000000000000000, -0.8249999999999997335 ) ) ;
#1797 = ORIENTED_EDGE ( 'NONE', *, *, #4056, .F. ) ;
#1798 =( LENGTH_UNIT ( ) NAMED_UNIT ( * ) SI_UNIT ( .MILLI., .METRE. ) );
#1799 = CARTESIAN_POINT ( 'NONE',  ( 1.245000000000000329, 0.0000000000000000000, -1.054999999999999938 ) ) ;
#1800 = EDGE_CURVE ( 'NONE', #3449, #3468, #3563, .T. ) ;
#1801 = FILL_AREA_STYLE ('',( #4467 ) ) ;
#1802 = ORIENTED_EDGE ( 'NONE', *, *, #3133, .F. ) ;
#1803 = ADVANCED_FACE ( 'NONE', ( #5409 ), #2567, .F. ) ;
#1804 = ORIENTED_EDGE ( 'NONE', *, *, #5564, .F. ) ;
#1805 = PRESENTATION_LAYER_ASSIGNMENT (  '', '', ( #573 ) ) ;
#1806 = VERTEX_POINT ( 'NONE', #324 ) ;
#1807 = PRESENTATION_STYLE_ASSIGNMENT (( #712 ) ) ;
#1808 = ORIENTED_EDGE ( 'NONE', *, *, #5580, .T. ) ;
#1809 = PLANE ( 'NONE',  #2830 ) ;
#1810 = FILL_AREA_STYLE_COLOUR ( '', #4848 ) ;
#1811 = EDGE_LOOP ( 'NONE', ( #234, #3673, #2505, #4865 ) ) ;
#1812 = FILL_AREA_STYLE ('',( #5350 ) ) ;
#1813 = FILL_AREA_STYLE ('',( #2255 ) ) ;
#1814 = CARTESIAN_POINT ( 'NONE',  ( 1.655000000000000249, 0.2800000000000000266, 0.4749999999999997558 ) ) ;
#1815 =( NAMED_UNIT ( * ) PLANE_ANGLE_UNIT ( ) SI_UNIT ( $, .RADIAN. ) );
#1816 = DIRECTION ( 'NONE',  ( -1.000000000000000000, 0.0000000000000000000, -0.0000000000000000000 ) ) ;
#1817 = LINE ( 'NONE', #4249, #596 ) ;
#1818 = DIRECTION ( 'NONE',  ( 2.853163611803958284E-16, 0.0000000000000000000, 1.000000000000000000 ) ) ;
#1819 = CARTESIAN_POINT ( 'NONE',  ( -1.655000000000006466, 0.2800000000000000266, 0.8250000000000001776 ) ) ;
#1820 = LINE ( 'NONE', #3112, #5242 ) ;
#1821 = EDGE_CURVE ( 'NONE', #3986, #1376, #1176, .T. ) ;
#1822 = FACE_OUTER_BOUND ( 'NONE', #5656, .T. ) ;
#1823 = CARTESIAN_POINT ( 'NONE',  ( 1.524999999999999911, 0.0000000000000000000, 1.524999999999999467 ) ) ;
#1824 = STYLED_ITEM ( 'NONE', ( #4063 ), #4166 ) ;
#1825 = ORIENTED_EDGE ( 'NONE', *, *, #3564, .F. ) ;
#1826 = DIRECTION ( 'NONE',  ( 0.0000000000000000000, -1.000000000000000000, 0.0000000000000000000 ) ) ;
#1827 = MECHANICAL_DESIGN_GEOMETRIC_PRESENTATION_REPRESENTATION (  '', ( #599 ), #5735 ) ;
#1828 = COLOUR_RGB ( '',1.000000000000000000, 1.000000000000000000, 1.000000000000000000 ) ;
#1829 = ADVANCED_FACE ( 'NONE', ( #5547 ), #1809, .F. ) ;
#1830 =( NAMED_UNIT ( * ) PLANE_ANGLE_UNIT ( ) SI_UNIT ( $, .RADIAN. ) );
#1831 = FILL_AREA_STYLE_COLOUR ( '', #4147 ) ;
#1832 = VECTOR ( 'NONE', #1945, 1000.000000000000000 ) ;
#1833 = EDGE_CURVE ( 'NONE', #5510, #4411, #3364, .T. ) ;
#1834 = SURFACE_SIDE_STYLE ('',( #2810 ) ) ;
#1835 = SURFACE_SIDE_STYLE ('',( #3266 ) ) ;
#1836 = DIRECTION ( 'NONE',  ( -1.000000000000000000, 0.0000000000000000000, -1.260700200564539845E-16 ) ) ;
#1837 = SURFACE_STYLE_FILL_AREA ( #2615 ) ;
#1838 = PRODUCT_DEFINITION_FORMATION_WITH_SPECIFIED_SOURCE ( 'ANY', '', #427, .NOT_KNOWN. ) ;
#1839 = LINE ( 'NONE', #618, #1674 ) ;
#1840 = LINE ( 'NONE', #641, #4694 ) ;
#1841 = DIRECTION ( 'NONE',  ( -2.853163611803958284E-16, 0.0000000000000000000, 1.000000000000000000 ) ) ;
#1842 = SURFACE_SIDE_STYLE ('',( #3761 ) ) ;
#1843 = FACE_OUTER_BOUND ( 'NONE', #2446, .T. ) ;
#1844 = PRESENTATION_STYLE_ASSIGNMENT (( #4422 ) ) ;
#1845 = DIRECTION ( 'NONE',  ( 0.0000000000000000000, -1.000000000000000000, 0.0000000000000000000 ) ) ;
#1846 = VECTOR ( 'NONE', #4112, 1000.000000000000000 ) ;
#1847 = DIRECTION ( 'NONE',  ( 1.000000000000000000, 0.0000000000000000000, 0.0000000000000000000 ) ) ;
#1848 = DIRECTION ( 'NONE',  ( -0.0000000000000000000, -0.0000000000000000000, -1.000000000000000000 ) ) ;
#1849 = LINE ( 'NONE', #2299, #3730 ) ;
#1850 = CARTESIAN_POINT ( 'NONE',  ( -1.372453912856161917, 1.040000000000000036, 1.372453912856161917 ) ) ;
#1851 = UNCERTAINTY_MEASURE_WITH_UNIT (LENGTH_MEASURE( 1.000000000000000082E-05 ), #826, 'distance_accuracy_value', 'NONE');
#1852 = LINE ( 'NONE', #2232, #1188 ) ;
#1853 =( NAMED_UNIT ( * ) PLANE_ANGLE_UNIT ( ) SI_UNIT ( $, .RADIAN. ) );
#1854 = EDGE_CURVE ( 'NONE', #2037, #2012, #4764, .T. ) ;
#1855 = FACE_OUTER_BOUND ( 'NONE', #3544, .T. ) ;
#1856 = CARTESIAN_POINT ( 'NONE',  ( -1.225000000000004308, -0.02000000000000000042, 0.1750000000000002387 ) ) ;
#1857 = CARTESIAN_POINT ( 'NONE',  ( -1.225000000000006528, -0.02000000000000000042, 0.8250000000000001776 ) ) ;
#1858 = ADVANCED_FACE ( 'NONE', ( #4492 ), #3154, .F. ) ;
#1859 = UNCERTAINTY_MEASURE_WITH_UNIT (LENGTH_MEASURE( 1.000000000000000082E-05 ), #1626, 'distance_accuracy_value', 'NONE');
#1860 = MECHANICAL_DESIGN_GEOMETRIC_PRESENTATION_REPRESENTATION (  '', ( #4024 ), #3136 ) ;
#1861 = COLOUR_RGB ( '',0.2509803921568627416, 0.2509803921568627416, 0.2509803921568627416 ) ;
#1862 = ORIENTED_EDGE ( 'NONE', *, *, #4056, .T. ) ;
#1863 = ORIENTED_EDGE ( 'NONE', *, *, #462, .F. ) ;
#1864 = FILL_AREA_STYLE_COLOUR ( '', #4070 ) ;
#1865 = VERTEX_POINT ( 'NONE', #19 ) ;
#1866 =( NAMED_UNIT ( * ) SI_UNIT ( $, .STERADIAN. ) SOLID_ANGLE_UNIT ( ) );
#1867 = VECTOR ( 'NONE', #2319, 1000.000000000000000 ) ;
#1868 = EDGE_LOOP ( 'NONE', ( #5722, #39, #4951, #4389 ) ) ;
#1869 = PRESENTATION_LAYER_ASSIGNMENT (  '', '', ( #3831 ) ) ;
#1870 = FILL_AREA_STYLE ('',( #3498 ) ) ;
#1871 = EDGE_CURVE ( 'NONE', #5286, #2642, #1184, .T. ) ;
#1872 = ORIENTED_EDGE ( 'NONE', *, *, #3960, .T. ) ;
#1873 = CARTESIAN_POINT ( 'NONE',  ( -1.225000000000004308, 0.2800000000000000266, 0.4750000000000001998 ) ) ;
#1874 =( LENGTH_UNIT ( ) NAMED_UNIT ( * ) SI_UNIT ( .MILLI., .METRE. ) );
#1875 = AXIS2_PLACEMENT_3D ( 'NONE', #1226, #4371, #2558 ) ;
#1876 = ORIENTED_EDGE ( 'NONE', *, *, #4062, .T. ) ;
#1877 = FACE_OUTER_BOUND ( 'NONE', #2440, .T. ) ;
#1878 = ORIENTED_EDGE ( 'NONE', *, *, #462, .T. ) ;
#1879 = DIRECTION ( 'NONE',  ( 0.0000000000000000000, -0.0000000000000000000, 1.000000000000000000 ) ) ;
#1880 = SURFACE_STYLE_USAGE ( .BOTH. , #2381 ) ;
#1881 = CARTESIAN_POINT ( 'NONE',  ( 1.401154618473896329, 1.221224899598389424, -1.401154618473896774 ) ) ;
#1882 = PLANE ( 'NONE',  #1792 ) ;
#1883 = EDGE_CURVE ( 'NONE', #442, #1207, #2270, .T. ) ;
#1884 = DIRECTION ( 'NONE',  ( -0.0000000000000000000, 0.0000000000000000000, -1.000000000000000000 ) ) ;
#1885 = ORIENTED_EDGE ( 'NONE', *, *, #2053, .T. ) ;
#1886 = VECTOR ( 'NONE', #3368, 1000.000000000000000 ) ;
#1887 = ORIENTED_EDGE ( 'NONE', *, *, #1529, .F. ) ;
#1888 = AXIS2_PLACEMENT_3D ( 'NONE', #2008, #5128, #2464 ) ;
#1889 = ORIENTED_EDGE ( 'NONE', *, *, #1404, .F. ) ;
#1890 = SURFACE_SIDE_STYLE ('',( #2660 ) ) ;
#1891 = FILL_AREA_STYLE_COLOUR ( '', #407 ) ;
#1892 = UNCERTAINTY_MEASURE_WITH_UNIT (LENGTH_MEASURE( 1.000000000000000082E-05 ), #2251, 'distance_accuracy_value', 'NONE');
#1893 = LINE ( 'NONE', #4326, #5746 ) ;
#1894 = CARTESIAN_POINT ( 'NONE',  ( -1.839153740585303616E-16, 1.040000000000000036, -1.293443937657340559 ) ) ;
#1895 = ADVANCED_FACE ( 'NONE', ( #5418 ), #503, .F. ) ;
#1896 = DIRECTION ( 'NONE',  ( 1.000000000000000000, 0.0000000000000000000, 1.260700200564540091E-16 ) ) ;
#1897 = SURFACE_STYLE_USAGE ( .BOTH. , #2408 ) ;
#1898 =( GEOMETRIC_REPRESENTATION_CONTEXT ( 3 ) GLOBAL_UNCERTAINTY_ASSIGNED_CONTEXT ( ( #3737 ) ) GLOBAL_UNIT_ASSIGNED_CONTEXT ( ( #4590, #3686, #1422 ) ) REPRESENTATION_CONTEXT ( 'NONE', 'WORKASPACE' ) );
#1899 = STYLED_ITEM ( 'NONE', ( #3998 ), #3117 ) ;
#1900 = ORIENTED_EDGE ( 'NONE', *, *, #2204, .F. ) ;
#1901 = CARTESIAN_POINT ( 'NONE',  ( 1.245000000000000329, 0.2800000000000000266, -0.4749999999999997558 ) ) ;
#1902 = DIRECTION ( 'NONE',  ( -0.0000000000000000000, 1.000000000000000000, -0.0000000000000000000 ) ) ;
#1903 = EDGE_CURVE ( 'NONE', #2713, #3804, #5491, .T. ) ;
#1904 = FILL_AREA_STYLE ('',( #3695 ) ) ;
#1905 = VERTEX_POINT ( 'NONE', #1415 ) ;
#1906 = LINE ( 'NONE', #5066, #5479 ) ;
#1907 = STYLED_ITEM ( 'NONE', ( #1928 ), #4401 ) ;
#1908 = SURFACE_STYLE_FILL_AREA ( #280 ) ;
#1909 = SURFACE_STYLE_FILL_AREA ( #3233 ) ;
#1910 = LINE ( 'NONE', #1157, #5483 ) ;
#1911 = FILL_AREA_STYLE ('',( #4127 ) ) ;
#1912 = DIRECTION ( 'NONE',  ( 1.000000000000000000, 0.0000000000000000000, 0.0000000000000000000 ) ) ;
#1913 = SURFACE_SIDE_STYLE ('',( #3023 ) ) ;
#1914 = EDGE_CURVE ( 'NONE', #3907, #1570, #5122, .T. ) ;
#1915 = DIRECTION ( 'NONE',  ( -0.0000000000000000000, -1.000000000000000000, -0.0000000000000000000 ) ) ;
#1916 = PLANE ( 'NONE',  #841 ) ;
#1917 = CARTESIAN_POINT ( 'NONE',  ( 1.655000000000000249, 0.0000000000000000000, 1.124999999999999778 ) ) ;
#1918 = VECTOR ( 'NONE', #4630, 1000.000000000000000 ) ;
#1919 = STYLED_ITEM ( 'NONE', ( #5015 ), #4585 ) ;
#1920 = SURFACE_STYLE_FILL_AREA ( #2570 ) ;
#1921 = DIRECTION ( 'NONE',  ( -0.0000000000000000000, -1.000000000000000000, -0.0000000000000000000 ) ) ;
#1922 = DIRECTION ( 'NONE',  ( 1.000000000000000000, 0.0000000000000000000, -0.0000000000000000000 ) ) ;
#1923 = PRESENTATION_STYLE_ASSIGNMENT (( #260 ) ) ;
#1924 = ADVANCED_FACE ( 'NONE', ( #3433 ), #884, .F. ) ;
#1925 = SURFACE_STYLE_FILL_AREA ( #4246 ) ;
#1926 = PRESENTATION_STYLE_ASSIGNMENT (( #4645 ) ) ;
#1927 = FILL_AREA_STYLE ('',( #1978 ) ) ;
#1928 = PRESENTATION_STYLE_ASSIGNMENT (( #150 ) ) ;
#1929 = STYLED_ITEM ( 'NONE', ( #3576 ), #5679 ) ;
#1930 = MECHANICAL_DESIGN_GEOMETRIC_PRESENTATION_REPRESENTATION (  '', ( #5532 ), #2349 ) ;
#1931 = PLANE ( 'NONE',  #1182 ) ;
#1932 = SURFACE_STYLE_FILL_AREA ( #2868 ) ;
#1933 = FILL_AREA_STYLE_COLOUR ( '', #2950 ) ;
#1934 = VECTOR ( 'NONE', #113, 1000.000000000000000 ) ;
#1935 = CARTESIAN_POINT ( 'NONE',  ( -0.3199999999999997291, 0.0000000000000000000, -1.649999999999999911 ) ) ;
#1936 = LINE ( 'NONE', #2796, #2973 ) ;
#1937 = PLANE ( 'NONE',  #3924 ) ;
#1938 = EDGE_CURVE ( 'NONE', #2306, #1064, #615, .T. ) ;
#1939 = ORIENTED_EDGE ( 'NONE', *, *, #75, .F. ) ;
#1940 = FACE_OUTER_BOUND ( 'NONE', #795, .T. ) ;
#1941 = ORIENTED_EDGE ( 'NONE', *, *, #4709, .F. ) ;
#1942 = ORIENTED_EDGE ( 'NONE', *, *, #5091, .F. ) ;
#1943 = MECHANICAL_DESIGN_GEOMETRIC_PRESENTATION_REPRESENTATION (  '', ( #3 ), #2250 ) ;
#1944 = DIRECTION ( 'NONE',  ( -0.9914542955425441617, 0.1304545125713841014, 0.0000000000000000000 ) ) ;
#1945 = DIRECTION ( 'NONE',  ( -0.0000000000000000000, -0.0000000000000000000, 1.000000000000000000 ) ) ;
#1946 = ORIENTED_EDGE ( 'NONE', *, *, #2204, .T. ) ;
#1947 = VECTOR ( 'NONE', #4885, 1000.000000000000000 ) ;
#1948 = VERTEX_POINT ( 'NONE', #4460 ) ;
#1949 = ORIENTED_EDGE ( 'NONE', *, *, #1986, .T. ) ;
#1950 = CARTESIAN_POINT ( 'NONE',  ( -0.02499999999999974118, 0.2800000000000000266, 1.149999999999999911 ) ) ;
#1951 = ORIENTED_EDGE ( 'NONE', *, *, #4352, .T. ) ;
#1952 = ADVANCED_FACE ( 'NONE', ( #341 ), #4006, .F. ) ;
#1953 = EDGE_CURVE ( 'NONE', #502, #3058, #1979, .T. ) ;
#1954 = VERTEX_POINT ( 'NONE', #3141 ) ;
#1955 = CARTESIAN_POINT ( 'NONE',  ( 1.245000000000000329, 0.0000000000000000000, 0.4749999999999997558 ) ) ;
#1956 = ORIENTED_EDGE ( 'NONE', *, *, #182, .T. ) ;
#1957 =( GEOMETRIC_REPRESENTATION_CONTEXT ( 3 ) GLOBAL_UNCERTAINTY_ASSIGNED_CONTEXT ( ( #4347 ) ) GLOBAL_UNIT_ASSIGNED_CONTEXT ( ( #3070, #1268, #364 ) ) REPRESENTATION_CONTEXT ( 'NONE', 'WORKASPACE' ) );
#1958 = ORIENTED_EDGE ( 'NONE', *, *, #329, .F. ) ;
#1959 = CARTESIAN_POINT ( 'NONE',  ( 1.245000000000000329, 0.0000000000000000000, -0.8249999999999997335 ) ) ;
#1960 = FILL_AREA_STYLE_COLOUR ( '', #5785 ) ;
#1961 = UNCERTAINTY_MEASURE_WITH_UNIT (LENGTH_MEASURE( 1.000000000000000082E-05 ), #5413, 'distance_accuracy_value', 'NONE');
#1962 = CARTESIAN_POINT ( 'NONE',  ( -0.3199999999999997291, 0.2800000000000000266, -1.300000000000000044 ) ) ;
#1963 = VECTOR ( 'NONE', #3205, 1000.000000000000000 ) ;
#1964 = MANIFOLD_SOLID_BREP ( 'Cut-Extrude2', #2384 ) ;
#1965 = DIRECTION ( 'NONE',  ( -1.000000000000000000, 0.0000000000000000000, 0.0000000000000000000 ) ) ;
#1966 = LINE ( 'NONE', #3183, #1236 ) ;
#1967 = EDGE_CURVE ( 'NONE', #2642, #3259, #2410, .T. ) ;
#1968 = EDGE_LOOP ( 'NONE', ( #5177, #5736, #3874, #5585 ) ) ;
#1969 = LINE ( 'NONE', #5644, #190 ) ;
#1970 = SURFACE_SIDE_STYLE ('',( #1663 ) ) ;
#1971 = DIRECTION ( 'NONE',  ( -0.0000000000000000000, -1.000000000000000000, -0.0000000000000000000 ) ) ;
#1972 = MECHANICAL_DESIGN_GEOMETRIC_PRESENTATION_REPRESENTATION (  '', ( #3982 ), #1468 ) ;
#1973 = SURFACE_STYLE_FILL_AREA ( #5765 ) ;
#1974 =( NAMED_UNIT ( * ) PLANE_ANGLE_UNIT ( ) SI_UNIT ( $, .RADIAN. ) );
#1975 = EDGE_CURVE ( 'NONE', #1710, #4090, #410, .T. ) ;
#1976 = PRESENTATION_STYLE_ASSIGNMENT (( #5125 ) ) ;
#1977 = FACE_OUTER_BOUND ( 'NONE', #4953, .T. ) ;
#1978 = FILL_AREA_STYLE_COLOUR ( '', #4743 ) ;
#1979 = LINE ( 'NONE', #2732, #3019 ) ;
#1980 = DIRECTION ( 'NONE',  ( -1.000000000000000000, 0.0000000000000000000, 0.0000000000000000000 ) ) ;
#1981 = MECHANICAL_DESIGN_GEOMETRIC_PRESENTATION_REPRESENTATION (  '', ( #4855 ), #4362 ) ;
#1982 = VECTOR ( 'NONE', #4001, 1000.000000000000000 ) ;
#1983 = MECHANICAL_DESIGN_GEOMETRIC_PRESENTATION_REPRESENTATION (  '', ( #3286 ), #4777 ) ;
#1984 = SURFACE_STYLE_FILL_AREA ( #2769 ) ;
#1985 = DIRECTION ( 'NONE',  ( 0.0000000000000000000, 0.0000000000000000000, -1.000000000000000000 ) ) ;
#1986 = EDGE_CURVE ( 'NONE', #2373, #4098, #4343, .T. ) ;
#1987 = UNCERTAINTY_MEASURE_WITH_UNIT (LENGTH_MEASURE( 1.000000000000000082E-05 ), #233, 'distance_accuracy_value', 'NONE');
#1988 = DIRECTION ( 'NONE',  ( 0.0000000000000000000, 0.0000000000000000000, 1.000000000000000000 ) ) ;
#1989 = MECHANICAL_DESIGN_GEOMETRIC_PRESENTATION_REPRESENTATION (  '', ( #1294 ), #504 ) ;
#1990 = LINE ( 'NONE', #5058, #2212 ) ;
#1991 = VECTOR ( 'NONE', #2467, 1000.000000000000000 ) ;
#1992 = SURFACE_STYLE_USAGE ( .BOTH. , #5613 ) ;
#1993 = FILL_AREA_STYLE_COLOUR ( '', #3148 ) ;
#1994 =( NAMED_UNIT ( * ) SI_UNIT ( $, .STERADIAN. ) SOLID_ANGLE_UNIT ( ) );
#1995 = LINE ( 'NONE', #2943, #5070 ) ;
#1996 = PRESENTATION_LAYER_ASSIGNMENT (  '', '', ( #2316 ) ) ;
#1997 = STYLED_ITEM ( 'NONE', ( #2336 ), #2370 ) ;
#1998 = CARTESIAN_POINT ( 'NONE',  ( -0.06999999999999974298, 0.2800000000000000266, -1.300000000000000044 ) ) ;
#1999 = PRESENTATION_STYLE_ASSIGNMENT (( #217 ) ) ;
#2000 = EDGE_LOOP ( 'NONE', ( #3400, #4729, #1941, #303 ) ) ;
#2001 = ORIENTED_EDGE ( 'NONE', *, *, #2881, .F. ) ;
#2002 =( NAMED_UNIT ( * ) SI_UNIT ( $, .STERADIAN. ) SOLID_ANGLE_UNIT ( ) );
#2003 = ORIENTED_EDGE ( 'NONE', *, *, #2039, .T. ) ;
#2004 = PLANE ( 'NONE',  #2444 ) ;
#2005 = ORIENTED_EDGE ( 'NONE', *, *, #4331, .T. ) ;
#2006 = SURFACE_STYLE_USAGE ( .BOTH. , #4481 ) ;
#2007 = EDGE_LOOP ( 'NONE', ( #4794, #168, #2569, #717 ) ) ;
#2008 = CARTESIAN_POINT ( 'NONE',  ( 1.245000000000000329, 0.2800000000000000266, 1.054999999999999938 ) ) ;
#2009 = EDGE_CURVE ( 'NONE', #2783, #5372, #5842, .T. ) ;
#2010 =( LENGTH_UNIT ( ) NAMED_UNIT ( * ) SI_UNIT ( .MILLI., .METRE. ) );
#2011 = ORIENTED_EDGE ( 'NONE', *, *, #3339, .T. ) ;
#2012 = VERTEX_POINT ( 'NONE', #2237 ) ;
#2013 = AXIS2_PLACEMENT_3D ( 'NONE', #3337, #2023, #4217 ) ;
#2014 = DIRECTION ( 'NONE',  ( -1.000000000000000000, 0.0000000000000000000, 0.0000000000000000000 ) ) ;
#2015 = DIRECTION ( 'NONE',  ( 1.000000000000000000, -0.0000000000000000000, -0.0000000000000000000 ) ) ;
#2016 =( GEOMETRIC_REPRESENTATION_CONTEXT ( 3 ) GLOBAL_UNCERTAINTY_ASSIGNED_CONTEXT ( ( #359 ) ) GLOBAL_UNIT_ASSIGNED_CONTEXT ( ( #5356, #4900, #2259 ) ) REPRESENTATION_CONTEXT ( 'NONE', 'WORKASPACE' ) );
#2017 = ORIENTED_EDGE ( 'NONE', *, *, #2136, .F. ) ;
#2018 = DIRECTION ( 'NONE',  ( -5.288791085295143532E-16, 0.0000000000000000000, 1.000000000000000000 ) ) ;
#2019 = ORIENTED_EDGE ( 'NONE', *, *, #3208, .T. ) ;
#2020 = ORIENTED_EDGE ( 'NONE', *, *, #3145, .F. ) ;
#2021 = CARTESIAN_POINT ( 'NONE',  ( -0.06999999999999975686, 1.040000000000000036, 1.524999999999999689 ) ) ;
#2022 = EDGE_CURVE ( 'NONE', #4515, #3048, #4629, .T. ) ;
#2023 = DIRECTION ( 'NONE',  ( 1.000000000000000000, -0.0000000000000000000, 0.0000000000000000000 ) ) ;
#2024 =( GEOMETRIC_REPRESENTATION_CONTEXT ( 3 ) GLOBAL_UNCERTAINTY_ASSIGNED_CONTEXT ( ( #1605 ) ) GLOBAL_UNIT_ASSIGNED_CONTEXT ( ( #4740, #1149, #1562 ) ) REPRESENTATION_CONTEXT ( 'NONE', 'WORKASPACE' ) );
#2025 = LINE ( 'NONE', #3420, #3340 ) ;
#2026 =( NAMED_UNIT ( * ) PLANE_ANGLE_UNIT ( ) SI_UNIT ( $, .RADIAN. ) );
#2027 = FILL_AREA_STYLE ('',( #2919 ) ) ;
#2028 = SURFACE_STYLE_USAGE ( .BOTH. , #2859 ) ;
#2029 = UNCERTAINTY_MEASURE_WITH_UNIT (LENGTH_MEASURE( 1.000000000000000082E-05 ), #1040, 'distance_accuracy_value', 'NONE');
#2030 = SURFACE_SIDE_STYLE ('',( #2355 ) ) ;
#2031 = PLANE ( 'NONE',  #494 ) ;
#2032 =( GEOMETRIC_REPRESENTATION_CONTEXT ( 3 ) GLOBAL_UNCERTAINTY_ASSIGNED_CONTEXT ( ( #924 ) ) GLOBAL_UNIT_ASSIGNED_CONTEXT ( ( #2367, #5548, #604 ) ) REPRESENTATION_CONTEXT ( 'NONE', 'WORKASPACE' ) );
#2033 = ORIENTED_EDGE ( 'NONE', *, *, #3984, .T. ) ;
#2034 =( LENGTH_UNIT ( ) NAMED_UNIT ( * ) SI_UNIT ( .MILLI., .METRE. ) );
#2035 = PRESENTATION_STYLE_ASSIGNMENT (( #2132 ) ) ;
#2036 = SURFACE_STYLE_USAGE ( .BOTH. , #176 ) ;
#2037 = VERTEX_POINT ( 'NONE', #4895 ) ;
#2038 =( LENGTH_UNIT ( ) NAMED_UNIT ( * ) SI_UNIT ( .MILLI., .METRE. ) );
#2039 = EDGE_CURVE ( 'NONE', #3054, #638, #3844, .T. ) ;
#2040 = VECTOR ( 'NONE', #2113, 1000.000000000000000 ) ;
#2041 =( LENGTH_UNIT ( ) NAMED_UNIT ( * ) SI_UNIT ( .MILLI., .METRE. ) );
#2042 = FILL_AREA_STYLE_COLOUR ( '', #1861 ) ;
#2043 = PRESENTATION_LAYER_ASSIGNMENT (  '', '', ( #3051 ) ) ;
#2044 = CARTESIAN_POINT ( 'NONE',  ( 1.524999999999999911, 0.0000000000000000000, -1.525000000000000355 ) ) ;
#2045 = LINE ( 'NONE', #4925, #5625 ) ;
#2046 = AXIS2_PLACEMENT_3D ( 'NONE', #4674, #1516, #2413 ) ;
#2047 = SURFACE_SIDE_STYLE ('',( #430 ) ) ;
#2048 = VECTOR ( 'NONE', #1320, 1000.000000000000000 ) ;
#2049 = DIRECTION ( 'NONE',  ( -0.0000000000000000000, -1.000000000000000000, -0.0000000000000000000 ) ) ;
#2050 = SURFACE_STYLE_USAGE ( .BOTH. , #3814 ) ;
#2051 = LINE ( 'NONE', #1089, #415 ) ;
#2052 = CARTESIAN_POINT ( 'NONE',  ( -0.02499999999999974118, -0.0000000000000000000, -1.149999999999999911 ) ) ;
#2053 = EDGE_CURVE ( 'NONE', #4167, #5663, #5053, .T. ) ;
#2054 = LINE ( 'NONE', #1651, #5061 ) ;
#2055 = FACE_OUTER_BOUND ( 'NONE', #4094, .T. ) ;
#2056 = PRODUCT_RELATED_PRODUCT_CATEGORY ( 'part', '', ( #427 ) ) ;
#2057 = PRESENTATION_LAYER_ASSIGNMENT (  '', '', ( #1447 ) ) ;
#2058 = PLANE ( 'NONE',  #4517 ) ;
#2059 = UNCERTAINTY_MEASURE_WITH_UNIT (LENGTH_MEASURE( 1.000000000000000082E-05 ), #531, 'distance_accuracy_value', 'NONE');
#2060 = PLANE ( 'NONE',  #1751 ) ;
#2061 = EDGE_CURVE ( 'NONE', #3048, #4411, #1839, .T. ) ;
#2062 = DIRECTION ( 'NONE',  ( -0.0000000000000000000, 1.000000000000000000, -0.0000000000000000000 ) ) ;
#2063 = DIRECTION ( 'NONE',  ( 1.000000000000000000, 0.0000000000000000000, -5.288791085295143532E-16 ) ) ;
#2064 = PRESENTATION_LAYER_ASSIGNMENT (  '', '', ( #1104 ) ) ;
#2065 = CARTESIAN_POINT ( 'NONE',  ( -0.02499999999999971342, 0.2800000000000000266, 1.054999999999999938 ) ) ;
#2066 = CARTESIAN_POINT ( 'NONE',  ( -1.225000000000006528, -0.02000000000000000042, 1.125000000000000222 ) ) ;
#2067 = LINE ( 'NONE', #2776, #1000 ) ;
#2068 = FILL_AREA_STYLE ('',( #5621 ) ) ;
#2069 = PRESENTATION_STYLE_ASSIGNMENT (( #1449 ) ) ;
#2070 = ORIENTED_EDGE ( 'NONE', *, *, #3446, .T. ) ;
#2071 = ORIENTED_EDGE ( 'NONE', *, *, #4565, .F. ) ;
#2072 = PRESENTATION_LAYER_ASSIGNMENT (  '', '', ( #5176 ) ) ;
#2073 = ORIENTED_EDGE ( 'NONE', *, *, #1241, .T. ) ;
#2074 = VECTOR ( 'NONE', #5741, 1000.000000000000000 ) ;
#2075 = ORIENTED_EDGE ( 'NONE', *, *, #4965, .F. ) ;
#2076 = CARTESIAN_POINT ( 'NONE',  ( -1.442162081988721978, 0.9095681768857077909, -1.442162081988721978 ) ) ;
#2077 = ORIENTED_EDGE ( 'NONE', *, *, #220, .F. ) ;
#2078 = DIRECTION ( 'NONE',  ( 1.421904488505579654E-16, -0.0000000000000000000, 1.000000000000000000 ) ) ;
#2079 = AXIS2_PLACEMENT_3D ( 'NONE', #2657, #5340, #876 ) ;
#2080 = ORIENTED_EDGE ( 'NONE', *, *, #2053, .F. ) ;
#2081 = DIRECTION ( 'NONE',  ( 0.0000000000000000000, 0.0000000000000000000, 1.000000000000000000 ) ) ;
#2082 =( NAMED_UNIT ( * ) PLANE_ANGLE_UNIT ( ) SI_UNIT ( $, .RADIAN. ) );
#2083 = EDGE_CURVE ( 'NONE', #3259, #1090, #5552, .T. ) ;
#2084 = PRESENTATION_STYLE_ASSIGNMENT (( #5674 ) ) ;
#2085 = VERTEX_POINT ( 'NONE', #4086 ) ;
#2086 = EDGE_LOOP ( 'NONE', ( #3752, #4046, #3765, #2816, #3958, #373, #4810, #4232, #4949, #4796, #4442, #4245, #2449, #3192, #3354, #4040, #5151, #4597, #514, #4126, #3395, #3811, #5545, #4726, #4222, #1624, #4644, #2915, #5160, #1292, #2337, #1702 ) ) ;
#2087 =( NAMED_UNIT ( * ) PLANE_ANGLE_UNIT ( ) SI_UNIT ( $, .RADIAN. ) );
#2088 = FILL_AREA_STYLE ('',( #3812 ) ) ;
#2089 =( GEOMETRIC_REPRESENTATION_CONTEXT ( 3 ) GLOBAL_UNCERTAINTY_ASSIGNED_CONTEXT ( ( #5246 ) ) GLOBAL_UNIT_ASSIGNED_CONTEXT ( ( #5666, #265, #722 ) ) REPRESENTATION_CONTEXT ( 'NONE', 'WORKASPACE' ) );
#2090 = VECTOR ( 'NONE', #139, 1000.000000000000114 ) ;
#2091 =( LENGTH_UNIT ( ) NAMED_UNIT ( * ) SI_UNIT ( .MILLI., .METRE. ) );
#2092 = PRESENTATION_LAYER_ASSIGNMENT (  '', '', ( #748 ) ) ;
#2093 = DIRECTION ( 'NONE',  ( -0.0000000000000000000, 1.000000000000000000, -0.0000000000000000000 ) ) ;
#2094 = VECTOR ( 'NONE', #2014, 1000.000000000000000 ) ;
#2095 = EDGE_CURVE ( 'NONE', #3878, #2511, #3427, .T. ) ;
#2096 = LINE ( 'NONE', #4122, #1963 ) ;
#2097 = VECTOR ( 'NONE', #4415, 1000.000000000000000 ) ;
#2098 = UNCERTAINTY_MEASURE_WITH_UNIT (LENGTH_MEASURE( 1.000000000000000082E-05 ), #497, 'distance_accuracy_value', 'NONE');
#2099 = VERTEX_POINT ( 'NONE', #3616 ) ;
#2100 =( NAMED_UNIT ( * ) PLANE_ANGLE_UNIT ( ) SI_UNIT ( $, .RADIAN. ) );
#2101 = SURFACE_SIDE_STYLE ('',( #3184 ) ) ;
#2102 = CARTESIAN_POINT ( 'NONE',  ( 1.293443937657340337, 1.040000000000000036, -1.293443937657340781 ) ) ;
#2103 = SURFACE_STYLE_FILL_AREA ( #2798 ) ;
#2104 = SURFACE_STYLE_FILL_AREA ( #390 ) ;
#2105 = DIRECTION ( 'NONE',  ( -0.0000000000000000000, 1.000000000000000000, -0.0000000000000000000 ) ) ;
#2106 = ORIENTED_EDGE ( 'NONE', *, *, #3948, .F. ) ;
#2107 = VECTOR ( 'NONE', #3879, 1000.000000000000000 ) ;
#2108 = CARTESIAN_POINT ( 'NONE',  ( 1.245000000000000329, 0.0000000000000000000, -0.1749999999999998501 ) ) ;
#2109 = FILL_AREA_STYLE ('',( #4739 ) ) ;
#2110 = CARTESIAN_POINT ( 'NONE',  ( -0.3199999999999997291, 0.2800000000000000266, 1.300000000000000044 ) ) ;
#2111 = PRESENTATION_LAYER_ASSIGNMENT (  '', '', ( #1600 ) ) ;
#2112 = SURFACE_STYLE_USAGE ( .BOTH. , #1703 ) ;
#2113 = DIRECTION ( 'NONE',  ( 0.0000000000000000000, -0.0000000000000000000, 1.000000000000000000 ) ) ;
#2114 = CARTESIAN_POINT ( 'NONE',  ( -0.06999999999999974298, 0.0000000000000000000, -1.649999999999999911 ) ) ;
#2115 = VECTOR ( 'NONE', #1134, 1000.000000000000114 ) ;
#2116 = CARTESIAN_POINT ( 'NONE',  ( -0.06999999999999975686, 0.0000000000000000000, 1.300000000000000044 ) ) ;
#2117 = EDGE_CURVE ( 'NONE', #5797, #3460, #3645, .T. ) ;
#2118 = DIRECTION ( 'NONE',  ( -0.0000000000000000000, -0.0000000000000000000, 1.000000000000000000 ) ) ;
#2119 = VECTOR ( 'NONE', #1146, 1000.000000000000000 ) ;
#2120 = SURFACE_STYLE_FILL_AREA ( #1391 ) ;
#2121 = SURFACE_STYLE_USAGE ( .BOTH. , #2101 ) ;
#2122 = MECHANICAL_DESIGN_GEOMETRIC_PRESENTATION_REPRESENTATION (  '', ( #1824 ), #5115 ) ;
#2123 =( LENGTH_UNIT ( ) NAMED_UNIT ( * ) SI_UNIT ( .MILLI., .METRE. ) );
#2124 = LINE ( 'NONE', #1631, #3781 ) ;
#2125 = ADVANCED_FACE ( 'NONE', ( #1764 ), #2460, .F. ) ;
#2126 = DIRECTION ( 'NONE',  ( -1.000000000000000000, 0.0000000000000000000, 5.288791085295143532E-16 ) ) ;
#2127 = STYLED_ITEM ( 'NONE', ( #1760 ), #426 ) ;
#2128 = FILL_AREA_STYLE_COLOUR ( '', #5337 ) ;
#2129 = VECTOR ( 'NONE', #1508, 1000.000000000000000 ) ;
#2130 = DIRECTION ( 'NONE',  ( -1.000000000000000000, 0.0000000000000000000, -0.0000000000000000000 ) ) ;
#2131 = DIRECTION ( 'NONE',  ( -0.0000000000000000000, 1.000000000000000000, -0.0000000000000000000 ) ) ;
#2132 = SURFACE_STYLE_USAGE ( .BOTH. , #277 ) ;
#2133 = COLOUR_RGB ( '',1.000000000000000000, 1.000000000000000000, 1.000000000000000000 ) ;
#2134 = LINE ( 'NONE', #2447, #4012 ) ;
#2135 = CARTESIAN_POINT ( 'NONE',  ( -0.3649999999999997691, 0.2800000000000000266, 1.149999999999999911 ) ) ;
#2136 = EDGE_CURVE ( 'NONE', #3272, #3268, #2402, .T. ) ;
#2137 = PLANE ( 'NONE',  #5157 ) ;
#2138 = UNCERTAINTY_MEASURE_WITH_UNIT (LENGTH_MEASURE( 1.000000000000000082E-05 ), #3361, 'distance_accuracy_value', 'NONE');
#2139 = PRODUCT_DEFINITION_FORMATION_WITH_SPECIFIED_SOURCE ( 'ANY', '', #4920, .NOT_KNOWN. ) ;
#2140 = LINE ( 'NONE', #4508, #14 ) ;
#2141 =( NAMED_UNIT ( * ) SI_UNIT ( $, .STERADIAN. ) SOLID_ANGLE_UNIT ( ) );
#2142 = EDGE_LOOP ( 'NONE', ( #939, #4685, #1724, #2506, #20, #1794 ) ) ;
#2143 = EDGE_LOOP ( 'NONE', ( #639, #1802, #4950, #2901 ) ) ;
#2144 = VERTEX_POINT ( 'NONE', #5565 ) ;
#2145 = DIRECTION ( 'NONE',  ( -0.0000000000000000000, -0.0000000000000000000, 1.000000000000000000 ) ) ;
#2146 = VECTOR ( 'NONE', #5440, 1000.000000000000000 ) ;
#2147 = DIRECTION ( 'NONE',  ( -0.0000000000000000000, -1.000000000000000000, -0.0000000000000000000 ) ) ;
#2148 = EDGE_LOOP ( 'NONE', ( #4089, #3836, #2647, #1956 ) ) ;
#2149 = ORIENTED_EDGE ( 'NONE', *, *, #5425, .F. ) ;
#2150 =( NAMED_UNIT ( * ) SI_UNIT ( $, .STERADIAN. ) SOLID_ANGLE_UNIT ( ) );
#2151 = ORIENTED_EDGE ( 'NONE', *, *, #2459, .F. ) ;
#2152 = CARTESIAN_POINT ( 'NONE',  ( -0.3649999999999997691, 0.0000000000000000000, -1.149999999999999911 ) ) ;
#2153 = CARTESIAN_POINT ( 'NONE',  ( -0.02499999999999971342, 0.2800000000000000266, 1.054999999999999938 ) ) ;
#2154 = ORIENTED_EDGE ( 'NONE', *, *, #2061, .T. ) ;
#2155 = PLANE ( 'NONE',  #975 ) ;
#2156 = PLANE ( 'NONE',  #1875 ) ;
#2157 =( LENGTH_UNIT ( ) NAMED_UNIT ( * ) SI_UNIT ( .MILLI., .METRE. ) );
#2158 = ORIENTED_EDGE ( 'NONE', *, *, #3862, .F. ) ;
#2159 = CLOSED_SHELL ( 'NONE', ( #2706, #4522, #2651, #3604, #5318, #5317 ) ) ;
#2160 = EDGE_CURVE ( 'NONE', #857, #4445, #3229, .T. ) ;
#2161 = VERTEX_POINT ( 'NONE', #2879 ) ;
#2162 = LINE ( 'NONE', #3422, #3271 ) ;
#2163 = ORIENTED_EDGE ( 'NONE', *, *, #5257, .T. ) ;
#2164 = DIRECTION ( 'NONE',  ( 0.9578262852211514300, 0.0000000000000000000, -0.2873478855663455511 ) ) ;
#2165 = STYLED_ITEM ( 'NONE', ( #1486 ), #3550 ) ;
#2166 = VERTEX_POINT ( 'NONE', #2312 ) ;
#2167 = DIRECTION ( 'NONE',  ( -0.0000000000000000000, -1.000000000000000000, -0.0000000000000000000 ) ) ;
#2168 = MECHANICAL_DESIGN_GEOMETRIC_PRESENTATION_REPRESENTATION (  '', ( #40 ), #2682 ) ;
#2169 = LINE ( 'NONE', #5234, #2925 ) ;
#2170 = SURFACE_SIDE_STYLE ('',( #5673 ) ) ;
#2171 =( NAMED_UNIT ( * ) SI_UNIT ( $, .STERADIAN. ) SOLID_ANGLE_UNIT ( ) );
#2172 = EDGE_CURVE ( 'NONE', #1151, #4455, #1757, .T. ) ;
#2173 = PRESENTATION_STYLE_ASSIGNMENT (( #2698 ) ) ;
#2174 = CARTESIAN_POINT ( 'NONE',  ( 1.245000000000000329, 0.0000000000000000000, 1.124999999999999556 ) ) ;
#2175 = PRESENTATION_STYLE_ASSIGNMENT (( #3671 ) ) ;
#2176 = FILL_AREA_STYLE ('',( #5253 ) ) ;
#2177 = ORIENTED_EDGE ( 'NONE', *, *, #5590, .T. ) ;
#2178 = STYLED_ITEM ( 'NONE', ( #3644 ), #1429 ) ;
#2179 =( NAMED_UNIT ( * ) PLANE_ANGLE_UNIT ( ) SI_UNIT ( $, .RADIAN. ) );
#2180 = FILL_AREA_STYLE_COLOUR ( '', #2341 ) ;
#2181 =( LENGTH_UNIT ( ) NAMED_UNIT ( * ) SI_UNIT ( .MILLI., .METRE. ) );
#2182 = VECTOR ( 'NONE', #5399, 1000.000000000000114 ) ;
#2183 = PRESENTATION_STYLE_ASSIGNMENT (( #959 ) ) ;
#2184 = ORIENTED_EDGE ( 'NONE', *, *, #4856, .F. ) ;
#2185 = EDGE_CURVE ( 'NONE', #2703, #511, #4910, .T. ) ;
#2186 = FACE_OUTER_BOUND ( 'NONE', #4518, .T. ) ;
#2187 = AXIS2_PLACEMENT_3D ( 'NONE', #164, #3807, #5094 ) ;
#2188 = CARTESIAN_POINT ( 'NONE',  ( 1.245000000000000329, 0.0000000000000000000, -1.124999999999999556 ) ) ;
#2189 = ORIENTED_EDGE ( 'NONE', *, *, #605, .T. ) ;
#2190 = CARTESIAN_POINT ( 'NONE',  ( -0.02499999999999971342, -0.0000000000000000000, -1.054999999999999938 ) ) ;
#2191 = DIRECTION ( 'NONE',  ( 0.0000000000000000000, -0.0000000000000000000, 1.000000000000000000 ) ) ;
#2192 = COLOUR_RGB ( '',1.000000000000000000, 1.000000000000000000, 1.000000000000000000 ) ;
#2193 = ADVANCED_FACE ( 'NONE', ( #3711 ), #2445, .F. ) ;
#2194 = FILL_AREA_STYLE_COLOUR ( '', #5345 ) ;
#2195 = DIRECTION ( 'NONE',  ( -1.000000000000000000, 0.0000000000000000000, -1.322197771323785883E-16 ) ) ;
#2196 = DIRECTION ( 'NONE',  ( 1.000000000000000000, -0.0000000000000000000, 0.0000000000000000000 ) ) ;
#2197 = CARTESIAN_POINT ( 'NONE',  ( -0.3649999999999997691, 0.2800000000000000266, 1.149999999999999911 ) ) ;
#2198 = LINE ( 'NONE', #4887, #4145 ) ;
#2199 = FILL_AREA_STYLE_COLOUR ( '', #770 ) ;
#2200 = DIRECTION ( 'NONE',  ( -1.000000000000000000, 0.0000000000000000000, 2.853163611803958284E-16 ) ) ;
#2201 =( NAMED_UNIT ( * ) PLANE_ANGLE_UNIT ( ) SI_UNIT ( $, .RADIAN. ) );
#2202 = VECTOR ( 'NONE', #3102, 1000.000000000000000 ) ;
#2203 = VECTOR ( 'NONE', #2522, 1000.000000000000000 ) ;
#2204 = EDGE_CURVE ( 'NONE', #5654, #2851, #1103, .T. ) ;
#2205 = VECTOR ( 'NONE', #2145, 1000.000000000000000 ) ;
#2206 = SURFACE_SIDE_STYLE ('',( #64 ) ) ;
#2207 = FACE_OUTER_BOUND ( 'NONE', #29, .T. ) ;
#2208 = CARTESIAN_POINT ( 'NONE',  ( -1.225000000000001865, 0.2800000000000000266, -0.1749999999999997669 ) ) ;
#2209 = PRESENTATION_LAYER_ASSIGNMENT (  '', '', ( #5731 ) ) ;
#2210 = CARTESIAN_POINT ( 'NONE',  ( 1.524999999999999911, 1.040000000000000036, -0.1749999999999998224 ) ) ;
#2211 = VECTOR ( 'NONE', #4357, 1000.000000000000000 ) ;
#2212 = VECTOR ( 'NONE', #4076, 1000.000000000000000 ) ;
#2213 = COLOUR_RGB ( '',0.2509803921568627416, 0.2509803921568627416, 0.2509803921568627416 ) ;
#2214 = DIRECTION ( 'NONE',  ( 0.2873478855663454401, -0.0000000000000000000, 0.9578262852211513190 ) ) ;
#2215 = SURFACE_STYLE_USAGE ( .BOTH. , #3545 ) ;
#2216 = UNCERTAINTY_MEASURE_WITH_UNIT (LENGTH_MEASURE( 1.000000000000000082E-05 ), #343, 'distance_accuracy_value', 'NONE');
#2217 = SURFACE_STYLE_USAGE ( .BOTH. , #1658 ) ;
#2218 =( NAMED_UNIT ( * ) SI_UNIT ( $, .STERADIAN. ) SOLID_ANGLE_UNIT ( ) );
#2219 = PRESENTATION_STYLE_ASSIGNMENT (( #4656 ) ) ;
#2220 = DIRECTION ( 'NONE',  ( -0.0000000000000000000, 0.0000000000000000000, -1.000000000000000000 ) ) ;
#2221 = DIRECTION ( 'NONE',  ( 1.000000000000000000, 0.0000000000000000000, -1.421904488505579654E-16 ) ) ;
#2222 = EDGE_CURVE ( 'NONE', #1351, #1634, #4753, .T. ) ;
#2223 = FILL_AREA_STYLE_COLOUR ( '', #3490 ) ;
#2224 = ADVANCED_FACE ( 'NONE', ( #1037 ), #1389, .F. ) ;
#2225 = ORIENTED_EDGE ( 'NONE', *, *, #2781, .T. ) ;
#2226 = COLOUR_RGB ( '',0.2509803921568627416, 0.2509803921568627416, 0.2509803921568627416 ) ;
#2227 = ORIENTED_EDGE ( 'NONE', *, *, #4292, .T. ) ;
#2228 = VERTEX_POINT ( 'NONE', #5041 ) ;
#2229 = UNCERTAINTY_MEASURE_WITH_UNIT (LENGTH_MEASURE( 1.000000000000000082E-05 ), #335, 'distance_accuracy_value', 'NONE');
#2230 = DIRECTION ( 'NONE',  ( -0.0000000000000000000, -0.0000000000000000000, 1.000000000000000000 ) ) ;
#2231 = ORIENTED_EDGE ( 'NONE', *, *, #2867, .T. ) ;
#2232 = CARTESIAN_POINT ( 'NONE',  ( 1.245000000000000329, 0.0000000000000000000, -1.054999999999999938 ) ) ;
#2233 = VECTOR ( 'NONE', #3041, 1000.000000000000000 ) ;
#2234 = VERTEX_POINT ( 'NONE', #62 ) ;
#2235 = DIRECTION ( 'NONE',  ( -1.000000000000000000, 0.0000000000000000000, -0.0000000000000000000 ) ) ;
#2236 = ORIENTED_EDGE ( 'NONE', *, *, #990, .T. ) ;
#2237 = CARTESIAN_POINT ( 'NONE',  ( -1.225000000000004308, 0.2800000000000000266, 0.1750000000000002387 ) ) ;
#2238 = CARTESIAN_POINT ( 'NONE',  ( -1.524999999999999911, 0.2799999999999790434, -0.1749999999999998224 ) ) ;
#2239 = STYLED_ITEM ( 'NONE', ( #5634 ), #5534 ) ;
#2240 = STYLED_ITEM ( 'NONE', ( #129 ), #1803 ) ;
#2241 = ORIENTED_EDGE ( 'NONE', *, *, #2513, .F. ) ;
#2242 = COLOUR_RGB ( '',1.000000000000000000, 1.000000000000000000, 1.000000000000000000 ) ;
#2243 = EDGE_LOOP ( 'NONE', ( #449, #1496, #192, #2075 ) ) ;
#2244 = ORIENTED_EDGE ( 'NONE', *, *, #3948, .T. ) ;
#2245 = FILL_AREA_STYLE ('',( #4901 ) ) ;
#2246 = CARTESIAN_POINT ( 'NONE',  ( -1.225000000000004308, 0.2800000000000000266, 0.4750000000000001998 ) ) ;
#2247 = CARTESIAN_POINT ( 'NONE',  ( 1.524999999999997025, 0.2800000000000000266, -0.8249999999999997335 ) ) ;
#2248 = EDGE_CURVE ( 'NONE', #1625, #1154, #5326, .T. ) ;
#2249 = LINE ( 'NONE', #3251, #880 ) ;
#2250 =( GEOMETRIC_REPRESENTATION_CONTEXT ( 3 ) GLOBAL_UNCERTAINTY_ASSIGNED_CONTEXT ( ( #773 ) ) GLOBAL_UNIT_ASSIGNED_CONTEXT ( ( #5308, #5734, #3971 ) ) REPRESENTATION_CONTEXT ( 'NONE', 'WORKASPACE' ) );
#2251 =( LENGTH_UNIT ( ) NAMED_UNIT ( * ) SI_UNIT ( .MILLI., .METRE. ) );
#2252 = PRESENTATION_LAYER_ASSIGNMENT (  '', '', ( #5348 ) ) ;
#2253 = ADVANCED_FACE ( 'NONE', ( #5620 ), #1473, .F. ) ;
#2254 =( LENGTH_UNIT ( ) NAMED_UNIT ( * ) SI_UNIT ( .MILLI., .METRE. ) );
#2255 = FILL_AREA_STYLE_COLOUR ( '', #4759 ) ;
#2256 = VECTOR ( 'NONE', #5120, 1000.000000000000114 ) ;
#2257 = SURFACE_STYLE_USAGE ( .BOTH. , #5457 ) ;
#2258 = ORIENTED_EDGE ( 'NONE', *, *, #3239, .F. ) ;
#2259 =( NAMED_UNIT ( * ) SI_UNIT ( $, .STERADIAN. ) SOLID_ANGLE_UNIT ( ) );
#2260 = LINE ( 'NONE', #4074, #320 ) ;
#2261 = SURFACE_STYLE_USAGE ( .BOTH. , #1835 ) ;
#2262 =( GEOMETRIC_REPRESENTATION_CONTEXT ( 3 ) GLOBAL_UNCERTAINTY_ASSIGNED_CONTEXT ( ( #2059 ) ) GLOBAL_UNIT_ASSIGNED_CONTEXT ( ( #531, #2771, #5412 ) ) REPRESENTATION_CONTEXT ( 'NONE', 'WORKASPACE' ) );
#2263 = PRESENTATION_LAYER_ASSIGNMENT (  '', '', ( #4943 ) ) ;
#2264 =( NAMED_UNIT ( * ) SI_UNIT ( $, .STERADIAN. ) SOLID_ANGLE_UNIT ( ) );
#2265 = CARTESIAN_POINT ( 'NONE',  ( 0.0000000000000000000, 0.0000000000000000000, 0.0000000000000000000 ) ) ;
#2266 = FACE_OUTER_BOUND ( 'NONE', #2086, .T. ) ;
#2267 = FACE_OUTER_BOUND ( 'NONE', #3595, .T. ) ;
#2268 = DIRECTION ( 'NONE',  ( 0.0000000000000000000, -0.0000000000000000000, 1.000000000000000000 ) ) ;
#2269 = CARTESIAN_POINT ( 'NONE',  ( 0.0000000000000000000, -0.02000000000000000042, 0.0000000000000000000 ) ) ;
#2270 = LINE ( 'NONE', #1823, #5338 ) ;
#2271 = FILL_AREA_STYLE_COLOUR ( '', #4627 ) ;
#2272 = CARTESIAN_POINT ( 'NONE',  ( -1.655000000000002025, 0.2800000000000000266, -0.1749999999999998224 ) ) ;
#2273 = CARTESIAN_POINT ( 'NONE',  ( -1.225000000000001865, -0.02000000000000000042, -0.1749999999999997669 ) ) ;
#2274 = EDGE_CURVE ( 'NONE', #603, #4257, #5182, .T. ) ;
#2275 = FACE_OUTER_BOUND ( 'NONE', #574, .T. ) ;
#2276 =( NAMED_UNIT ( * ) PLANE_ANGLE_UNIT ( ) SI_UNIT ( $, .RADIAN. ) );
#2277 =( LENGTH_UNIT ( ) NAMED_UNIT ( * ) SI_UNIT ( .MILLI., .METRE. ) );
#2278 = DIRECTION ( 'NONE',  ( 0.0000000000000000000, 1.000000000000000000, 0.0000000000000000000 ) ) ;
#2279 = ADVANCED_FACE ( 'NONE', ( #61 ), #4540, .F. ) ;
#2280 = VECTOR ( 'NONE', #1921, 1000.000000000000000 ) ;
#2281 = PRESENTATION_STYLE_ASSIGNMENT (( #4519 ) ) ;
#2282 = PRESENTATION_STYLE_ASSIGNMENT (( #5071 ) ) ;
#2283 = AXIS2_PLACEMENT_3D ( 'NONE', #4716, #3793, #3367 ) ;
#2284 = CARTESIAN_POINT ( 'NONE',  ( 1.524999999999999911, 1.040000000000000036, -0.8249999999999997335 ) ) ;
#2285 = LINE ( 'NONE', #4188, #1056 ) ;
#2286 = FILL_AREA_STYLE_COLOUR ( '', #843 ) ;
#2287 = STYLED_ITEM ( 'NONE', ( #4052 ), #2832 ) ;
#2288 = DIRECTION ( 'NONE',  ( 0.0000000000000000000, 0.0000000000000000000, 1.000000000000000000 ) ) ;
#2289 = CARTESIAN_POINT ( 'NONE',  ( -0.02499999999999971342, 0.0000000000000000000, 1.054999999999999938 ) ) ;
#2290 =( NAMED_UNIT ( * ) SI_UNIT ( $, .STERADIAN. ) SOLID_ANGLE_UNIT ( ) );
#2291 = UNCERTAINTY_MEASURE_WITH_UNIT (LENGTH_MEASURE( 1.000000000000000082E-05 ), #4175, 'distance_accuracy_value', 'NONE');
#2292 = ORIENTED_EDGE ( 'NONE', *, *, #4665, .F. ) ;
#2293 = MECHANICAL_DESIGN_GEOMETRIC_PRESENTATION_REPRESENTATION (  '', ( #155 ), #455 ) ;
#2294 = EDGE_LOOP ( 'NONE', ( #4317, #1900, #1627, #3872 ) ) ;
#2295 = ORIENTED_EDGE ( 'NONE', *, *, #1453, .F. ) ;
#2296 = DIRECTION ( 'NONE',  ( 0.0000000000000000000, 0.0000000000000000000, 1.000000000000000000 ) ) ;
#2297 = FILL_AREA_STYLE_COLOUR ( '', #3011 ) ;
#2298 = ORIENTED_EDGE ( 'NONE', *, *, #5159, .F. ) ;
#2299 = CARTESIAN_POINT ( 'NONE',  ( -1.225000000000006528, 0.2800000000000000266, 0.8250000000000001776 ) ) ;
#2300 = CARTESIAN_POINT ( 'NONE',  ( 1.655000000000000249, 0.0000000000000000000, -0.8249999999999997335 ) ) ;
#2301 = EDGE_CURVE ( 'NONE', #4375, #3486, #4829, .T. ) ;
#2302 = DIRECTION ( 'NONE',  ( 0.0000000000000000000, -0.0000000000000000000, 1.000000000000000000 ) ) ;
#2303 = VERTEX_POINT ( 'NONE', #4123 ) ;
#2304 = EDGE_LOOP ( 'NONE', ( #1872, #3200, #1006, #3223 ) ) ;
#2305 = AXIS2_PLACEMENT_3D ( 'NONE', #2999, #1649, #4302 ) ;
#2306 = VERTEX_POINT ( 'NONE', #5448 ) ;
#2307 = SURFACE_STYLE_FILL_AREA ( #5292 ) ;
#2308 = ORIENTED_EDGE ( 'NONE', *, *, #2949, .F. ) ;
#2309 = VERTEX_POINT ( 'NONE', #1599 ) ;
#2310 = ADVANCED_FACE ( 'NONE', ( #253 ), #598, .F. ) ;
#2311 =( NAMED_UNIT ( * ) SI_UNIT ( $, .STERADIAN. ) SOLID_ANGLE_UNIT ( ) );
#2312 = CARTESIAN_POINT ( 'NONE',  ( -0.02499999999999974118, 0.0000000000000000000, 1.149999999999999911 ) ) ;
#2313 = ORIENTED_EDGE ( 'NONE', *, *, #1137, .F. ) ;
#2314 = CARTESIAN_POINT ( 'NONE',  ( -0.3649999999999997691, 0.0000000000000000000, 0.0000000000000000000 ) ) ;
#2315 = ORIENTED_EDGE ( 'NONE', *, *, #3459, .T. ) ;
#2316 = STYLED_ITEM ( 'NONE', ( #3660 ), #5349 ) ;
#2317 = MECHANICAL_DESIGN_GEOMETRIC_PRESENTATION_REPRESENTATION (  '', ( #1997 ), #5678 ) ;
#2318 =( LENGTH_UNIT ( ) NAMED_UNIT ( * ) SI_UNIT ( .MILLI., .METRE. ) );
#2319 = DIRECTION ( 'NONE',  ( -0.0000000000000000000, -1.000000000000000000, -0.0000000000000000000 ) ) ;
#2320 = DIRECTION ( 'NONE',  ( -0.0000000000000000000, 1.000000000000000000, -0.0000000000000000000 ) ) ;
#2321 = VECTOR ( 'NONE', #763, 1000.000000000000000 ) ;
#2322 = DIRECTION ( 'NONE',  ( -2.853163611803958284E-16, 0.0000000000000000000, 1.000000000000000000 ) ) ;
#2323 = CARTESIAN_POINT ( 'NONE',  ( -0.3199999999999997291, 0.2800000000000000266, -1.649999999999999911 ) ) ;
#2324 = EDGE_CURVE ( 'NONE', #3486, #2373, #1748, .T. ) ;
#2325 = EDGE_LOOP ( 'NONE', ( #3123, #937, #2563, #522 ) ) ;
#2326 = CARTESIAN_POINT ( 'NONE',  ( 1.245000000000000329, 0.2800000000000000266, -0.8249999999999997335 ) ) ;
#2327 = SURFACE_STYLE_USAGE ( .BOTH. , #2767 ) ;
#2328 = AXIS2_PLACEMENT_3D ( 'NONE', #4150, #1965, #4568 ) ;
#2329 = UNCERTAINTY_MEASURE_WITH_UNIT (LENGTH_MEASURE( 1.000000000000000082E-05 ), #2448, 'distance_accuracy_value', 'NONE');
#2330 = PRESENTATION_STYLE_ASSIGNMENT (( #4888 ) ) ;
#2331 = FACE_OUTER_BOUND ( 'NONE', #3540, .T. ) ;
#2332 = ORIENTED_EDGE ( 'NONE', *, *, #4823, .T. ) ;
#2333 = DIRECTION ( 'NONE',  ( -0.0000000000000000000, -0.0000000000000000000, 1.000000000000000000 ) ) ;
#2334 = APPLICATION_PROTOCOL_DEFINITION ( 'draft international standard', 'automotive_design', 1998, #3176 ) ;
#2335 = FILL_AREA_STYLE_COLOUR ( '', #687 ) ;
#2336 = PRESENTATION_STYLE_ASSIGNMENT (( #5336 ) ) ;
#2337 = ORIENTED_EDGE ( 'NONE', *, *, #2932, .T. ) ;
#2338 = PLANE ( 'NONE',  #3947 ) ;
#2339 = EDGE_CURVE ( 'NONE', #2874, #3456, #5113, .T. ) ;
#2340 = DIRECTION ( 'NONE',  ( 1.000000000000000000, -0.0000000000000000000, 0.0000000000000000000 ) ) ;
#2341 = COLOUR_RGB ( '',0.2509803921568627416, 0.2509803921568627416, 0.2509803921568627416 ) ;
#2342 =( GEOMETRIC_REPRESENTATION_CONTEXT ( 3 ) GLOBAL_UNCERTAINTY_ASSIGNED_CONTEXT ( ( #2747 ) ) GLOBAL_UNIT_ASSIGNED_CONTEXT ( ( #2091, #2509, #733 ) ) REPRESENTATION_CONTEXT ( 'NONE', 'WORKASPACE' ) );
#2343 = DIRECTION ( 'NONE',  ( -0.0000000000000000000, 0.0000000000000000000, -1.000000000000000000 ) ) ;
#2344 = FILL_AREA_STYLE ('',( #521 ) ) ;
#2345 = ADVANCED_FACE ( 'NONE', ( #1314 ), #1772, .F. ) ;
#2346 = FACE_OUTER_BOUND ( 'NONE', #3064, .T. ) ;
#2347 = VECTOR ( 'NONE', #1789, 1000.000000000000000 ) ;
#2348 = CARTESIAN_POINT ( 'NONE',  ( -1.225000000000006528, 0.0000000000000000000, 1.125000000000000222 ) ) ;
#2349 =( GEOMETRIC_REPRESENTATION_CONTEXT ( 3 ) GLOBAL_UNCERTAINTY_ASSIGNED_CONTEXT ( ( #5846 ) ) GLOBAL_UNIT_ASSIGNED_CONTEXT ( ( #5451, #3630, #3212 ) ) REPRESENTATION_CONTEXT ( 'NONE', 'WORKASPACE' ) );
#2350 =( NAMED_UNIT ( * ) SI_UNIT ( $, .STERADIAN. ) SOLID_ANGLE_UNIT ( ) );
#2351 = VECTOR ( 'NONE', #5643, 1000.000000000000000 ) ;
#2352 = DIRECTION ( 'NONE',  ( -0.0000000000000000000, 1.000000000000000000, -0.0000000000000000000 ) ) ;
#2353 = FACE_OUTER_BOUND ( 'NONE', #513, .T. ) ;
#2354 = CARTESIAN_POINT ( 'NONE',  ( -0.3649999999999997691, 0.2800000000000000266, 0.0000000000000000000 ) ) ;
#2355 = SURFACE_STYLE_FILL_AREA ( #3739 ) ;
#2356 =( NAMED_UNIT ( * ) PLANE_ANGLE_UNIT ( ) SI_UNIT ( $, .RADIAN. ) );
#2357 = DIRECTION ( 'NONE',  ( -1.000000000000000000, -0.0000000000000000000, -5.288791085295143532E-16 ) ) ;
#2358 = CARTESIAN_POINT ( 'NONE',  ( 1.245000000000000329, 0.2800000000000000266, -0.4749999999999997558 ) ) ;
#2359 = EDGE_CURVE ( 'NONE', #4103, #3878, #1168, .T. ) ;
#2360 = VECTOR ( 'NONE', #3897, 1000.000000000000000 ) ;
#2361 = VECTOR ( 'NONE', #2322, 1000.000000000000000 ) ;
#2362 = LINE ( 'NONE', #3819, #3436 ) ;
#2363 =( NAMED_UNIT ( * ) SI_UNIT ( $, .STERADIAN. ) SOLID_ANGLE_UNIT ( ) );
#2364 = MECHANICAL_DESIGN_GEOMETRIC_PRESENTATION_REPRESENTATION (  '', ( #938 ), #1534 ) ;
#2365 = SURFACE_STYLE_USAGE ( .BOTH. , #2827 ) ;
#2366 = ORIENTED_EDGE ( 'NONE', *, *, #3760, .T. ) ;
#2367 =( LENGTH_UNIT ( ) NAMED_UNIT ( * ) SI_UNIT ( .MILLI., .METRE. ) );
#2368 = LINE ( 'NONE', #4155, #4595 ) ;
#2369 = ORIENTED_EDGE ( 'NONE', *, *, #4727, .F. ) ;
#2370 = ADVANCED_FACE ( 'NONE', ( #4981 ), #1728, .T. ) ;
#2371 = AXIS2_PLACEMENT_3D ( 'NONE', #1330, #1922, #1884 ) ;
#2372 = SURFACE_STYLE_USAGE ( .BOTH. , #2814 ) ;
#2373 = VERTEX_POINT ( 'NONE', #1224 ) ;
#2374 = PLANE ( 'NONE',  #5818 ) ;
#2375 = MECHANICAL_DESIGN_GEOMETRIC_PRESENTATION_REPRESENTATION (  '', ( #1447 ), #3256 ) ;
#2376 = ORIENTED_EDGE ( 'NONE', *, *, #670, .T. ) ;
#2377 = COLOUR_RGB ( '',1.000000000000000000, 1.000000000000000000, 1.000000000000000000 ) ;
#2378 = VERTEX_POINT ( 'NONE', #2197 ) ;
#2379 = FILL_AREA_STYLE_COLOUR ( '', #3252 ) ;
#2380 = ORIENTED_EDGE ( 'NONE', *, *, #1388, .F. ) ;
#2381 = SURFACE_SIDE_STYLE ('',( #4646 ) ) ;
#2382 = DIRECTION ( 'NONE',  ( -0.0000000000000000000, -1.000000000000000000, 0.0000000000000000000 ) ) ;
#2383 = CARTESIAN_POINT ( 'NONE',  ( 1.655000000000000249, 0.0000000000000000000, -0.4749999999999997558 ) ) ;
#2384 = CLOSED_SHELL ( 'NONE', ( #3957, #5505, #4049, #2744, #4908, #1693, #480, #2617, #5387, #4843, #1829, #4968, #509, #1276, #4111, #394, #366, #4018, #2832, #5446, #2395, #3152, #74, #4374, #3232, #2679, #5284, #5230, #3726, #5772, #1630, #5534, #4434, #3567, #802, #565, #2370, #1397, #4781, #5411, #3699, #44, #2345, #1461, #3668, #4401, #2193, #2224, #3056, #5745, #2649, #2591, #4876, #4815, #864, #3637, #2803, #4489, #4166, #3117, #15, #131, #5808, #4993, #3175, #5679, #2279, #1250, #5472, #4138, #1429, #1017 ) ) ;
#2385 = ORIENTED_EDGE ( 'NONE', *, *, #1574, .T. ) ;
#2386 = MECHANICAL_DESIGN_GEOMETRIC_PRESENTATION_REPRESENTATION (  '', ( #1104 ), #3473 ) ;
#2387 = EDGE_LOOP ( 'NONE', ( #4170, #38, #101, #2151 ) ) ;
#2388 = DIRECTION ( 'NONE',  ( -0.0000000000000000000, -0.0000000000000000000, -1.000000000000000000 ) ) ;
#2389 = FILL_AREA_STYLE ('',( #83 ) ) ;
#2390 = MECHANICAL_DESIGN_GEOMETRIC_PRESENTATION_REPRESENTATION (  '', ( #3852 ), #1041 ) ;
#2391 = VECTOR ( 'NONE', #2453, 1000.000000000000000 ) ;
#2392 = CARTESIAN_POINT ( 'NONE',  ( -0.02499999999999974118, 0.2800000000000000266, -1.149999999999999911 ) ) ;
#2393 = LINE ( 'NONE', #365, #465 ) ;
#2394 =( GEOMETRIC_REPRESENTATION_CONTEXT ( 3 ) GLOBAL_UNCERTAINTY_ASSIGNED_CONTEXT ( ( #5515 ) ) GLOBAL_UNIT_ASSIGNED_CONTEXT ( ( #4821, #4903, #893 ) ) REPRESENTATION_CONTEXT ( 'NONE', 'WORKASPACE' ) );
#2395 = ADVANCED_FACE ( 'NONE', ( #674 ), #3127, .F. ) ;
#2396 = PRESENTATION_LAYER_ASSIGNMENT (  '', '', ( #3170 ) ) ;
#2397 = UNCERTAINTY_MEASURE_WITH_UNIT (LENGTH_MEASURE( 1.000000000000000082E-05 ), #2426, 'distance_accuracy_value', 'NONE');
#2398 =( NAMED_UNIT ( * ) PLANE_ANGLE_UNIT ( ) SI_UNIT ( $, .RADIAN. ) );
#2399 = CARTESIAN_POINT ( 'NONE',  ( 1.245000000000000329, 0.2800000000000000266, -0.1749999999999998501 ) ) ;
#2400 = ORIENTED_EDGE ( 'NONE', *, *, #3506, .T. ) ;
#2401 = PRESENTATION_STYLE_ASSIGNMENT (( #2524 ) ) ;
#2402 = LINE ( 'NONE', #1873, #3091 ) ;
#2403 = COLOUR_RGB ( '',0.2509803921568627416, 0.2509803921568627416, 0.2509803921568627416 ) ;
#2404 = CARTESIAN_POINT ( 'NONE',  ( 1.655000000000000249, 0.2800000000000000266, -0.1749999999999998224 ) ) ;
#2405 = PRESENTATION_LAYER_ASSIGNMENT (  '', '', ( #3286 ) ) ;
#2406 = UNCERTAINTY_MEASURE_WITH_UNIT (LENGTH_MEASURE( 1.000000000000000082E-05 ), #4281, 'distance_accuracy_value', 'NONE');
#2407 = LINE ( 'NONE', #195, #2115 ) ;
#2408 = SURFACE_SIDE_STYLE ('',( #5119 ) ) ;
#2409 = LINE ( 'NONE', #4836, #2826 ) ;
#2410 = LINE ( 'NONE', #4879, #333 ) ;
#2411 = VECTOR ( 'NONE', #914, 1000.000000000000000 ) ;
#2412 = EDGE_CURVE ( 'NONE', #5814, #2085, #1383, .T. ) ;
#2413 = DIRECTION ( 'NONE',  ( 0.0000000000000000000, 0.0000000000000000000, -1.000000000000000000 ) ) ;
#2414 =( NAMED_UNIT ( * ) PLANE_ANGLE_UNIT ( ) SI_UNIT ( $, .RADIAN. ) );
#2415 = VECTOR ( 'NONE', #3619, 1000.000000000000000 ) ;
#2416 = VECTOR ( 'NONE', #2, 1000.000000000000000 ) ;
#2417 = CARTESIAN_POINT ( 'NONE',  ( -1.524999999999999911, 0.2799999999999790434, -0.8249999999999997335 ) ) ;
#2418 = FILL_AREA_STYLE_COLOUR ( '', #2192 ) ;
#2419 = LINE ( 'NONE', #5843, #2545 ) ;
#2420 = PRESENTATION_LAYER_ASSIGNMENT (  '', '', ( #2239 ) ) ;
#2421 = STYLED_ITEM ( 'NONE', ( #1844 ), #1924 ) ;
#2422 = SURFACE_STYLE_FILL_AREA ( #3174 ) ;
#2423 = FACE_OUTER_BOUND ( 'NONE', #4372, .T. ) ;
#2424 = FILL_AREA_STYLE_COLOUR ( '', #2213 ) ;
#2425 = PRESENTATION_STYLE_ASSIGNMENT (( #3735 ) ) ;
#2426 =( LENGTH_UNIT ( ) NAMED_UNIT ( * ) SI_UNIT ( .MILLI., .METRE. ) );
#2427 = SURFACE_STYLE_FILL_AREA ( #4766 ) ;
#2428 = DIRECTION ( 'NONE',  ( 1.000000000000000000, -0.0000000000000000000, -1.322197771323785883E-16 ) ) ;
#2429 = EDGE_CURVE ( 'NONE', #5733, #55, #2931, .T. ) ;
#2430 = ORIENTED_EDGE ( 'NONE', *, *, #1833, .F. ) ;
#2431 = CARTESIAN_POINT ( 'NONE',  ( 1.524999999999999911, 0.2799999999999790434, 1.524999999999999467 ) ) ;
#2432 = VERTEX_POINT ( 'NONE', #4055 ) ;
#2433 = EDGE_LOOP ( 'NONE', ( #97, #4020, #2225, #3386 ) ) ;
#2434 = PRESENTATION_LAYER_ASSIGNMENT (  '', '', ( #5004 ) ) ;
#2435 = DIRECTION ( 'NONE',  ( -0.0000000000000000000, -1.000000000000000000, -0.0000000000000000000 ) ) ;
#2436 = ORIENTED_EDGE ( 'NONE', *, *, #182, .F. ) ;
#2437 = ORIENTED_EDGE ( 'NONE', *, *, #3392, .T. ) ;
#2438 = ORIENTED_EDGE ( 'NONE', *, *, #3933, .T. ) ;
#2439 = FILL_AREA_STYLE ('',( #3231 ) ) ;
#2440 = EDGE_LOOP ( 'NONE', ( #3806, #3539, #4871, #783 ) ) ;
#2441 = EDGE_CURVE ( 'NONE', #5174, #3878, #1032, .T. ) ;
#2442 = VERTEX_POINT ( 'NONE', #4984 ) ;
#2443 = CARTESIAN_POINT ( 'NONE',  ( -1.655000000000006466, -0.02000000000000000042, 0.8250000000000001776 ) ) ;
#2444 = AXIS2_PLACEMENT_3D ( 'NONE', #4031, #883, #2235 ) ;
#2445 = PLANE ( 'NONE',  #474 ) ;
#2446 = EDGE_LOOP ( 'NONE', ( #1506, #5811, #1430, #3710 ) ) ;
#2447 = CARTESIAN_POINT ( 'NONE',  ( -0.3199999999999997291, 0.0000000000000000000, 1.649999999999999911 ) ) ;
#2448 =( LENGTH_UNIT ( ) NAMED_UNIT ( * ) SI_UNIT ( .MILLI., .METRE. ) );
#2449 = ORIENTED_EDGE ( 'NONE', *, *, #371, .T. ) ;
#2450 = VERTEX_POINT ( 'NONE', #1407 ) ;
#2451 = DIRECTION ( 'NONE',  ( -1.260700200564540091E-16, 0.0000000000000000000, 1.000000000000000000 ) ) ;
#2452 = VECTOR ( 'NONE', #3404, 1000.000000000000000 ) ;
#2453 = DIRECTION ( 'NONE',  ( -1.000000000000000000, -0.0000000000000000000, -0.0000000000000000000 ) ) ;
#2454 = FILL_AREA_STYLE_COLOUR ( '', #3692 ) ;
#2455 = COLOUR_RGB ( '',1.000000000000000000, 1.000000000000000000, 1.000000000000000000 ) ;
#2456 = COLOUR_RGB ( '',0.7921568627450980005, 0.8196078431372548767, 0.9333333333333333481 ) ;
#2457 = ORIENTED_EDGE ( 'NONE', *, *, #264, .T. ) ;
#2458 = FILL_AREA_STYLE_COLOUR ( '', #4047 ) ;
#2459 = EDGE_CURVE ( 'NONE', #5648, #1948, #1094, .T. ) ;
#2460 = PLANE ( 'NONE',  #3230 ) ;
#2461 = EDGE_LOOP ( 'NONE', ( #4537, #2332, #5298, #1136, #2512, #929, #169, #5512, #2502, #3049, #3043, #2380 ) ) ;
#2462 = LINE ( 'NONE', #2116, #1666 ) ;
#2463 = CARTESIAN_POINT ( 'NONE',  ( 1.245000000000000329, 0.0000000000000000000, -1.054999999999999938 ) ) ;
#2464 = DIRECTION ( 'NONE',  ( 0.0000000000000000000, 0.0000000000000000000, 1.000000000000000000 ) ) ;
#2465 = AXIS2_PLACEMENT_3D ( 'NONE', #611, #3755, #1031 ) ;
#2466 = UNCERTAINTY_MEASURE_WITH_UNIT (LENGTH_MEASURE( 1.000000000000000082E-05 ), #4762, 'distance_accuracy_value', 'NONE');
#2467 = DIRECTION ( 'NONE',  ( 0.0000000000000000000, -0.0000000000000000000, 1.000000000000000000 ) ) ;
#2468 = ORIENTED_EDGE ( 'NONE', *, *, #4396, .F. ) ;
#2469 = EDGE_CURVE ( 'NONE', #3887, #2144, #1966, .T. ) ;
#2470 = CARTESIAN_POINT ( 'NONE',  ( 1.655000000000000249, 0.0000000000000000000, 0.8249999999999997335 ) ) ;
#2471 =( LENGTH_UNIT ( ) NAMED_UNIT ( * ) SI_UNIT ( .MILLI., .METRE. ) );
#2472 = PLANE ( 'NONE',  #1580 ) ;
#2473 = FILL_AREA_STYLE_COLOUR ( '', #4746 ) ;
#2474 = SURFACE_STYLE_FILL_AREA ( #372 ) ;
#2475 = MECHANICAL_DESIGN_GEOMETRIC_PRESENTATION_REPRESENTATION (  '', ( #226 ), #2687 ) ;
#2476 = CARTESIAN_POINT ( 'NONE',  ( 1.245000000000000329, 0.2800000000000000266, -1.124999999999999556 ) ) ;
#2477 = EDGE_CURVE ( 'NONE', #5300, #1008, #963, .T. ) ;
#2478 = UNCERTAINTY_MEASURE_WITH_UNIT (LENGTH_MEASURE( 1.000000000000000082E-05 ), #4208, 'distance_accuracy_value', 'NONE');
#2479 = VECTOR ( 'NONE', #66, 1000.000000000000000 ) ;
#2480 = DIRECTION ( 'NONE',  ( 0.0000000000000000000, -1.000000000000000000, 0.0000000000000000000 ) ) ;
#2481 = PRESENTATION_STYLE_ASSIGNMENT (( #1783 ) ) ;
#2482 = LINE ( 'NONE', #852, #5694 ) ;
#2483 = STYLED_ITEM ( 'NONE', ( #1471 ), #1310 ) ;
#2484 = CARTESIAN_POINT ( 'NONE',  ( -1.655000000000004245, -0.02000000000000000042, 0.4750000000000001443 ) ) ;
#2485 = LINE ( 'NONE', #966, #3173 ) ;
#2486 = EDGE_CURVE ( 'NONE', #1905, #3887, #3289, .T. ) ;
#2487 = VECTOR ( 'NONE', #227, 1000.000000000000000 ) ;
#2488 = PRESENTATION_LAYER_ASSIGNMENT (  '', '', ( #754 ) ) ;
#2489 =( LENGTH_UNIT ( ) NAMED_UNIT ( * ) SI_UNIT ( .MILLI., .METRE. ) );
#2490 = VECTOR ( 'NONE', #4811, 1000.000000000000000 ) ;
#2491 = CARTESIAN_POINT ( 'NONE',  ( -1.655000000000002025, 0.2800000000000000266, -0.4749999999999997558 ) ) ;
#2492 = VECTOR ( 'NONE', #3008, 1000.000000000000114 ) ;
#2493 = FILL_AREA_STYLE ('',( #656 ) ) ;
#2494 = CARTESIAN_POINT ( 'NONE',  ( -1.224999999999999645, 0.2800000000000000266, -0.8249999999999997335 ) ) ;
#2495 = MECHANICAL_DESIGN_GEOMETRIC_PRESENTATION_REPRESENTATION (  '', ( #2891 ), #1898 ) ;
#2496 = CARTESIAN_POINT ( 'NONE',  ( -1.225000000000001865, -0.0000000000000000000, -0.1749999999999998224 ) ) ;
#2497 = UNCERTAINTY_MEASURE_WITH_UNIT (LENGTH_MEASURE( 1.000000000000000082E-05 ), #3025, 'distance_accuracy_value', 'NONE');
#2498 = DIRECTION ( 'NONE',  ( 0.0000000000000000000, 1.000000000000000000, 0.0000000000000000000 ) ) ;
#2499 = VERTEX_POINT ( 'NONE', #2777 ) ;
#2500 = VERTEX_POINT ( 'NONE', #1367 ) ;
#2501 =( NAMED_UNIT ( * ) PLANE_ANGLE_UNIT ( ) SI_UNIT ( $, .RADIAN. ) );
#2502 = ORIENTED_EDGE ( 'NONE', *, *, #1322, .T. ) ;
#2503 = SURFACE_SIDE_STYLE ('',( #2427 ) ) ;
#2504 = EDGE_CURVE ( 'NONE', #4181, #5141, #4191, .T. ) ;
#2505 = ORIENTED_EDGE ( 'NONE', *, *, #3787, .F. ) ;
#2506 = ORIENTED_EDGE ( 'NONE', *, *, #1442, .F. ) ;
#2507 = CARTESIAN_POINT ( 'NONE',  ( 1.245000000000000329, 0.0000000000000000000, 1.054999999999999938 ) ) ;
#2508 = VERTEX_POINT ( 'NONE', #4483 ) ;
#2509 =( NAMED_UNIT ( * ) PLANE_ANGLE_UNIT ( ) SI_UNIT ( $, .RADIAN. ) );
#2510 = VERTEX_POINT ( 'NONE', #4505 ) ;
#2511 = VERTEX_POINT ( 'NONE', #4964 ) ;
#2512 = ORIENTED_EDGE ( 'NONE', *, *, #4318, .T. ) ;
#2513 = EDGE_CURVE ( 'NONE', #4181, #1806, #5608, .T. ) ;
#2514 = CARTESIAN_POINT ( 'NONE',  ( 1.245000000000000329, 0.2800000000000000266, 1.054999999999999938 ) ) ;
#2515 = AXIS2_PLACEMENT_3D ( 'NONE', #4921, #1307, #1816 ) ;
#2516 = DIRECTION ( 'NONE',  ( -0.0000000000000000000, -0.0000000000000000000, 1.000000000000000000 ) ) ;
#2517 =( NAMED_UNIT ( * ) PLANE_ANGLE_UNIT ( ) SI_UNIT ( $, .RADIAN. ) );
#2518 = CARTESIAN_POINT ( 'NONE',  ( 1.424999999999999600, 1.040000000000000036, 0.0000000000000000000 ) ) ;
#2519 = DIRECTION ( 'NONE',  ( 0.0000000000000000000, -1.000000000000000000, 0.0000000000000000000 ) ) ;
#2520 = AXIS2_PLACEMENT_3D ( 'NONE', #3905, #1215, #3785 ) ;
#2521 = VERTEX_POINT ( 'NONE', #4552 ) ;
#2522 = DIRECTION ( 'NONE',  ( -0.0000000000000000000, -0.0000000000000000000, -1.000000000000000000 ) ) ;
#2523 = ORIENTED_EDGE ( 'NONE', *, *, #482, .T. ) ;
#2524 = SURFACE_STYLE_USAGE ( .BOTH. , #5201 ) ;
#2525 = EDGE_CURVE ( 'NONE', #4455, #434, #2260, .T. ) ;
#2526 = DIRECTION ( 'NONE',  ( 1.000000000000000000, 0.0000000000000000000, -0.0000000000000000000 ) ) ;
#2527 = VECTOR ( 'NONE', #1795, 1000.000000000000000 ) ;
#2528 = CARTESIAN_POINT ( 'NONE',  ( -0.3199999999999997291, 0.0000000000000000000, 1.649999999999999911 ) ) ;
#2529 = STYLED_ITEM ( 'NONE', ( #2759 ), #3699 ) ;
#2530 = SURFACE_STYLE_FILL_AREA ( #4882 ) ;
#2531 = ADVANCED_FACE ( 'NONE', ( #3155 ), #974, .F. ) ;
#2532 = VECTOR ( 'NONE', #2352, 1000.000000000000000 ) ;
#2533 = PRESENTATION_STYLE_ASSIGNMENT (( #5314 ) ) ;
#2534 = MECHANICAL_DESIGN_GEOMETRIC_PRESENTATION_REPRESENTATION (  '', ( #782 ), #1698 ) ;
#2535 =( NAMED_UNIT ( * ) PLANE_ANGLE_UNIT ( ) SI_UNIT ( $, .RADIAN. ) );
#2536 = LINE ( 'NONE', #332, #3571 ) ;
#2537 = DIRECTION ( 'NONE',  ( 0.0000000000000000000, -0.0000000000000000000, -1.000000000000000000 ) ) ;
#2538 = SURFACE_STYLE_FILL_AREA ( #614 ) ;
#2539 = FACE_OUTER_BOUND ( 'NONE', #516, .T. ) ;
#2540 = VECTOR ( 'NONE', #2624, 1000.000000000000000 ) ;
#2541 = STYLED_ITEM ( 'NONE', ( #1341 ), #3022 ) ;
#2542 = PRESENTATION_STYLE_ASSIGNMENT (( #4320 ) ) ;
#2543 = PRESENTATION_LAYER_ASSIGNMENT (  '', '', ( #2178 ) ) ;
#2544 = CARTESIAN_POINT ( 'NONE',  ( 1.524999999999997025, 0.2800000000000000822, 0.0000000000000000000 ) ) ;
#2545 = VECTOR ( 'NONE', #33, 1000.000000000000000 ) ;
#2546 = FILL_AREA_STYLE_COLOUR ( '', #3838 ) ;
#2547 = PRESENTATION_STYLE_ASSIGNMENT (( #2860 ) ) ;
#2548 = SURFACE_STYLE_FILL_AREA ( #1870 ) ;
#2549 = FACE_OUTER_BOUND ( 'NONE', #242, .T. ) ;
#2550 =( NAMED_UNIT ( * ) SI_UNIT ( $, .STERADIAN. ) SOLID_ANGLE_UNIT ( ) );
#2551 = CARTESIAN_POINT ( 'NONE',  ( -2.050616737532315613E-16, 0.9095681768857077909, -1.442162081988722200 ) ) ;
#2552 =( NAMED_UNIT ( * ) PLANE_ANGLE_UNIT ( ) SI_UNIT ( $, .RADIAN. ) );
#2553 = LINE ( 'NONE', #731, #357 ) ;
#2554 = DIRECTION ( 'NONE',  ( -0.0000000000000000000, 0.0000000000000000000, 1.000000000000000000 ) ) ;
#2555 = SURFACE_SIDE_STYLE ('',( #1575 ) ) ;
#2556 = EDGE_LOOP ( 'NONE', ( #2627, #2908, #5283, #2073 ) ) ;
#2557 = ORIENTED_EDGE ( 'NONE', *, *, #3621, .F. ) ;
#2558 = DIRECTION ( 'NONE',  ( 0.2873478855663454956, 0.0000000000000000000, -0.9578262852211513190 ) ) ;
#2559 = CLOSED_SHELL ( 'NONE', ( #426, #3426, #4614, #3287, #5349, #2862 ) ) ;
#2560 = DIRECTION ( 'NONE',  ( -0.0000000000000000000, -0.0000000000000000000, -1.000000000000000000 ) ) ;
#2561 = UNCERTAINTY_MEASURE_WITH_UNIT (LENGTH_MEASURE( 1.000000000000000082E-05 ), #4911, 'distance_accuracy_value', 'NONE');
#2562 = EDGE_CURVE ( 'NONE', #4788, #2635, #4974, .T. ) ;
#2563 = ORIENTED_EDGE ( 'NONE', *, *, #4435, .F. ) ;
#2564 = ORIENTED_EDGE ( 'NONE', *, *, #1800, .F. ) ;
#2565 = DIRECTION ( 'NONE',  ( 0.0000000000000000000, 0.0000000000000000000, -1.000000000000000000 ) ) ;
#2566 = ORIENTED_EDGE ( 'NONE', *, *, #3787, .T. ) ;
#2567 = PLANE ( 'NONE',  #4835 ) ;
#2568 = MECHANICAL_DESIGN_GEOMETRIC_PRESENTATION_REPRESENTATION (  '', ( #3090 ), #2869 ) ;
#2569 = ORIENTED_EDGE ( 'NONE', *, *, #1529, .T. ) ;
#2570 = FILL_AREA_STYLE ('',( #310 ) ) ;
#2571 =( LENGTH_UNIT ( ) NAMED_UNIT ( * ) SI_UNIT ( .MILLI., .METRE. ) );
#2572 = PRESENTATION_STYLE_ASSIGNMENT (( #2050 ) ) ;
#2573 = ORIENTED_EDGE ( 'NONE', *, *, #1587, .T. ) ;
#2574 = ORIENTED_EDGE ( 'NONE', *, *, #681, .T. ) ;
#2575 = DIRECTION ( 'NONE',  ( 0.0000000000000000000, 0.0000000000000000000, -1.000000000000000000 ) ) ;
#2576 = VERTEX_POINT ( 'NONE', #1450 ) ;
#2577 = SURFACE_SIDE_STYLE ('',( #4569 ) ) ;
#2578 = ORIENTED_EDGE ( 'NONE', *, *, #3111, .F. ) ;
#2579 = CARTESIAN_POINT ( 'NONE',  ( -1.654999999999999805, -0.02000000000000000042, -1.124999999999999778 ) ) ;
#2580 = ORIENTED_EDGE ( 'NONE', *, *, #2525, .F. ) ;
#2581 = PLANE ( 'NONE',  #4218 ) ;
#2582 = DIRECTION ( 'NONE',  ( 2.853163611803958284E-16, -0.0000000000000000000, 1.000000000000000000 ) ) ;
#2583 = AXIS2_PLACEMENT_3D ( 'NONE', #4577, #34, #2343 ) ;
#2584 = SURFACE_STYLE_USAGE ( .BOTH. , #5760 ) ;
#2585 = VECTOR ( 'NONE', #4364, 1000.000000000000000 ) ;
#2586 = EDGE_CURVE ( 'NONE', #2228, #292, #185, .T. ) ;
#2587 = SURFACE_STYLE_FILL_AREA ( #1684 ) ;
#2588 = DIRECTION ( 'NONE',  ( 1.000000000000000000, -0.0000000000000000000, 1.260700200564539845E-16 ) ) ;
#2589 =( NAMED_UNIT ( * ) SI_UNIT ( $, .STERADIAN. ) SOLID_ANGLE_UNIT ( ) );
#2590 = FILL_AREA_STYLE ('',( #4814 ) ) ;
#2591 = ADVANCED_FACE ( 'NONE', ( #4825 ), #915, .F. ) ;
#2592 = CARTESIAN_POINT ( 'NONE',  ( 1.245000000000000329, 0.0000000000000000000, -0.1749999999999998501 ) ) ;
#2593 = ORIENTED_EDGE ( 'NONE', *, *, #3701, .F. ) ;
#2594 =( LENGTH_UNIT ( ) NAMED_UNIT ( * ) SI_UNIT ( .MILLI., .METRE. ) );
#2595 = DIRECTION ( 'NONE',  ( -0.0000000000000000000, -0.0000000000000000000, -1.000000000000000000 ) ) ;
#2596 = VECTOR ( 'NONE', #1244, 1000.000000000000000 ) ;
#2597 = SURFACE_SIDE_STYLE ('',( #679 ) ) ;
#2598 = AXIS2_PLACEMENT_3D ( 'NONE', #3317, #1107, #4689 ) ;
#2599 = ORIENTED_EDGE ( 'NONE', *, *, #3530, .F. ) ;
#2600 = CARTESIAN_POINT ( 'NONE',  ( 1.293443937657340337, 1.040000000000000036, 0.0000000000000000000 ) ) ;
#2601 = SURFACE_STYLE_USAGE ( .BOTH. , #1731 ) ;
#2602 = EDGE_CURVE ( 'NONE', #1723, #96, #2731, .T. ) ;
#2603 = VECTOR ( 'NONE', #2793, 1000.000000000000000 ) ;
#2604 = VECTOR ( 'NONE', #1239, 1000.000000000000000 ) ;
#2605 = VECTOR ( 'NONE', #702, 1000.000000000000000 ) ;
#2606 = STYLED_ITEM ( 'NONE', ( #3909 ), #4374 ) ;
#2607 = DIRECTION ( 'NONE',  ( 0.2873478855663454401, -0.0000000000000000000, 0.9578262852211513190 ) ) ;
#2608 = PRESENTATION_LAYER_ASSIGNMENT (  '', '', ( #3180 ) ) ;
#2609 = DIRECTION ( 'NONE',  ( 0.0000000000000000000, 0.0000000000000000000, 1.000000000000000000 ) ) ;
#2610 = PRESENTATION_STYLE_ASSIGNMENT (( #4485 ) ) ;
#2611 = DIRECTION ( 'NONE',  ( 0.0000000000000000000, 1.000000000000000000, 0.0000000000000000000 ) ) ;
#2612 = VECTOR ( 'NONE', #3116, 1000.000000000000000 ) ;
#2613 = LINE ( 'NONE', #1318, #1413 ) ;
#2614 = LINE ( 'NONE', #2958, #1774 ) ;
#2615 = FILL_AREA_STYLE ('',( #2180 ) ) ;
#2616 = EDGE_CURVE ( 'NONE', #2508, #166, #1820, .T. ) ;
#2617 = ADVANCED_FACE ( 'NONE', ( #1517 ), #5806, .F. ) ;
#2618 = AXIS2_PLACEMENT_3D ( 'NONE', #4309, #3385, #3794 ) ;
#2619 = PRESENTATION_STYLE_ASSIGNMENT (( #2112 ) ) ;
#2620 = LINE ( 'NONE', #200, #4583 ) ;
#2621 = PRESENTATION_STYLE_ASSIGNMENT (( #1992 ) ) ;
#2622 = DIRECTION ( 'NONE',  ( 0.0000000000000000000, 0.0000000000000000000, 1.000000000000000000 ) ) ;
#2623 = CARTESIAN_POINT ( 'NONE',  ( 1.293443937657340337, 1.040000000000000036, 1.293443937657340115 ) ) ;
#2624 = DIRECTION ( 'NONE',  ( 0.0000000000000000000, 0.0000000000000000000, -1.000000000000000000 ) ) ;
#2625 = PRESENTATION_LAYER_ASSIGNMENT (  '', '', ( #3302 ) ) ;
#2626 = AXIS2_PLACEMENT_3D ( 'NONE', #3100, #3541, #847 ) ;
#2627 = ORIENTED_EDGE ( 'NONE', *, *, #4965, .T. ) ;
#2628 = SURFACE_STYLE_FILL_AREA ( #1029 ) ;
#2629 = EDGE_LOOP ( 'NONE', ( #785, #188, #5717, #2985 ) ) ;
#2630 = PLANE ( 'NONE',  #1245 ) ;
#2631 = ORIENTED_EDGE ( 'NONE', *, *, #3339, .F. ) ;
#2632 = FILL_AREA_STYLE ('',( #2693 ) ) ;
#2633 = UNCERTAINTY_MEASURE_WITH_UNIT (LENGTH_MEASURE( 1.000000000000000082E-05 ), #1338, 'distance_accuracy_value', 'NONE');
#2634 = DIRECTION ( 'NONE',  ( 0.0000000000000000000, 0.0000000000000000000, 1.000000000000000000 ) ) ;
#2635 = VERTEX_POINT ( 'NONE', #404 ) ;
#2636 = CARTESIAN_POINT ( 'NONE',  ( 0.0000000000000000000, 0.0000000000000000000, -0.4749999999999997558 ) ) ;
#2637 =( NAMED_UNIT ( * ) SI_UNIT ( $, .STERADIAN. ) SOLID_ANGLE_UNIT ( ) );
#2638 = SURFACE_STYLE_USAGE ( .BOTH. , #838 ) ;
#2639 = ORIENTED_EDGE ( 'NONE', *, *, #4623, .T. ) ;
#2640 = ORIENTED_EDGE ( 'NONE', *, *, #1014, .F. ) ;
#2641 = EDGE_CURVE ( 'NONE', #3878, #1071, #314, .T. ) ;
#2642 = VERTEX_POINT ( 'NONE', #2247 ) ;
#2643 = UNCERTAINTY_MEASURE_WITH_UNIT (LENGTH_MEASURE( 1.000000000000000082E-05 ), #3329, 'distance_accuracy_value', 'NONE');
#2644 = EDGE_LOOP ( 'NONE', ( #5217, #3605, #4621, #2722 ) ) ;
#2645 = SURFACE_STYLE_USAGE ( .BOTH. , #4336 ) ;
#2646 = PRESENTATION_LAYER_ASSIGNMENT (  '', '', ( #4322 ) ) ;
#2647 = ORIENTED_EDGE ( 'NONE', *, *, #1311, .F. ) ;
#2648 = AXIS2_PLACEMENT_3D ( 'NONE', #4300, #3360, #668 ) ;
#2649 = ADVANCED_FACE ( 'NONE', ( #4325 ), #1371, .F. ) ;
#2650 =( LENGTH_UNIT ( ) NAMED_UNIT ( * ) SI_UNIT ( .MILLI., .METRE. ) );
#2651 = ADVANCED_FACE ( 'NONE', ( #3628 ), #4016, .F. ) ;
#2652 = UNCERTAINTY_MEASURE_WITH_UNIT (LENGTH_MEASURE( 1.000000000000000082E-05 ), #4274, 'distance_accuracy_value', 'NONE');
#2653 = CARTESIAN_POINT ( 'NONE',  ( -1.225000000000004308, -0.02000000000000000042, 0.4750000000000001998 ) ) ;
#2654 = AXIS2_PLACEMENT_3D ( 'NONE', #2265, #2278, #2302 ) ;
#2655 = EDGE_CURVE ( 'NONE', #16, #1012, #2096, .T. ) ;
#2656 = CARTESIAN_POINT ( 'NONE',  ( -1.224999999999999645, -0.02000000000000000042, -1.124999999999999778 ) ) ;
#2657 = CARTESIAN_POINT ( 'NONE',  ( -2.026213896120450829E-16, 1.040000000000000036, -1.424999999999999822 ) ) ;
#2658 = CARTESIAN_POINT ( 'NONE',  ( -0.06999999999999975686, 0.0000000000000000000, 1.649999999999999911 ) ) ;
#2659 = DIRECTION ( 'NONE',  ( -1.000000000000000000, 0.0000000000000000000, 1.322197771323785883E-16 ) ) ;
#2660 = SURFACE_STYLE_FILL_AREA ( #1403 ) ;
#2661 = ORIENTED_EDGE ( 'NONE', *, *, #3658, .F. ) ;
#2662 = ORIENTED_EDGE ( 'NONE', *, *, #5538, .T. ) ;
#2663 = CARTESIAN_POINT ( 'NONE',  ( -0.3199999999999997291, 0.0000000000000000000, 1.300000000000000044 ) ) ;
#2664 = UNCERTAINTY_MEASURE_WITH_UNIT (LENGTH_MEASURE( 1.000000000000000082E-05 ), #5034, 'distance_accuracy_value', 'NONE');
#2665 = DIRECTION ( 'NONE',  ( 0.0000000000000000000, 0.0000000000000000000, -1.000000000000000000 ) ) ;
#2666 = CARTESIAN_POINT ( 'NONE',  ( 1.245000000000000329, 0.2800000000000000266, 1.124999999999999556 ) ) ;
#2667 = LINE ( 'NONE', #5793, #1469 ) ;
#2668 = CARTESIAN_POINT ( 'NONE',  ( -0.02499999999999974118, 0.0000000000000000000, -1.149999999999999911 ) ) ;
#2669 = LINE ( 'NONE', #122, #2479 ) ;
#2670 = PLANE ( 'NONE',  #5202 ) ;
#2671 = CARTESIAN_POINT ( 'NONE',  ( -1.524999999999999911, 0.2799999999999790434, -1.524999999999999911 ) ) ;
#2672 = MECHANICAL_DESIGN_GEOMETRIC_PRESENTATION_REPRESENTATION (  '', ( #970 ), #3085 ) ;
#2673 = VECTOR ( 'NONE', #3059, 1000.000000000000000 ) ;
#2674 = VECTOR ( 'NONE', #946, 1000.000000000000000 ) ;
#2675 = PRESENTATION_STYLE_ASSIGNMENT (( #4270 ) ) ;
#2676 = DIRECTION ( 'NONE',  ( 0.0000000000000000000, 1.000000000000000000, 0.0000000000000000000 ) ) ;
#2677 = DIRECTION ( 'NONE',  ( 0.9578262852211514300, 0.0000000000000000000, -0.2873478855663454956 ) ) ;
#2678 = FILL_AREA_STYLE ('',( #5362 ) ) ;
#2679 = ADVANCED_FACE ( 'NONE', ( #1028 ), #3222, .T. ) ;
#2680 = AXIS2_PLACEMENT_3D ( 'NONE', #1344, #2720, #3165 ) ;
#2681 = VECTOR ( 'NONE', #3954, 1000.000000000000000 ) ;
#2682 =( GEOMETRIC_REPRESENTATION_CONTEXT ( 3 ) GLOBAL_UNCERTAINTY_ASSIGNED_CONTEXT ( ( #4548 ) ) GLOBAL_UNIT_ASSIGNED_CONTEXT ( ( #5801, #1815, #4446 ) ) REPRESENTATION_CONTEXT ( 'NONE', 'WORKASPACE' ) );
#2683 = CARTESIAN_POINT ( 'NONE',  ( 0.0000000000000000000, 0.0000000000000000000, 0.0000000000000000000 ) ) ;
#2684 = SURFACE_STYLE_FILL_AREA ( #3888 ) ;
#2685 = LINE ( 'NONE', #1648, #2490 ) ;
#2686 = PLANE ( 'NONE',  #5102 ) ;
#2687 =( GEOMETRIC_REPRESENTATION_CONTEXT ( 3 ) GLOBAL_UNCERTAINTY_ASSIGNED_CONTEXT ( ( #3311 ) ) GLOBAL_UNIT_ASSIGNED_CONTEXT ( ( #998, #73, #2363 ) ) REPRESENTATION_CONTEXT ( 'NONE', 'WORKASPACE' ) );
#2688 = DIRECTION ( 'NONE',  ( 0.0000000000000000000, 0.0000000000000000000, -1.000000000000000000 ) ) ;
#2689 = PRESENTATION_STYLE_ASSIGNMENT (( #836 ) ) ;
#2690 = SURFACE_STYLE_FILL_AREA ( #4849 ) ;
#2691 = VECTOR ( 'NONE', #3001, 1000.000000000000000 ) ;
#2692 = PRESENTATION_LAYER_ASSIGNMENT (  '', '', ( #1054 ) ) ;
#2693 = FILL_AREA_STYLE_COLOUR ( '', #3714 ) ;
#2694 = FILL_AREA_STYLE_COLOUR ( '', #2700 ) ;
#2695 = FILL_AREA_STYLE_COLOUR ( '', #3788 ) ;
#2696 = FILL_AREA_STYLE_COLOUR ( '', #1536 ) ;
#2697 = EDGE_CURVE ( 'NONE', #2510, #4554, #608, .T. ) ;
#2698 = SURFACE_STYLE_USAGE ( .BOTH. , #4926 ) ;
#2699 = ORIENTED_EDGE ( 'NONE', *, *, #518, .F. ) ;
#2700 = COLOUR_RGB ( '',1.000000000000000000, 1.000000000000000000, 1.000000000000000000 ) ;
#2701 = ORIENTED_EDGE ( 'NONE', *, *, #700, .T. ) ;
#2702 = ORIENTED_EDGE ( 'NONE', *, *, #1187, .T. ) ;
#2703 = VERTEX_POINT ( 'NONE', #4097 ) ;
#2704 =( NAMED_UNIT ( * ) PLANE_ANGLE_UNIT ( ) SI_UNIT ( $, .RADIAN. ) );
#2705 = ORIENTED_EDGE ( 'NONE', *, *, #2867, .F. ) ;
#2706 = ADVANCED_FACE ( 'NONE', ( #2933 ), #5487, .F. ) ;
#2707 = DIRECTION ( 'NONE',  ( 0.0000000000000000000, 0.0000000000000000000, 1.000000000000000000 ) ) ;
#2708 = ORIENTED_EDGE ( 'NONE', *, *, #5112, .T. ) ;
#2709 = DIRECTION ( 'NONE',  ( 0.0000000000000000000, 0.0000000000000000000, -1.000000000000000000 ) ) ;
#2710 = UNCERTAINTY_MEASURE_WITH_UNIT (LENGTH_MEASURE( 1.000000000000000082E-05 ), #2806, 'distance_accuracy_value', 'NONE');
#2711 = MECHANICAL_DESIGN_GEOMETRIC_PRESENTATION_REPRESENTATION (  '', ( #2239 ), #3006 ) ;
#2712 = PRESENTATION_LAYER_ASSIGNMENT (  '', '', ( #5641 ) ) ;
#2713 = VERTEX_POINT ( 'NONE', #5023 ) ;
#2714 = LINE ( 'NONE', #4798, #2233 ) ;
#2715 = ORIENTED_EDGE ( 'NONE', *, *, #2248, .T. ) ;
#2716 = FILL_AREA_STYLE ('',( #1364 ) ) ;
#2717 = ORIENTED_EDGE ( 'NONE', *, *, #4578, .F. ) ;
#2718 = SURFACE_STYLE_USAGE ( .BOTH. , #3598 ) ;
#2719 =( LENGTH_UNIT ( ) NAMED_UNIT ( * ) SI_UNIT ( .MILLI., .METRE. ) );
#2720 = DIRECTION ( 'NONE',  ( 0.0000000000000000000, 0.0000000000000000000, 1.000000000000000000 ) ) ;
#2721 =( LENGTH_UNIT ( ) NAMED_UNIT ( * ) SI_UNIT ( .MILLI., .METRE. ) );
#2722 = ORIENTED_EDGE ( 'NONE', *, *, #2772, .T. ) ;
#2723 = EDGE_CURVE ( 'NONE', #4090, #5085, #4057, .T. ) ;
#2724 = VERTEX_POINT ( 'NONE', #59 ) ;
#2725 = ORIENTED_EDGE ( 'NONE', *, *, #1914, .F. ) ;
#2726 =( NAMED_UNIT ( * ) PLANE_ANGLE_UNIT ( ) SI_UNIT ( $, .RADIAN. ) );
#2727 =( GEOMETRIC_REPRESENTATION_CONTEXT ( 3 ) GLOBAL_UNCERTAINTY_ASSIGNED_CONTEXT ( ( #3440 ) ) GLOBAL_UNIT_ASSIGNED_CONTEXT ( ( #2038, #1093, #3822 ) ) REPRESENTATION_CONTEXT ( 'NONE', 'WORKASPACE' ) );
#2728 = FACE_OUTER_BOUND ( 'NONE', #17, .T. ) ;
#2729 = DIRECTION ( 'NONE',  ( 0.0000000000000000000, -0.0000000000000000000, -1.000000000000000000 ) ) ;
#2730 = STYLED_ITEM ( 'NONE', ( #142 ), #769 ) ;
#2731 = LINE ( 'NONE', #4509, #600 ) ;
#2732 = CARTESIAN_POINT ( 'NONE',  ( -1.524999999999999911, 1.040000000000000036, -0.4749999999999997558 ) ) ;
#2733 = DIRECTION ( 'NONE',  ( 1.260700200564540091E-16, 0.0000000000000000000, -1.000000000000000000 ) ) ;
#2734 = EDGE_CURVE ( 'NONE', #1295, #1208, #4683, .T. ) ;
#2735 = SURFACE_STYLE_USAGE ( .BOTH. , #1834 ) ;
#2736 = VECTOR ( 'NONE', #5020, 1000.000000000000000 ) ;
#2737 = SURFACE_STYLE_USAGE ( .BOTH. , #4963 ) ;
#2738 = VECTOR ( 'NONE', #69, 1000.000000000000000 ) ;
#2739 = ORIENTED_EDGE ( 'NONE', *, *, #1503, .F. ) ;
#2740 =( NAMED_UNIT ( * ) SI_UNIT ( $, .STERADIAN. ) SOLID_ANGLE_UNIT ( ) );
#2741 =( NAMED_UNIT ( * ) SI_UNIT ( $, .STERADIAN. ) SOLID_ANGLE_UNIT ( ) );
#2742 = CARTESIAN_POINT ( 'NONE',  ( 1.655000000000000249, 0.2800000000000000266, 0.1749999999999998224 ) ) ;
#2743 = LINE ( 'NONE', #5135, #1595 ) ;
#2744 = ADVANCED_FACE ( 'NONE', ( #964 ), #4803, .F. ) ;
#2745 = VECTOR ( 'NONE', #640, 1000.000000000000000 ) ;
#2746 = FILL_AREA_STYLE ('',( #4516 ) ) ;
#2747 = UNCERTAINTY_MEASURE_WITH_UNIT (LENGTH_MEASURE( 1.000000000000000082E-05 ), #2091, 'distance_accuracy_value', 'NONE');
#2748 = VECTOR ( 'NONE', #3968, 1000.000000000000000 ) ;
#2749 = LINE ( 'NONE', #1688, #5553 ) ;
#2750 = AXIS2_PLACEMENT_3D ( 'NONE', #1557, #3308, #669 ) ;
#2751 = CARTESIAN_POINT ( 'NONE',  ( 1.524999999999997025, 0.2800000000000000266, 0.4749999999999997558 ) ) ;
#2752 = SURFACE_STYLE_FILL_AREA ( #5757 ) ;
#2753 = CARTESIAN_POINT ( 'NONE',  ( -1.225000000000001865, -0.02000000000000000042, -0.4749999999999997558 ) ) ;
#2754 = CARTESIAN_POINT ( 'NONE',  ( -1.224999999999999645, -0.0000000000000000000, -0.8249999999999997335 ) ) ;
#2755 = VECTOR ( 'NONE', #5677, 1000.000000000000000 ) ;
#2756 =( LENGTH_UNIT ( ) NAMED_UNIT ( * ) SI_UNIT ( .MILLI., .METRE. ) );
#2757 = FILL_AREA_STYLE ('',( #3276 ) ) ;
#2758 = EDGE_CURVE ( 'NONE', #652, #3889, #4192, .T. ) ;
#2759 = PRESENTATION_STYLE_ASSIGNMENT (( #1720 ) ) ;
#2760 = CARTESIAN_POINT ( 'NONE',  ( -0.06999999999999975686, 1.040000000000000036, -1.525000000000000133 ) ) ;
#2761 = CARTESIAN_POINT ( 'NONE',  ( -1.524999999999999911, 0.0000000000000000000, -0.8249999999999997335 ) ) ;
#2762 =( NAMED_UNIT ( * ) SI_UNIT ( $, .STERADIAN. ) SOLID_ANGLE_UNIT ( ) );
#2763 = COLOUR_RGB ( '',1.000000000000000000, 1.000000000000000000, 1.000000000000000000 ) ;
#2764 =( GEOMETRIC_REPRESENTATION_CONTEXT ( 3 ) GLOBAL_UNCERTAINTY_ASSIGNED_CONTEXT ( ( #3834 ) ) GLOBAL_UNIT_ASSIGNED_CONTEXT ( ( #1612, #2087, #2940 ) ) REPRESENTATION_CONTEXT ( 'NONE', 'WORKASPACE' ) );
#2765 = CYLINDRICAL_SURFACE ( 'NONE', #5280, 0.1499999999999999667 ) ;
#2766 = COLOUR_RGB ( '',1.000000000000000000, 1.000000000000000000, 1.000000000000000000 ) ;
#2767 = SURFACE_SIDE_STYLE ('',( #2120 ) ) ;
#2768 = LINE ( 'NONE', #239, #5642 ) ;
#2769 = FILL_AREA_STYLE ('',( #882 ) ) ;
#2770 = ADVANCED_FACE ( 'NONE', ( #2331 ), #2137, .F. ) ;
#2771 =( NAMED_UNIT ( * ) PLANE_ANGLE_UNIT ( ) SI_UNIT ( $, .RADIAN. ) );
#2772 = EDGE_CURVE ( 'NONE', #4367, #4167, #1657, .T. ) ;
#2773 = DIRECTION ( 'NONE',  ( 1.000000000000000000, -0.0000000000000000000, -1.421904488505579654E-16 ) ) ;
#2774 = MECHANICAL_DESIGN_GEOMETRIC_PRESENTATION_REPRESENTATION (  '', ( #1550 ), #5477 ) ;
#2775 = EDGE_LOOP ( 'NONE', ( #5573, #1564, #1218, #4369 ) ) ;
#2776 = CARTESIAN_POINT ( 'NONE',  ( -1.225000000000001865, 0.2800000000000000266, -0.1749999999999998224 ) ) ;
#2777 = CARTESIAN_POINT ( 'NONE',  ( -0.06999999999999974298, 0.2800000000000000266, -1.300000000000000044 ) ) ;
#2778 = ORIENTED_EDGE ( 'NONE', *, *, #1903, .T. ) ;
#2779 = CARTESIAN_POINT ( 'NONE',  ( -1.524999999999999911, 0.0000000000000000000, 0.4750000000000001443 ) ) ;
#2780 =( NAMED_UNIT ( * ) SI_UNIT ( $, .STERADIAN. ) SOLID_ANGLE_UNIT ( ) );
#2781 = EDGE_CURVE ( 'NONE', #1357, #16, #1030, .T. ) ;
#2782 = LINE ( 'NONE', #476, #4229 ) ;
#2783 = VERTEX_POINT ( 'NONE', #750 ) ;
#2784 = ORIENTED_EDGE ( 'NONE', *, *, #5845, .F. ) ;
#2785 =( GEOMETRIC_REPRESENTATION_CONTEXT ( 3 ) GLOBAL_UNCERTAINTY_ASSIGNED_CONTEXT ( ( #307 ) ) GLOBAL_UNIT_ASSIGNED_CONTEXT ( ( #3414, #3884, #726 ) ) REPRESENTATION_CONTEXT ( 'NONE', 'WORKASPACE' ) );
#2786 =( NAMED_UNIT ( * ) PLANE_ANGLE_UNIT ( ) SI_UNIT ( $, .RADIAN. ) );
#2787 = ORIENTED_EDGE ( 'NONE', *, *, #3027, .T. ) ;
#2788 = LINE ( 'NONE', #3065, #1639 ) ;
#2789 =( LENGTH_UNIT ( ) NAMED_UNIT ( * ) SI_UNIT ( .MILLI., .METRE. ) );
#2790 = ORIENTED_EDGE ( 'NONE', *, *, #4331, .F. ) ;
#2791 = SURFACE_SIDE_STYLE ('',( #1042 ) ) ;
#2792 = ORIENTED_EDGE ( 'NONE', *, *, #2441, .F. ) ;
#2793 = DIRECTION ( 'NONE',  ( -0.0000000000000000000, -0.0000000000000000000, -1.000000000000000000 ) ) ;
#2794 = ORIENTED_EDGE ( 'NONE', *, *, #1349, .F. ) ;
#2795 =( NAMED_UNIT ( * ) SI_UNIT ( $, .STERADIAN. ) SOLID_ANGLE_UNIT ( ) );
#2796 = CARTESIAN_POINT ( 'NONE',  ( 1.245000000000000329, 0.0000000000000000000, -0.1749999999999998501 ) ) ;
#2797 = DIRECTION ( 'NONE',  ( -0.0000000000000000000, -0.0000000000000000000, 1.000000000000000000 ) ) ;
#2798 = FILL_AREA_STYLE ('',( #2297 ) ) ;
#2799 = VECTOR ( 'NONE', #5252, 1000.000000000000000 ) ;
#2800 = CARTESIAN_POINT ( 'NONE',  ( -0.3199999999999997291, 0.0000000000000000000, -1.300000000000000044 ) ) ;
#2801 = FILL_AREA_STYLE_COLOUR ( '', #1476 ) ;
#2802 = FILL_AREA_STYLE_COLOUR ( '', #4405 ) ;
#2803 = ADVANCED_FACE ( 'NONE', ( #4549 ), #5761, .F. ) ;
#2804 = EDGE_CURVE ( 'NONE', #5663, #3965, #2393, .T. ) ;
#2805 = FACE_OUTER_BOUND ( 'NONE', #2461, .T. ) ;
#2806 =( LENGTH_UNIT ( ) NAMED_UNIT ( * ) SI_UNIT ( .MILLI., .METRE. ) );
#2807 =( NAMED_UNIT ( * ) PLANE_ANGLE_UNIT ( ) SI_UNIT ( $, .RADIAN. ) );
#2808 = PRESENTATION_LAYER_ASSIGNMENT (  '', '', ( #4282 ) ) ;
#2809 = COLOUR_RGB ( '',0.2509803921568627416, 0.2509803921568627416, 0.2509803921568627416 ) ;
#2810 = SURFACE_STYLE_FILL_AREA ( #536 ) ;
#2811 = VERTEX_POINT ( 'NONE', #3488 ) ;
#2812 = DIRECTION ( 'NONE',  ( 0.0000000000000000000, 0.0000000000000000000, -1.000000000000000000 ) ) ;
#2813 = AXIS2_PLACEMENT_3D ( 'NONE', #2108, #3021, #2195 ) ;
#2814 = SURFACE_SIDE_STYLE ('',( #2548 ) ) ;
#2815 = DIRECTION ( 'NONE',  ( -1.000000000000000000, 0.0000000000000000000, 0.0000000000000000000 ) ) ;
#2816 = ORIENTED_EDGE ( 'NONE', *, *, #1513, .T. ) ;
#2817 = EDGE_CURVE ( 'NONE', #2703, #5664, #5394, .T. ) ;
#2818 =( LENGTH_UNIT ( ) NAMED_UNIT ( * ) SI_UNIT ( .MILLI., .METRE. ) );
#2819 = SURFACE_STYLE_USAGE ( .BOTH. , #3704 ) ;
#2820 = MECHANICAL_DESIGN_GEOMETRIC_PRESENTATION_REPRESENTATION (  '', ( #881 ), #2342 ) ;
#2821 = VECTOR ( 'NONE', #3638, 1000.000000000000000 ) ;
#2822 = FACE_OUTER_BOUND ( 'NONE', #609, .T. ) ;
#2823 = PLANE ( 'NONE',  #5388 ) ;
#2824 =( LENGTH_UNIT ( ) NAMED_UNIT ( * ) SI_UNIT ( .MILLI., .METRE. ) );
#2825 = UNCERTAINTY_MEASURE_WITH_UNIT (LENGTH_MEASURE( 1.000000000000000082E-05 ), #3919, 'distance_accuracy_value', 'NONE');
#2826 = VECTOR ( 'NONE', #1654, 1000.000000000000000 ) ;
#2827 = SURFACE_SIDE_STYLE ('',( #2945 ) ) ;
#2828 = LINE ( 'NONE', #1695, #4761 ) ;
#2829 = PRESENTATION_LAYER_ASSIGNMENT (  '', '', ( #4799 ) ) ;
#2830 = AXIS2_PLACEMENT_3D ( 'NONE', #2683, #901, #2268 ) ;
#2831 = DIRECTION ( 'NONE',  ( -1.000000000000000000, 0.0000000000000000000, -0.0000000000000000000 ) ) ;
#2832 = ADVANCED_FACE ( 'NONE', ( #1458 ), #2338, .F. ) ;
#2833 = MANIFOLD_SOLID_BREP ( 'Boss-Extrude2[4]', #2159 ) ;
#2834 = VECTOR ( 'NONE', #933, 1000.000000000000000 ) ;
#2835 = LINE ( 'NONE', #354, #1769 ) ;
#2836 =( NAMED_UNIT ( * ) SI_UNIT ( $, .STERADIAN. ) SOLID_ANGLE_UNIT ( ) );
#2837 = PRESENTATION_STYLE_ASSIGNMENT (( #5168 ) ) ;
#2838 = DIRECTION ( 'NONE',  ( 0.0000000000000000000, -0.0000000000000000000, -1.000000000000000000 ) ) ;
#2839 = FILL_AREA_STYLE_COLOUR ( '', #5571 ) ;
#2840 = EDGE_CURVE ( 'NONE', #4172, #1791, #3343, .T. ) ;
#2841 = COLOUR_RGB ( '',0.7921568627450980005, 0.8196078431372548767, 0.9333333333333333481 ) ;
#2842 = DIRECTION ( 'NONE',  ( -0.0000000000000000000, -1.000000000000000000, -0.0000000000000000000 ) ) ;
#2843 = VECTOR ( 'NONE', #570, 1000.000000000000000 ) ;
#2844 =( GEOMETRIC_REPRESENTATION_CONTEXT ( 3 ) GLOBAL_UNCERTAINTY_ASSIGNED_CONTEXT ( ( #5582 ) ) GLOBAL_UNIT_ASSIGNED_CONTEXT ( ( #1046, #1535, #4190 ) ) REPRESENTATION_CONTEXT ( 'NONE', 'WORKASPACE' ) );
#2845 = CARTESIAN_POINT ( 'NONE',  ( -1.424999999999999600, 1.040000000000000036, 0.0000000000000000000 ) ) ;
#2846 = SURFACE_STYLE_FILL_AREA ( #2883 ) ;
#2847 = AXIS2_PLACEMENT_3D ( 'NONE', #972, #4571, #4529 ) ;
#2848 = ORIENTED_EDGE ( 'NONE', *, *, #605, .F. ) ;
#2849 = DIRECTION ( 'NONE',  ( 0.0000000000000000000, 0.0000000000000000000, -1.000000000000000000 ) ) ;
#2850 = COLOUR_RGB ( '',0.2509803921568627416, 0.2509803921568627416, 0.2509803921568627416 ) ;
#2851 = VERTEX_POINT ( 'NONE', #3882 ) ;
#2852 = ORIENTED_EDGE ( 'NONE', *, *, #1986, .F. ) ;
#2853 = CARTESIAN_POINT ( 'NONE',  ( 1.245000000000000329, 0.2800000000000000266, 1.054999999999999938 ) ) ;
#2854 = AXIS2_PLACEMENT_3D ( 'NONE', #809, #5777, #745 ) ;
#2855 = ORIENTED_EDGE ( 'NONE', *, *, #4807, .F. ) ;
#2856 = ORIENTED_EDGE ( 'NONE', *, *, #540, .T. ) ;
#2857 = UNCERTAINTY_MEASURE_WITH_UNIT (LENGTH_MEASURE( 1.000000000000000082E-05 ), #820, 'distance_accuracy_value', 'NONE');
#2858 = ORIENTED_EDGE ( 'NONE', *, *, #1746, .F. ) ;
#2859 = SURFACE_SIDE_STYLE ('',( #5436 ) ) ;
#2860 = SURFACE_STYLE_USAGE ( .BOTH. , #5540 ) ;
#2861 = EDGE_LOOP ( 'NONE', ( #2003, #2457, #2071, #2977 ) ) ;
#2862 = ADVANCED_FACE ( 'NONE', ( #3411 ), #3028, .F. ) ;
#2863 = ORIENTED_EDGE ( 'NONE', *, *, #2301, .F. ) ;
#2864 =( NAMED_UNIT ( * ) PLANE_ANGLE_UNIT ( ) SI_UNIT ( $, .RADIAN. ) );
#2865 = ORIENTED_EDGE ( 'NONE', *, *, #1975, .F. ) ;
#2866 = COLOUR_RGB ( '',0.2509803921568627416, 0.2509803921568627416, 0.2509803921568627416 ) ;
#2867 = EDGE_CURVE ( 'NONE', #2851, #23, #1477, .T. ) ;
#2868 = FILL_AREA_STYLE ('',( #2379 ) ) ;
#2869 =( GEOMETRIC_REPRESENTATION_CONTEXT ( 3 ) GLOBAL_UNCERTAINTY_ASSIGNED_CONTEXT ( ( #3246 ) ) GLOBAL_UNIT_ASSIGNED_CONTEXT ( ( #2034, #1130, #5158 ) ) REPRESENTATION_CONTEXT ( 'NONE', 'WORKASPACE' ) );
#2870 = DIRECTION ( 'NONE',  ( 2.853163611803958284E-16, -0.0000000000000000000, 1.000000000000000000 ) ) ;
#2871 =( GEOMETRIC_REPRESENTATION_CONTEXT ( 3 ) GLOBAL_UNCERTAINTY_ASSIGNED_CONTEXT ( ( #4462 ) ) GLOBAL_UNIT_ASSIGNED_CONTEXT ( ( #2471, #4225, #5172 ) ) REPRESENTATION_CONTEXT ( 'NONE', 'WORKASPACE' ) );
#2872 = SURFACE_STYLE_FILL_AREA ( #1411 ) ;
#2873 =( NAMED_UNIT ( * ) SI_UNIT ( $, .STERADIAN. ) SOLID_ANGLE_UNIT ( ) );
#2874 = VERTEX_POINT ( 'NONE', #2358 ) ;
#2875 = COLOUR_RGB ( '',1.000000000000000000, 1.000000000000000000, 1.000000000000000000 ) ;
#2876 = DIRECTION ( 'NONE',  ( 0.0000000000000000000, 0.0000000000000000000, -1.000000000000000000 ) ) ;
#2877 =( GEOMETRIC_REPRESENTATION_CONTEXT ( 3 ) GLOBAL_UNCERTAINTY_ASSIGNED_CONTEXT ( ( #1586 ) ) GLOBAL_UNIT_ASSIGNED_CONTEXT ( ( #1452, #3773, #1386 ) ) REPRESENTATION_CONTEXT ( 'NONE', 'WORKASPACE' ) );
#2878 = VECTOR ( 'NONE', #5275, 1000.000000000000000 ) ;
#2879 = CARTESIAN_POINT ( 'NONE',  ( -0.06999999999999975686, 0.0000000000000000000, 1.300000000000000044 ) ) ;
#2880 = FACE_OUTER_BOUND ( 'NONE', #523, .T. ) ;
#2881 = EDGE_CURVE ( 'NONE', #5141, #5364, #3370, .T. ) ;
#2882 = LINE ( 'NONE', #4940, #5839 ) ;
#2883 = FILL_AREA_STYLE ('',( #2839 ) ) ;
#2884 =( GEOMETRIC_REPRESENTATION_CONTEXT ( 3 ) GLOBAL_UNCERTAINTY_ASSIGNED_CONTEXT ( ( #206 ) ) GLOBAL_UNIT_ASSIGNED_CONTEXT ( ( #5594, #610, #4675 ) ) REPRESENTATION_CONTEXT ( 'NONE', 'WORKASPACE' ) );
#2885 = UNCERTAINTY_MEASURE_WITH_UNIT (LENGTH_MEASURE( 1.000000000000000082E-05 ), #4771, 'distance_accuracy_value', 'NONE');
#2886 = FACE_OUTER_BOUND ( 'NONE', #2433, .T. ) ;
#2887 = FILL_AREA_STYLE ('',( #612 ) ) ;
#2888 = VECTOR ( 'NONE', #4831, 1000.000000000000000 ) ;
#2889 = UNCERTAINTY_MEASURE_WITH_UNIT (LENGTH_MEASURE( 1.000000000000000082E-05 ), #5184, 'distance_accuracy_value', 'NONE');
#2890 = COLOUR_RGB ( '',1.000000000000000000, 1.000000000000000000, 1.000000000000000000 ) ;
#2891 = STYLED_ITEM ( 'NONE', ( #3981 ), #2531 ) ;
#2892 = LINE ( 'NONE', #3477, #3444 ) ;
#2893 = LINE ( 'NONE', #5795, #4213 ) ;
#2894 =( NAMED_UNIT ( * ) SI_UNIT ( $, .STERADIAN. ) SOLID_ANGLE_UNIT ( ) );
#2895 = SURFACE_SIDE_STYLE ('',( #3772 ) ) ;
#2896 = DIRECTION ( 'NONE',  ( 1.000000000000000000, 0.0000000000000000000, -5.288791085295143532E-16 ) ) ;
#2897 = DIRECTION ( 'NONE',  ( -1.000000000000000000, 0.0000000000000000000, 0.0000000000000000000 ) ) ;
#2898 = EDGE_CURVE ( 'NONE', #292, #1499, #555, .T. ) ;
#2899 = CARTESIAN_POINT ( 'NONE',  ( 1.655000000000000249, 0.0000000000000000000, -0.8249999999999997335 ) ) ;
#2900 = ORIENTED_EDGE ( 'NONE', *, *, #3187, .T. ) ;
#2901 = ORIENTED_EDGE ( 'NONE', *, *, #4823, .F. ) ;
#2902 = DIRECTION ( 'NONE',  ( 1.000000000000000000, -0.0000000000000000000, -0.0000000000000000000 ) ) ;
#2903 = PLANE ( 'NONE',  #2283 ) ;
#2904 = DIRECTION ( 'NONE',  ( 0.0000000000000000000, 0.0000000000000000000, -1.000000000000000000 ) ) ;
#2905 = VERTEX_POINT ( 'NONE', #3850 ) ;
#2906 = AXIS2_PLACEMENT_3D ( 'NONE', #1085, #5039, #5463 ) ;
#2907 = COLOUR_RGB ( '',1.000000000000000000, 1.000000000000000000, 1.000000000000000000 ) ;
#2908 = ORIENTED_EDGE ( 'NONE', *, *, #2459, .T. ) ;
#2909 = CARTESIAN_POINT ( 'NONE',  ( -5.949889970957029818E-16, 0.0000000000000000000, 1.124999999999998890 ) ) ;
#2910 = ORIENTED_EDGE ( 'NONE', *, *, #4435, .T. ) ;
#2911 = ORIENTED_EDGE ( 'NONE', *, *, #593, .T. ) ;
#2912 = EDGE_CURVE ( 'NONE', #5228, #1793, #348, .T. ) ;
#2913 = ORIENTED_EDGE ( 'NONE', *, *, #5845, .T. ) ;
#2914 = UNCERTAINTY_MEASURE_WITH_UNIT (LENGTH_MEASURE( 1.000000000000000082E-05 ), #3569, 'distance_accuracy_value', 'NONE');
#2915 = ORIENTED_EDGE ( 'NONE', *, *, #1311, .T. ) ;
#2916 = PRESENTATION_LAYER_ASSIGNMENT (  '', '', ( #1708 ) ) ;
#2917 = PLANE ( 'NONE',  #4544 ) ;
#2918 = ORIENTED_EDGE ( 'NONE', *, *, #2781, .F. ) ;
#2919 = FILL_AREA_STYLE_COLOUR ( '', #5791 ) ;
#2920 = VECTOR ( 'NONE', #3331, 1000.000000000000000 ) ;
#2921 = ORIENTED_EDGE ( 'NONE', *, *, #2222, .F. ) ;
#2922 = ORIENTED_EDGE ( 'NONE', *, *, #1967, .T. ) ;
#2923 =( NAMED_UNIT ( * ) SI_UNIT ( $, .STERADIAN. ) SOLID_ANGLE_UNIT ( ) );
#2924 = PLANE ( 'NONE',  #5622 ) ;
#2925 = VECTOR ( 'NONE', #2595, 1000.000000000000000 ) ;
#2926 = DIRECTION ( 'NONE',  ( -1.000000000000000000, 0.0000000000000000000, 0.0000000000000000000 ) ) ;
#2927 = AXIS2_PLACEMENT_3D ( 'NONE', #3635, #3138, #43 ) ;
#2928 = STYLED_ITEM ( 'NONE', ( #4416 ), #2193 ) ;
#2929 = PLANE ( 'NONE',  #552 ) ;
#2930 = CARTESIAN_POINT ( 'NONE',  ( -1.372453912856161917, 1.040000000000000036, -1.372453912856161917 ) ) ;
#2931 = LINE ( 'NONE', #4922, #1662 ) ;
#2932 = EDGE_CURVE ( 'NONE', #1443, #4104, #1608, .T. ) ;
#2933 = FACE_OUTER_BOUND ( 'NONE', #5598, .T. ) ;
#2934 = CARTESIAN_POINT ( 'NONE',  ( -1.655000000000006466, 0.2800000000000000266, 1.125000000000000222 ) ) ;
#2935 = COLOUR_RGB ( '',0.2509803921568627416, 0.2509803921568627416, 0.2509803921568627416 ) ;
#2936 = ORIENTED_EDGE ( 'NONE', *, *, #940, .T. ) ;
#2937 = SURFACE_SIDE_STYLE ('',( #1549 ) ) ;
#2938 = SURFACE_SIDE_STYLE ('',( #4436 ) ) ;
#2939 = AXIS2_PLACEMENT_3D ( 'NONE', #5231, #272, #5693 ) ;
#2940 =( NAMED_UNIT ( * ) SI_UNIT ( $, .STERADIAN. ) SOLID_ANGLE_UNIT ( ) );
#2941 = ORIENTED_EDGE ( 'NONE', *, *, #5237, .F. ) ;
#2942 = PRESENTATION_LAYER_ASSIGNMENT (  '', '', ( #4818 ) ) ;
#2943 = CARTESIAN_POINT ( 'NONE',  ( -1.225000000000004308, 0.2800000000000000266, 0.1750000000000002387 ) ) ;
#2944 =( LENGTH_UNIT ( ) NAMED_UNIT ( * ) SI_UNIT ( .MILLI., .METRE. ) );
#2945 = SURFACE_STYLE_FILL_AREA ( #1432 ) ;
#2946 = PLANE ( 'NONE',  #2618 ) ;
#2947 = STYLED_ITEM ( 'NONE', ( #3901 ), #2649 ) ;
#2948 = DIRECTION ( 'NONE',  ( 0.0000000000000000000, 0.0000000000000000000, -1.000000000000000000 ) ) ;
#2949 = EDGE_CURVE ( 'NONE', #2642, #4884, #4992, .T. ) ;
#2950 = COLOUR_RGB ( '',0.7921568627450980005, 0.8196078431372548767, 0.9333333333333333481 ) ;
#2951 = VECTOR ( 'NONE', #3166, 1000.000000000000114 ) ;
#2952 = PRESENTATION_LAYER_ASSIGNMENT (  '', '', ( #422 ) ) ;
#2953 = CARTESIAN_POINT ( 'NONE',  ( -0.06999999999999974298, 0.2800000000000000266, -1.300000000000000044 ) ) ;
#2954 = FACE_OUTER_BOUND ( 'NONE', #2387, .T. ) ;
#2955 = DIRECTION ( 'NONE',  ( 1.000000000000000000, 0.0000000000000000000, -0.0000000000000000000 ) ) ;
#2956 = VECTOR ( 'NONE', #138, 1000.000000000000000 ) ;
#2957 = VECTOR ( 'NONE', #1637, 1000.000000000000000 ) ;
#2958 = CARTESIAN_POINT ( 'NONE',  ( -0.02499999999999971342, 0.0000000000000000000, -1.054999999999999938 ) ) ;
#2959 = DIRECTION ( 'NONE',  ( -0.0000000000000000000, 0.0000000000000000000, -1.000000000000000000 ) ) ;
#2960 = VECTOR ( 'NONE', #3646, 1000.000000000000000 ) ;
#2961 = LINE ( 'NONE', #3055, #2205 ) ;
#2962 = CARTESIAN_POINT ( 'NONE',  ( 0.0000000000000000000, 0.2800000000000000266, 0.0000000000000000000 ) ) ;
#2963 = SURFACE_SIDE_STYLE ('',( #660 ) ) ;
#2964 = VECTOR ( 'NONE', #4745, 1000.000000000000000 ) ;
#2965 = VECTOR ( 'NONE', #2842, 1000.000000000000000 ) ;
#2966 = VECTOR ( 'NONE', #1787, 1000.000000000000000 ) ;
#2967 = VECTOR ( 'NONE', #5536, 1000.000000000000000 ) ;
#2968 = FILL_AREA_STYLE ('',( #5623 ) ) ;
#2969 =( GEOMETRIC_REPRESENTATION_CONTEXT ( 3 ) GLOBAL_UNCERTAINTY_ASSIGNED_CONTEXT ( ( #4773 ) ) GLOBAL_UNIT_ASSIGNED_CONTEXT ( ( #3282, #2807, #579 ) ) REPRESENTATION_CONTEXT ( 'NONE', 'WORKASPACE' ) );
#2970 = LINE ( 'NONE', #4638, #500 ) ;
#2971 = VECTOR ( 'NONE', #3865, 1000.000000000000000 ) ;
#2972 = DIRECTION ( 'NONE',  ( 0.0000000000000000000, 0.0000000000000000000, -1.000000000000000000 ) ) ;
#2973 = VECTOR ( 'NONE', #3181, 1000.000000000000000 ) ;
#2974 =( GEOMETRIC_REPRESENTATION_CONTEXT ( 3 ) GLOBAL_UNCERTAINTY_ASSIGNED_CONTEXT ( ( #602 ) ) GLOBAL_UNIT_ASSIGNED_CONTEXT ( ( #3625, #1015, #956 ) ) REPRESENTATION_CONTEXT ( 'NONE', 'WORKASPACE' ) );
#2975 = VERTEX_POINT ( 'NONE', #5603 ) ;
#2976 = ORIENTED_EDGE ( 'NONE', *, *, #4783, .F. ) ;
#2977 = ORIENTED_EDGE ( 'NONE', *, *, #1241, .F. ) ;
#2978 = EDGE_CURVE ( 'NONE', #4554, #2783, #3784, .T. ) ;
#2979 = DIRECTION ( 'NONE',  ( -0.0000000000000000000, -1.000000000000000000, -0.0000000000000000000 ) ) ;
#2980 = ORIENTED_EDGE ( 'NONE', *, *, #3916, .F. ) ;
#2981 = LINE ( 'NONE', #1796, #3944 ) ;
#2982 = ORIENTED_EDGE ( 'NONE', *, *, #1423, .F. ) ;
#2983 = DIRECTION ( 'NONE',  ( 1.000000000000000000, -0.0000000000000000000, 1.260700200564539845E-16 ) ) ;
#2984 =( GEOMETRIC_REPRESENTATION_CONTEXT ( 3 ) GLOBAL_UNCERTAINTY_ASSIGNED_CONTEXT ( ( #969 ) ) GLOBAL_UNIT_ASSIGNED_CONTEXT ( ( #3549, #3167, #4947 ) ) REPRESENTATION_CONTEXT ( 'NONE', 'WORKASPACE' ) );
#2985 = ORIENTED_EDGE ( 'NONE', *, *, #3145, .T. ) ;
#2986 =( NAMED_UNIT ( * ) SI_UNIT ( $, .STERADIAN. ) SOLID_ANGLE_UNIT ( ) );
#2987 =( NAMED_UNIT ( * ) SI_UNIT ( $, .STERADIAN. ) SOLID_ANGLE_UNIT ( ) );
#2988 = AXIS2_PLACEMENT_3D ( 'NONE', #4241, #1737, #327 ) ;
#2989 = ORIENTED_EDGE ( 'NONE', *, *, #1642, .F. ) ;
#2990 = ORIENTED_EDGE ( 'NONE', *, *, #1481, .F. ) ;
#2991 = UNCERTAINTY_MEASURE_WITH_UNIT (LENGTH_MEASURE( 1.000000000000000082E-05 ), #423, 'distance_accuracy_value', 'NONE');
#2992 = ORIENTED_EDGE ( 'NONE', *, *, #643, .F. ) ;
#2993 = EDGE_CURVE ( 'NONE', #5302, #2713, #2051, .T. ) ;
#2994 = ORIENTED_EDGE ( 'NONE', *, *, #416, .F. ) ;
#2995 = CARTESIAN_POINT ( 'NONE',  ( -1.431854874185882531, 0.9879029561872896270, -1.431854874185882531 ) ) ;
#2996 = STYLED_ITEM ( 'NONE', ( #1074 ), #4614 ) ;
#2997 = FILL_AREA_STYLE ('',( #1623 ) ) ;
#2998 = CARTESIAN_POINT ( 'NONE',  ( -0.06999999999999975686, 0.0000000000000000000, 1.300000000000000044 ) ) ;
#2999 = CARTESIAN_POINT ( 'NONE',  ( 1.655000000000000249, 0.0000000000000000000, -0.4749999999999997558 ) ) ;
#3000 = UNCERTAINTY_MEASURE_WITH_UNIT (LENGTH_MEASURE( 1.000000000000000082E-05 ), #338, 'distance_accuracy_value', 'NONE');
#3001 = DIRECTION ( 'NONE',  ( -1.000000000000000000, 0.0000000000000000000, 0.0000000000000000000 ) ) ;
#3002 = CARTESIAN_POINT ( 'NONE',  ( 1.245000000000000329, 0.0000000000000000000, 1.124999999999999556 ) ) ;
#3003 = DIRECTION ( 'NONE',  ( 0.0000000000000000000, -0.0000000000000000000, 1.000000000000000000 ) ) ;
#3004 = VECTOR ( 'NONE', #4906, 1000.000000000000000 ) ;
#3005 = CARTESIAN_POINT ( 'NONE',  ( -0.02499999999999971342, 0.2800000000000000266, 1.054999999999999938 ) ) ;
#3006 =( GEOMETRIC_REPRESENTATION_CONTEXT ( 3 ) GLOBAL_UNCERTAINTY_ASSIGNED_CONTEXT ( ( #1251 ) ) GLOBAL_UNIT_ASSIGNED_CONTEXT ( ( #4214, #5163, #3762 ) ) REPRESENTATION_CONTEXT ( 'NONE', 'WORKASPACE' ) );
#3007 = MECHANICAL_DESIGN_GEOMETRIC_PRESENTATION_REPRESENTATION (  '', ( #4311 ), #4919 ) ;
#3008 = DIRECTION ( 'NONE',  ( -0.2873478855663454956, 0.0000000000000000000, 0.9578262852211513190 ) ) ;
#3009 = CARTESIAN_POINT ( 'NONE',  ( 1.524999999999999911, 0.2799999999999790434, 1.524999999999999467 ) ) ;
#3010 = DIRECTION ( 'NONE',  ( -0.0000000000000000000, 0.0000000000000000000, -1.000000000000000000 ) ) ;
#3011 = COLOUR_RGB ( '',1.000000000000000000, 1.000000000000000000, 1.000000000000000000 ) ;
#3012 = COLOUR_RGB ( '',0.2509803921568627416, 0.2509803921568627416, 0.2509803921568627416 ) ;
#3013 = ORIENTED_EDGE ( 'NONE', *, *, #1967, .F. ) ;
#3014 = EDGE_CURVE ( 'NONE', #232, #1207, #267, .T. ) ;
#3015 = PRESENTATION_STYLE_ASSIGNMENT (( #3247 ) ) ;
#3016 = PRESENTATION_LAYER_ASSIGNMENT (  '', '', ( #2606 ) ) ;
#3017 = DIRECTION ( 'NONE',  ( -0.0000000000000000000, -1.000000000000000000, -0.0000000000000000000 ) ) ;
#3018 = CARTESIAN_POINT ( 'NONE',  ( -1.524999999999997025, 0.2800000000000000266, 0.8250000000000001776 ) ) ;
#3019 = VECTOR ( 'NONE', #1741, 1000.000000000000000 ) ;
#3020 = PRESENTATION_LAYER_ASSIGNMENT (  '', '', ( #2730 ) ) ;
#3021 = DIRECTION ( 'NONE',  ( 1.322197771323785883E-16, 0.0000000000000000000, -1.000000000000000000 ) ) ;
#3022 = ADVANCED_BREP_SHAPE_REPRESENTATION ( 'SQS484EN-T1', ( #5525, #542, #4037, #2833, #1964, #3492, #420 ), #1132 ) ;
#3023 = SURFACE_STYLE_FILL_AREA ( #3659 ) ;
#3024 = CARTESIAN_POINT ( 'NONE',  ( -1.524999999999999911, 0.0000000000000000000, -0.1749999999999998224 ) ) ;
#3025 =( LENGTH_UNIT ( ) NAMED_UNIT ( * ) SI_UNIT ( .MILLI., .METRE. ) );
#3026 = CARTESIAN_POINT ( 'NONE',  ( -1.224999999999999645, 0.2800000000000000266, -0.8249999999999997335 ) ) ;
#3027 = EDGE_CURVE ( 'NONE', #2713, #183, #1541, .T. ) ;
#3028 = PLANE ( 'NONE',  #1240 ) ;
#3029 = COLOUR_RGB ( '',0.2509803921568627416, 0.2509803921568627416, 0.2509803921568627416 ) ;
#3030 = ADVANCED_FACE ( 'NONE', ( #1332 ), #3798, .F. ) ;
#3031 = FACE_OUTER_BOUND ( 'NONE', #4592, .T. ) ;
#3032 = VECTOR ( 'NONE', #184, 1000.000000000000000 ) ;
#3033 = SURFACE_STYLE_FILL_AREA ( #2027 ) ;
#3034 = FILL_AREA_STYLE ('',( #5226 ) ) ;
#3035 = DIRECTION ( 'NONE',  ( -0.0000000000000000000, 1.000000000000000000, -0.0000000000000000000 ) ) ;
#3036 =( LENGTH_UNIT ( ) NAMED_UNIT ( * ) SI_UNIT ( .MILLI., .METRE. ) );
#3037 = CARTESIAN_POINT ( 'NONE',  ( 1.245000000000000329, 0.0000000000000000000, -0.1749999999999998501 ) ) ;
#3038 = MECHANICAL_DESIGN_GEOMETRIC_PRESENTATION_REPRESENTATION (  '', ( #4676 ), #208 ) ;
#3039 = LINE ( 'NONE', #5191, #1785 ) ;
#3040 = CARTESIAN_POINT ( 'NONE',  ( 1.655000000000000249, 0.0000000000000000000, 0.8249999999999997335 ) ) ;
#3041 = DIRECTION ( 'NONE',  ( 1.000000000000000000, 0.0000000000000000000, -0.0000000000000000000 ) ) ;
#3042 = LINE ( 'NONE', #649, #3672 ) ;
#3043 = ORIENTED_EDGE ( 'NONE', *, *, #2949, .T. ) ;
#3044 = DIRECTION ( 'NONE',  ( -0.0000000000000000000, 1.000000000000000000, -0.0000000000000000000 ) ) ;
#3045 = ORIENTED_EDGE ( 'NONE', *, *, #214, .T. ) ;
#3046 = EDGE_CURVE ( 'NONE', #5097, #1151, #5196, .T. ) ;
#3047 = ORIENTED_EDGE ( 'NONE', *, *, #1665, .F. ) ;
#3048 = VERTEX_POINT ( 'NONE', #2476 ) ;
#3049 = ORIENTED_EDGE ( 'NONE', *, *, #4986, .F. ) ;
#3050 =( LENGTH_UNIT ( ) NAMED_UNIT ( * ) SI_UNIT ( .MILLI., .METRE. ) );
#3051 = STYLED_ITEM ( 'NONE', ( #2837 ), #3668 ) ;
#3052 = ORIENTED_EDGE ( 'NONE', *, *, #4376, .T. ) ;
#3053 = CARTESIAN_POINT ( 'NONE',  ( 1.442162081988721978, 0.9095681768857077909, -1.442162081988722422 ) ) ;
#3054 = VERTEX_POINT ( 'NONE', #3832 ) ;
#3055 = CARTESIAN_POINT ( 'NONE',  ( 1.245000000000000329, 0.0000000000000000000, 0.8249999999999997335 ) ) ;
#3056 = ADVANCED_FACE ( 'NONE', ( #1262 ), #2929, .F. ) ;
#3057 = DIRECTION ( 'NONE',  ( -1.000000000000000000, -0.0000000000000000000, -1.322197771323785883E-16 ) ) ;
#3058 = VERTEX_POINT ( 'NONE', #1152 ) ;
#3059 = DIRECTION ( 'NONE',  ( -0.0000000000000000000, -0.0000000000000000000, -1.000000000000000000 ) ) ;
#3060 = AXIS2_PLACEMENT_3D ( 'NONE', #3529, #4840, #768 ) ;
#3061 = ORIENTED_EDGE ( 'NONE', *, *, #4511, .T. ) ;
#3062 = PLANE ( 'NONE',  #3613 ) ;
#3063 = UNCERTAINTY_MEASURE_WITH_UNIT (LENGTH_MEASURE( 1.000000000000000082E-05 ), #906, 'distance_accuracy_value', 'NONE');
#3064 = EDGE_LOOP ( 'NONE', ( #4786, #654, #3880, #4647, #5437, #4663, #1804, #104, #3195, #3945, #3599, #1361, #1073, #368, #2705, #3747, #3328, #1632, #799, #4881, #1077, #2580, #4827, #1594, #5447, #2852, #5716, #2863, #5749, #948, #4243, #719 ) ) ;
#3065 = CARTESIAN_POINT ( 'NONE',  ( 1.245000000000000329, 0.2800000000000000266, -1.124999999999999556 ) ) ;
#3066 = CARTESIAN_POINT ( 'NONE',  ( -1.225000000000006528, -0.02000000000000000042, 0.8250000000000001776 ) ) ;
#3067 = PRODUCT_DEFINITION ( 'UNKNOWN', '', #2139, #4506 ) ;
#3068 = PRESENTATION_LAYER_ASSIGNMENT (  '', '', ( #5164 ) ) ;
#3069 = DIRECTION ( 'NONE',  ( 1.409753312980081051E-16, 0.1304545125713841014, 0.9914542955425441617 ) ) ;
#3070 =( LENGTH_UNIT ( ) NAMED_UNIT ( * ) SI_UNIT ( .MILLI., .METRE. ) );
#3071 = FILL_AREA_STYLE ('',( #5700 ) ) ;
#3072 = EDGE_CURVE ( 'NONE', #1357, #3937, #4149, .T. ) ;
#3073 = UNCERTAINTY_MEASURE_WITH_UNIT (LENGTH_MEASURE( 1.000000000000000082E-05 ), #5056, 'distance_accuracy_value', 'NONE');
#3074 = PLANE ( 'NONE',  #5103 ) ;
#3075 = VECTOR ( 'NONE', #245, 1000.000000000000000 ) ;
#3076 = SURFACE_SIDE_STYLE ('',( #2690 ) ) ;
#3077 = VECTOR ( 'NONE', #2582, 1000.000000000000000 ) ;
#3078 = PRESENTATION_STYLE_ASSIGNMENT (( #2638 ) ) ;
#3079 = CARTESIAN_POINT ( 'NONE',  ( -0.3199999999999997291, 0.2800000000000000266, -1.300000000000000044 ) ) ;
#3080 = VERTEX_POINT ( 'NONE', #1617 ) ;
#3081 = CARTESIAN_POINT ( 'NONE',  ( -1.654999999999999805, -0.02000000000000000042, -1.124999999999999778 ) ) ;
#3082 = CARTESIAN_POINT ( 'NONE',  ( 1.524999999999999911, 0.0000000000000000000, 1.524999999999999467 ) ) ;
#3083 = PRESENTATION_STYLE_ASSIGNMENT (( #5492 ) ) ;
#3084 = CARTESIAN_POINT ( 'NONE',  ( -1.524999999999999911, 0.2799999999999790434, -1.524999999999999911 ) ) ;
#3085 =( GEOMETRIC_REPRESENTATION_CONTEXT ( 3 ) GLOBAL_UNCERTAINTY_ASSIGNED_CONTEXT ( ( #533 ) ) GLOBAL_UNIT_ASSIGNED_CONTEXT ( ( #5003, #2786, #3211 ) ) REPRESENTATION_CONTEXT ( 'NONE', 'WORKASPACE' ) );
#3086 = ORIENTED_EDGE ( 'NONE', *, *, #5762, .T. ) ;
#3087 = DIRECTION ( 'NONE',  ( -0.2873478855663454401, 0.0000000000000000000, -0.9578262852211513190 ) ) ;
#3088 = CARTESIAN_POINT ( 'NONE',  ( 2.313846099816625542E-17, 0.0000000000000000000, -0.1750000000000000167 ) ) ;
#3089 = PRESENTATION_STYLE_ASSIGNMENT (( #3955 ) ) ;
#3090 = STYLED_ITEM ( 'NONE', ( #4273 ), #3056 ) ;
#3091 = VECTOR ( 'NONE', #5012, 1000.000000000000000 ) ;
#3092 = COLOUR_RGB ( '',1.000000000000000000, 1.000000000000000000, 1.000000000000000000 ) ;
#3093 = EDGE_CURVE ( 'NONE', #5074, #5797, #4845, .T. ) ;
#3094 = DIRECTION ( 'NONE',  ( -0.0000000000000000000, 0.0000000000000000000, -1.000000000000000000 ) ) ;
#3095 = LINE ( 'NONE', #403, #135 ) ;
#3096 = CARTESIAN_POINT ( 'NONE',  ( -1.225000000000006528, -0.02000000000000000042, 0.8250000000000001776 ) ) ;
#3097 = AXIS2_PLACEMENT_3D ( 'NONE', #1962, #1980, #613 ) ;
#3098 = CARTESIAN_POINT ( 'NONE',  ( -0.02499999999999974118, 0.0000000000000000000, -1.149999999999999911 ) ) ;
#3099 = UNCERTAINTY_MEASURE_WITH_UNIT (LENGTH_MEASURE( 1.000000000000000082E-05 ), #4976, 'distance_accuracy_value', 'NONE');
#3100 = CARTESIAN_POINT ( 'NONE',  ( -0.02499999999999974118, 0.0000000000000000000, -1.149999999999999911 ) ) ;
#3101 = PRESENTATION_STYLE_ASSIGNMENT (( #868 ) ) ;
#3102 = DIRECTION ( 'NONE',  ( -0.0000000000000000000, 1.000000000000000000, -0.0000000000000000000 ) ) ;
#3103 = PRESENTATION_LAYER_ASSIGNMENT (  '', '', ( #5197 ) ) ;
#3104 = FILL_AREA_STYLE_COLOUR ( '', #832 ) ;
#3105 = CARTESIAN_POINT ( 'NONE',  ( 1.655000000000000249, 0.0000000000000000000, 1.124999999999999778 ) ) ;
#3106 = LINE ( 'NONE', #2551, #5354 ) ;
#3107 = CARTESIAN_POINT ( 'NONE',  ( -1.524999999999997025, 0.2800000000000000266, -1.124999999999999778 ) ) ;
#3108 = FILL_AREA_STYLE_COLOUR ( '', #3495 ) ;
#3109 = PLANE ( 'NONE',  #2079 ) ;
#3110 = CARTESIAN_POINT ( 'NONE',  ( -1.225000000000006528, -0.02000000000000000042, 0.8250000000000001776 ) ) ;
#3111 = EDGE_CURVE ( 'NONE', #4307, #5281, #5494, .T. ) ;
#3112 = CARTESIAN_POINT ( 'NONE',  ( -0.3649999999999997691, 0.0000000000000000000, -1.149999999999999911 ) ) ;
#3113 = MECHANICAL_DESIGN_GEOMETRIC_PRESENTATION_REPRESENTATION (  '', ( #2996 ), #3705 ) ;
#3114 = VECTOR ( 'NONE', #4458, 1000.000000000000114 ) ;
#3115 = VECTOR ( 'NONE', #2428, 1000.000000000000000 ) ;
#3116 = DIRECTION ( 'NONE',  ( -0.0000000000000000000, 1.000000000000000000, -0.0000000000000000000 ) ) ;
#3117 = ADVANCED_FACE ( 'NONE', ( #1686 ), #2155, .F. ) ;
#3118 = CARTESIAN_POINT ( 'NONE',  ( 1.655000000000000249, 0.2800000000000000266, 1.124999999999999778 ) ) ;
#3119 = PRESENTATION_LAYER_ASSIGNMENT (  '', '', ( #349 ) ) ;
#3120 =( GEOMETRIC_REPRESENTATION_CONTEXT ( 3 ) GLOBAL_UNCERTAINTY_ASSIGNED_CONTEXT ( ( #5408 ) ) GLOBAL_UNIT_ASSIGNED_CONTEXT ( ( #755, #737, #2141 ) ) REPRESENTATION_CONTEXT ( 'NONE', 'WORKASPACE' ) );
#3121 = ORIENTED_EDGE ( 'NONE', *, *, #1388, .T. ) ;
#3122 = LINE ( 'NONE', #5036, #5365 ) ;
#3123 = ORIENTED_EDGE ( 'NONE', *, *, #3469, .F. ) ;
#3124 = EDGE_LOOP ( 'NONE', ( #1640, #1390, #4521, #1719 ) ) ;
#3125 =( LENGTH_UNIT ( ) NAMED_UNIT ( * ) SI_UNIT ( .MILLI., .METRE. ) );
#3126 =( LENGTH_UNIT ( ) NAMED_UNIT ( * ) SI_UNIT ( .MILLI., .METRE. ) );
#3127 = PLANE ( 'NONE',  #5803 ) ;
#3128 = ORIENTED_EDGE ( 'NONE', *, *, #4650, .T. ) ;
#3129 = PLANE ( 'NONE',  #145 ) ;
#3130 = DIRECTION ( 'NONE',  ( -0.0000000000000000000, -0.0000000000000000000, 1.000000000000000000 ) ) ;
#3131 = ORIENTED_EDGE ( 'NONE', *, *, #4276, .F. ) ;
#3132 = EDGE_LOOP ( 'NONE', ( #4939, #3196, #2599, #1138 ) ) ;
#3133 = EDGE_CURVE ( 'NONE', #2500, #1504, #5277, .T. ) ;
#3134 = ORIENTED_EDGE ( 'NONE', *, *, #5112, .F. ) ;
#3135 = ORIENTED_EDGE ( 'NONE', *, *, #1733, .F. ) ;
#3136 =( GEOMETRIC_REPRESENTATION_CONTEXT ( 3 ) GLOBAL_UNCERTAINTY_ASSIGNED_CONTEXT ( ( #2291 ) ) GLOBAL_UNIT_ASSIGNED_CONTEXT ( ( #4175, #3344, #1519 ) ) REPRESENTATION_CONTEXT ( 'NONE', 'WORKASPACE' ) );
#3137 = ORIENTED_EDGE ( 'NONE', *, *, #4672, .T. ) ;
#3138 = DIRECTION ( 'NONE',  ( 0.0000000000000000000, -1.000000000000000000, 0.0000000000000000000 ) ) ;
#3139 = ORIENTED_EDGE ( 'NONE', *, *, #3218, .F. ) ;
#3140 =( NAMED_UNIT ( * ) PLANE_ANGLE_UNIT ( ) SI_UNIT ( $, .RADIAN. ) );
#3141 = CARTESIAN_POINT ( 'NONE',  ( 1.524999999999999911, 0.0000000000000000000, 0.1749999999999998224 ) ) ;
#3142 = LINE ( 'NONE', #5046, #37 ) ;
#3143 = CARTESIAN_POINT ( 'NONE',  ( -1.442162081988721978, 0.9095681768857077909, 1.442162081988721978 ) ) ;
#3144 = UNCERTAINTY_MEASURE_WITH_UNIT (LENGTH_MEASURE( 1.000000000000000082E-05 ), #2650, 'distance_accuracy_value', 'NONE');
#3145 = EDGE_CURVE ( 'NONE', #1008, #3675, #79, .T. ) ;
#3146 = CARTESIAN_POINT ( 'NONE',  ( -1.524999999999999911, 1.040000000000000036, 1.524999999999999911 ) ) ;
#3147 = CARTESIAN_POINT ( 'NONE',  ( -0.3649999999999997691, 0.2800000000000000266, 1.149999999999999911 ) ) ;
#3148 = COLOUR_RGB ( '',0.2509803921568627416, 0.2509803921568627416, 0.2509803921568627416 ) ;
#3149 = DIRECTION ( 'NONE',  ( -0.0000000000000000000, -0.0000000000000000000, 1.000000000000000000 ) ) ;
#3150 = DIRECTION ( 'NONE',  ( 1.000000000000000000, 0.0000000000000000000, -1.421904488505579654E-16 ) ) ;
#3151 =( NAMED_UNIT ( * ) SI_UNIT ( $, .STERADIAN. ) SOLID_ANGLE_UNIT ( ) );
#3152 = ADVANCED_FACE ( 'NONE', ( #1855 ), #5255, .T. ) ;
#3153 = ORIENTED_EDGE ( 'NONE', *, *, #3320, .T. ) ;
#3154 = PLANE ( 'NONE',  #4617 ) ;
#3155 = FACE_OUTER_BOUND ( 'NONE', #5250, .T. ) ;
#3156 = ORIENTED_EDGE ( 'NONE', *, *, #2083, .F. ) ;
#3157 = CARTESIAN_POINT ( 'NONE',  ( 0.0000000000000000000, 0.0000000000000000000, 0.0000000000000000000 ) ) ;
#3158 = VECTOR ( 'NONE', #3430, 1000.000000000000000 ) ;
#3159 = DIRECTION ( 'NONE',  ( -0.0000000000000000000, -0.0000000000000000000, 1.000000000000000000 ) ) ;
#3160 = PLANE ( 'NONE',  #4894 ) ;
#3161 = SURFACE_STYLE_USAGE ( .BOTH. , #1420 ) ;
#3162 = DIRECTION ( 'NONE',  ( 1.000000000000000000, 0.0000000000000000000, -0.0000000000000000000 ) ) ;
#3163 = CARTESIAN_POINT ( 'NONE',  ( 1.655000000000000249, 0.2800000000000000266, -1.124999999999999778 ) ) ;
#3164 = EDGE_CURVE ( 'NONE', #55, #502, #1552, .T. ) ;
#3165 = DIRECTION ( 'NONE',  ( 1.000000000000000000, 0.0000000000000000000, -0.0000000000000000000 ) ) ;
#3166 = DIRECTION ( 'NONE',  ( 0.2873478855663454956, 0.0000000000000000000, -0.9578262852211513190 ) ) ;
#3167 =( NAMED_UNIT ( * ) PLANE_ANGLE_UNIT ( ) SI_UNIT ( $, .RADIAN. ) );
#3168 = VECTOR ( 'NONE', #3479, 1000.000000000000000 ) ;
#3169 = STYLED_ITEM ( 'NONE', ( #2610 ), #3287 ) ;
#3170 = STYLED_ITEM ( 'NONE', ( #3900 ), #44 ) ;
#3171 = DIRECTION ( 'NONE',  ( 0.0000000000000000000, 0.0000000000000000000, -1.000000000000000000 ) ) ;
#3172 = UNCERTAINTY_MEASURE_WITH_UNIT (LENGTH_MEASURE( 1.000000000000000082E-05 ), #5420, 'distance_accuracy_value', 'NONE');
#3173 = VECTOR ( 'NONE', #5430, 1000.000000000000000 ) ;
#3174 = FILL_AREA_STYLE ('',( #1810 ) ) ;
#3175 = ADVANCED_FACE ( 'NONE', ( #5063 ), #4329, .F. ) ;
#3176 = APPLICATION_CONTEXT ( 'automotive_design' ) ;
#3177 = CARTESIAN_POINT ( 'NONE',  ( 1.655000000000000249, 0.2800000000000000266, 0.1749999999999998224 ) ) ;
#3178 = SURFACE_STYLE_FILL_AREA ( #5422 ) ;
#3179 = PLANE ( 'NONE',  #5150 ) ;
#3180 = STYLED_ITEM ( 'NONE', ( #4853 ), #1017 ) ;
#3181 = DIRECTION ( 'NONE',  ( 0.0000000000000000000, 0.0000000000000000000, 1.000000000000000000 ) ) ;
#3182 = CARTESIAN_POINT ( 'NONE',  ( -0.06999999999999975686, 0.0000000000000000000, 1.649999999999999911 ) ) ;
#3183 = CARTESIAN_POINT ( 'NONE',  ( 1.524999999999999911, 0.0000000000000000000, 1.524999999999999467 ) ) ;
#3184 = SURFACE_STYLE_FILL_AREA ( #3841 ) ;
#3185 =( LENGTH_UNIT ( ) NAMED_UNIT ( * ) SI_UNIT ( .MILLI., .METRE. ) );
#3186 =( NAMED_UNIT ( * ) PLANE_ANGLE_UNIT ( ) SI_UNIT ( $, .RADIAN. ) );
#3187 = EDGE_CURVE ( 'NONE', #5458, #2576, #630, .T. ) ;
#3188 = LINE ( 'NONE', #2507, #3589 ) ;
#3189 = AXIS2_PLACEMENT_3D ( 'NONE', #1628, #4321, #2959 ) ;
#3190 = LINE ( 'NONE', #1502, #3799 ) ;
#3191 = ORIENTED_EDGE ( 'NONE', *, *, #110, .F. ) ;
#3192 = ORIENTED_EDGE ( 'NONE', *, *, #4905, .T. ) ;
#3193 = EDGE_LOOP ( 'NONE', ( #3546, #2244, #3745, #1424, #2990, #4472, #3291, #2790, #2557, #1198, #5759, #4956 ) ) ;
#3194 = CARTESIAN_POINT ( 'NONE',  ( -1.655000000000006466, 0.2800000000000000266, 1.125000000000000222 ) ) ;
#3195 = ORIENTED_EDGE ( 'NONE', *, *, #214, .F. ) ;
#3196 = ORIENTED_EDGE ( 'NONE', *, *, #1081, .T. ) ;
#3197 = CARTESIAN_POINT ( 'NONE',  ( -0.3199999999999997291, 0.2800000000000000266, 1.300000000000000044 ) ) ;
#3198 = MECHANICAL_DESIGN_GEOMETRIC_PRESENTATION_REPRESENTATION (  '', ( #4425 ), #2032 ) ;
#3199 = PRESENTATION_LAYER_ASSIGNMENT (  '', '', ( #2891 ) ) ;
#3200 = ORIENTED_EDGE ( 'NONE', *, *, #2117, .F. ) ;
#3201 = VERTEX_POINT ( 'NONE', #4392 ) ;
#3202 = DIRECTION ( 'NONE',  ( 0.0000000000000000000, -0.0000000000000000000, 1.000000000000000000 ) ) ;
#3203 = CARTESIAN_POINT ( 'NONE',  ( 1.524999999999999911, 0.2799999999999790434, 1.524999999999999467 ) ) ;
#3204 = FILL_AREA_STYLE_COLOUR ( '', #922 ) ;
#3205 = DIRECTION ( 'NONE',  ( -0.0000000000000000000, -1.000000000000000000, 0.0000000000000000000 ) ) ;
#3206 = ORIENTED_EDGE ( 'NONE', *, *, #771, .F. ) ;
#3207 = ADVANCED_FACE ( 'NONE', ( #4997 ), #4802, .F. ) ;
#3208 = EDGE_CURVE ( 'NONE', #1071, #1625, #1849, .T. ) ;
#3209 = ORIENTED_EDGE ( 'NONE', *, *, #5486, .F. ) ;
#3210 = VERTEX_POINT ( 'NONE', #3600 ) ;
#3211 =( NAMED_UNIT ( * ) SI_UNIT ( $, .STERADIAN. ) SOLID_ANGLE_UNIT ( ) );
#3212 =( NAMED_UNIT ( * ) SI_UNIT ( $, .STERADIAN. ) SOLID_ANGLE_UNIT ( ) );
#3213 = STYLED_ITEM ( 'NONE', ( #201 ), #4081 ) ;
#3214 = LINE ( 'NONE', #747, #2452 ) ;
#3215 = CARTESIAN_POINT ( 'NONE',  ( -0.06999999999999974298, 0.2800000000000000266, -1.649999999999999911 ) ) ;
#3216 = AXIS2_PLACEMENT_3D ( 'NONE', #776, #3434, #1691 ) ;
#3217 =( NAMED_UNIT ( * ) PLANE_ANGLE_UNIT ( ) SI_UNIT ( $, .RADIAN. ) );
#3218 = EDGE_CURVE ( 'NONE', #2703, #5085, #1545, .T. ) ;
#3219 = DIRECTION ( 'NONE',  ( -1.000000000000000000, -0.0000000000000000000, -0.0000000000000000000 ) ) ;
#3220 =( NAMED_UNIT ( * ) SI_UNIT ( $, .STERADIAN. ) SOLID_ANGLE_UNIT ( ) );
#3221 = PRESENTATION_LAYER_ASSIGNMENT (  '', '', ( #1919 ) ) ;
#3222 = CYLINDRICAL_SURFACE ( 'NONE', #3866, 0.1499999999999999667 ) ;
#3223 = ORIENTED_EDGE ( 'NONE', *, *, #568, .T. ) ;
#3224 = CARTESIAN_POINT ( 'NONE',  ( -1.225000000000006528, 0.2800000000000000266, 0.8250000000000001776 ) ) ;
#3225 = DIRECTION ( 'NONE',  ( 0.0000000000000000000, -0.0000000000000000000, -1.000000000000000000 ) ) ;
#3226 = DIRECTION ( 'NONE',  ( 1.000000000000000000, 0.0000000000000000000, -0.0000000000000000000 ) ) ;
#3227 = ORIENTED_EDGE ( 'NONE', *, *, #4115, .T. ) ;
#3228 = PRESENTATION_STYLE_ASSIGNMENT (( #4725 ) ) ;
#3229 = LINE ( 'NONE', #1530, #1175 ) ;
#3230 = AXIS2_PLACEMENT_3D ( 'NONE', #2753, #1399, #1896 ) ;
#3231 = FILL_AREA_STYLE_COLOUR ( '', #1581 ) ;
#3232 = ADVANCED_FACE ( 'NONE', ( #1117 ), #3109, .T. ) ;
#3233 = FILL_AREA_STYLE ('',( #4524 ) ) ;
#3234 =( NAMED_UNIT ( * ) SI_UNIT ( $, .STERADIAN. ) SOLID_ANGLE_UNIT ( ) );
#3235 = SURFACE_STYLE_FILL_AREA ( #3457 ) ;
#3236 = VECTOR ( 'NONE', #3782, 1000.000000000000000 ) ;
#3237 = CARTESIAN_POINT ( 'NONE',  ( 1.655000000000000249, 0.2800000000000000266, -0.4749999999999997558 ) ) ;
#3238 =( LENGTH_UNIT ( ) NAMED_UNIT ( * ) SI_UNIT ( .MILLI., .METRE. ) );
#3239 = EDGE_CURVE ( 'NONE', #3449, #401, #2419, .T. ) ;
#3240 = CARTESIAN_POINT ( 'NONE',  ( -1.225000000000004308, 0.2800000000000000266, 0.4750000000000001443 ) ) ;
#3241 = CARTESIAN_POINT ( 'NONE',  ( 1.245000000000000329, 0.2800000000000000266, 1.124999999999999556 ) ) ;
#3242 = DIRECTION ( 'NONE',  ( -1.000000000000000000, 0.0000000000000000000, 1.421904488505579654E-16 ) ) ;
#3243 = COLOUR_RGB ( '',1.000000000000000000, 1.000000000000000000, 1.000000000000000000 ) ;
#3244 = LINE ( 'NONE', #5583, #1334 ) ;
#3245 = AXIS2_PLACEMENT_3D ( 'NONE', #707, #4323, #1119 ) ;
#3246 = UNCERTAINTY_MEASURE_WITH_UNIT (LENGTH_MEASURE( 1.000000000000000082E-05 ), #2034, 'distance_accuracy_value', 'NONE');
#3247 = SURFACE_STYLE_USAGE ( .BOTH. , #1414 ) ;
#3248 = MECHANICAL_DESIGN_GEOMETRIC_PRESENTATION_REPRESENTATION (  '', ( #4818 ), #3538 ) ;
#3249 = FACE_OUTER_BOUND ( 'NONE', #3830, .T. ) ;
#3250 = FACE_OUTER_BOUND ( 'NONE', #5804, .T. ) ;
#3251 = CARTESIAN_POINT ( 'NONE',  ( 1.245000000000000329, 0.2800000000000000266, 1.054999999999999938 ) ) ;
#3252 = COLOUR_RGB ( '',0.7921568627450980005, 0.8196078431372548767, 0.9333333333333333481 ) ;
#3253 = STYLED_ITEM ( 'NONE', ( #3284 ), #2803 ) ;
#3254 = UNCERTAINTY_MEASURE_WITH_UNIT (LENGTH_MEASURE( 1.000000000000000082E-05 ), #274, 'distance_accuracy_value', 'NONE');
#3255 = DIRECTION ( 'NONE',  ( -1.000000000000000000, 0.0000000000000000000, 0.0000000000000000000 ) ) ;
#3256 =( GEOMETRIC_REPRESENTATION_CONTEXT ( 3 ) GLOBAL_UNCERTAINTY_ASSIGNED_CONTEXT ( ( #4971 ) ) GLOBAL_UNIT_ASSIGNED_CONTEXT ( ( #235, #3375, #5682 ) ) REPRESENTATION_CONTEXT ( 'NONE', 'WORKASPACE' ) );
#3257 = SURFACE_SIDE_STYLE ('',( #4159 ) ) ;
#3258 = DIRECTION ( 'NONE',  ( -0.0000000000000000000, -0.0000000000000000000, 1.000000000000000000 ) ) ;
#3259 = VERTEX_POINT ( 'NONE', #402 ) ;
#3260 = CARTESIAN_POINT ( 'NONE',  ( -1.224999999999999645, -0.02000000000000000042, -1.124999999999999778 ) ) ;
#3261 = EDGE_LOOP ( 'NONE', ( #5815, #2189, #1498, #2177 ) ) ;
#3262 = ADVANCED_FACE ( 'NONE', ( #762 ), #3129, .F. ) ;
#3263 = VERTEX_POINT ( 'NONE', #1309 ) ;
#3264 = CARTESIAN_POINT ( 'NONE',  ( 1.655000000000000249, 0.2800000000000000266, -0.1749999999999998224 ) ) ;
#3265 = ORIENTED_EDGE ( 'NONE', *, *, #32, .F. ) ;
#3266 = SURFACE_STYLE_FILL_AREA ( #2245 ) ;
#3267 = ORIENTED_EDGE ( 'NONE', *, *, #3691, .F. ) ;
#3268 = VERTEX_POINT ( 'NONE', #1753 ) ;
#3269 = SURFACE_SIDE_STYLE ('',( #1335 ) ) ;
#3270 = EDGE_LOOP ( 'NONE', ( #713, #237, #161, #3265 ) ) ;
#3271 = VECTOR ( 'NONE', #4328, 1000.000000000000000 ) ;
#3272 = VERTEX_POINT ( 'NONE', #2246 ) ;
#3273 = DIRECTION ( 'NONE',  ( 0.0000000000000000000, 0.0000000000000000000, 1.000000000000000000 ) ) ;
#3274 = ORIENTED_EDGE ( 'NONE', *, *, #2486, .T. ) ;
#3275 = CARTESIAN_POINT ( 'NONE',  ( 1.655000000000000249, 0.0000000000000000000, -0.1749999999999998224 ) ) ;
#3276 = FILL_AREA_STYLE_COLOUR ( '', #2226 ) ;
#3277 = VECTOR ( 'NONE', #4633, 1000.000000000000000 ) ;
#3278 = MECHANICAL_DESIGN_GEOMETRIC_PRESENTATION_REPRESENTATION (  '', ( #1645 ), #2394 ) ;
#3279 = EDGE_CURVE ( 'NONE', #5085, #4883, #5633, .T. ) ;
#3280 = PRESENTATION_STYLE_ASSIGNMENT (( #1520 ) ) ;
#3281 = CARTESIAN_POINT ( 'NONE',  ( 1.401154618473896329, 1.221224899598389424, 1.401154618473895885 ) ) ;
#3282 =( LENGTH_UNIT ( ) NAMED_UNIT ( * ) SI_UNIT ( .MILLI., .METRE. ) );
#3283 = AXIS2_PLACEMENT_3D ( 'NONE', #853, #5405, #4488 ) ;
#3284 = PRESENTATION_STYLE_ASSIGNMENT (( #1203 ) ) ;
#3285 = CARTESIAN_POINT ( 'NONE',  ( 1.245000000000000329, 0.2800000000000000266, -1.054999999999999938 ) ) ;
#3286 = STYLED_ITEM ( 'NONE', ( #3510 ), #923 ) ;
#3287 = ADVANCED_FACE ( 'NONE', ( #144 ), #5402, .F. ) ;
#3288 = CARTESIAN_POINT ( 'NONE',  ( -1.524999999999999911, 0.2799999999999790434, 1.125000000000000222 ) ) ;
#3289 = LINE ( 'NONE', #911, #5171 ) ;
#3290 = COLOUR_RGB ( '',1.000000000000000000, 1.000000000000000000, 1.000000000000000000 ) ;
#3291 = ORIENTED_EDGE ( 'NONE', *, *, #1228, .F. ) ;
#3292 = EDGE_CURVE ( 'NONE', #4883, #4788, #4994, .T. ) ;
#3293 =( NAMED_UNIT ( * ) SI_UNIT ( $, .STERADIAN. ) SOLID_ANGLE_UNIT ( ) );
#3294 = FILL_AREA_STYLE ('',( #2042 ) ) ;
#3295 = PRESENTATION_LAYER_ASSIGNMENT (  '', '', ( #1096 ) ) ;
#3296 = VECTOR ( 'NONE', #1712, 1000.000000000000000 ) ;
#3297 = CARTESIAN_POINT ( 'NONE',  ( -0.02499999999999971342, 0.2800000000000000266, -1.054999999999999938 ) ) ;
#3298 = LINE ( 'NONE', #3081, #2673 ) ;
#3299 = DIRECTION ( 'NONE',  ( -0.0000000000000000000, -0.0000000000000000000, -1.000000000000000000 ) ) ;
#3300 = SURFACE_STYLE_FILL_AREA ( #2997 ) ;
#3301 = VECTOR ( 'NONE', #1766, 1000.000000000000000 ) ;
#3302 = STYLED_ITEM ( 'NONE', ( #452 ), #5505 ) ;
#3303 = MECHANICAL_DESIGN_GEOMETRIC_PRESENTATION_REPRESENTATION (  '', ( #5641 ), #808 ) ;
#3304 = CARTESIAN_POINT ( 'NONE',  ( 0.0000000000000000000, 1.040000000000000036, 0.0000000000000000000 ) ) ;
#3305 = SURFACE_STYLE_FILL_AREA ( #5368 ) ;
#3306 =( NAMED_UNIT ( * ) PLANE_ANGLE_UNIT ( ) SI_UNIT ( $, .RADIAN. ) );
#3307 = FACE_OUTER_BOUND ( 'NONE', #4163, .T. ) ;
#3308 = DIRECTION ( 'NONE',  ( -1.000000000000000000, 0.0000000000000000000, 0.0000000000000000000 ) ) ;
#3309 = EDGE_CURVE ( 'NONE', #2874, #163, #3441, .T. ) ;
#3310 = VECTOR ( 'NONE', #3707, 1000.000000000000000 ) ;
#3311 = UNCERTAINTY_MEASURE_WITH_UNIT (LENGTH_MEASURE( 1.000000000000000082E-05 ), #998, 'distance_accuracy_value', 'NONE');
#3312 = PRESENTATION_STYLE_ASSIGNMENT (( #3363 ) ) ;
#3313 = VECTOR ( 'NONE', #1058, 1000.000000000000000 ) ;
#3314 = CARTESIAN_POINT ( 'NONE',  ( -1.224999999999999867, 0.2800000000000000266, -0.8249999999999997335 ) ) ;
#3315 =( GEOMETRIC_REPRESENTATION_CONTEXT ( 3 ) GLOBAL_UNCERTAINTY_ASSIGNED_CONTEXT ( ( #114 ) ) GLOBAL_UNIT_ASSIGNED_CONTEXT ( ( #2041, #2501, #5631 ) ) REPRESENTATION_CONTEXT ( 'NONE', 'WORKASPACE' ) );
#3316 = VERTEX_POINT ( 'NONE', #56 ) ;
#3317 = CARTESIAN_POINT ( 'NONE',  ( 1.524999999999999911, 1.040000000000000036, 1.524999999999999467 ) ) ;
#3318 = COLOUR_RGB ( '',1.000000000000000000, 1.000000000000000000, 1.000000000000000000 ) ;
#3319 = EDGE_LOOP ( 'NONE', ( #466, #4804, #2921, #4022 ) ) ;
#3320 = EDGE_CURVE ( 'NONE', #1791, #442, #4497, .T. ) ;
#3321 = VERTEX_POINT ( 'NONE', #539 ) ;
#3322 = CARTESIAN_POINT ( 'NONE',  ( -1.225000000000004308, -0.02000000000000000042, 0.4750000000000001998 ) ) ;
#3323 = DIRECTION ( 'NONE',  ( -1.000000000000000000, 0.0000000000000000000, 0.0000000000000000000 ) ) ;
#3324 = EDGE_LOOP ( 'NONE', ( #5009, #3813, #2913, #1100 ) ) ;
#3325 = VERTEX_POINT ( 'NONE', #2800 ) ;
#3326 = ORIENTED_EDGE ( 'NONE', *, *, #1272, .T. ) ;
#3327 = VECTOR ( 'NONE', #4265, 1000.000000000000000 ) ;
#3328 = ORIENTED_EDGE ( 'NONE', *, *, #908, .F. ) ;
#3329 =( LENGTH_UNIT ( ) NAMED_UNIT ( * ) SI_UNIT ( .MILLI., .METRE. ) );
#3330 = FILL_AREA_STYLE ('',( #1993 ) ) ;
#3331 = DIRECTION ( 'NONE',  ( -0.0000000000000000000, 1.000000000000000000, -0.0000000000000000000 ) ) ;
#3332 = MECHANICAL_DESIGN_GEOMETRIC_PRESENTATION_REPRESENTATION (  '', ( #1060 ), #1667 ) ;
#3333 = ORIENTED_EDGE ( 'NONE', *, *, #1081, .F. ) ;
#3334 = ORIENTED_EDGE ( 'NONE', *, *, #3583, .T. ) ;
#3335 = EDGE_LOOP ( 'NONE', ( #1659, #2994, #5728, #2376 ) ) ;
#3336 = FILL_AREA_STYLE ('',( #2458 ) ) ;
#3337 = CARTESIAN_POINT ( 'NONE',  ( -1.524999999999999911, 1.040000000000000036, 1.524999999999999911 ) ) ;
#3338 = UNCERTAINTY_MEASURE_WITH_UNIT (LENGTH_MEASURE( 1.000000000000000082E-05 ), #967, 'distance_accuracy_value', 'NONE');
#3339 = EDGE_CURVE ( 'NONE', #2511, #3455, #1051, .T. ) ;
#3340 = VECTOR ( 'NONE', #5269, 1000.000000000000000 ) ;
#3341 = CARTESIAN_POINT ( 'NONE',  ( -0.02499999999999974118, 0.2800000000000000266, 1.149999999999999911 ) ) ;
#3342 =( NAMED_UNIT ( * ) SI_UNIT ( $, .STERADIAN. ) SOLID_ANGLE_UNIT ( ) );
#3343 = LINE ( 'NONE', #3281, #2256 ) ;
#3344 =( NAMED_UNIT ( * ) PLANE_ANGLE_UNIT ( ) SI_UNIT ( $, .RADIAN. ) );
#3345 = EDGE_CURVE ( 'NONE', #1948, #1793, #1990, .T. ) ;
#3346 = DIRECTION ( 'NONE',  ( 0.9578262852211514300, -0.0000000000000000000, 0.2873478855663455511 ) ) ;
#3347 = SURFACE_STYLE_FILL_AREA ( #3071 ) ;
#3348 = DIRECTION ( 'NONE',  ( -0.0000000000000000000, 0.0000000000000000000, -1.000000000000000000 ) ) ;
#3349 = ORIENTED_EDGE ( 'NONE', *, *, #2932, .F. ) ;
#3350 = DIRECTION ( 'NONE',  ( -0.0000000000000000000, -1.000000000000000000, -0.0000000000000000000 ) ) ;
#3351 = EDGE_CURVE ( 'NONE', #3533, #3741, #4156, .T. ) ;
#3352 =( NAMED_UNIT ( * ) SI_UNIT ( $, .STERADIAN. ) SOLID_ANGLE_UNIT ( ) );
#3353 =( GEOMETRIC_REPRESENTATION_CONTEXT ( 3 ) GLOBAL_UNCERTAINTY_ASSIGNED_CONTEXT ( ( #1210 ) ) GLOBAL_UNIT_ASSIGNED_CONTEXT ( ( #1730, #1289, #2264 ) ) REPRESENTATION_CONTEXT ( 'NONE', 'WORKASPACE' ) );
#3354 = ORIENTED_EDGE ( 'NONE', *, *, #3666, .T. ) ;
#3355 = LINE ( 'NONE', #3322, #822 ) ;
#3356 = SURFACE_SIDE_STYLE ('',( #4691 ) ) ;
#3357 = LINE ( 'NONE', #5295, #2755 ) ;
#3358 = CARTESIAN_POINT ( 'NONE',  ( 1.245000000000000329, 0.2800000000000000266, -0.4749999999999997558 ) ) ;
#3359 = EDGE_CURVE ( 'NONE', #4257, #4032, #1768, .T. ) ;
#3360 = DIRECTION ( 'NONE',  ( 1.260700200564540091E-16, 0.0000000000000000000, -1.000000000000000000 ) ) ;
#3361 =( LENGTH_UNIT ( ) NAMED_UNIT ( * ) SI_UNIT ( .MILLI., .METRE. ) );
#3362 = PRESENTATION_LAYER_ASSIGNMENT (  '', '', ( #3669 ) ) ;
#3363 = SURFACE_STYLE_USAGE ( .BOTH. , #3808 ) ;
#3364 = LINE ( 'NONE', #859, #1982 ) ;
#3365 = LINE ( 'NONE', #4295, #982 ) ;
#3366 =( LENGTH_UNIT ( ) NAMED_UNIT ( * ) SI_UNIT ( .MILLI., .METRE. ) );
#3367 = DIRECTION ( 'NONE',  ( -1.000000000000000000, 0.0000000000000000000, -0.0000000000000000000 ) ) ;
#3368 = DIRECTION ( 'NONE',  ( -0.0000000000000000000, -0.0000000000000000000, -1.000000000000000000 ) ) ;
#3369 = PRESENTATION_STYLE_ASSIGNMENT (( #3920 ) ) ;
#3370 = LINE ( 'NONE', #3110, #5343 ) ;
#3371 = AXIS2_PLACEMENT_3D ( 'NONE', #1917, #4118, #4574 ) ;
#3372 = COLOUR_RGB ( '',0.2509803921568627416, 0.2509803921568627416, 0.2509803921568627416 ) ;
#3373 = FACE_OUTER_BOUND ( 'NONE', #5449, .T. ) ;
#3374 = SURFACE_SIDE_STYLE ('',( #194 ) ) ;
#3375 =( NAMED_UNIT ( * ) PLANE_ANGLE_UNIT ( ) SI_UNIT ( $, .RADIAN. ) );
#3376 = STYLED_ITEM ( 'NONE', ( #916 ), #3232 ) ;
#3377 = LINE ( 'NONE', #311, #1554 ) ;
#3378 = FILL_AREA_STYLE ('',( #1609 ) ) ;
#3379 = FILL_AREA_STYLE_COLOUR ( '', #4643 ) ;
#3380 = EDGE_CURVE ( 'NONE', #3533, #2811, #1610, .T. ) ;
#3381 =( LENGTH_UNIT ( ) NAMED_UNIT ( * ) SI_UNIT ( .MILLI., .METRE. ) );
#3382 = CARTESIAN_POINT ( 'NONE',  ( -1.524999999999999911, 0.2799999999999790434, -1.524999999999999911 ) ) ;
#3383 = STYLED_ITEM ( 'NONE', ( #2401 ), #4316 ) ;
#3384 =( NAMED_UNIT ( * ) SI_UNIT ( $, .STERADIAN. ) SOLID_ANGLE_UNIT ( ) );
#3385 = DIRECTION ( 'NONE',  ( -0.9578262852211514300, 0.0000000000000000000, -0.2873478855663455511 ) ) ;
#3386 = ORIENTED_EDGE ( 'NONE', *, *, #1481, .T. ) ;
#3387 = PRESENTATION_LAYER_ASSIGNMENT (  '', '', ( #259 ) ) ;
#3388 = FACE_OUTER_BOUND ( 'NONE', #2007, .T. ) ;
#3389 = ORIENTED_EDGE ( 'NONE', *, *, #3380, .F. ) ;
#3390 = ORIENTED_EDGE ( 'NONE', *, *, #228, .T. ) ;
#3391 = ORIENTED_EDGE ( 'NONE', *, *, #3984, .F. ) ;
#3392 = EDGE_CURVE ( 'NONE', #1723, #1791, #417, .T. ) ;
#3393 = EDGE_LOOP ( 'NONE', ( #4660, #441, #2699, #4944, #788, #724, #4605, #454 ) ) ;
#3394 = CARTESIAN_POINT ( 'NONE',  ( -1.655000000000006466, -0.02000000000000000042, 1.125000000000000222 ) ) ;
#3395 = ORIENTED_EDGE ( 'NONE', *, *, #3093, .T. ) ;
#3396 = MECHANICAL_DESIGN_GEOMETRIC_PRESENTATION_REPRESENTATION (  '', ( #1708 ), #1588 ) ;
#3397 = CARTESIAN_POINT ( 'NONE',  ( 1.655000000000000249, 0.0000000000000000000, 0.4749999999999997558 ) ) ;
#3398 = CLOSED_SHELL ( 'NONE', ( #3030, #4841, #986, #5047, #4934, #1216, #2310, #804, #1039, #1858, #5075, #1336, #2531, #4316, #3262, #1924, #3207, #839, #4747, #4585, #1803, #1765, #2253, #1373, #5025, #896, #102, #1952, #1488, #4558, #1732, #718, #450, #1310 ) ) ;
#3399 = FILL_AREA_STYLE ('',( #3805 ) ) ;
#3400 = ORIENTED_EDGE ( 'NONE', *, *, #3359, .T. ) ;
#3401 = ORIENTED_EDGE ( 'NONE', *, *, #1871, .F. ) ;
#3402 = DIRECTION ( 'NONE',  ( -7.228014483236698528E-16, 0.0000000000000000000, 1.000000000000000000 ) ) ;
#3403 = CARTESIAN_POINT ( 'NONE',  ( -0.3199999999999997291, 0.0000000000000000000, -1.300000000000000044 ) ) ;
#3404 = DIRECTION ( 'NONE',  ( 0.0000000000000000000, -0.0000000000000000000, 1.000000000000000000 ) ) ;
#3405 = SURFACE_STYLE_USAGE ( .BOTH. , #5235 ) ;
#3406 = STYLED_ITEM ( 'NONE', ( #4923 ), #5387 ) ;
#3407 =( NAMED_UNIT ( * ) SI_UNIT ( $, .STERADIAN. ) SOLID_ANGLE_UNIT ( ) );
#3408 =( BOUNDED_CURVE ( )  B_SPLINE_CURVE ( 3, ( #4477, #1850, #5435, #3143 ),
 .UNSPECIFIED., .F., .F. ) 
 B_SPLINE_CURVE_WITH_KNOTS ( ( 4, 4 ),
 ( 4.712388980384689674, 6.152357911105531763 ),
 .UNSPECIFIED. ) 
 CURVE ( )  GEOMETRIC_REPRESENTATION_ITEM ( )  RATIONAL_B_SPLINE_CURVE ( ( 1.000000000000000000, 0.8345439815689351670, 0.8345439815689351670, 1.000000000000000000 ) ) 
 REPRESENTATION_ITEM ( '' )  );
#3409 = SURFACE_STYLE_FILL_AREA ( #2109 ) ;
#3410 = EDGE_CURVE ( 'NONE', #5386, #376, #4999, .T. ) ;
#3411 = FACE_OUTER_BOUND ( 'NONE', #370, .T. ) ;
#3412 = ORIENTED_EDGE ( 'NONE', *, *, #1914, .T. ) ;
#3413 = CARTESIAN_POINT ( 'NONE',  ( 1.655000000000000249, 0.0000000000000000000, -1.124999999999999778 ) ) ;
#3414 =( LENGTH_UNIT ( ) NAMED_UNIT ( * ) SI_UNIT ( .MILLI., .METRE. ) );
#3415 = UNCERTAINTY_MEASURE_WITH_UNIT (LENGTH_MEASURE( 1.000000000000000082E-05 ), #2824, 'distance_accuracy_value', 'NONE');
#3416 = PRESENTATION_LAYER_ASSIGNMENT (  '', '', ( #3 ) ) ;
#3417 = VERTEX_POINT ( 'NONE', #3689 ) ;
#3418 = PRESENTATION_LAYER_ASSIGNMENT (  '', '', ( #293 ) ) ;
#3419 = DIRECTION ( 'NONE',  ( -0.0000000000000000000, 0.0000000000000000000, 1.000000000000000000 ) ) ;
#3420 = CARTESIAN_POINT ( 'NONE',  ( -0.3199999999999997291, 1.040000000000000036, -1.525000000000000133 ) ) ;
#3421 = VECTOR ( 'NONE', #968, 1000.000000000000114 ) ;
#3422 = CARTESIAN_POINT ( 'NONE',  ( -1.224999999999999645, -0.0000000000000000000, -0.8249999999999997335 ) ) ;
#3423 = SURFACE_STYLE_FILL_AREA ( #2746 ) ;
#3424 = CARTESIAN_POINT ( 'NONE',  ( 1.245000000000000329, 0.0000000000000000000, 1.054999999999999938 ) ) ;
#3425 = EDGE_CURVE ( 'NONE', #3804, #3883, #5060, .T. ) ;
#3426 = ADVANCED_FACE ( 'NONE', ( #5353 ), #2823, .F. ) ;
#3427 = LINE ( 'NONE', #4651, #3717 ) ;
#3428 = LINE ( 'NONE', #684, #68 ) ;
#3429 = PRESENTATION_LAYER_ASSIGNMENT (  '', '', ( #1550 ) ) ;
#3430 = DIRECTION ( 'NONE',  ( -0.0000000000000000000, -0.0000000000000000000, 1.000000000000000000 ) ) ;
#3431 =( NAMED_UNIT ( * ) PLANE_ANGLE_UNIT ( ) SI_UNIT ( $, .RADIAN. ) );
#3432 = VECTOR ( 'NONE', #997, 1000.000000000000000 ) ;
#3433 = FACE_OUTER_BOUND ( 'NONE', #3319, .T. ) ;
#3434 = DIRECTION ( 'NONE',  ( 0.0000000000000000000, -0.0000000000000000000, 1.000000000000000000 ) ) ;
#3435 = CARTESIAN_POINT ( 'NONE',  ( -0.3199999999999997291, 0.0000000000000000000, 1.649999999999999911 ) ) ;
#3436 = VECTOR ( 'NONE', #1072, 1000.000000000000000 ) ;
#3437 =( NAMED_UNIT ( * ) PLANE_ANGLE_UNIT ( ) SI_UNIT ( $, .RADIAN. ) );
#3438 = VECTOR ( 'NONE', #3713, 1000.000000000000000 ) ;
#3439 = CARTESIAN_POINT ( 'NONE',  ( -1.224999999999999645, -0.02000000000000000042, -1.124999999999999778 ) ) ;
#3440 = UNCERTAINTY_MEASURE_WITH_UNIT (LENGTH_MEASURE( 1.000000000000000082E-05 ), #2038, 'distance_accuracy_value', 'NONE');
#3441 = LINE ( 'NONE', #1901, #2280 ) ;
#3442 = CARTESIAN_POINT ( 'NONE',  ( -0.3199999999999997291, 0.0000000000000000000, 1.300000000000000044 ) ) ;
#3443 = CARTESIAN_POINT ( 'NONE',  ( 1.524999999999999911, 0.0000000000000000000, -1.525000000000000355 ) ) ;
#3444 = VECTOR ( 'NONE', #2167, 1000.000000000000000 ) ;
#3445 = DIRECTION ( 'NONE',  ( -0.9578262852211514300, 0.0000000000000000000, 0.2873478855663455511 ) ) ;
#3446 = EDGE_CURVE ( 'NONE', #1016, #5652, #4287, .T. ) ;
#3447 = PLANE ( 'NONE',  #3522 ) ;
#3448 = PRESENTATION_LAYER_ASSIGNMENT (  '', '', ( #3090 ) ) ;
#3449 = VERTEX_POINT ( 'NONE', #1451 ) ;
#3450 = ORIENTED_EDGE ( 'NONE', *, *, #3027, .F. ) ;
#3451 = SURFACE_SIDE_STYLE ('',( #1920 ) ) ;
#3452 = EDGE_LOOP ( 'NONE', ( #3227, #5320, #5592, #1211 ) ) ;
#3453 = MECHANICAL_DESIGN_GEOMETRIC_PRESENTATION_REPRESENTATION (  '', ( #3170 ), #149 ) ;
#3454 = PLANE ( 'NONE',  #2520 ) ;
#3455 = VERTEX_POINT ( 'NONE', #2779 ) ;
#3456 = VERTEX_POINT ( 'NONE', #4593 ) ;
#3457 = FILL_AREA_STYLE ('',( #358 ) ) ;
#3458 = STYLED_ITEM ( 'NONE', ( #1923 ), #3030 ) ;
#3459 = EDGE_CURVE ( 'NONE', #860, #3694, #5064, .T. ) ;
#3460 = VERTEX_POINT ( 'NONE', #4158 ) ;
#3461 = DIRECTION ( 'NONE',  ( -1.000000000000000000, -0.0000000000000000000, -0.0000000000000000000 ) ) ;
#3462 = ORIENTED_EDGE ( 'NONE', *, *, #540, .F. ) ;
#3463 = SURFACE_SIDE_STYLE ('',( #1416 ) ) ;
#3464 = SURFACE_STYLE_USAGE ( .BOTH. , #1638 ) ;
#3465 = CARTESIAN_POINT ( 'NONE',  ( 0.0000000000000000000, 0.2800000000000000266, 0.0000000000000000000 ) ) ;
#3466 = FACE_OUTER_BOUND ( 'NONE', #3132, .T. ) ;
#3467 = ORIENTED_EDGE ( 'NONE', *, *, #4927, .T. ) ;
#3468 = VERTEX_POINT ( 'NONE', #1856 ) ;
#3469 = EDGE_CURVE ( 'NONE', #3612, #5288, #5500, .T. ) ;
#3470 = ORIENTED_EDGE ( 'NONE', *, *, #4376, .F. ) ;
#3471 = PRESENTATION_STYLE_ASSIGNMENT (( #1053 ) ) ;
#3472 = ORIENTED_EDGE ( 'NONE', *, *, #5790, .T. ) ;
#3473 =( GEOMETRIC_REPRESENTATION_CONTEXT ( 3 ) GLOBAL_UNCERTAINTY_ASSIGNED_CONTEXT ( ( #3867 ) ) GLOBAL_UNIT_ASSIGNED_CONTEXT ( ( #4091, #1406, #5568 ) ) REPRESENTATION_CONTEXT ( 'NONE', 'WORKASPACE' ) );
#3474 = CARTESIAN_POINT ( 'NONE',  ( -0.3199999999999997291, -0.0000000000000000000, -1.300000000000000044 ) ) ;
#3475 = ORIENTED_EDGE ( 'NONE', *, *, #2804, .T. ) ;
#3476 = SURFACE_STYLE_USAGE ( .BOTH. , #352 ) ;
#3477 = CARTESIAN_POINT ( 'NONE',  ( -1.225000000000004308, 0.2800000000000000266, 0.1750000000000002387 ) ) ;
#3478 = VECTOR ( 'NONE', #1265, 1000.000000000000000 ) ;
#3479 = DIRECTION ( 'NONE',  ( -1.000000000000000000, -0.0000000000000000000, -5.288791085295143532E-16 ) ) ;
#3480 = PLANE ( 'NONE',  #1027 ) ;
#3481 = CARTESIAN_POINT ( 'NONE',  ( -0.02499999999999971342, 0.0000000000000000000, -1.054999999999999938 ) ) ;
#3482 = UNCERTAINTY_MEASURE_WITH_UNIT (LENGTH_MEASURE( 1.000000000000000082E-05 ), #3627, 'distance_accuracy_value', 'NONE');
#3483 = DIRECTION ( 'NONE',  ( 1.000000000000000000, 0.0000000000000000000, -0.0000000000000000000 ) ) ;
#3484 = FILL_AREA_STYLE_COLOUR ( '', #2809 ) ;
#3485 = MECHANICAL_DESIGN_GEOMETRIC_PRESENTATION_REPRESENTATION (  '', ( #5176 ), #3681 ) ;
#3486 = VERTEX_POINT ( 'NONE', #1425 ) ;
#3487 =( LENGTH_UNIT ( ) NAMED_UNIT ( * ) SI_UNIT ( .MILLI., .METRE. ) );
#3488 = CARTESIAN_POINT ( 'NONE',  ( -1.225000000000001865, -0.0000000000000000000, -0.1749999999999998224 ) ) ;
#3489 = ADVANCED_FACE ( 'NONE', ( #3858 ), #496, .F. ) ;
#3490 = COLOUR_RGB ( '',1.000000000000000000, 1.000000000000000000, 1.000000000000000000 ) ;
#3491 = EDGE_LOOP ( 'NONE', ( #1711, #4902, #577, #2385 ) ) ;
#3492 = MANIFOLD_SOLID_BREP ( 'Boss-Extrude3', #3398 ) ;
#3493 = EDGE_CURVE ( 'NONE', #5372, #2510, #4852, .T. ) ;
#3494 = CARTESIAN_POINT ( 'NONE',  ( -1.224999999999999645, 0.2800000000000000266, -0.8249999999999997335 ) ) ;
#3495 = COLOUR_RGB ( '',0.2509803921568627416, 0.2509803921568627416, 0.2509803921568627416 ) ;
#3496 = ORIENTED_EDGE ( 'NONE', *, *, #1470, .T. ) ;
#3497 = PLANE ( 'NONE',  #3501 ) ;
#3498 = FILL_AREA_STYLE_COLOUR ( '', #2841 ) ;
#3499 = DIRECTION ( 'NONE',  ( 0.0000000000000000000, -0.0000000000000000000, -1.000000000000000000 ) ) ;
#3500 = VECTOR ( 'NONE', #5528, 1000.000000000000000 ) ;
#3501 = AXIS2_PLACEMENT_3D ( 'NONE', #5769, #819, #4420 ) ;
#3502 =( NAMED_UNIT ( * ) PLANE_ANGLE_UNIT ( ) SI_UNIT ( $, .RADIAN. ) );
#3503 = SURFACE_STYLE_USAGE ( .BOTH. , #5334 ) ;
#3504 = PRESENTATION_STYLE_ASSIGNMENT (( #1219 ) ) ;
#3505 = FILL_AREA_STYLE ('',( #5236 ) ) ;
#3506 = EDGE_CURVE ( 'NONE', #5614, #4107, #4705, .T. ) ;
#3507 = FILL_AREA_STYLE_COLOUR ( '', #3290 ) ;
#3508 = LINE ( 'NONE', #2666, #3168 ) ;
#3509 =( GEOMETRIC_REPRESENTATION_CONTEXT ( 3 ) GLOBAL_UNCERTAINTY_ASSIGNED_CONTEXT ( ( #3172 ) ) GLOBAL_UNIT_ASSIGNED_CONTEXT ( ( #5420, #5398, #890 ) ) REPRESENTATION_CONTEXT ( 'NONE', 'WORKASPACE' ) );
#3510 = PRESENTATION_STYLE_ASSIGNMENT (( #2006 ) ) ;
#3511 = LINE ( 'NONE', #1998, #3851 ) ;
#3512 = VECTOR ( 'NONE', #2575, 1000.000000000000000 ) ;
#3513 = COLOUR_RGB ( '',1.000000000000000000, 1.000000000000000000, 1.000000000000000000 ) ;
#3514 = DIRECTION ( 'NONE',  ( -0.2873478855663454956, 0.0000000000000000000, 0.9578262852211513190 ) ) ;
#3515 = DIRECTION ( 'NONE',  ( 1.000000000000000000, 0.0000000000000000000, 0.0000000000000000000 ) ) ;
#3516 =( NAMED_UNIT ( * ) SI_UNIT ( $, .STERADIAN. ) SOLID_ANGLE_UNIT ( ) );
#3517 = UNCERTAINTY_MEASURE_WITH_UNIT (LENGTH_MEASURE( 1.000000000000000082E-05 ), #5173, 'distance_accuracy_value', 'NONE');
#3518 = SURFACE_SIDE_STYLE ('',( #1253 ) ) ;
#3519 = VECTOR ( 'NONE', #767, 1000.000000000000000 ) ;
#3520 = DIRECTION ( 'NONE',  ( 1.000000000000000000, -0.0000000000000000000, -0.0000000000000000000 ) ) ;
#3521 = AXIS2_PLACEMENT_3D ( 'NONE', #5104, #4707, #2876 ) ;
#3522 = AXIS2_PLACEMENT_3D ( 'NONE', #4397, #2164, #1209 ) ;
#3523 = VECTOR ( 'NONE', #1573, 1000.000000000000000 ) ;
#3524 = DIRECTION ( 'NONE',  ( 0.0000000000000000000, 1.000000000000000000, 0.0000000000000000000 ) ) ;
#3525 = DIRECTION ( 'NONE',  ( 0.0000000000000000000, 0.0000000000000000000, -1.000000000000000000 ) ) ;
#3526 = DIRECTION ( 'NONE',  ( 1.000000000000000000, 0.0000000000000000000, -0.0000000000000000000 ) ) ;
#3527 = CARTESIAN_POINT ( 'NONE',  ( 1.245000000000000329, 0.0000000000000000000, 1.054999999999999938 ) ) ;
#3528 = SURFACE_STYLE_USAGE ( .BOTH. , #4044 ) ;
#3529 = CARTESIAN_POINT ( 'NONE',  ( 1.524999999999999911, 1.040000000000000036, 1.524999999999999467 ) ) ;
#3530 = EDGE_CURVE ( 'NONE', #286, #4178, #4930, .T. ) ;
#3531 = VERTEX_POINT ( 'NONE', #5557 ) ;
#3532 = ORIENTED_EDGE ( 'NONE', *, *, #2061, .F. ) ;
#3533 = VERTEX_POINT ( 'NONE', #5599 ) ;
#3534 = CARTESIAN_POINT ( 'NONE',  ( -0.3199999999999997291, 0.0000000000000000000, 1.300000000000000044 ) ) ;
#3535 = PRESENTATION_LAYER_ASSIGNMENT (  '', '', ( #2165 ) ) ;
#3536 = ORIENTED_EDGE ( 'NONE', *, *, #979, .T. ) ;
#3537 = CARTESIAN_POINT ( 'NONE',  ( 1.245000000000000329, 0.0000000000000000000, 0.8249999999999997335 ) ) ;
#3538 =( GEOMETRIC_REPRESENTATION_CONTEXT ( 3 ) GLOBAL_UNCERTAINTY_ASSIGNED_CONTEXT ( ( #2889 ) ) GLOBAL_UNIT_ASSIGNED_CONTEXT ( ( #5184, #4744, #250 ) ) REPRESENTATION_CONTEXT ( 'NONE', 'WORKASPACE' ) );
#3539 = ORIENTED_EDGE ( 'NONE', *, *, #791, .F. ) ;
#3540 = EDGE_LOOP ( 'NONE', ( #4406, #1878, #2258, #3746 ) ) ;
#3541 = DIRECTION ( 'NONE',  ( -0.9578262852211514300, 0.0000000000000000000, 0.2873478855663454956 ) ) ;
#3542 = ORIENTED_EDGE ( 'NONE', *, *, #3902, .F. ) ;
#3543 = MECHANICAL_DESIGN_GEOMETRIC_PRESENTATION_REPRESENTATION (  '', ( #2287 ), #1440 ) ;
#3544 = EDGE_LOOP ( 'NONE', ( #576, #5380, #1889, #1825, #3536, #2989 ) ) ;
#3545 = SURFACE_SIDE_STYLE ('',( #1582 ) ) ;
#3546 = ORIENTED_EDGE ( 'NONE', *, *, #1404, .T. ) ;
#3547 = CARTESIAN_POINT ( 'NONE',  ( 0.0000000000000000000, 0.2800000000000000266, 0.0000000000000000000 ) ) ;
#3548 = CARTESIAN_POINT ( 'NONE',  ( -0.3649999999999997691, -0.0000000000000000000, -1.149999999999999911 ) ) ;
#3549 =( LENGTH_UNIT ( ) NAMED_UNIT ( * ) SI_UNIT ( .MILLI., .METRE. ) );
#3550 = ADVANCED_FACE ( 'NONE', ( #429 ), #575, .F. ) ;
#3551 = PRESENTATION_STYLE_ASSIGNMENT (( #5619 ) ) ;
#3552 = CARTESIAN_POINT ( 'NONE',  ( 1.655000000000000249, 0.0000000000000000000, -1.124999999999999778 ) ) ;
#3553 = CARTESIAN_POINT ( 'NONE',  ( 0.0000000000000000000, 0.0000000000000000000, 0.0000000000000000000 ) ) ;
#3554 = DIRECTION ( 'NONE',  ( -0.0000000000000000000, 1.000000000000000000, -0.0000000000000000000 ) ) ;
#3555 = SURFACE_SIDE_STYLE ('',( #3847 ) ) ;
#3556 = PRESENTATION_STYLE_ASSIGNMENT (( #5601 ) ) ;
#3557 =( NAMED_UNIT ( * ) SI_UNIT ( $, .STERADIAN. ) SOLID_ANGLE_UNIT ( ) );
#3558 = PRESENTATION_LAYER_ASSIGNMENT (  '', '', ( #3852 ) ) ;
#3559 = ORIENTED_EDGE ( 'NONE', *, *, #2723, .F. ) ;
#3560 =( NAMED_UNIT ( * ) SI_UNIT ( $, .STERADIAN. ) SOLID_ANGLE_UNIT ( ) );
#3561 = MECHANICAL_DESIGN_GEOMETRIC_PRESENTATION_REPRESENTATION (  '', ( #3169 ), #5810 ) ;
#3562 = COLOUR_RGB ( '',1.000000000000000000, 1.000000000000000000, 1.000000000000000000 ) ;
#3563 = LINE ( 'NONE', #4828, #1321 ) ;
#3564 = EDGE_CURVE ( 'NONE', #857, #2099, #1690, .T. ) ;
#3565 = FACE_OUTER_BOUND ( 'NONE', #4194, .T. ) ;
#3566 =( NAMED_UNIT ( * ) PLANE_ANGLE_UNIT ( ) SI_UNIT ( $, .RADIAN. ) );
#3567 = ADVANCED_FACE ( 'NONE', ( #489 ), #626, .F. ) ;
#3568 = PRESENTATION_LAYER_ASSIGNMENT (  '', '', ( #4065 ) ) ;
#3569 =( LENGTH_UNIT ( ) NAMED_UNIT ( * ) SI_UNIT ( .MILLI., .METRE. ) );
#3570 =( NAMED_UNIT ( * ) PLANE_ANGLE_UNIT ( ) SI_UNIT ( $, .RADIAN. ) );
#3571 = VECTOR ( 'NONE', #3990, 1000.000000000000000 ) ;
#3572 = FILL_AREA_STYLE ('',( #433 ) ) ;
#3573 = COLOUR_RGB ( '',1.000000000000000000, 1.000000000000000000, 1.000000000000000000 ) ;
#3574 = MECHANICAL_DESIGN_GEOMETRIC_PRESENTATION_REPRESENTATION (  '', ( #4702 ), #1584 ) ;
#3575 = DIRECTION ( 'NONE',  ( -0.0000000000000000000, 1.000000000000000000, -0.0000000000000000000 ) ) ;
#3576 = PRESENTATION_STYLE_ASSIGNMENT (( #5264 ) ) ;
#3577 = FILL_AREA_STYLE ('',( #4531 ) ) ;
#3578 = CARTESIAN_POINT ( 'NONE',  ( -1.524999999999999911, 1.040000000000000036, 0.8250000000000001776 ) ) ;
#3579 = VECTOR ( 'NONE', #848, 1000.000000000000000 ) ;
#3580 = FACE_OUTER_BOUND ( 'NONE', #4238, .T. ) ;
#3581 = SURFACE_SIDE_STYLE ('',( #3178 ) ) ;
#3582 = DIRECTION ( 'NONE',  ( 0.0000000000000000000, 0.0000000000000000000, -1.000000000000000000 ) ) ;
#3583 = EDGE_CURVE ( 'NONE', #1954, #4167, #9, .T. ) ;
#3584 =( GEOMETRIC_REPRESENTATION_CONTEXT ( 3 ) GLOBAL_UNCERTAINTY_ASSIGNED_CONTEXT ( ( #2497 ) ) GLOBAL_UNIT_ASSIGNED_CONTEXT ( ( #3025, #1243, #5783 ) ) REPRESENTATION_CONTEXT ( 'NONE', 'WORKASPACE' ) );
#3585 = VECTOR ( 'NONE', #5384, 1000.000000000000000 ) ;
#3586 = LINE ( 'NONE', #4914, #4929 ) ;
#3587 = UNCERTAINTY_MEASURE_WITH_UNIT (LENGTH_MEASURE( 1.000000000000000082E-05 ), #837, 'distance_accuracy_value', 'NONE');
#3588 = DIRECTION ( 'NONE',  ( 0.0000000000000000000, 1.000000000000000000, 0.0000000000000000000 ) ) ;
#3589 = VECTOR ( 'NONE', #5637, 1000.000000000000000 ) ;
#3590 = DIRECTION ( 'NONE',  ( -1.000000000000000000, 0.0000000000000000000, 0.0000000000000000000 ) ) ;
#3591 = FILL_AREA_STYLE ('',( #2335 ) ) ;
#3592 = PRESENTATION_LAYER_ASSIGNMENT (  '', '', ( #1929 ) ) ;
#3593 = MECHANICAL_DESIGN_GEOMETRIC_PRESENTATION_REPRESENTATION (  '', ( #4227 ), #1722 ) ;
#3594 = ORIENTED_EDGE ( 'NONE', *, *, #5812, .T. ) ;
#3595 = EDGE_LOOP ( 'NONE', ( #2033, #2295, #1797, #24 ) ) ;
#3596 = ORIENTED_EDGE ( 'NONE', *, *, #1854, .F. ) ;
#3597 =( NAMED_UNIT ( * ) SI_UNIT ( $, .STERADIAN. ) SOLID_ANGLE_UNIT ( ) );
#3598 = SURFACE_SIDE_STYLE ('',( #4520 ) ) ;
#3599 = ORIENTED_EDGE ( 'NONE', *, *, #2734, .F. ) ;
#3600 = CARTESIAN_POINT ( 'NONE',  ( -1.524999999999999911, 0.0000000000000000000, 0.1750000000000002387 ) ) ;
#3601 = FILL_AREA_STYLE ('',( #1387 ) ) ;
#3602 = LINE ( 'NONE', #361, #22 ) ;
#3603 = ORIENTED_EDGE ( 'NONE', *, *, #681, .F. ) ;
#3604 = ADVANCED_FACE ( 'NONE', ( #2055 ), #1099, .F. ) ;
#3605 = ORIENTED_EDGE ( 'NONE', *, *, #3721, .F. ) ;
#3606 = EDGE_CURVE ( 'NONE', #860, #3417, #147, .T. ) ;
#3607 =( NAMED_UNIT ( * ) SI_UNIT ( $, .STERADIAN. ) SOLID_ANGLE_UNIT ( ) );
#3608 = VERTEX_POINT ( 'NONE', #2899 ) ;
#3609 = ORIENTED_EDGE ( 'NONE', *, *, #1131, .T. ) ;
#3610 = DIRECTION ( 'NONE',  ( 1.000000000000000000, 0.0000000000000000000, -0.0000000000000000000 ) ) ;
#3611 =( GEOMETRIC_REPRESENTATION_CONTEXT ( 3 ) GLOBAL_UNCERTAINTY_ASSIGNED_CONTEXT ( ( #2029 ) ) GLOBAL_UNIT_ASSIGNED_CONTEXT ( ( #1040, #3733, #1007 ) ) REPRESENTATION_CONTEXT ( 'NONE', 'WORKASPACE' ) );
#3612 = VERTEX_POINT ( 'NONE', #4279 ) ;
#3613 = AXIS2_PLACEMENT_3D ( 'NONE', #3146, #2196, #3525 ) ;
#3614 = VERTEX_POINT ( 'NONE', #2065 ) ;
#3615 = DIRECTION ( 'NONE',  ( 0.0000000000000000000, 0.0000000000000000000, 1.000000000000000000 ) ) ;
#3616 = CARTESIAN_POINT ( 'NONE',  ( -1.524999999999999911, 0.2799999999999790434, 1.524999999999999911 ) ) ;
#3617 = SURFACE_STYLE_FILL_AREA ( #3336 ) ;
#3618 = ORIENTED_EDGE ( 'NONE', *, *, #264, .F. ) ;
#3619 = DIRECTION ( 'NONE',  ( -0.0000000000000000000, -0.0000000000000000000, 1.000000000000000000 ) ) ;
#3620 = ORIENTED_EDGE ( 'NONE', *, *, #4204, .F. ) ;
#3621 = EDGE_CURVE ( 'NONE', #2511, #2037, #76, .T. ) ;
#3622 = SURFACE_STYLE_USAGE ( .BOTH. , #515 ) ;
#3623 = CARTESIAN_POINT ( 'NONE',  ( -0.3649999999999997691, -0.0000000000000000000, -1.149999999999999911 ) ) ;
#3624 = MECHANICAL_DESIGN_GEOMETRIC_PRESENTATION_REPRESENTATION (  '', ( #5476 ), #1515 ) ;
#3625 =( LENGTH_UNIT ( ) NAMED_UNIT ( * ) SI_UNIT ( .MILLI., .METRE. ) );
#3626 = FILL_AREA_STYLE ('',( #3204 ) ) ;
#3627 =( LENGTH_UNIT ( ) NAMED_UNIT ( * ) SI_UNIT ( .MILLI., .METRE. ) );
#3628 = FACE_OUTER_BOUND ( 'NONE', #4721, .T. ) ;
#3629 = COLOUR_RGB ( '',1.000000000000000000, 1.000000000000000000, 1.000000000000000000 ) ;
#3630 =( NAMED_UNIT ( * ) PLANE_ANGLE_UNIT ( ) SI_UNIT ( $, .RADIAN. ) );
#3631 = VECTOR ( 'NONE', #477, 1000.000000000000000 ) ;
#3632 = MECHANICAL_DESIGN_GEOMETRIC_PRESENTATION_REPRESENTATION (  '', ( #754 ), #2785 ) ;
#3633 = PRESENTATION_LAYER_ASSIGNMENT (  '', '', ( #2421 ) ) ;
#3634 = ORIENTED_EDGE ( 'NONE', *, *, #3823, .F. ) ;
#3635 = CARTESIAN_POINT ( 'NONE',  ( 0.0000000000000000000, 0.2800000000000000266, 0.0000000000000000000 ) ) ;
#3636 = SURFACE_STYLE_FILL_AREA ( #4742 ) ;
#3637 = ADVANCED_FACE ( 'NONE', ( #2423 ), #689, .F. ) ;
#3638 = DIRECTION ( 'NONE',  ( -0.0000000000000000000, -0.0000000000000000000, 1.000000000000000000 ) ) ;
#3639 = SURFACE_STYLE_FILL_AREA ( #5195 ) ;
#3640 = EDGE_LOOP ( 'NONE', ( #1232, #1706, #1464, #5218 ) ) ;
#3641 = CARTESIAN_POINT ( 'NONE',  ( 0.0000000000000000000, 0.0000000000000000000, 0.0000000000000000000 ) ) ;
#3642 =( NAMED_UNIT ( * ) SI_UNIT ( $, .STERADIAN. ) SOLID_ANGLE_UNIT ( ) );
#3643 = EDGE_CURVE ( 'NONE', #3417, #1385, #2124, .T. ) ;
#3644 = PRESENTATION_STYLE_ASSIGNMENT (( #3464 ) ) ;
#3645 = LINE ( 'NONE', #4219, #2532 ) ;
#3646 = DIRECTION ( 'NONE',  ( 0.0000000000000000000, 1.000000000000000000, 0.0000000000000000000 ) ) ;
#3647 = SURFACE_SIDE_STYLE ('',( #1521 ) ) ;
#3648 = SURFACE_STYLE_FILL_AREA ( #1319 ) ;
#3649 = DIRECTION ( 'NONE',  ( 0.0000000000000000000, 0.0000000000000000000, -1.000000000000000000 ) ) ;
#3650 = COLOUR_RGB ( '',1.000000000000000000, 1.000000000000000000, 1.000000000000000000 ) ;
#3651 = STYLED_ITEM ( 'NONE', ( #829 ), #394 ) ;
#3652 = CARTESIAN_POINT ( 'NONE',  ( -1.225000000000004308, -0.02000000000000000042, 0.1750000000000002387 ) ) ;
#3653 = VECTOR ( 'NONE', #3057, 1000.000000000000000 ) ;
#3654 =( NAMED_UNIT ( * ) SI_UNIT ( $, .STERADIAN. ) SOLID_ANGLE_UNIT ( ) );
#3655 = SURFACE_STYLE_FILL_AREA ( #2968 ) ;
#3656 = PRESENTATION_LAYER_ASSIGNMENT (  '', '', ( #2287 ) ) ;
#3657 = PRODUCT_CONTEXT ( 'NONE', #5033, 'mechanical' ) ;
#3658 = EDGE_CURVE ( 'NONE', #3986, #1709, #844, .T. ) ;
#3659 = FILL_AREA_STYLE ('',( #1933 ) ) ;
#3660 = PRESENTATION_STYLE_ASSIGNMENT (( #506 ) ) ;
#3661 = AXIS2_PLACEMENT_3D ( 'NONE', #3979, #4433, #1754 ) ;
#3662 = FILL_AREA_STYLE_COLOUR ( '', #2935 ) ;
#3663 = DIRECTION ( 'NONE',  ( -1.000000000000000000, 2.633348497679593441E-35, 1.421904488505579654E-16 ) ) ;
#3664 = DIRECTION ( 'NONE',  ( 1.000000000000000000, -0.0000000000000000000, -0.0000000000000000000 ) ) ;
#3665 = SURFACE_SIDE_STYLE ('',( #137 ) ) ;
#3666 = EDGE_CURVE ( 'NONE', #3080, #1351, #5496, .T. ) ;
#3667 = DIRECTION ( 'NONE',  ( 1.421904488505579901E-16, 0.0000000000000000000, 1.000000000000000000 ) ) ;
#3668 = ADVANCED_FACE ( 'NONE', ( #2886 ), #4715, .T. ) ;
#3669 = STYLED_ITEM ( 'NONE', ( #4211 ), #5284 ) ;
#3670 = UNCERTAINTY_MEASURE_WITH_UNIT (LENGTH_MEASURE( 1.000000000000000082E-05 ), #3185, 'distance_accuracy_value', 'NONE');
#3671 = SURFACE_STYLE_USAGE ( .BOTH. , #1890 ) ;
#3672 = VECTOR ( 'NONE', #1988, 1000.000000000000000 ) ;
#3673 = ORIENTED_EDGE ( 'NONE', *, *, #4856, .T. ) ;
#3674 = SURFACE_SIDE_STYLE ('',( #1024 ) ) ;
#3675 = VERTEX_POINT ( 'NONE', #2044 ) ;
#3676 = PRODUCT_CONTEXT ( 'NONE', #3176, 'mechanical' ) ;
#3677 = ORIENTED_EDGE ( 'NONE', *, *, #2655, .F. ) ;
#3678 = DIRECTION ( 'NONE',  ( -0.0000000000000000000, -1.000000000000000000, -0.0000000000000000000 ) ) ;
#3679 = UNCERTAINTY_MEASURE_WITH_UNIT (LENGTH_MEASURE( 1.000000000000000082E-05 ), #5750, 'distance_accuracy_value', 'NONE');
#3680 =( NAMED_UNIT ( * ) PLANE_ANGLE_UNIT ( ) SI_UNIT ( $, .RADIAN. ) );
#3681 =( GEOMETRIC_REPRESENTATION_CONTEXT ( 3 ) GLOBAL_UNCERTAINTY_ASSIGNED_CONTEXT ( ( #3482 ) ) GLOBAL_UNIT_ASSIGNED_CONTEXT ( ( #3627, #4967, #35 ) ) REPRESENTATION_CONTEXT ( 'NONE', 'WORKASPACE' ) );
#3682 = ORIENTED_EDGE ( 'NONE', *, *, #5517, .T. ) ;
#3683 = VERTEX_POINT ( 'NONE', #3863 ) ;
#3684 = ORIENTED_EDGE ( 'NONE', *, *, #3072, .F. ) ;
#3685 = FILL_AREA_STYLE ('',( #2694 ) ) ;
#3686 =( NAMED_UNIT ( * ) PLANE_ANGLE_UNIT ( ) SI_UNIT ( $, .RADIAN. ) );
#3687 =( GEOMETRIC_REPRESENTATION_CONTEXT ( 3 ) GLOBAL_UNCERTAINTY_ASSIGNED_CONTEXT ( ( #4704 ) ) GLOBAL_UNIT_ASSIGNED_CONTEXT ( ( #1798, #4924, #2740 ) ) REPRESENTATION_CONTEXT ( 'NONE', 'WORKASPACE' ) );
#3688 = UNCERTAINTY_MEASURE_WITH_UNIT (LENGTH_MEASURE( 1.000000000000000082E-05 ), #1466, 'distance_accuracy_value', 'NONE');
#3689 = CARTESIAN_POINT ( 'NONE',  ( -1.224999999999999867, -0.02000000000000000042, -0.8249999999999997335 ) ) ;
#3690 = ORIENTED_EDGE ( 'NONE', *, *, #4358, .T. ) ;
#3691 = EDGE_CURVE ( 'NONE', #3080, #941, #3854, .T. ) ;
#3692 = COLOUR_RGB ( '',0.2509803921568627416, 0.2509803921568627416, 0.2509803921568627416 ) ;
#3693 = ORIENTED_EDGE ( 'NONE', *, *, #236, .T. ) ;
#3694 = VERTEX_POINT ( 'NONE', #4817 ) ;
#3695 = FILL_AREA_STYLE_COLOUR ( '', #1592 ) ;
#3696 = AXIS2_PLACEMENT_3D ( 'NONE', #1172, #4760, #5221 ) ;
#3697 = DIRECTION ( 'NONE',  ( 0.0000000000000000000, -0.0000000000000000000, 1.000000000000000000 ) ) ;
#3698 = STYLED_ITEM ( 'NONE', ( #3997 ), #960 ) ;
#3699 = ADVANCED_FACE ( 'NONE', ( #3307 ), #291, .T. ) ;
#3700 = CARTESIAN_POINT ( 'NONE',  ( -1.225000000000006528, 0.2800000000000000266, 1.125000000000000222 ) ) ;
#3701 = EDGE_CURVE ( 'NONE', #288, #3675, #698, .T. ) ;
#3702 =( NAMED_UNIT ( * ) PLANE_ANGLE_UNIT ( ) SI_UNIT ( $, .RADIAN. ) );
#3703 = UNCERTAINTY_MEASURE_WITH_UNIT (LENGTH_MEASURE( 1.000000000000000082E-05 ), #4589, 'distance_accuracy_value', 'NONE');
#3704 = SURFACE_SIDE_STYLE ('',( #3871 ) ) ;
#3705 =( GEOMETRIC_REPRESENTATION_CONTEXT ( 3 ) GLOBAL_UNCERTAINTY_ASSIGNED_CONTEXT ( ( #4664 ) ) GLOBAL_UNIT_ASSIGNED_CONTEXT ( ( #1678, #831, #1727 ) ) REPRESENTATION_CONTEXT ( 'NONE', 'WORKASPACE' ) );
#3706 = ORIENTED_EDGE ( 'NONE', *, *, #2978, .F. ) ;
#3707 = DIRECTION ( 'NONE',  ( -0.0000000000000000000, -1.000000000000000000, -0.0000000000000000000 ) ) ;
#3708 = COLOUR_RGB ( '',0.2509803921568627416, 0.2509803921568627416, 0.2509803921568627416 ) ;
#3709 = CARTESIAN_POINT ( 'NONE',  ( -0.3649999999999997691, 0.0000000000000000000, -1.149999999999999911 ) ) ;
#3710 = ORIENTED_EDGE ( 'NONE', *, *, #2009, .T. ) ;
#3711 = FACE_OUTER_BOUND ( 'NONE', #306, .T. ) ;
#3712 = PRESENTATION_LAYER_ASSIGNMENT (  '', '', ( #4311 ) ) ;
#3713 = DIRECTION ( 'NONE',  ( -0.0000000000000000000, -0.0000000000000000000, -1.000000000000000000 ) ) ;
#3714 = COLOUR_RGB ( '',0.2509803921568627416, 0.2509803921568627416, 0.2509803921568627416 ) ;
#3715 = MECHANICAL_DESIGN_GEOMETRIC_PRESENTATION_REPRESENTATION (  '', ( #4763 ), #4093 ) ;
#3716 = SURFACE_STYLE_USAGE ( .BOTH. , #566 ) ;
#3717 = VECTOR ( 'NONE', #1985, 1000.000000000000000 ) ;
#3718 = SURFACE_STYLE_FILL_AREA ( #4486 ) ;
#3719 = DIRECTION ( 'NONE',  ( -0.0000000000000000000, -1.000000000000000000, -0.0000000000000000000 ) ) ;
#3720 = CARTESIAN_POINT ( 'NONE',  ( -1.225000000000004308, 0.2800000000000000266, 0.1750000000000002387 ) ) ;
#3721 = EDGE_CURVE ( 'NONE', #2309, #1954, #4353, .T. ) ;
#3722 = VECTOR ( 'NONE', #379, 1000.000000000000114 ) ;
#3723 = LINE ( 'NONE', #479, #3432 ) ;
#3724 =( NAMED_UNIT ( * ) PLANE_ANGLE_UNIT ( ) SI_UNIT ( $, .RADIAN. ) );
#3725 = VECTOR ( 'NONE', #715, 1000.000000000000000 ) ;
#3726 = ADVANCED_FACE ( 'NONE', ( #485 ), #1044, .T. ) ;
#3727 =( GEOMETRIC_REPRESENTATION_CONTEXT ( 3 ) GLOBAL_UNCERTAINTY_ASSIGNED_CONTEXT ( ( #5138 ) ) GLOBAL_UNIT_ASSIGNED_CONTEXT ( ( #2489, #3724, #2923 ) ) REPRESENTATION_CONTEXT ( 'NONE', 'WORKASPACE' ) );
#3728 = FILL_AREA_STYLE ('',( #5062 ) ) ;
#3729 = MECHANICAL_DESIGN_GEOMETRIC_PRESENTATION_REPRESENTATION (  '', ( #293 ), #1738 ) ;
#3730 = VECTOR ( 'NONE', #4507, 1000.000000000000000 ) ;
#3731 =( LENGTH_UNIT ( ) NAMED_UNIT ( * ) SI_UNIT ( .MILLI., .METRE. ) );
#3732 = LINE ( 'NONE', #5593, #766 ) ;
#3733 =( NAMED_UNIT ( * ) PLANE_ANGLE_UNIT ( ) SI_UNIT ( $, .RADIAN. ) );
#3734 = STYLED_ITEM ( 'NONE', ( #3089 ), #1397 ) ;
#3735 = SURFACE_STYLE_USAGE ( .BOTH. , #3257 ) ;
#3736 =( NAMED_UNIT ( * ) SI_UNIT ( $, .STERADIAN. ) SOLID_ANGLE_UNIT ( ) );
#3737 = UNCERTAINTY_MEASURE_WITH_UNIT (LENGTH_MEASURE( 1.000000000000000082E-05 ), #4590, 'distance_accuracy_value', 'NONE');
#3738 = ORIENTED_EDGE ( 'NONE', *, *, #5279, .F. ) ;
#3739 = FILL_AREA_STYLE ('',( #594 ) ) ;
#3740 = ORIENTED_EDGE ( 'NONE', *, *, #5771, .T. ) ;
#3741 = VERTEX_POINT ( 'NONE', #2238 ) ;
#3742 = LINE ( 'NONE', #5823, #1867 ) ;
#3743 = EDGE_LOOP ( 'NONE', ( #2315, #4385, #5073, #1578 ) ) ;
#3744 = ORIENTED_EDGE ( 'NONE', *, *, #1131, .F. ) ;
#3745 = ORIENTED_EDGE ( 'NONE', *, *, #2185, .F. ) ;
#3746 = ORIENTED_EDGE ( 'NONE', *, *, #10, .F. ) ;
#3747 = ORIENTED_EDGE ( 'NONE', *, *, #5474, .F. ) ;
#3748 = EDGE_CURVE ( 'NONE', #3321, #1710, #5342, .T. ) ;
#3749 = EDGE_LOOP ( 'NONE', ( #661, #4658, #4469, #887 ) ) ;
#3750 = CARTESIAN_POINT ( 'NONE',  ( -1.655000000000002025, -0.02000000000000000042, -0.4749999999999997558 ) ) ;
#3751 = CARTESIAN_POINT ( 'NONE',  ( 0.0000000000000000000, 0.0000000000000000000, 0.8250000000000001776 ) ) ;
#3752 = ORIENTED_EDGE ( 'NONE', *, *, #1746, .T. ) ;
#3753 = STYLED_ITEM ( 'NONE', ( #1271 ), #3426 ) ;
#3754 = ORIENTED_EDGE ( 'NONE', *, *, #4204, .T. ) ;
#3755 = DIRECTION ( 'NONE',  ( 0.0000000000000000000, -1.000000000000000000, 0.0000000000000000000 ) ) ;
#3756 = LINE ( 'NONE', #3774, #3075 ) ;
#3757 = DIRECTION ( 'NONE',  ( 0.2873478855663454956, 0.0000000000000000000, -0.9578262852211513190 ) ) ;
#3758 = SURFACE_SIDE_STYLE ('',( #405 ) ) ;
#3759 = PRESENTATION_LAYER_ASSIGNMENT (  '', '', ( #2947 ) ) ;
#3760 = EDGE_CURVE ( 'NONE', #5302, #5614, #5555, .T. ) ;
#3761 = SURFACE_STYLE_FILL_AREA ( #2678 ) ;
#3762 =( NAMED_UNIT ( * ) SI_UNIT ( $, .STERADIAN. ) SOLID_ANGLE_UNIT ( ) );
#3763 = CARTESIAN_POINT ( 'NONE',  ( -1.524999999999999911, 0.2799999999999790434, -1.524999999999999911 ) ) ;
#3764 = DIRECTION ( 'NONE',  ( 0.0000000000000000000, 0.0000000000000000000, 1.000000000000000000 ) ) ;
#3765 = ORIENTED_EDGE ( 'NONE', *, *, #4239, .T. ) ;
#3766 = EDGE_CURVE ( 'NONE', #1806, #3612, #2828, .T. ) ;
#3767 = FACE_OUTER_BOUND ( 'NONE', #2556, .T. ) ;
#3768 = CARTESIAN_POINT ( 'NONE',  ( 1.245000000000000329, 0.0000000000000000000, 1.054999999999999938 ) ) ;
#3769 = PRESENTATION_LAYER_ASSIGNMENT (  '', '', ( #5753 ) ) ;
#3770 = CARTESIAN_POINT ( 'NONE',  ( -1.655000000000004245, 0.2800000000000000266, 0.1750000000000002387 ) ) ;
#3771 = VERTEX_POINT ( 'NONE', #5265 ) ;
#3772 = SURFACE_STYLE_FILL_AREA ( #682 ) ;
#3773 =( NAMED_UNIT ( * ) PLANE_ANGLE_UNIT ( ) SI_UNIT ( $, .RADIAN. ) );
#3774 = CARTESIAN_POINT ( 'NONE',  ( 1.245000000000000329, 0.0000000000000000000, -0.8249999999999997335 ) ) ;
#3775 = FILL_AREA_STYLE_COLOUR ( '', #546 ) ;
#3776 = DIRECTION ( 'NONE',  ( 0.0000000000000000000, 0.0000000000000000000, -1.000000000000000000 ) ) ;
#3777 = VECTOR ( 'NONE', #2773, 1000.000000000000000 ) ;
#3778 = SURFACE_STYLE_USAGE ( .BOTH. , #4254 ) ;
#3779 = LINE ( 'NONE', #5166, #2605 ) ;
#3780 = DIRECTION ( 'NONE',  ( -0.0000000000000000000, 1.000000000000000000, -0.0000000000000000000 ) ) ;
#3781 = VECTOR ( 'NONE', #2105, 1000.000000000000000 ) ;
#3782 = DIRECTION ( 'NONE',  ( -0.0000000000000000000, -1.000000000000000000, -0.0000000000000000000 ) ) ;
#3783 = COLOUR_RGB ( '',1.000000000000000000, 1.000000000000000000, 1.000000000000000000 ) ;
#3784 = LINE ( 'NONE', #5198, #1114 ) ;
#3785 = DIRECTION ( 'NONE',  ( 0.0000000000000000000, 0.0000000000000000000, -1.000000000000000000 ) ) ;
#3786 =( NAMED_UNIT ( * ) SI_UNIT ( $, .STERADIAN. ) SOLID_ANGLE_UNIT ( ) );
#3787 = EDGE_CURVE ( 'NONE', #2905, #3272, #4491, .T. ) ;
#3788 = COLOUR_RGB ( '',0.2509803921568627416, 0.2509803921568627416, 0.2509803921568627416 ) ;
#3789 = VECTOR ( 'NONE', #4893, 1000.000000000000000 ) ;
#3790 = SURFACE_STYLE_USAGE ( .BOTH. , #2030 ) ;
#3791 = PRESENTATION_LAYER_ASSIGNMENT (  '', '', ( #560 ) ) ;
#3792 = SURFACE_STYLE_FILL_AREA ( #5718 ) ;
#3793 = DIRECTION ( 'NONE',  ( 0.0000000000000000000, 0.0000000000000000000, -1.000000000000000000 ) ) ;
#3794 = DIRECTION ( 'NONE',  ( -0.2873478855663454956, 0.0000000000000000000, 0.9578262852211513190 ) ) ;
#3795 = LINE ( 'NONE', #759, #2211 ) ;
#3796 = VECTOR ( 'NONE', #4985, 1000.000000000000000 ) ;
#3797 = MECHANICAL_DESIGN_GEOMETRIC_PRESENTATION_REPRESENTATION (  '', ( #748 ), #985 ) ;
#3798 = PLANE ( 'NONE',  #4889 ) ;
#3799 = VECTOR ( 'NONE', #1059, 1000.000000000000000 ) ;
#3800 = EDGE_CURVE ( 'NONE', #3455, #5174, #2536, .T. ) ;
#3801 = DIRECTION ( 'NONE',  ( -0.0000000000000000000, -0.0000000000000000000, 1.000000000000000000 ) ) ;
#3802 = AXIS2_PLACEMENT_3D ( 'NONE', #2272, #2296, #3162 ) ;
#3803 = ORIENTED_EDGE ( 'NONE', *, *, #4709, .T. ) ;
#3804 = VERTEX_POINT ( 'NONE', #4896 ) ;
#3805 = FILL_AREA_STYLE_COLOUR ( '', #4582 ) ;
#3806 = ORIENTED_EDGE ( 'NONE', *, *, #2898, .T. ) ;
#3807 = DIRECTION ( 'NONE',  ( -1.000000000000000000, 0.0000000000000000000, -0.0000000000000000000 ) ) ;
#3808 = SURFACE_SIDE_STYLE ('',( #279 ) ) ;
#3809 = ORIENTED_EDGE ( 'NONE', *, *, #840, .F. ) ;
#3810 = FACE_OUTER_BOUND ( 'NONE', #172, .T. ) ;
#3811 = ORIENTED_EDGE ( 'NONE', *, *, #5152, .T. ) ;
#3812 = FILL_AREA_STYLE_COLOUR ( '', #5566 ) ;
#3813 = ORIENTED_EDGE ( 'NONE', *, *, #3309, .T. ) ;
#3814 = SURFACE_SIDE_STYLE ('',( #1213 ) ) ;
#3815 = DIRECTION ( 'NONE',  ( -0.0000000000000000000, 0.0000000000000000000, 1.000000000000000000 ) ) ;
#3816 =( GEOMETRIC_REPRESENTATION_CONTEXT ( 3 ) GLOBAL_UNCERTAINTY_ASSIGNED_CONTEXT ( ( #5441 ) ) GLOBAL_UNIT_ASSIGNED_CONTEXT ( ( #2123, #1672, #3342 ) ) REPRESENTATION_CONTEXT ( 'NONE', 'WORKASPACE' ) );
#3817 = AXIS2_PLACEMENT_3D ( 'NONE', #2289, #2709, #4496 ) ;
#3818 = ORIENTED_EDGE ( 'NONE', *, *, #1170, .T. ) ;
#3819 = CARTESIAN_POINT ( 'NONE',  ( -0.06999999999999974298, 0.2800000000000000266, -1.649999999999999911 ) ) ;
#3820 = EDGE_LOOP ( 'NONE', ( #4667, #3609, #4230, #1287 ) ) ;
#3821 = ORIENTED_EDGE ( 'NONE', *, *, #4239, .F. ) ;
#3822 =( NAMED_UNIT ( * ) SI_UNIT ( $, .STERADIAN. ) SOLID_ANGLE_UNIT ( ) );
#3823 = EDGE_CURVE ( 'NONE', #2432, #3486, #5628, .T. ) ;
#3824 = LINE ( 'NONE', #121, #2090 ) ;
#3825 = CARTESIAN_POINT ( 'NONE',  ( -1.225000000000006528, 0.0000000000000000000, 0.8250000000000001776 ) ) ;
#3826 = SURFACE_STYLE_USAGE ( .BOTH. , #2938 ) ;
#3827 = STYLED_ITEM ( 'NONE', ( #4212 ), #3604 ) ;
#3828 = FILL_AREA_STYLE ('',( #5670 ) ) ;
#3829 = DIRECTION ( 'NONE',  ( -0.2873478855663454956, -0.0000000000000000000, -0.9578262852211513190 ) ) ;
#3830 = EDGE_LOOP ( 'NONE', ( #1439, #3953, #1437, #3412 ) ) ;
#3831 = STYLED_ITEM ( 'NONE', ( #2175 ), #2833 ) ;
#3832 = CARTESIAN_POINT ( 'NONE',  ( -1.655000000000002025, -0.02000000000000000042, -0.4749999999999997558 ) ) ;
#3833 = EDGE_CURVE ( 'NONE', #1726, #941, #3508, .T. ) ;
#3834 = UNCERTAINTY_MEASURE_WITH_UNIT (LENGTH_MEASURE( 1.000000000000000082E-05 ), #1612, 'distance_accuracy_value', 'NONE');
#3835 = STYLED_ITEM ( 'NONE', ( #334 ), #1732 ) ;
#3836 = ORIENTED_EDGE ( 'NONE', *, *, #1343, .F. ) ;
#3837 = DIRECTION ( 'NONE',  ( 0.0000000000000000000, 0.0000000000000000000, 1.000000000000000000 ) ) ;
#3838 = COLOUR_RGB ( '',0.2509803921568627416, 0.2509803921568627416, 0.2509803921568627416 ) ;
#3839 = FILL_AREA_STYLE ('',( #3860 ) ) ;
#3840 = VECTOR ( 'NONE', #4463, 1000.000000000000000 ) ;
#3841 = FILL_AREA_STYLE ('',( #1141 ) ) ;
#3842 = UNCERTAINTY_MEASURE_WITH_UNIT (LENGTH_MEASURE( 1.000000000000000082E-05 ), #398, 'distance_accuracy_value', 'NONE');
#3843 = DIRECTION ( 'NONE',  ( 0.0000000000000000000, 0.0000000000000000000, -1.000000000000000000 ) ) ;
#3844 = LINE ( 'NONE', #1301, #2674 ) ;
#3845 = FACE_OUTER_BOUND ( 'NONE', #3640, .T. ) ;
#3846 = CARTESIAN_POINT ( 'NONE',  ( 1.245000000000000329, 0.0000000000000000000, -0.8249999999999997335 ) ) ;
#3847 = SURFACE_STYLE_FILL_AREA ( #453 ) ;
#3848 = CARTESIAN_POINT ( 'NONE',  ( 1.524999999999999911, 0.0000000000000000000, -1.124999999999999778 ) ) ;
#3849 = CARTESIAN_POINT ( 'NONE',  ( 1.524999999999999911, 0.0000000000000000000, 0.8249999999999997335 ) ) ;
#3850 = CARTESIAN_POINT ( 'NONE',  ( -1.225000000000004308, -0.02000000000000000042, 0.4750000000000001998 ) ) ;
#3851 = VECTOR ( 'NONE', #5121, 1000.000000000000000 ) ;
#3852 = STYLED_ITEM ( 'NONE', ( #5612 ), #2345 ) ;
#3853 = PRESENTATION_STYLE_ASSIGNMENT (( #4084 ) ) ;
#3854 = LINE ( 'NONE', #3002, #1539 ) ;
#3855 = SURFACE_STYLE_FILL_AREA ( #3399 ) ;
#3856 = STYLED_ITEM ( 'NONE', ( #2621 ), #3489 ) ;
#3857 = VECTOR ( 'NONE', #5305, 1000.000000000000000 ) ;
#3858 = FACE_OUTER_BOUND ( 'NONE', #4793, .T. ) ;
#3859 = LINE ( 'NONE', #180, #919 ) ;
#3860 = FILL_AREA_STYLE_COLOUR ( '', #5786 ) ;
#3861 = CARTESIAN_POINT ( 'NONE',  ( 1.245000000000000329, 0.0000000000000000000, 0.8249999999999997335 ) ) ;
#3862 = EDGE_CURVE ( 'NONE', #5281, #2432, #266, .T. ) ;
#3863 = CARTESIAN_POINT ( 'NONE',  ( -0.02499999999999974118, 0.2800000000000000266, 1.149999999999999911 ) ) ;
#3864 = PRESENTATION_STYLE_ASSIGNMENT (( #244 ) ) ;
#3865 = DIRECTION ( 'NONE',  ( -0.0000000000000000000, -0.0000000000000000000, -1.000000000000000000 ) ) ;
#3866 = AXIS2_PLACEMENT_3D ( 'NONE', #4594, #1426, #3667 ) ;
#3867 = UNCERTAINTY_MEASURE_WITH_UNIT (LENGTH_MEASURE( 1.000000000000000082E-05 ), #4091, 'distance_accuracy_value', 'NONE');
#3868 = DIRECTION ( 'NONE',  ( 1.000000000000000000, 0.0000000000000000000, 0.0000000000000000000 ) ) ;
#3869 = ORIENTED_EDGE ( 'NONE', *, *, #1537, .T. ) ;
#3870 = MECHANICAL_DESIGN_GEOMETRIC_PRESENTATION_REPRESENTATION (  '', ( #4146 ), #5309 ) ;
#3871 = SURFACE_STYLE_FILL_AREA ( #537 ) ;
#3872 = ORIENTED_EDGE ( 'NONE', *, *, #1014, .T. ) ;
#3873 = CARTESIAN_POINT ( 'NONE',  ( -1.655000000000002025, 0.2800000000000000266, -0.4749999999999997558 ) ) ;
#3874 = ORIENTED_EDGE ( 'NONE', *, *, #1938, .F. ) ;
#3875 = ORIENTED_EDGE ( 'NONE', *, *, #5355, .T. ) ;
#3876 = EDGE_CURVE ( 'NONE', #4104, #5814, #5774, .T. ) ;
#3877 = VECTOR ( 'NONE', #4858, 1000.000000000000000 ) ;
#3878 = VERTEX_POINT ( 'NONE', #3018 ) ;
#3879 = DIRECTION ( 'NONE',  ( -0.0000000000000000000, -0.0000000000000000000, 1.000000000000000000 ) ) ;
#3880 = ORIENTED_EDGE ( 'NONE', *, *, #4623, .F. ) ;
#3881 = MECHANICAL_DESIGN_GEOMETRIC_PRESENTATION_REPRESENTATION (  '', ( #196 ), #3996 ) ;
#3882 = CARTESIAN_POINT ( 'NONE',  ( -0.06999999999999975686, 0.2800000000000000266, 1.300000000000000044 ) ) ;
#3883 = VERTEX_POINT ( 'NONE', #780 ) ;
#3884 =( NAMED_UNIT ( * ) PLANE_ANGLE_UNIT ( ) SI_UNIT ( $, .RADIAN. ) );
#3885 = ORIENTED_EDGE ( 'NONE', *, *, #220, .T. ) ;
#3886 = CARTESIAN_POINT ( 'NONE',  ( 1.245000000000000329, 0.2800000000000000266, -0.8249999999999997335 ) ) ;
#3887 = VERTEX_POINT ( 'NONE', #5752 ) ;
#3888 = FILL_AREA_STYLE ('',( #729 ) ) ;
#3889 = VERTEX_POINT ( 'NONE', #1237 ) ;
#3890 = VECTOR ( 'NONE', #4183, 1000.000000000000000 ) ;
#3891 = ORIENTED_EDGE ( 'NONE', *, *, #5468, .F. ) ;
#3892 = CARTESIAN_POINT ( 'NONE',  ( -1.225000000000001865, 0.2800000000000000266, -0.4749999999999997558 ) ) ;
#3893 = ORIENTED_EDGE ( 'NONE', *, *, #1606, .F. ) ;
#3894 = CARTESIAN_POINT ( 'NONE',  ( 1.245000000000000329, 0.0000000000000000000, -1.054999999999999938 ) ) ;
#3895 = MECHANICAL_DESIGN_GEOMETRIC_PRESENTATION_REPRESENTATION (  '', ( #1600 ), #1679 ) ;
#3896 = MECHANICAL_DESIGN_GEOMETRIC_PRESENTATION_REPRESENTATION (  '', ( #4197 ), #1183 ) ;
#3897 = DIRECTION ( 'NONE',  ( -0.0000000000000000000, -1.000000000000000000, -0.0000000000000000000 ) ) ;
#3898 = DIRECTION ( 'NONE',  ( -1.000000000000000000, 0.0000000000000000000, -0.0000000000000000000 ) ) ;
#3899 = DIRECTION ( 'NONE',  ( 1.000000000000000000, -0.0000000000000000000, 1.322197771323785883E-16 ) ) ;
#3900 = PRESENTATION_STYLE_ASSIGNMENT (( #675 ) ) ;
#3901 = PRESENTATION_STYLE_ASSIGNMENT (( #5828 ) ) ;
#3902 = EDGE_CURVE ( 'NONE', #4178, #3694, #4575, .T. ) ;
#3903 = CARTESIAN_POINT ( 'NONE',  ( -1.655000000000002025, 0.2800000000000000266, -0.1749999999999998224 ) ) ;
#3904 = PRESENTATION_LAYER_ASSIGNMENT (  '', '', ( #5509 ) ) ;
#3905 = CARTESIAN_POINT ( 'NONE',  ( 1.245000000000000329, 0.2800000000000000266, -0.1749999999999998501 ) ) ;
#3906 = COLOUR_RGB ( '',0.2509803921568627416, 0.2509803921568627416, 0.2509803921568627416 ) ;
#3907 = VERTEX_POINT ( 'NONE', #3942 ) ;
#3908 = MECHANICAL_DESIGN_GEOMETRIC_PRESENTATION_REPRESENTATION (  '', ( #2730 ), #3315 ) ;
#3909 = PRESENTATION_STYLE_ASSIGNMENT (( #578 ) ) ;
#3910 = SURFACE_STYLE_USAGE ( .BOTH. , #1263 ) ;
#3911 = DIRECTION ( 'NONE',  ( 1.000000000000000000, -0.0000000000000000000, 2.853163611803958284E-16 ) ) ;
#3912 = UNCERTAINTY_MEASURE_WITH_UNIT (LENGTH_MEASURE( 1.000000000000000082E-05 ), #2721, 'distance_accuracy_value', 'NONE');
#3913 = SURFACE_STYLE_USAGE ( .BOTH. , #786 ) ;
#3914 = CARTESIAN_POINT ( 'NONE',  ( 1.655000000000000249, 0.0000000000000000000, -0.1749999999999998224 ) ) ;
#3915 = FILL_AREA_STYLE ('',( #1767 ) ) ;
#3916 = EDGE_CURVE ( 'NONE', #376, #3455, #1111, .T. ) ;
#3917 = DIRECTION ( 'NONE',  ( 0.0000000000000000000, -1.000000000000000000, 0.0000000000000000000 ) ) ;
#3918 = LINE ( 'NONE', #3009, #2040 ) ;
#3919 =( LENGTH_UNIT ( ) NAMED_UNIT ( * ) SI_UNIT ( .MILLI., .METRE. ) );
#3920 = SURFACE_STYLE_USAGE ( .BOTH. , #5261 ) ;
#3921 = CARTESIAN_POINT ( 'NONE',  ( -0.3649999999999997691, 0.0000000000000000000, 1.149999999999999911 ) ) ;
#3922 = DIRECTION ( 'NONE',  ( -1.000000000000000000, 0.0000000000000000000, 0.0000000000000000000 ) ) ;
#3923 = CARTESIAN_POINT ( 'NONE',  ( 1.245000000000000329, 0.0000000000000000000, -1.124999999999999556 ) ) ;
#3924 = AXIS2_PLACEMENT_3D ( 'NONE', #4573, #85, #3202 ) ;
#3925 = STYLED_ITEM ( 'NONE', ( #1675 ), #1765 ) ;
#3926 = VECTOR ( 'NONE', #1585, 1000.000000000000000 ) ;
#3927 =( NAMED_UNIT ( * ) SI_UNIT ( $, .STERADIAN. ) SOLID_ANGLE_UNIT ( ) );
#3928 = CARTESIAN_POINT ( 'NONE',  ( 1.524999999999999911, 1.040000000000000036, -1.124999999999999334 ) ) ;
#3929 = CARTESIAN_POINT ( 'NONE',  ( -1.224999999999999645, -0.0000000000000000000, -1.124999999999999778 ) ) ;
#3930 = COLOUR_RGB ( '',0.2509803921568627416, 0.2509803921568627416, 0.2509803921568627416 ) ;
#3931 = CARTESIAN_POINT ( 'NONE',  ( -1.401154618473896329, 1.221224899598389424, 1.401154618473896329 ) ) ;
#3932 = DIRECTION ( 'NONE',  ( 1.000000000000000000, 0.0000000000000000000, -0.0000000000000000000 ) ) ;
#3933 = EDGE_CURVE ( 'NONE', #4098, #1865, #136, .T. ) ;
#3934 = VECTOR ( 'NONE', #221, 1000.000000000000000 ) ;
#3935 = CARTESIAN_POINT ( 'NONE',  ( 1.655000000000000249, 0.2800000000000000266, -0.1749999999999998224 ) ) ;
#3936 = AXIS2_PLACEMENT_3D ( 'NONE', #1178, #243, #2126 ) ;
#3937 = VERTEX_POINT ( 'NONE', #2754 ) ;
#3938 = PLANE ( 'NONE',  #4407 ) ;
#3939 =( GEOMETRIC_REPRESENTATION_CONTEXT ( 3 ) GLOBAL_UNCERTAINTY_ASSIGNED_CONTEXT ( ( #3000 ) ) GLOBAL_UNIT_ASSIGNED_CONTEXT ( ( #338, #5210, #2986 ) ) REPRESENTATION_CONTEXT ( 'NONE', 'WORKASPACE' ) );
#3940 =( NAMED_UNIT ( * ) PLANE_ANGLE_UNIT ( ) SI_UNIT ( $, .RADIAN. ) );
#3941 = UNCERTAINTY_MEASURE_WITH_UNIT (LENGTH_MEASURE( 1.000000000000000082E-05 ), #2571, 'distance_accuracy_value', 'NONE');
#3942 = CARTESIAN_POINT ( 'NONE',  ( 1.245000000000000329, 0.0000000000000000000, -0.4749999999999997558 ) ) ;
#3943 = ORIENTED_EDGE ( 'NONE', *, *, #4100, .T. ) ;
#3944 = VECTOR ( 'NONE', #30, 1000.000000000000000 ) ;
#3945 = ORIENTED_EDGE ( 'NONE', *, *, #4115, .F. ) ;
#3946 = FILL_AREA_STYLE ('',( #2128 ) ) ;
#3947 = AXIS2_PLACEMENT_3D ( 'NONE', #567, #4154, #5459 ) ;
#3948 = EDGE_CURVE ( 'NONE', #2442, #511, #5696, .T. ) ;
#3949 = ORIENTED_EDGE ( 'NONE', *, *, #5279, .T. ) ;
#3950 = CARTESIAN_POINT ( 'NONE',  ( -1.655000000000006466, -0.02000000000000000042, 0.8250000000000001776 ) ) ;
#3951 = DIRECTION ( 'NONE',  ( 0.0000000000000000000, 0.0000000000000000000, 1.000000000000000000 ) ) ;
#3952 = PRESENTATION_LAYER_ASSIGNMENT (  '', '', ( #4669 ) ) ;
#3953 = ORIENTED_EDGE ( 'NONE', *, *, #990, .F. ) ;
#3954 = DIRECTION ( 'NONE',  ( -0.0000000000000000000, -0.0000000000000000000, 1.000000000000000000 ) ) ;
#3955 = SURFACE_STYLE_USAGE ( .BOTH. , #4756 ) ;
#3956 = EDGE_LOOP ( 'NONE', ( #156, #4830, #3274, #5529 ) ) ;
#3957 = ADVANCED_FACE ( 'NONE', ( #753 ), #3179, .F. ) ;
#3958 = ORIENTED_EDGE ( 'NONE', *, *, #3111, .T. ) ;
#3959 = ADVANCED_FACE ( 'NONE', ( #2954 ), #4034, .F. ) ;
#3960 = EDGE_CURVE ( 'NONE', #224, #3460, #1607, .T. ) ;
#3961 = ORIENTED_EDGE ( 'NONE', *, *, #2912, .F. ) ;
#3962 = ORIENTED_EDGE ( 'NONE', *, *, #4890, .F. ) ;
#3963 = MECHANICAL_DESIGN_GEOMETRIC_PRESENTATION_REPRESENTATION (  '', ( #3669 ), #4082 ) ;
#3964 = FILL_AREA_STYLE_COLOUR ( '', #3092 ) ;
#3965 = VERTEX_POINT ( 'NONE', #1380 ) ;
#3966 = CARTESIAN_POINT ( 'NONE',  ( 1.524999999999999911, 0.0000000000000000000, -0.8249999999999997335 ) ) ;
#3967 = DIRECTION ( 'NONE',  ( -0.0000000000000000000, -0.0000000000000000000, 1.000000000000000000 ) ) ;
#3968 = DIRECTION ( 'NONE',  ( 1.000000000000000000, -0.0000000000000000000, -1.322197771323785883E-16 ) ) ;
#3969 = VECTOR ( 'NONE', #2480, 1000.000000000000000 ) ;
#3970 = VECTOR ( 'NONE', #1700, 1000.000000000000000 ) ;
#3971 =( NAMED_UNIT ( * ) SI_UNIT ( $, .STERADIAN. ) SOLID_ANGLE_UNIT ( ) );
#3972 = CARTESIAN_POINT ( 'NONE',  ( 1.245000000000000329, 0.2800000000000000266, -1.054999999999999938 ) ) ;
#3973 =( NAMED_UNIT ( * ) SI_UNIT ( $, .STERADIAN. ) SOLID_ANGLE_UNIT ( ) );
#3974 = FILL_AREA_STYLE_COLOUR ( '', #5297 ) ;
#3975 = CARTESIAN_POINT ( 'NONE',  ( 1.245000000000000329, 0.2800000000000000266, -0.4749999999999997558 ) ) ;
#3976 = STYLED_ITEM ( 'NONE', ( #5044 ), #2253 ) ;
#3977 = COLOUR_RGB ( '',0.2509803921568627416, 0.2509803921568627416, 0.2509803921568627416 ) ;
#3978 = FILL_AREA_STYLE ('',( #4432 ) ) ;
#3979 = CARTESIAN_POINT ( 'NONE',  ( -1.224999999999999645, 0.2800000000000000266, -0.8249999999999997335 ) ) ;
#3980 = SURFACE_STYLE_USAGE ( .BOTH. , #5238 ) ;
#3981 = PRESENTATION_STYLE_ASSIGNMENT (( #86 ) ) ;
#3982 = STYLED_ITEM ( 'NONE', ( #2689 ), #3262 ) ;
#3983 = EDGE_LOOP ( 'NONE', ( #3121, #3885, #1459, #2020 ) ) ;
#3984 = EDGE_CURVE ( 'NONE', #5016, #4668, #4205, .T. ) ;
#3985 =( LENGTH_UNIT ( ) NAMED_UNIT ( * ) SI_UNIT ( .MILLI., .METRE. ) );
#3986 = VERTEX_POINT ( 'NONE', #4087 ) ;
#3987 = CARTESIAN_POINT ( 'NONE',  ( -1.293443937657340337, 0.8900000000000001243, 0.0000000000000000000 ) ) ;
#3988 = MECHANICAL_DESIGN_GEOMETRIC_PRESENTATION_REPRESENTATION (  '', ( #1907 ), #4601 ) ;
#3989 = CARTESIAN_POINT ( 'NONE',  ( -1.655000000000006466, 0.2800000000000000266, 0.8250000000000001776 ) ) ;
#3990 = DIRECTION ( 'NONE',  ( -0.0000000000000000000, -0.0000000000000000000, 1.000000000000000000 ) ) ;
#3991 = DIRECTION ( 'NONE',  ( 0.0000000000000000000, 0.0000000000000000000, 1.000000000000000000 ) ) ;
#3992 = DIRECTION ( 'NONE',  ( -1.000000000000000000, 0.0000000000000000000, 1.421904488505579654E-16 ) ) ;
#3993 =( NAMED_UNIT ( * ) SI_UNIT ( $, .STERADIAN. ) SOLID_ANGLE_UNIT ( ) );
#3994 = EDGE_CURVE ( 'NONE', #5516, #2442, #3408, .T. ) ;
#3995 = SURFACE_SIDE_STYLE ('',( #464 ) ) ;
#3996 =( GEOMETRIC_REPRESENTATION_CONTEXT ( 3 ) GLOBAL_UNCERTAINTY_ASSIGNED_CONTEXT ( ( #1436 ) ) GLOBAL_UNIT_ASSIGNED_CONTEXT ( ( #693, #223, #2987 ) ) REPRESENTATION_CONTEXT ( 'NONE', 'WORKASPACE' ) );
#3997 = PRESENTATION_STYLE_ASSIGNMENT (( #5423 ) ) ;
#3998 = PRESENTATION_STYLE_ASSIGNMENT (( #2584 ) ) ;
#3999 = SURFACE_STYLE_FILL_AREA ( #4555 ) ;
#4000 = VECTOR ( 'NONE', #4339, 1000.000000000000000 ) ;
#4001 = DIRECTION ( 'NONE',  ( 0.0000000000000000000, 0.0000000000000000000, -1.000000000000000000 ) ) ;
#4002 = SURFACE_STYLE_FILL_AREA ( #5 ) ;
#4003 = SURFACE_STYLE_FILL_AREA ( #3828 ) ;
#4004 = DIRECTION ( 'NONE',  ( -1.000000000000000000, 0.0000000000000000000, 0.0000000000000000000 ) ) ;
#4005 = SURFACE_SIDE_STYLE ('',( #918 ) ) ;
#4006 = PLANE ( 'NONE',  #2626 ) ;
#4007 =( LENGTH_UNIT ( ) NAMED_UNIT ( * ) SI_UNIT ( .MILLI., .METRE. ) );
#4008 = MECHANICAL_DESIGN_GEOMETRIC_PRESENTATION_REPRESENTATION (  '', ( #349 ), #1001 ) ;
#4009 = PRESENTATION_LAYER_ASSIGNMENT (  '', '', ( #4227 ) ) ;
#4010 = VECTOR ( 'NONE', #3035, 1000.000000000000000 ) ;
#4011 = COLOUR_RGB ( '',1.000000000000000000, 1.000000000000000000, 1.000000000000000000 ) ;
#4012 = VECTOR ( 'NONE', #109, 1000.000000000000000 ) ;
#4013 =( NAMED_UNIT ( * ) PLANE_ANGLE_UNIT ( ) SI_UNIT ( $, .RADIAN. ) );
#4014 = VECTOR ( 'NONE', #2897, 1000.000000000000000 ) ;
#4015 = DIRECTION ( 'NONE',  ( 1.000000000000000000, -0.0000000000000000000, -0.0000000000000000000 ) ) ;
#4016 = PLANE ( 'NONE',  #2371 ) ;
#4017 = LINE ( 'NONE', #4264, #2971 ) ;
#4018 = ADVANCED_FACE ( 'NONE', ( #4140 ), #3160, .F. ) ;
#4019 = EDGE_CURVE ( 'NONE', #5288, #5377, #4837, .T. ) ;
#4020 = ORIENTED_EDGE ( 'NONE', *, *, #1782, .T. ) ;
#4021 = ORIENTED_EDGE ( 'NONE', *, *, #5200, .F. ) ;
#4022 = ORIENTED_EDGE ( 'NONE', *, *, #1137, .T. ) ;
#4023 = SURFACE_STYLE_USAGE ( .BOTH. , #4973 ) ;
#4024 = STYLED_ITEM ( 'NONE', ( #842 ), #3492 ) ;
#4025 = UNCERTAINTY_MEASURE_WITH_UNIT (LENGTH_MEASURE( 1.000000000000000082E-05 ), #2277, 'distance_accuracy_value', 'NONE');
#4026 = ORIENTED_EDGE ( 'NONE', *, *, #2083, .T. ) ;
#4027 = CARTESIAN_POINT ( 'NONE',  ( -0.3199999999999997291, 0.0000000000000000000, -1.649999999999999911 ) ) ;
#4028 = PRESENTATION_LAYER_ASSIGNMENT (  '', '', ( #3651 ) ) ;
#4029 = FACE_OUTER_BOUND ( 'NONE', #3324, .T. ) ;
#4030 = ORIENTED_EDGE ( 'NONE', *, *, #4036, .F. ) ;
#4031 = CARTESIAN_POINT ( 'NONE',  ( 1.655000000000000249, 0.2800000000000000266, 0.8249999999999997335 ) ) ;
#4032 = VERTEX_POINT ( 'NONE', #4608 ) ;
#4033 =( NAMED_UNIT ( * ) PLANE_ANGLE_UNIT ( ) SI_UNIT ( $, .RADIAN. ) );
#4034 = PLANE ( 'NONE',  #218 ) ;
#4035 = ORIENTED_EDGE ( 'NONE', *, *, #5152, .F. ) ;
#4036 = EDGE_CURVE ( 'NONE', #3694, #1385, #2669, .T. ) ;
#4037 = MANIFOLD_SOLID_BREP ( 'Boss-Extrude2[3]', #5581 ) ;
#4038 = EDGE_LOOP ( 'NONE', ( #583, #4955, #727, #892 ) ) ;
#4039 = DIRECTION ( 'NONE',  ( -0.0000000000000000000, -0.0000000000000000000, 1.000000000000000000 ) ) ;
#4040 = ORIENTED_EDGE ( 'NONE', *, *, #2222, .T. ) ;
#4041 = AXIS2_PLACEMENT_3D ( 'NONE', #4459, #2707, #1300 ) ;
#4042 =( GEOMETRIC_REPRESENTATION_CONTEXT ( 3 ) GLOBAL_UNCERTAINTY_ASSIGNED_CONTEXT ( ( #4899 ) ) GLOBAL_UNIT_ASSIGNED_CONTEXT ( ( #4361, #1676, #2150 ) ) REPRESENTATION_CONTEXT ( 'NONE', 'WORKASPACE' ) );
#4043 = DIRECTION ( 'NONE',  ( 1.000000000000000000, 0.0000000000000000000, -0.0000000000000000000 ) ) ;
#4044 = SURFACE_SIDE_STYLE ('',( #1327 ) ) ;
#4045 =( NAMED_UNIT ( * ) SI_UNIT ( $, .STERADIAN. ) SOLID_ANGLE_UNIT ( ) );
#4046 = ORIENTED_EDGE ( 'NONE', *, *, #84, .T. ) ;
#4047 = COLOUR_RGB ( '',0.7921568627450980005, 0.8196078431372548767, 0.9333333333333333481 ) ;
#4048 = CARTESIAN_POINT ( 'NONE',  ( -1.225000000000004308, 0.0000000000000000000, 0.4750000000000001443 ) ) ;
#4049 = ADVANCED_FACE ( 'NONE', ( #1843 ), #5050, .F. ) ;
#4050 = COLOUR_RGB ( '',1.000000000000000000, 1.000000000000000000, 1.000000000000000000 ) ;
#4051 = DIRECTION ( 'NONE',  ( 0.0000000000000000000, 1.000000000000000000, -0.0000000000000000000 ) ) ;
#4052 = PRESENTATION_STYLE_ASSIGNMENT (( #2601 ) ) ;
#4053 = DIRECTION ( 'NONE',  ( 0.0000000000000000000, 1.000000000000000000, 0.0000000000000000000 ) ) ;
#4054 = FILL_AREA_STYLE ('',( #5802 ) ) ;
#4055 = CARTESIAN_POINT ( 'NONE',  ( 1.245000000000000329, 0.0000000000000000000, -0.1749999999999998501 ) ) ;
#4056 = EDGE_CURVE ( 'NONE', #2378, #5740, #483, .T. ) ;
#4057 = LINE ( 'NONE', #91, #742 ) ;
#4058 = VERTEX_POINT ( 'NONE', #2853 ) ;
#4059 = SURFACE_SIDE_STYLE ('',( #5559 ) ) ;
#4060 = CARTESIAN_POINT ( 'NONE',  ( 1.524999999999999911, 0.2799999999999790434, -1.525000000000000355 ) ) ;
#4061 = MECHANICAL_DESIGN_GEOMETRIC_PRESENTATION_REPRESENTATION (  '', ( #3753 ), #2974 ) ;
#4062 = EDGE_CURVE ( 'NONE', #5372, #3986, #1533, .T. ) ;
#4063 = PRESENTATION_STYLE_ASSIGNMENT (( #5607 ) ) ;
#4064 = SURFACE_SIDE_STYLE ('',( #4002 ) ) ;
#4065 = STYLED_ITEM ( 'NONE', ( #5248 ), #2706 ) ;
#4066 = EDGE_CURVE ( 'NONE', #1641, #5097, #1677, .T. ) ;
#4067 = DIRECTION ( 'NONE',  ( -0.0000000000000000000, -1.000000000000000000, -0.0000000000000000000 ) ) ;
#4068 = COLOUR_RGB ( '',1.000000000000000000, 1.000000000000000000, 1.000000000000000000 ) ;
#4069 = DIRECTION ( 'NONE',  ( 0.0000000000000000000, -0.0000000000000000000, -1.000000000000000000 ) ) ;
#4070 = COLOUR_RGB ( '',1.000000000000000000, 1.000000000000000000, 1.000000000000000000 ) ;
#4071 = AXIS2_PLACEMENT_3D ( 'NONE', #2962, #5615, #4737 ) ;
#4072 = PLANE ( 'NONE',  #118 ) ;
#4073 =( NAMED_UNIT ( * ) SI_UNIT ( $, .STERADIAN. ) SOLID_ANGLE_UNIT ( ) );
#4074 = CARTESIAN_POINT ( 'NONE',  ( 1.655000000000000249, 0.2800000000000000266, 0.8249999999999997335 ) ) ;
#4075 = SHAPE_DEFINITION_REPRESENTATION ( #4283, #3022 ) ;
#4076 = DIRECTION ( 'NONE',  ( -0.0000000000000000000, 1.000000000000000000, -0.0000000000000000000 ) ) ;
#4077 = FILL_AREA_STYLE_COLOUR ( '', #4918 ) ;
#4078 = EDGE_CURVE ( 'NONE', #5596, #442, #4988, .T. ) ;
#4079 = DIRECTION ( 'NONE',  ( -0.0000000000000000000, -0.0000000000000000000, -1.000000000000000000 ) ) ;
#4080 = SURFACE_STYLE_FILL_AREA ( #3505 ) ;
#4081 = ADVANCED_FACE ( 'NONE', ( #1400 ), #2374, .F. ) ;
#4082 =( GEOMETRIC_REPRESENTATION_CONTEXT ( 3 ) GLOBAL_UNCERTAINTY_ASSIGNED_CONTEXT ( ( #5101 ) ) GLOBAL_UNIT_ASSIGNED_CONTEXT ( ( #374, #5262, #1299 ) ) REPRESENTATION_CONTEXT ( 'NONE', 'WORKASPACE' ) );
#4083 = FILL_AREA_STYLE_COLOUR ( '', #4349 ) ;
#4084 = SURFACE_STYLE_USAGE ( .BOTH. , #943 ) ;
#4085 = APPLICATION_CONTEXT ( 'automotive_design' ) ;
#4086 = CARTESIAN_POINT ( 'NONE',  ( 1.655000000000000249, 0.2800000000000000266, -1.124999999999999778 ) ) ;
#4087 = CARTESIAN_POINT ( 'NONE',  ( 1.245000000000000329, 0.2800000000000000266, 0.4749999999999997558 ) ) ;
#4088 = PRESENTATION_LAYER_ASSIGNMENT (  '', '', ( #549 ) ) ;
#4089 = ORIENTED_EDGE ( 'NONE', *, *, #5744, .T. ) ;
#4090 = VERTEX_POINT ( 'NONE', #1444 ) ;
#4091 =( LENGTH_UNIT ( ) NAMED_UNIT ( * ) SI_UNIT ( .MILLI., .METRE. ) );
#4092 = DIRECTION ( 'NONE',  ( -0.0000000000000000000, -1.000000000000000000, -0.0000000000000000000 ) ) ;
#4093 =( GEOMETRIC_REPRESENTATION_CONTEXT ( 3 ) GLOBAL_UNCERTAINTY_ASSIGNED_CONTEXT ( ( #271 ) ) GLOBAL_UNIT_ASSIGNED_CONTEXT ( ( #299, #388, #1247 ) ) REPRESENTATION_CONTEXT ( 'NONE', 'WORKASPACE' ) );
#4094 = EDGE_LOOP ( 'NONE', ( #728, #1643, #2941, #4443 ) ) ;
#4095 = DIRECTION ( 'NONE',  ( -0.0000000000000000000, 0.0000000000000000000, -1.000000000000000000 ) ) ;
#4096 = CARTESIAN_POINT ( 'NONE',  ( 0.0000000000000000000, 0.2800000000000000266, 0.0000000000000000000 ) ) ;
#4097 = CARTESIAN_POINT ( 'NONE',  ( -1.524999999999999911, 0.2799999999999790434, -1.524999999999999911 ) ) ;
#4098 = VERTEX_POINT ( 'NONE', #5535 ) ;
#4099 = ORIENTED_EDGE ( 'NONE', *, *, #931, .F. ) ;
#4100 = EDGE_CURVE ( 'NONE', #1634, #3614, #1906, .T. ) ;
#4101 = UNCERTAINTY_MEASURE_WITH_UNIT (LENGTH_MEASURE( 1.000000000000000082E-05 ), #4007, 'distance_accuracy_value', 'NONE');
#4102 =( NAMED_UNIT ( * ) SI_UNIT ( $, .STERADIAN. ) SOLID_ANGLE_UNIT ( ) );
#4103 = VERTEX_POINT ( 'NONE', #3288 ) ;
#4104 = VERTEX_POINT ( 'NONE', #548 ) ;
#4105 = CARTESIAN_POINT ( 'NONE',  ( -0.06999999999999974298, 0.0000000000000000000, 0.0000000000000000000 ) ) ;
#4106 = MECHANICAL_DESIGN_GEOMETRIC_PRESENTATION_REPRESENTATION (  '', ( #560 ), #4699 ) ;
#4107 = VERTEX_POINT ( 'NONE', #5588 ) ;
#4108 = CARTESIAN_POINT ( 'NONE',  ( -1.225000000000006528, -0.02000000000000000042, 1.125000000000000222 ) ) ;
#4109 =( GEOMETRIC_REPRESENTATION_CONTEXT ( 3 ) GLOBAL_UNCERTAINTY_ASSIGNED_CONTEXT ( ( #5149 ) ) GLOBAL_UNIT_ASSIGNED_CONTEXT ( ( #4399, #1233, #2589 ) ) REPRESENTATION_CONTEXT ( 'NONE', 'WORKASPACE' ) );
#4110 = ORIENTED_EDGE ( 'NONE', *, *, #1201, .T. ) ;
#4111 = ADVANCED_FACE ( 'NONE', ( #5689 ), #5563, .F. ) ;
#4112 = DIRECTION ( 'NONE',  ( -0.0000000000000000000, -0.0000000000000000000, 1.000000000000000000 ) ) ;
#4113 = ORIENTED_EDGE ( 'NONE', *, *, #75, .T. ) ;
#4114 = EDGE_LOOP ( 'NONE', ( #2438, #1214, #467, #5518 ) ) ;
#4115 = EDGE_CURVE ( 'NONE', #1208, #2521, #2407, .T. ) ;
#4116 = CARTESIAN_POINT ( 'NONE',  ( -1.655000000000004245, 0.2800000000000000266, 0.1750000000000001832 ) ) ;
#4117 =( NAMED_UNIT ( * ) SI_UNIT ( $, .STERADIAN. ) SOLID_ANGLE_UNIT ( ) );
#4118 = DIRECTION ( 'NONE',  ( -1.000000000000000000, 0.0000000000000000000, -0.0000000000000000000 ) ) ;
#4119 = STYLED_ITEM ( 'NONE', ( #4948 ), #4815 ) ;
#4120 = DIRECTION ( 'NONE',  ( 0.0000000000000000000, 0.0000000000000000000, 1.000000000000000000 ) ) ;
#4121 = SURFACE_SIDE_STYLE ('',( #1331 ) ) ;
#4122 = CARTESIAN_POINT ( 'NONE',  ( -1.524999999999999911, 1.040000000000000036, -0.8249999999999997335 ) ) ;
#4123 = CARTESIAN_POINT ( 'NONE',  ( 1.655000000000000249, 0.0000000000000000000, 1.124999999999999778 ) ) ;
#4124 = VECTOR ( 'NONE', #4535, 1000.000000000000000 ) ;
#4125 = MECHANICAL_DESIGN_GEOMETRIC_PRESENTATION_REPRESENTATION (  '', ( #3406 ), #5640 ) ;
#4126 = ORIENTED_EDGE ( 'NONE', *, *, #5124, .T. ) ;
#4127 = FILL_AREA_STYLE_COLOUR ( '', #5530 ) ;
#4128 =( NAMED_UNIT ( * ) PLANE_ANGLE_UNIT ( ) SI_UNIT ( $, .RADIAN. ) );
#4129 = ORIENTED_EDGE ( 'NONE', *, *, #4186, .T. ) ;
#4130 = VECTOR ( 'NONE', #2565, 1000.000000000000000 ) ;
#4131 = DIRECTION ( 'NONE',  ( -0.2873478855663454956, 0.0000000000000000000, 0.9578262852211513190 ) ) ;
#4132 = UNCERTAINTY_MEASURE_WITH_UNIT (LENGTH_MEASURE( 1.000000000000000082E-05 ), #5558, 'distance_accuracy_value', 'NONE');
#4133 = DIRECTION ( 'NONE',  ( 1.000000000000000000, -0.0000000000000000000, -5.288791085295143532E-16 ) ) ;
#4134 = EDGE_CURVE ( 'NONE', #3468, #5443, #5840, .T. ) ;
#4135 = DIRECTION ( 'NONE',  ( -1.000000000000000000, -0.0000000000000000000, -0.0000000000000000000 ) ) ;
#4136 = SURFACE_STYLE_USAGE ( .BOTH. , #4121 ) ;
#4137 = CARTESIAN_POINT ( 'NONE',  ( 1.524999999999999911, 1.040000000000000036, 0.8249999999999997335 ) ) ;
#4138 = ADVANCED_FACE ( 'NONE', ( #475 ), #2058, .F. ) ;
#4139 = FACE_OUTER_BOUND ( 'NONE', #3743, .T. ) ;
#4140 = FACE_OUTER_BOUND ( 'NONE', #3983, .T. ) ;
#4141 = PRESENTATION_LAYER_ASSIGNMENT (  '', '', ( #5766 ) ) ;
#4142 = LINE ( 'NONE', #1699, #4912 ) ;
#4143 = CARTESIAN_POINT ( 'NONE',  ( -1.655000000000004245, -0.02000000000000000042, 0.1750000000000001832 ) ) ;
#4144 = PRESENTATION_STYLE_ASSIGNMENT (( #5324 ) ) ;
#4145 = VECTOR ( 'NONE', #3582, 1000.000000000000000 ) ;
#4146 = STYLED_ITEM ( 'NONE', ( #2542 ), #804 ) ;
#4147 = COLOUR_RGB ( '',0.2509803921568627416, 0.2509803921568627416, 0.2509803921568627416 ) ;
#4148 = PLANE ( 'NONE',  #4196 ) ;
#4149 = LINE ( 'NONE', #2494, #487 ) ;
#4150 = CARTESIAN_POINT ( 'NONE',  ( 1.524999999999999911, 1.040000000000000036, 1.524999999999999467 ) ) ;
#4151 = VECTOR ( 'NONE', #921, 1000.000000000000000 ) ;
#4152 = PRESENTATION_STYLE_ASSIGNMENT (( #5775 ) ) ;
#4153 = MECHANICAL_DESIGN_GEOMETRIC_PRESENTATION_REPRESENTATION (  '', ( #2178 ), #3353 ) ;
#4154 = DIRECTION ( 'NONE',  ( 1.421904488505579654E-16, -0.0000000000000000000, 1.000000000000000000 ) ) ;
#4155 = CARTESIAN_POINT ( 'NONE',  ( -1.524999999999999911, 0.0000000000000000000, 1.524999999999999911 ) ) ;
#4156 = LINE ( 'NONE', #554, #1779 ) ;
#4157 = COLOUR_RGB ( '',1.000000000000000000, 1.000000000000000000, 1.000000000000000000 ) ;
#4158 = CARTESIAN_POINT ( 'NONE',  ( -0.3199999999999997291, 0.2800000000000000266, 1.300000000000000044 ) ) ;
#4159 = SURFACE_STYLE_FILL_AREA ( #551 ) ;
#4160 = CARTESIAN_POINT ( 'NONE',  ( -1.293443937657340337, 1.040000000000000036, 0.0000000000000000000 ) ) ;
#4161 = CARTESIAN_POINT ( 'NONE',  ( -0.02499999999999971342, 0.0000000000000000000, 1.054999999999999938 ) ) ;
#4162 = LINE ( 'NONE', #2470, #569 ) ;
#4163 = EDGE_LOOP ( 'NONE', ( #714, #1069, #936, #4303 ) ) ;
#4164 =( NAMED_UNIT ( * ) PLANE_ANGLE_UNIT ( ) SI_UNIT ( $, .RADIAN. ) );
#4165 = EDGE_LOOP ( 'NONE', ( #863, #662, #4525, #1511 ) ) ;
#4166 = ADVANCED_FACE ( 'NONE', ( #2267 ), #177, .F. ) ;
#4167 = VERTEX_POINT ( 'NONE', #664 ) ;
#4168 = AXIS2_PLACEMENT_3D ( 'NONE', #3547, #4859, #5358 ) ;
#4169 = ORIENTED_EDGE ( 'NONE', *, *, #1290, .T. ) ;
#4170 = ORIENTED_EDGE ( 'NONE', *, *, #5301, .T. ) ;
#4171 = DIRECTION ( 'NONE',  ( 1.000000000000000000, 0.0000000000000000000, -5.288791085295143532E-16 ) ) ;
#4172 = VERTEX_POINT ( 'NONE', #4692 ) ;
#4173 = CARTESIAN_POINT ( 'NONE',  ( 1.655000000000000249, 0.2800000000000000266, -0.1749999999999998224 ) ) ;
#4174 = MECHANICAL_DESIGN_GEOMETRIC_PRESENTATION_REPRESENTATION (  '', ( #3856 ), #4657 ) ;
#4175 =( LENGTH_UNIT ( ) NAMED_UNIT ( * ) SI_UNIT ( .MILLI., .METRE. ) );
#4176 = ORIENTED_EDGE ( 'NONE', *, *, #3994, .T. ) ;
#4177 = EDGE_CURVE ( 'NONE', #3201, #3268, #5251, .T. ) ;
#4178 = VERTEX_POINT ( 'NONE', #4649 ) ;
#4179 = ORIENTED_EDGE ( 'NONE', *, *, #5167, .T. ) ;
#4180 = PLANE ( 'NONE',  #1392 ) ;
#4181 = VERTEX_POINT ( 'NONE', #2443 ) ;
#4182 = PRESENTATION_LAYER_ASSIGNMENT (  '', '', ( #3253 ) ) ;
#4183 = DIRECTION ( 'NONE',  ( -0.0000000000000000000, 1.000000000000000000, -0.0000000000000000000 ) ) ;
#4184 = STYLED_ITEM ( 'NONE', ( #3369 ), #864 ) ;
#4185 = LINE ( 'NONE', #1635, #2585 ) ;
#4186 = EDGE_CURVE ( 'NONE', #2905, #3201, #3355, .T. ) ;
#4187 = CARTESIAN_POINT ( 'NONE',  ( -1.524999999999999911, 0.2799999999999790434, -1.524999999999999911 ) ) ;
#4188 = CARTESIAN_POINT ( 'NONE',  ( -1.224999999999999645, 0.2800000000000000266, -1.124999999999999778 ) ) ;
#4189 = PRESENTATION_LAYER_ASSIGNMENT (  '', '', ( #2996 ) ) ;
#4190 =( NAMED_UNIT ( * ) SI_UNIT ( $, .STERADIAN. ) SOLID_ANGLE_UNIT ( ) );
#4191 = LINE ( 'NONE', #3066, #3631 ) ;
#4192 = LINE ( 'NONE', #2114, #54 ) ;
#4193 = FILL_AREA_STYLE ('',( #3775 ) ) ;
#4194 = EDGE_LOOP ( 'NONE', ( #4975, #2292, #3893, #1221 ) ) ;
#4195 = LINE ( 'NONE', #2496, #1756 ) ;
#4196 = AXIS2_PLACEMENT_3D ( 'NONE', #5533, #2849, #2831 ) ;
#4197 = STYLED_ITEM ( 'NONE', ( #4144 ), #1952 ) ;
#4198 =( NAMED_UNIT ( * ) PLANE_ANGLE_UNIT ( ) SI_UNIT ( $, .RADIAN. ) );
#4199 = DIRECTION ( 'NONE',  ( 1.000000000000000000, 0.0000000000000000000, -2.853163611803958284E-16 ) ) ;
#4200 = UNCERTAINTY_MEASURE_WITH_UNIT (LENGTH_MEASURE( 1.000000000000000082E-05 ), #4482, 'distance_accuracy_value', 'NONE');
#4201 = VECTOR ( 'NONE', #2093, 1000.000000000000000 ) ;
#4202 = PLANE ( 'NONE',  #905 ) ;
#4203 = PLANE ( 'NONE',  #1888 ) ;
#4204 = EDGE_CURVE ( 'NONE', #55, #2811, #4195, .T. ) ;
#4205 = LINE ( 'NONE', #2314, #1761 ) ;
#4206 = FILL_AREA_STYLE_COLOUR ( '', #1478 ) ;
#4207 = VECTOR ( 'NONE', #2333, 1000.000000000000000 ) ;
#4208 =( LENGTH_UNIT ( ) NAMED_UNIT ( * ) SI_UNIT ( .MILLI., .METRE. ) );
#4209 = CARTESIAN_POINT ( 'NONE',  ( 1.655000000000000249, 0.2800000000000000266, 0.8249999999999997335 ) ) ;
#4210 = MECHANICAL_DESIGN_GEOMETRIC_PRESENTATION_REPRESENTATION (  '', ( #5348 ), #6 ) ;
#4211 = PRESENTATION_STYLE_ASSIGNMENT (( #353 ) ) ;
#4212 = PRESENTATION_STYLE_ASSIGNMENT (( #4748 ) ) ;
#4213 = VECTOR ( 'NONE', #803, 1000.000000000000000 ) ;
#4214 =( LENGTH_UNIT ( ) NAMED_UNIT ( * ) SI_UNIT ( .MILLI., .METRE. ) );
#4215 = LINE ( 'NONE', #3275, #2843 ) ;
#4216 = EDGE_CURVE ( 'NONE', #815, #511, #4384, .T. ) ;
#4217 = DIRECTION ( 'NONE',  ( 0.0000000000000000000, 0.0000000000000000000, -1.000000000000000000 ) ) ;
#4218 = AXIS2_PLACEMENT_3D ( 'NONE', #4430, #5713, #1701 ) ;
#4219 = CARTESIAN_POINT ( 'NONE',  ( -0.3199999999999997291, 0.0000000000000000000, 1.300000000000000044 ) ) ;
#4220 = SURFACE_SIDE_STYLE ('',( #1932 ) ) ;
#4221 = SURFACE_SIDE_STYLE ('',( #282 ) ) ;
#4222 = ORIENTED_EDGE ( 'NONE', *, *, #5404, .T. ) ;
#4223 = ORIENTED_EDGE ( 'NONE', *, *, #2993, .T. ) ;
#4224 = CARTESIAN_POINT ( 'NONE',  ( 1.655000000000000249, 0.2800000000000000266, -0.8249999999999997335 ) ) ;
#4225 =( NAMED_UNIT ( * ) PLANE_ANGLE_UNIT ( ) SI_UNIT ( $, .RADIAN. ) );
#4226 = SURFACE_SIDE_STYLE ('',( #4284 ) ) ;
#4227 = STYLED_ITEM ( 'NONE', ( #2481 ), #1858 ) ;
#4228 = VERTEX_POINT ( 'NONE', #2514 ) ;
#4229 = VECTOR ( 'NONE', #458, 1000.000000000000000 ) ;
#4230 = ORIENTED_EDGE ( 'NONE', *, *, #2039, .F. ) ;
#4231 =( LENGTH_UNIT ( ) NAMED_UNIT ( * ) SI_UNIT ( .MILLI., .METRE. ) );
#4232 = ORIENTED_EDGE ( 'NONE', *, *, #5461, .T. ) ;
#4233 =( LENGTH_UNIT ( ) NAMED_UNIT ( * ) SI_UNIT ( .MILLI., .METRE. ) );
#4234 = EDGE_LOOP ( 'NONE', ( #642, #1070, #2573, #3134 ) ) ;
#4235 = LINE ( 'NONE', #316, #653 ) ;
#4236 = ORIENTED_EDGE ( 'NONE', *, *, #4842, .F. ) ;
#4237 =( NAMED_UNIT ( * ) PLANE_ANGLE_UNIT ( ) SI_UNIT ( $, .RADIAN. ) );
#4238 = EDGE_LOOP ( 'NONE', ( #4937, #1713, #5478, #2631 ) ) ;
#4239 = EDGE_CURVE ( 'NONE', #4749, #3907, #60, .T. ) ;
#4240 = ORIENTED_EDGE ( 'NONE', *, *, #110, .T. ) ;
#4241 = CARTESIAN_POINT ( 'NONE',  ( 1.655000000000000249, 0.0000000000000000000, 0.1749999999999998224 ) ) ;
#4242 = CARTESIAN_POINT ( 'NONE',  ( -1.225000000000001865, -0.02000000000000000042, -0.4749999999999997558 ) ) ;
#4243 = ORIENTED_EDGE ( 'NONE', *, *, #1110, .F. ) ;
#4244 = PRESENTATION_LAYER_ASSIGNMENT (  '', '', ( #2529 ) ) ;
#4245 = ORIENTED_EDGE ( 'NONE', *, *, #1606, .T. ) ;
#4246 = FILL_AREA_STYLE ('',( #4206 ) ) ;
#4247 =( GEOMETRIC_REPRESENTATION_CONTEXT ( 3 ) GLOBAL_UNCERTAINTY_ASSIGNED_CONTEXT ( ( #281 ) ) GLOBAL_UNIT_ASSIGNED_CONTEXT ( ( #1540, #4682, #5155 ) ) REPRESENTATION_CONTEXT ( 'NONE', 'WORKASPACE' ) );
#4248 = VECTOR ( 'NONE', #2611, 1000.000000000000000 ) ;
#4249 = CARTESIAN_POINT ( 'NONE',  ( -0.06999999999999975686, 0.2800000000000000266, 1.300000000000000044 ) ) ;
#4250 = CARTESIAN_POINT ( 'NONE',  ( 1.655000000000000249, 0.0000000000000000000, -1.124999999999999778 ) ) ;
#4251 = STYLED_ITEM ( 'NONE', ( #2173 ), #2651 ) ;
#4252 = CARTESIAN_POINT ( 'NONE',  ( 1.245000000000000329, 0.0000000000000000000, 0.4749999999999997558 ) ) ;
#4253 = EDGE_CURVE ( 'NONE', #2166, #5654, #2462, .T. ) ;
#4254 = SURFACE_SIDE_STYLE ('',( #3617 ) ) ;
#4255 = AXIS2_PLACEMENT_3D ( 'NONE', #1345, #2200, #1818 ) ;
#4256 =( NAMED_UNIT ( * ) SI_UNIT ( $, .STERADIAN. ) SOLID_ANGLE_UNIT ( ) );
#4257 = VERTEX_POINT ( 'NONE', #5681 ) ;
#4258 = EDGE_CURVE ( 'NONE', #1071, #2234, #1969, .T. ) ;
#4259 =( NAMED_UNIT ( * ) SI_UNIT ( $, .STERADIAN. ) SOLID_ANGLE_UNIT ( ) );
#4260 =( NAMED_UNIT ( * ) PLANE_ANGLE_UNIT ( ) SI_UNIT ( $, .RADIAN. ) );
#4261 = STYLED_ITEM ( 'NONE', ( #2281 ), #5317 ) ;
#4262 = SURFACE_SIDE_STYLE ('',( #4003 ) ) ;
#4263 = VERTEX_POINT ( 'NONE', #3394 ) ;
#4264 = CARTESIAN_POINT ( 'NONE',  ( -1.654999999999999805, 0.2800000000000000266, -1.124999999999999778 ) ) ;
#4265 = DIRECTION ( 'NONE',  ( -0.0000000000000000000, -0.0000000000000000000, 1.000000000000000000 ) ) ;
#4266 = SURFACE_STYLE_FILL_AREA ( #5667 ) ;
#4267 = UNCERTAINTY_MEASURE_WITH_UNIT (LENGTH_MEASURE( 1.000000000000000082E-05 ), #2157, 'distance_accuracy_value', 'NONE');
#4268 = CARTESIAN_POINT ( 'NONE',  ( -0.3649999999999997691, 0.2800000000000000266, 0.0000000000000000000 ) ) ;
#4269 = LINE ( 'NONE', #3314, #1918 ) ;
#4270 = SURFACE_STYLE_USAGE ( .BOTH. , #5224 ) ;
#4271 = PRESENTATION_LAYER_ASSIGNMENT (  '', '', ( #3982 ) ) ;
#4272 = VECTOR ( 'NONE', #5485, 1000.000000000000000 ) ;
#4273 = PRESENTATION_STYLE_ASSIGNMENT (( #4313 ) ) ;
#4274 =( LENGTH_UNIT ( ) NAMED_UNIT ( * ) SI_UNIT ( .MILLI., .METRE. ) );
#4275 = UNCERTAINTY_MEASURE_WITH_UNIT (LENGTH_MEASURE( 1.000000000000000082E-05 ), #2944, 'distance_accuracy_value', 'NONE');
#4276 = EDGE_CURVE ( 'NONE', #3883, #5302, #4907, .T. ) ;
#4277 = SURFACE_STYLE_FILL_AREA ( #1559 ) ;
#4278 = LINE ( 'NONE', #4027, #3438 ) ;
#4279 = CARTESIAN_POINT ( 'NONE',  ( -1.225000000000006528, 0.2800000000000000266, 0.8250000000000001776 ) ) ;
#4280 = FACE_OUTER_BOUND ( 'NONE', #5290, .T. ) ;
#4281 =( LENGTH_UNIT ( ) NAMED_UNIT ( * ) SI_UNIT ( .MILLI., .METRE. ) );
#4282 = STYLED_ITEM ( 'NONE', ( #1807 ), #4434 ) ;
#4283 = PRODUCT_DEFINITION_SHAPE ( 'NONE', 'NONE',  #1618 ) ;
#4284 = SURFACE_STYLE_FILL_AREA ( #5544 ) ;
#4285 = CARTESIAN_POINT ( 'NONE',  ( -1.225000000000006528, 0.2800000000000000266, 1.125000000000000222 ) ) ;
#4286 = CARTESIAN_POINT ( 'NONE',  ( 1.245000000000000329, 0.2800000000000000266, 0.1749999999999998501 ) ) ;
#4287 = LINE ( 'NONE', #5000, #1615 ) ;
#4288 = LINE ( 'NONE', #5111, #3115 ) ;
#4289 = MECHANICAL_DESIGN_GEOMETRIC_PRESENTATION_REPRESENTATION (  '', ( #1054 ), #4897 ) ;
#4290 = DIRECTION ( 'NONE',  ( -0.0000000000000000000, -1.000000000000000000, -0.0000000000000000000 ) ) ;
#4291 = PRESENTATION_STYLE_ASSIGNMENT (( #2028 ) ) ;
#4292 = EDGE_CURVE ( 'NONE', #3321, #5664, #744, .T. ) ;
#4293 = PLANE ( 'NONE',  #3696 ) ;
#4294 = PRESENTATION_LAYER_ASSIGNMENT (  '', '', ( #4710 ) ) ;
#4295 = CARTESIAN_POINT ( 'NONE',  ( 1.655000000000000249, 0.0000000000000000000, 0.4749999999999997558 ) ) ;
#4296 = LINE ( 'NONE', #3382, #2119 ) ;
#4297 = ORIENTED_EDGE ( 'NONE', *, *, #568, .F. ) ;
#4298 = PRESENTATION_STYLE_ASSIGNMENT (( #954 ) ) ;
#4299 = ORIENTED_EDGE ( 'NONE', *, *, #3876, .T. ) ;
#4300 = CARTESIAN_POINT ( 'NONE',  ( -1.225000000000004308, -0.02000000000000000042, 0.4750000000000001998 ) ) ;
#4301 = ORIENTED_EDGE ( 'NONE', *, *, #2641, .T. ) ;
#4302 = DIRECTION ( 'NONE',  ( 1.000000000000000000, 0.0000000000000000000, -0.0000000000000000000 ) ) ;
#4303 = ORIENTED_EDGE ( 'NONE', *, *, #1228, .T. ) ;
#4304 = EDGE_LOOP ( 'NONE', ( #5042, #1082, #4600, #4026 ) ) ;
#4305 = CARTESIAN_POINT ( 'NONE',  ( 1.245000000000000329, 0.2800000000000000266, 0.4749999999999997558 ) ) ;
#4306 = UNCERTAINTY_MEASURE_WITH_UNIT (LENGTH_MEASURE( 1.000000000000000082E-05 ), #5834, 'distance_accuracy_value', 'NONE');
#4307 = VERTEX_POINT ( 'NONE', #5241 ) ;
#4308 = DIRECTION ( 'NONE',  ( 0.0000000000000000000, -1.000000000000000000, 0.0000000000000000000 ) ) ;
#4309 = CARTESIAN_POINT ( 'NONE',  ( -0.3649999999999997691, 0.2800000000000000266, -1.149999999999999911 ) ) ;
#4310 =( GEOMETRIC_REPRESENTATION_CONTEXT ( 3 ) GLOBAL_UNCERTAINTY_ASSIGNED_CONTEXT ( ( #391 ) ) GLOBAL_UNIT_ASSIGNED_CONTEXT ( ( #2789, #4198, #2350 ) ) REPRESENTATION_CONTEXT ( 'NONE', 'WORKASPACE' ) );
#4311 = STYLED_ITEM ( 'NONE', ( #1038 ), #1829 ) ;
#4312 = ORIENTED_EDGE ( 'NONE', *, *, #1349, .T. ) ;
#4313 = SURFACE_STYLE_USAGE ( .BOTH. , #4703 ) ;
#4314 = VERTEX_POINT ( 'NONE', #1156 ) ;
#4315 = ORIENTED_EDGE ( 'NONE', *, *, #5404, .F. ) ;
#4316 = ADVANCED_FACE ( 'NONE', ( #4473 ), #4293, .F. ) ;
#4317 = ORIENTED_EDGE ( 'NONE', *, *, #5474, .T. ) ;
#4318 = EDGE_CURVE ( 'NONE', #1723, #2510, #4977, .T. ) ;
#4319 = VECTOR ( 'NONE', #81, 1000.000000000000000 ) ;
#4320 = SURFACE_STYLE_USAGE ( .BOTH. , #2937 ) ;
#4321 = DIRECTION ( 'NONE',  ( 1.000000000000000000, 0.0000000000000000000, -0.0000000000000000000 ) ) ;
#4322 = STYLED_ITEM ( 'NONE', ( #2547 ), #3567 ) ;
#4323 = DIRECTION ( 'NONE',  ( 0.0000000000000000000, 0.0000000000000000000, 1.000000000000000000 ) ) ;
#4324 = AXIS2_PLACEMENT_3D ( 'NONE', #399, #1323, #3992 ) ;
#4325 = FACE_OUTER_BOUND ( 'NONE', #4789, .T. ) ;
#4326 = CARTESIAN_POINT ( 'NONE',  ( -0.3199999999999997291, 0.0000000000000000000, -1.300000000000000044 ) ) ;
#4327 = PRESENTATION_STYLE_ASSIGNMENT (( #4698 ) ) ;
#4328 = DIRECTION ( 'NONE',  ( -0.0000000000000000000, -0.0000000000000000000, 1.000000000000000000 ) ) ;
#4329 = PLANE ( 'NONE',  #71 ) ;
#4330 = DIRECTION ( 'NONE',  ( 0.0000000000000000000, 0.0000000000000000000, -1.000000000000000000 ) ) ;
#4331 = EDGE_CURVE ( 'NONE', #2037, #3741, #1524, .T. ) ;
#4332 = FACE_OUTER_BOUND ( 'NONE', #4878, .T. ) ;
#4333 = AXIS2_PLACEMENT_3D ( 'NONE', #3873, #4330, #3898 ) ;
#4334 = VECTOR ( 'NONE', #1514, 1000.000000000000000 ) ;
#4335 = DIRECTION ( 'NONE',  ( -0.0000000000000000000, -0.0000000000000000000, 1.000000000000000000 ) ) ;
#4336 = SURFACE_SIDE_STYLE ('',( #2474 ) ) ;
#4337 = CARTESIAN_POINT ( 'NONE',  ( -1.224999999999999867, -0.02000000000000000042, -0.8249999999999997335 ) ) ;
#4338 = FILL_AREA_STYLE_COLOUR ( '', #80 ) ;
#4339 = DIRECTION ( 'NONE',  ( -0.0000000000000000000, 1.000000000000000000, -0.0000000000000000000 ) ) ;
#4340 = PRESENTATION_STYLE_ASSIGNMENT (( #4822 ) ) ;
#4341 = ADVANCED_FACE ( 'NONE', ( #3767 ), #4180, .T. ) ;
#4342 = FILL_AREA_STYLE ('',( #1653 ) ) ;
#4343 = LINE ( 'NONE', #3177, #2748 ) ;
#4344 = FACE_OUTER_BOUND ( 'NONE', #5013, .T. ) ;
#4345 = VECTOR ( 'NONE', #2147, 1000.000000000000000 ) ;
#4346 = DIRECTION ( 'NONE',  ( 0.2873478855663454956, -0.0000000000000000000, -0.9578262852211513190 ) ) ;
#4347 = UNCERTAINTY_MEASURE_WITH_UNIT (LENGTH_MEASURE( 1.000000000000000082E-05 ), #3070, 'distance_accuracy_value', 'NONE');
#4348 =( NAMED_UNIT ( * ) SI_UNIT ( $, .STERADIAN. ) SOLID_ANGLE_UNIT ( ) );
#4349 = COLOUR_RGB ( '',1.000000000000000000, 1.000000000000000000, 1.000000000000000000 ) ;
#4350 = SURFACE_SIDE_STYLE ('',( #3792 ) ) ;
#4351 = CARTESIAN_POINT ( 'NONE',  ( -0.06999999999999974298, 0.2800000000000000266, -1.300000000000000044 ) ) ;
#4352 = EDGE_CURVE ( 'NONE', #1376, #1285, #5178, .T. ) ;
#4353 = LINE ( 'NONE', #761, #3579 ) ;
#4354 = PRESENTATION_STYLE_ASSIGNMENT (( #5282 ) ) ;
#4355 = PRESENTATION_STYLE_ASSIGNMENT (( #1337 ) ) ;
#4356 =( NAMED_UNIT ( * ) SI_UNIT ( $, .STERADIAN. ) SOLID_ANGLE_UNIT ( ) );
#4357 = DIRECTION ( 'NONE',  ( -0.0000000000000000000, -1.000000000000000000, 0.0000000000000000000 ) ) ;
#4358 = EDGE_CURVE ( 'NONE', #1376, #2510, #126, .T. ) ;
#4359 = CARTESIAN_POINT ( 'NONE',  ( 1.524999999999997025, 0.2800000000000000266, -0.1749999999999998224 ) ) ;
#4360 = PRESENTATION_STYLE_ASSIGNMENT (( #5169 ) ) ;
#4361 =( LENGTH_UNIT ( ) NAMED_UNIT ( * ) SI_UNIT ( .MILLI., .METRE. ) );
#4362 =( GEOMETRIC_REPRESENTATION_CONTEXT ( 3 ) GLOBAL_UNCERTAINTY_ASSIGNED_CONTEXT ( ( #4267 ) ) GLOBAL_UNIT_ASSIGNED_CONTEXT ( ( #2157, #5316, #1291 ) ) REPRESENTATION_CONTEXT ( 'NONE', 'WORKASPACE' ) );
#4363 = EDGE_CURVE ( 'NONE', #5738, #1246, #2743, .T. ) ;
#4364 = DIRECTION ( 'NONE',  ( -0.0000000000000000000, -1.000000000000000000, -0.0000000000000000000 ) ) ;
#4365 = DIRECTION ( 'NONE',  ( -1.000000000000000000, 0.0000000000000000000, 1.421904488505579654E-16 ) ) ;
#4366 = CARTESIAN_POINT ( 'NONE',  ( -1.654999999999999805, 0.2800000000000000266, -0.8249999999999997335 ) ) ;
#4367 = VERTEX_POINT ( 'NONE', #1033 ) ;
#4368 = MECHANICAL_DESIGN_GEOMETRIC_PRESENTATION_REPRESENTATION (  '', ( #4943 ), #5787 ) ;
#4369 = ORIENTED_EDGE ( 'NONE', *, *, #1343, .T. ) ;
#4370 = SURFACE_STYLE_USAGE ( .BOTH. , #4350 ) ;
#4371 = DIRECTION ( 'NONE',  ( 0.9578262852211514300, 0.0000000000000000000, 0.2873478855663455511 ) ) ;
#4372 = EDGE_LOOP ( 'NONE', ( #3603, #2154, #1280, #2077 ) ) ;
#4373 = SURFACE_STYLE_FILL_AREA ( #2716 ) ;
#4374 = ADVANCED_FACE ( 'NONE', ( #1465 ), #2472, .T. ) ;
#4375 = VERTEX_POINT ( 'NONE', #3264 ) ;
#4376 = EDGE_CURVE ( 'NONE', #815, #5516, #701, .T. ) ;
#4377 = EDGE_LOOP ( 'NONE', ( #3475, #3869, #3334, #1885 ) ) ;
#4378 = EDGE_LOOP ( 'NONE', ( #5680, #3267, #1590, #5076 ) ) ;
#4379 = PRESENTATION_LAYER_ASSIGNMENT (  '', '', ( #4261 ) ) ;
#4380 = DIRECTION ( 'NONE',  ( -0.0000000000000000000, 1.000000000000000000, -0.0000000000000000000 ) ) ;
#4381 = ORIENTED_EDGE ( 'NONE', *, *, #4697, .F. ) ;
#4382 = ORIENTED_EDGE ( 'NONE', *, *, #445, .T. ) ;
#4383 = DIRECTION ( 'NONE',  ( 1.000000000000000000, 2.633348497679593441E-35, -1.421904488505579654E-16 ) ) ;
#4384 =( BOUNDED_CURVE ( )  B_SPLINE_CURVE ( 3, ( #5627, #2930, #2995, #2076 ),
 .UNSPECIFIED., .F., .F. ) 
 B_SPLINE_CURVE_WITH_KNOTS ( ( 4, 4 ),
 ( 4.712388980384689674, 6.152357911105532651 ),
 .UNSPECIFIED. ) 
 CURVE ( )  GEOMETRIC_REPRESENTATION_ITEM ( )  RATIONAL_B_SPLINE_CURVE ( ( 1.000000000000000000, 0.8345439815689348340, 0.8345439815689348340, 1.000000000000000000 ) ) 
 REPRESENTATION_ITEM ( '' )  );
#4385 = ORIENTED_EDGE ( 'NONE', *, *, #4036, .T. ) ;
#4386 =( NAMED_UNIT ( * ) SI_UNIT ( $, .STERADIAN. ) SOLID_ANGLE_UNIT ( ) );
#4387 = EDGE_LOOP ( 'NONE', ( #5144, #2011, #676, #63 ) ) ;
#4388 = SURFACE_STYLE_USAGE ( .BOTH. , #1222 ) ;
#4389 = ORIENTED_EDGE ( 'NONE', *, *, #3823, .T. ) ;
#4390 = SURFACE_STYLE_USAGE ( .BOTH. , #2597 ) ;
#4391 =( GEOMETRIC_REPRESENTATION_CONTEXT ( 3 ) GLOBAL_UNCERTAINTY_ASSIGNED_CONTEXT ( ( #351 ) ) GLOBAL_UNIT_ASSIGNED_CONTEXT ( ( #4451, #1777, #4045 ) ) REPRESENTATION_CONTEXT ( 'NONE', 'WORKASPACE' ) );
#4392 = CARTESIAN_POINT ( 'NONE',  ( -1.655000000000004245, -0.02000000000000000042, 0.4750000000000001443 ) ) ;
#4393 = FILL_AREA_STYLE_COLOUR ( '', #5539 ) ;
#4394 = LINE ( 'NONE', #3892, #2799 ) ;
#4395 = AXIS2_PLACEMENT_3D ( 'NONE', #5360, #12, #1841 ) ;
#4396 = EDGE_CURVE ( 'NONE', #1385, #1064, #4269, .T. ) ;
#4397 = CARTESIAN_POINT ( 'NONE',  ( -0.3649999999999997691, 0.0000000000000000000, 1.149999999999999911 ) ) ;
#4398 = SURFACE_STYLE_FILL_AREA ( #1927 ) ;
#4399 =( LENGTH_UNIT ( ) NAMED_UNIT ( * ) SI_UNIT ( .MILLI., .METRE. ) );
#4400 = FILL_AREA_STYLE_COLOUR ( '', #1689 ) ;
#4401 = ADVANCED_FACE ( 'NONE', ( #2186 ), #4615, .F. ) ;
#4402 =( GEOMETRIC_REPRESENTATION_CONTEXT ( 3 ) GLOBAL_UNCERTAINTY_ASSIGNED_CONTEXT ( ( #2664 ) ) GLOBAL_UNIT_ASSIGNED_CONTEXT ( ( #5034, #3680, #987 ) ) REPRESENTATION_CONTEXT ( 'NONE', 'WORKASPACE' ) );
#4403 = PLANE ( 'NONE',  #4041 ) ;
#4404 = PRESENTATION_STYLE_ASSIGNMENT (( #787 ) ) ;
#4405 = COLOUR_RGB ( '',1.000000000000000000, 1.000000000000000000, 1.000000000000000000 ) ;
#4406 = ORIENTED_EDGE ( 'NONE', *, *, #4177, .T. ) ;
#4407 = AXIS2_PLACEMENT_3D ( 'NONE', #2998, #5707, #3514 ) ;
#4408 = FILL_AREA_STYLE ('',( #5233 ) ) ;
#4409 = DIRECTION ( 'NONE',  ( -0.0000000000000000000, -0.0000000000000000000, -1.000000000000000000 ) ) ;
#4410 = DIRECTION ( 'NONE',  ( 1.000000000000000000, 0.0000000000000000000, -0.0000000000000000000 ) ) ;
#4411 = VERTEX_POINT ( 'NONE', #5576 ) ;
#4412 =( NAMED_UNIT ( * ) SI_UNIT ( $, .STERADIAN. ) SOLID_ANGLE_UNIT ( ) );
#4413 = PLANE ( 'NONE',  #951 ) ;
#4414 = EDGE_CURVE ( 'NONE', #3316, #2373, #4606, .T. ) ;
#4415 = DIRECTION ( 'NONE',  ( 1.000000000000000000, 0.0000000000000000000, -1.421904488505579654E-16 ) ) ;
#4416 = PRESENTATION_STYLE_ASSIGNMENT (( #5589 ) ) ;
#4417 = LINE ( 'NONE', #4693, #5045 ) ;
#4418 = DIRECTION ( 'NONE',  ( -0.0000000000000000000, -0.0000000000000000000, 1.000000000000000000 ) ) ;
#4419 = VECTOR ( 'NONE', #41, 1000.000000000000000 ) ;
#4420 = DIRECTION ( 'NONE',  ( 1.000000000000000000, 0.0000000000000000000, -0.0000000000000000000 ) ) ;
#4421 = CARTESIAN_POINT ( 'NONE',  ( -0.06999999999999974298, 0.2800000000000000266, -1.300000000000000044 ) ) ;
#4422 = SURFACE_STYLE_USAGE ( .BOTH. , #1278 ) ;
#4423 = VECTOR ( 'NONE', #1302, 1000.000000000000000 ) ;
#4424 = CARTESIAN_POINT ( 'NONE',  ( 1.524999999999999911, 0.0000000000000000000, 1.524999999999999467 ) ) ;
#4425 = STYLED_ITEM ( 'NONE', ( #1926 ), #5411 ) ;
#4426 = FILL_AREA_STYLE_COLOUR ( '', #3629 ) ;
#4427 = SURFACE_SIDE_STYLE ('',( #2530 ) ) ;
#4428 = VECTOR ( 'NONE', #3149, 1000.000000000000000 ) ;
#4429 = CARTESIAN_POINT ( 'NONE',  ( 1.655000000000000249, 0.2800000000000000266, 0.8249999999999997335 ) ) ;
#4430 = CARTESIAN_POINT ( 'NONE',  ( -0.3199999999999997291, 0.0000000000000000000, 1.649999999999999911 ) ) ;
#4431 = SURFACE_SIDE_STYLE ('',( #1242 ) ) ;
#4432 = FILL_AREA_STYLE_COLOUR ( '', #2890 ) ;
#4433 = DIRECTION ( 'NONE',  ( 1.000000000000000000, -0.0000000000000000000, 0.0000000000000000000 ) ) ;
#4434 = ADVANCED_FACE ( 'NONE', ( #796 ), #2031, .T. ) ;
#4435 = EDGE_CURVE ( 'NONE', #5377, #1806, #103, .T. ) ;
#4436 = SURFACE_STYLE_FILL_AREA ( #5668 ) ;
#4437 = VECTOR ( 'NONE', #2607, 1000.000000000000114 ) ;
#4438 = MECHANICAL_DESIGN_GEOMETRIC_PRESENTATION_REPRESENTATION (  '', ( #5766 ), #2764 ) ;
#4439 = CARTESIAN_POINT ( 'NONE',  ( -1.225000000000001865, -0.02000000000000000042, -0.1749999999999997669 ) ) ;
#4440 = AXIS2_PLACEMENT_3D ( 'NONE', #3641, #4053, #1879 ) ;
#4441 = VECTOR ( 'NONE', #4131, 1000.000000000000114 ) ;
#4442 = ORIENTED_EDGE ( 'NONE', *, *, #5002, .T. ) ;
#4443 = ORIENTED_EDGE ( 'NONE', *, *, #2504, .F. ) ;
#4444 = DIRECTION ( 'NONE',  ( 1.000000000000000000, 0.0000000000000000000, -0.0000000000000000000 ) ) ;
#4445 = VERTEX_POINT ( 'NONE', #2110 ) ;
#4446 =( NAMED_UNIT ( * ) SI_UNIT ( $, .STERADIAN. ) SOLID_ANGLE_UNIT ( ) );
#4447 = PLANE ( 'NONE',  #1409 ) ;
#4448 =( NAMED_UNIT ( * ) PLANE_ANGLE_UNIT ( ) SI_UNIT ( $, .RADIAN. ) );
#4449 = MECHANICAL_DESIGN_GEOMETRIC_PRESENTATION_REPRESENTATION (  '', ( #422 ), #4042 ) ;
#4450 = ORIENTED_EDGE ( 'NONE', *, *, #5702, .F. ) ;
#4451 =( LENGTH_UNIT ( ) NAMED_UNIT ( * ) SI_UNIT ( .MILLI., .METRE. ) );
#4452 = ORIENTED_EDGE ( 'NONE', *, *, #2486, .F. ) ;
#4453 = ORIENTED_EDGE ( 'NONE', *, *, #5468, .T. ) ;
#4454 = ORIENTED_EDGE ( 'NONE', *, *, #3208, .F. ) ;
#4455 = VERTEX_POINT ( 'NONE', #1164 ) ;
#4456 = FILL_AREA_STYLE_COLOUR ( '', #3573 ) ;
#4457 = UNCERTAINTY_MEASURE_WITH_UNIT (LENGTH_MEASURE( 1.000000000000000082E-05 ), #3381, 'distance_accuracy_value', 'NONE');
#4458 = DIRECTION ( 'NONE',  ( -0.2873478855663454956, -0.0000000000000000000, -0.9578262852211513190 ) ) ;
#4459 = CARTESIAN_POINT ( 'NONE',  ( -0.02499999999999971342, 0.2800000000000000266, 1.054999999999999938 ) ) ;
#4460 = CARTESIAN_POINT ( 'NONE',  ( -1.655000000000002025, -0.02000000000000000042, -0.1749999999999998224 ) ) ;
#4461 =( NAMED_UNIT ( * ) SI_UNIT ( $, .STERADIAN. ) SOLID_ANGLE_UNIT ( ) );
#4462 = UNCERTAINTY_MEASURE_WITH_UNIT (LENGTH_MEASURE( 1.000000000000000082E-05 ), #2471, 'distance_accuracy_value', 'NONE');
#4463 = DIRECTION ( 'NONE',  ( -0.0000000000000000000, -0.0000000000000000000, 1.000000000000000000 ) ) ;
#4464 = DIRECTION ( 'NONE',  ( -0.0000000000000000000, 0.0000000000000000000, 1.000000000000000000 ) ) ;
#4465 = MECHANICAL_DESIGN_GEOMETRIC_PRESENTATION_REPRESENTATION (  '', ( #5383 ), #67 ) ;
#4466 = DIRECTION ( 'NONE',  ( 0.0000000000000000000, 0.0000000000000000000, -1.000000000000000000 ) ) ;
#4467 = FILL_AREA_STYLE_COLOUR ( '', #2455 ) ;
#4468 = STYLED_ITEM ( 'NONE', ( #1694 ), #3152 ) ;
#4469 = ORIENTED_EDGE ( 'NONE', *, *, #3721, .T. ) ;
#4470 =( GEOMETRIC_REPRESENTATION_CONTEXT ( 3 ) GLOBAL_UNCERTAINTY_ASSIGNED_CONTEXT ( ( #2478 ) ) GLOBAL_UNIT_ASSIGNED_CONTEXT ( ( #4208, #5193, #3384 ) ) REPRESENTATION_CONTEXT ( 'NONE', 'WORKASPACE' ) );
#4471 =( NAMED_UNIT ( * ) SI_UNIT ( $, .STERADIAN. ) SOLID_ANGLE_UNIT ( ) );
#4472 = ORIENTED_EDGE ( 'NONE', *, *, #4659, .F. ) ;
#4473 = FACE_OUTER_BOUND ( 'NONE', #4378, .T. ) ;
#4474 = AXIS2_PLACEMENT_3D ( 'NONE', #1857, #5464, #977 ) ;
#4475 =( NAMED_UNIT ( * ) SI_UNIT ( $, .STERADIAN. ) SOLID_ANGLE_UNIT ( ) );
#4476 = FILL_AREA_STYLE_COLOUR ( '', #757 ) ;
#4477 = CARTESIAN_POINT ( 'NONE',  ( -1.293443937657340337, 1.040000000000000036, 1.293443937657340559 ) ) ;
#4478 = COLOUR_RGB ( '',1.000000000000000000, 1.000000000000000000, 1.000000000000000000 ) ;
#4479 = MECHANICAL_DESIGN_GEOMETRIC_PRESENTATION_REPRESENTATION (  '', ( #4184 ), #4109 ) ;
#4480 = COLOUR_RGB ( '',1.000000000000000000, 1.000000000000000000, 1.000000000000000000 ) ;
#4481 = SURFACE_SIDE_STYLE ('',( #553 ) ) ;
#4482 =( LENGTH_UNIT ( ) NAMED_UNIT ( * ) SI_UNIT ( .MILLI., .METRE. ) );
#4483 = CARTESIAN_POINT ( 'NONE',  ( -0.3649999999999997691, 0.0000000000000000000, 1.149999999999999911 ) ) ;
#4484 = LINE ( 'NONE', #3341, #3236 ) ;
#4485 = SURFACE_STYLE_USAGE ( .BOTH. , #5825 ) ;
#4486 = FILL_AREA_STYLE ('',( #4946 ) ) ;
#4487 = EDGE_CURVE ( 'NONE', #4602, #3937, #2162, .T. ) ;
#4488 = DIRECTION ( 'NONE',  ( 1.000000000000000000, 0.0000000000000000000, -0.0000000000000000000 ) ) ;
#4489 = ADVANCED_FACE ( 'NONE', ( #5595 ), #2946, .F. ) ;
#4490 = UNCERTAINTY_MEASURE_WITH_UNIT (LENGTH_MEASURE( 1.000000000000000082E-05 ), #1467, 'distance_accuracy_value', 'NONE');
#4491 = LINE ( 'NONE', #2653, #2202 ) ;
#4492 = FACE_OUTER_BOUND ( 'NONE', #5153, .T. ) ;
#4493 = COLOUR_RGB ( '',1.000000000000000000, 1.000000000000000000, 1.000000000000000000 ) ;
#4494 = COLOUR_RGB ( '',1.000000000000000000, 1.000000000000000000, 1.000000000000000000 ) ;
#4495 = CARTESIAN_POINT ( 'NONE',  ( 0.0000000000000000000, -0.02000000000000000042, 0.0000000000000000000 ) ) ;
#4496 = DIRECTION ( 'NONE',  ( -1.000000000000000000, 0.0000000000000000000, -0.0000000000000000000 ) ) ;
#4497 = LINE ( 'NONE', #1368, #3310 ) ;
#4498 = CARTESIAN_POINT ( 'NONE',  ( -1.225000000000001865, -0.02000000000000000042, -0.1749999999999997669 ) ) ;
#4499 = PRESENTATION_LAYER_ASSIGNMENT (  '', '', ( #885 ) ) ;
#4500 = MECHANICAL_DESIGN_GEOMETRIC_PRESENTATION_REPRESENTATION (  '', ( #3835 ), #4800 ) ;
#4501 = COLOUR_RGB ( '',0.2509803921568627416, 0.2509803921568627416, 0.2509803921568627416 ) ;
#4502 = VECTOR ( 'NONE', #3843, 1000.000000000000000 ) ;
#4503 = LINE ( 'NONE', #2392, #2967 ) ;
#4504 = PLANE ( 'NONE',  #2515 ) ;
#4505 = CARTESIAN_POINT ( 'NONE',  ( 1.524999999999997025, 0.2800000000000000266, 0.8249999999999997335 ) ) ;
#4506 = PRODUCT_DEFINITION_CONTEXT ( 'detailed design', #510, 'design' ) ;
#4507 = DIRECTION ( 'NONE',  ( -0.0000000000000000000, -1.000000000000000000, -0.0000000000000000000 ) ) ;
#4508 = CARTESIAN_POINT ( 'NONE',  ( -0.02499999999999974118, 0.0000000000000000000, 1.149999999999999911 ) ) ;
#4509 = CARTESIAN_POINT ( 'NONE',  ( 1.245000000000000329, 0.2800000000000000266, 1.124999999999999556 ) ) ;
#4510 = LINE ( 'NONE', #5671, #1621 ) ;
#4511 = EDGE_CURVE ( 'NONE', #1709, #2783, #5813, .T. ) ;
#4512 = ORIENTED_EDGE ( 'NONE', *, *, #3046, .F. ) ;
#4513 = FACE_OUTER_BOUND ( 'NONE', #2644, .T. ) ;
#4514 = EDGE_LOOP ( 'NONE', ( #174, #5083, #3131, #4959 ) ) ;
#4515 = VERTEX_POINT ( 'NONE', #1598 ) ;
#4516 = FILL_AREA_STYLE_COLOUR ( '', #2403 ) ;
#4517 = AXIS2_PLACEMENT_3D ( 'NONE', #5105, #4199, #5179 ) ;
#4518 = EDGE_LOOP ( 'NONE', ( #5605, #4722, #5011, #873 ) ) ;
#4519 = SURFACE_STYLE_USAGE ( .BOTH. , #5410 ) ;
#4520 = SURFACE_STYLE_FILL_AREA ( #3577 ) ;
#4521 = ORIENTED_EDGE ( 'NONE', *, *, #5002, .F. ) ;
#4522 = ADVANCED_FACE ( 'NONE', ( #1153 ), #276, .F. ) ;
#4523 = ORIENTED_EDGE ( 'NONE', *, *, #5037, .F. ) ;
#4524 = FILL_AREA_STYLE_COLOUR ( '', #3562 ) ;
#4525 = ORIENTED_EDGE ( 'NONE', *, *, #3459, .F. ) ;
#4526 = EDGE_CURVE ( 'NONE', #2234, #1154, #167, .T. ) ;
#4527 = LINE ( 'NONE', #5194, #3327 ) ;
#4528 = VERTEX_POINT ( 'NONE', #4250 ) ;
#4529 = DIRECTION ( 'NONE',  ( 0.0000000000000000000, -0.0000000000000000000, 1.000000000000000000 ) ) ;
#4530 = ORIENTED_EDGE ( 'NONE', *, *, #4318, .F. ) ;
#4531 = FILL_AREA_STYLE_COLOUR ( '', #2907 ) ;
#4532 = CARTESIAN_POINT ( 'NONE',  ( -1.655000000000006466, -0.02000000000000000042, 0.8250000000000001776 ) ) ;
#4533 = MECHANICAL_DESIGN_GEOMETRIC_PRESENTATION_REPRESENTATION (  '', ( #4710 ), #5829 ) ;
#4534 = FILL_AREA_STYLE_COLOUR ( '', #4011 ) ;
#4535 = DIRECTION ( 'NONE',  ( 0.0000000000000000000, -1.000000000000000000, 0.0000000000000000000 ) ) ;
#4536 = ORIENTED_EDGE ( 'NONE', *, *, #4363, .T. ) ;
#4537 = ORIENTED_EDGE ( 'NONE', *, *, #2477, .F. ) ;
#4538 = UNCERTAINTY_MEASURE_WITH_UNIT (LENGTH_MEASURE( 1.000000000000000082E-05 ), #1874, 'distance_accuracy_value', 'NONE');
#4539 = ORIENTED_EDGE ( 'NONE', *, *, #2602, .T. ) ;
#4540 = PLANE ( 'NONE',  #5068 ) ;
#4541 = CARTESIAN_POINT ( 'NONE',  ( 1.245000000000000329, 0.0000000000000000000, -0.4749999999999997558 ) ) ;
#4542 = LINE ( 'NONE', #5712, #955 ) ;
#4543 = PRESENTATION_LAYER_ASSIGNMENT (  '', '', ( #1294 ) ) ;
#4544 = AXIS2_PLACEMENT_3D ( 'NONE', #5630, #2078, #5143 ) ;
#4545 = SURFACE_SIDE_STYLE ('',( #1984 ) ) ;
#4546 = SURFACE_STYLE_FILL_AREA ( #1801 ) ;
#4547 =( NAMED_UNIT ( * ) PLANE_ANGLE_UNIT ( ) SI_UNIT ( $, .RADIAN. ) );
#4548 = UNCERTAINTY_MEASURE_WITH_UNIT (LENGTH_MEASURE( 1.000000000000000082E-05 ), #5801, 'distance_accuracy_value', 'NONE');
#4549 = FACE_OUTER_BOUND ( 'NONE', #4514, .T. ) ;
#4550 = CARTESIAN_POINT ( 'NONE',  ( 1.524999999999999911, 1.040000000000000036, 1.524999999999999467 ) ) ;
#4551 = CARTESIAN_POINT ( 'NONE',  ( -1.524999999999999911, 1.040000000000000036, 1.524999999999999911 ) ) ;
#4552 = CARTESIAN_POINT ( 'NONE',  ( -0.3199999999999997291, 0.2800000000000000266, -1.300000000000000044 ) ) ;
#4553 = EDGE_CURVE ( 'NONE', #2432, #3316, #4527, .T. ) ;
#4554 = VERTEX_POINT ( 'NONE', #3849 ) ;
#4555 = FILL_AREA_STYLE ('',( #4534 ) ) ;
#4556 = CARTESIAN_POINT ( 'NONE',  ( -1.224999999999999645, -0.02000000000000000042, -1.124999999999999778 ) ) ;
#4557 =( NAMED_UNIT ( * ) PLANE_ANGLE_UNIT ( ) SI_UNIT ( $, .RADIAN. ) );
#4558 = ADVANCED_FACE ( 'NONE', ( #1877 ), #4754, .F. ) ;
#4559 = ORIENTED_EDGE ( 'NONE', *, *, #4352, .F. ) ;
#4560 = EDGE_CURVE ( 'NONE', #2576, #4732, #1362, .T. ) ;
#4561 = LINE ( 'NONE', #344, #5123 ) ;
#4562 = VECTOR ( 'NONE', #5203, 1000.000000000000000 ) ;
#4563 =( NAMED_UNIT ( * ) SI_UNIT ( $, .STERADIAN. ) SOLID_ANGLE_UNIT ( ) );
#4564 =( GEOMETRIC_REPRESENTATION_CONTEXT ( 3 ) GLOBAL_UNCERTAINTY_ASSIGNED_CONTEXT ( ( #2098 ) ) GLOBAL_UNIT_ASSIGNED_CONTEXT ( ( #497, #4557, #2762 ) ) REPRESENTATION_CONTEXT ( 'NONE', 'WORKASPACE' ) );
#4565 = EDGE_CURVE ( 'NONE', #2975, #3531, #375, .T. ) ;
#4566 = FILL_AREA_STYLE ('',( #5108 ) ) ;
#4567 = VECTOR ( 'NONE', #1026, 1000.000000000000000 ) ;
#4568 = DIRECTION ( 'NONE',  ( 0.0000000000000000000, 0.0000000000000000000, 1.000000000000000000 ) ) ;
#4569 = SURFACE_STYLE_FILL_AREA ( #4408 ) ;
#4570 = PRESENTATION_LAYER_ASSIGNMENT (  '', '', ( #2483 ) ) ;
#4571 = DIRECTION ( 'NONE',  ( 0.0000000000000000000, 1.000000000000000000, 0.0000000000000000000 ) ) ;
#4572 = UNCERTAINTY_MEASURE_WITH_UNIT (LENGTH_MEASURE( 1.000000000000000082E-05 ), #1522, 'distance_accuracy_value', 'NONE');
#4573 = CARTESIAN_POINT ( 'NONE',  ( 0.0000000000000000000, 0.0000000000000000000, 0.0000000000000000000 ) ) ;
#4574 = DIRECTION ( 'NONE',  ( -0.0000000000000000000, 0.0000000000000000000, 1.000000000000000000 ) ) ;
#4575 = LINE ( 'NONE', #4960, #414 ) ;
#4576 = SURFACE_SIDE_STYLE ('',( #3999 ) ) ;
#4577 = CARTESIAN_POINT ( 'NONE',  ( -1.655000000000002025, -0.02000000000000000042, -0.4749999999999997558 ) ) ;
#4578 = EDGE_CURVE ( 'NONE', #3675, #3804, #1505, .T. ) ;
#4579 = SURFACE_STYLE_USAGE ( .BOTH. , #1454 ) ;
#4580 = VECTOR ( 'NONE', #4755, 1000.000000000000114 ) ;
#4581 = MECHANICAL_DESIGN_GEOMETRIC_PRESENTATION_REPRESENTATION (  '', ( #5136 ), #1558 ) ;
#4582 = COLOUR_RGB ( '',1.000000000000000000, 1.000000000000000000, 1.000000000000000000 ) ;
#4583 = VECTOR ( 'NONE', #1080, 1000.000000000000000 ) ;
#4584 = DIRECTION ( 'NONE',  ( 0.0000000000000000000, 1.000000000000000000, 0.0000000000000000000 ) ) ;
#4585 = ADVANCED_FACE ( 'NONE', ( #3810 ), #2581, .F. ) ;
#4586 = CARTESIAN_POINT ( 'NONE',  ( -1.225000000000001865, -0.02000000000000000042, -0.4749999999999997558 ) ) ;
#4587 =( GEOMETRIC_REPRESENTATION_CONTEXT ( 3 ) GLOBAL_UNCERTAINTY_ASSIGNED_CONTEXT ( ( #1143 ) ) GLOBAL_UNIT_ASSIGNED_CONTEXT ( ( #2719, #53, #3557 ) ) REPRESENTATION_CONTEXT ( 'NONE', 'WORKASPACE' ) );
#4588 = FILL_AREA_STYLE_COLOUR ( '', #4681 ) ;
#4589 =( LENGTH_UNIT ( ) NAMED_UNIT ( * ) SI_UNIT ( .MILLI., .METRE. ) );
#4590 =( LENGTH_UNIT ( ) NAMED_UNIT ( * ) SI_UNIT ( .MILLI., .METRE. ) );
#4591 = MECHANICAL_DESIGN_GEOMETRIC_PRESENTATION_REPRESENTATION (  '', ( #4468 ), #1270 ) ;
#4592 = EDGE_LOOP ( 'NONE', ( #1155, #3891, #28, #1808 ) ) ;
#4593 = CARTESIAN_POINT ( 'NONE',  ( 1.524999999999997025, 0.2800000000000000266, -0.4749999999999997558 ) ) ;
#4594 = CARTESIAN_POINT ( 'NONE',  ( -1.839153740585303616E-16, 0.8900000000000001243, -1.293443937657340559 ) ) ;
#4595 = VECTOR ( 'NONE', #2797, 1000.000000000000000 ) ;
#4596 = ORIENTED_EDGE ( 'NONE', *, *, #2339, .T. ) ;
#4597 = ORIENTED_EDGE ( 'NONE', *, *, #4253, .T. ) ;
#4598 = EDGE_CURVE ( 'NONE', #23, #224, #4235, .T. ) ;
#4599 = ORIENTED_EDGE ( 'NONE', *, *, #2009, .F. ) ;
#4600 = ORIENTED_EDGE ( 'NONE', *, *, #4938, .F. ) ;
#4601 =( GEOMETRIC_REPRESENTATION_CONTEXT ( 3 ) GLOBAL_UNCERTAINTY_ASSIGNED_CONTEXT ( ( #4132 ) ) GLOBAL_UNIT_ASSIGNED_CONTEXT ( ( #5558, #2864, #1068 ) ) REPRESENTATION_CONTEXT ( 'NONE', 'WORKASPACE' ) );
#4602 = VERTEX_POINT ( 'NONE', #3929 ) ;
#4603 =( NAMED_UNIT ( * ) SI_UNIT ( $, .STERADIAN. ) SOLID_ANGLE_UNIT ( ) );
#4604 = PRESENTATION_LAYER_ASSIGNMENT (  '', '', ( #4146 ) ) ;
#4605 = ORIENTED_EDGE ( 'NONE', *, *, #3014, .T. ) ;
#4606 = LINE ( 'NONE', #5117, #2920 ) ;
#4607 = ORIENTED_EDGE ( 'NONE', *, *, #4634, .T. ) ;
#4608 = CARTESIAN_POINT ( 'NONE',  ( -0.02499999999999974118, 0.0000000000000000000, 1.149999999999999911 ) ) ;
#4609 = ORIENTED_EDGE ( 'NONE', *, *, #2412, .T. ) ;
#4610 = EDGE_CURVE ( 'NONE', #1090, #5286, #2714, .T. ) ;
#4611 =( NAMED_UNIT ( * ) PLANE_ANGLE_UNIT ( ) SI_UNIT ( $, .RADIAN. ) );
#4612 = CARTESIAN_POINT ( 'NONE',  ( 1.245000000000000329, 0.0000000000000000000, 1.124999999999999556 ) ) ;
#4613 = PRESENTATION_LAYER_ASSIGNMENT (  '', '', ( #881 ) ) ;
#4614 = ADVANCED_FACE ( 'NONE', ( #3466 ), #5758, .F. ) ;
#4615 = PLANE ( 'NONE',  #3097 ) ;
#4616 =( GEOMETRIC_REPRESENTATION_CONTEXT ( 3 ) GLOBAL_UNCERTAINTY_ASSIGNED_CONTEXT ( ( #736 ) ) GLOBAL_UNIT_ASSIGNED_CONTEXT ( ( #4233, #1091, #2894 ) ) REPRESENTATION_CONTEXT ( 'NONE', 'WORKASPACE' ) );
#4617 = AXIS2_PLACEMENT_3D ( 'NONE', #4954, #392, #447 ) ;
#4618 = ORIENTED_EDGE ( 'NONE', *, *, #2504, .T. ) ;
#4619 = FILL_AREA_STYLE_COLOUR ( '', #2866 ) ;
#4620 = DIRECTION ( 'NONE',  ( -1.000000000000000000, 0.0000000000000000000, 0.0000000000000000000 ) ) ;
#4621 = ORIENTED_EDGE ( 'NONE', *, *, #482, .F. ) ;
#4622 = VECTOR ( 'NONE', #2435, 1000.000000000000000 ) ;
#4623 = EDGE_CURVE ( 'NONE', #1499, #5814, #2788, .T. ) ;
#4624 = VECTOR ( 'NONE', #1457, 1000.000000000000000 ) ;
#4625 = VECTOR ( 'NONE', #2230, 1000.000000000000000 ) ;
#4626 = CARTESIAN_POINT ( 'NONE',  ( -1.524999999999999911, 0.2799999999999790434, 1.524999999999999911 ) ) ;
#4627 = COLOUR_RGB ( '',1.000000000000000000, 1.000000000000000000, 1.000000000000000000 ) ;
#4628 = MECHANICAL_DESIGN_GEOMETRIC_PRESENTATION_REPRESENTATION (  '', ( #4322 ), #2844 ) ;
#4629 = LINE ( 'NONE', #5351, #5258 ) ;
#4630 = DIRECTION ( 'NONE',  ( -1.000000000000000000, 0.0000000000000000000, 0.0000000000000000000 ) ) ;
#4631 = PRESENTATION_LAYER_ASSIGNMENT (  '', '', ( #2127 ) ) ;
#4632 = SURFACE_STYLE_FILL_AREA ( #3572 ) ;
#4633 = DIRECTION ( 'NONE',  ( 1.000000000000000000, -0.0000000000000000000, -1.322197771323785883E-16 ) ) ;
#4634 = EDGE_CURVE ( 'NONE', #4228, #255, #302, .T. ) ;
#4635 = FILL_AREA_STYLE_COLOUR ( '', #1602 ) ;
#4636 = UNCERTAINTY_MEASURE_WITH_UNIT (LENGTH_MEASURE( 1.000000000000000082E-05 ), #4780, 'distance_accuracy_value', 'NONE');
#4637 = SURFACE_STYLE_FILL_AREA ( #5370 ) ;
#4638 = CARTESIAN_POINT ( 'NONE',  ( -1.524999999999999911, 0.2799999999999790434, -1.524999999999999911 ) ) ;
#4639 = FACE_OUTER_BOUND ( 'NONE', #2325, .T. ) ;
#4640 = VECTOR ( 'NONE', #3159, 1000.000000000000000 ) ;
#4641 =( NAMED_UNIT ( * ) SI_UNIT ( $, .STERADIAN. ) SOLID_ANGLE_UNIT ( ) );
#4642 = PLANE ( 'NONE',  #5078 ) ;
#4643 = COLOUR_RGB ( '',1.000000000000000000, 1.000000000000000000, 1.000000000000000000 ) ;
#4644 = ORIENTED_EDGE ( 'NONE', *, *, #5159, .T. ) ;
#4645 = SURFACE_STYLE_USAGE ( .BOTH. , #3269 ) ;
#4646 = SURFACE_STYLE_FILL_AREA ( #3685 ) ;
#4647 = ORIENTED_EDGE ( 'NONE', *, *, #2898, .F. ) ;
#4648 = EDGE_LOOP ( 'NONE', ( #1495, #2640, #2149, #3943 ) ) ;
#4649 = CARTESIAN_POINT ( 'NONE',  ( -1.654999999999999805, 0.2800000000000000266, -1.124999999999999778 ) ) ;
#4650 = EDGE_CURVE ( 'NONE', #5386, #2511, #160, .T. ) ;
#4651 = CARTESIAN_POINT ( 'NONE',  ( -1.524999999999999911, 0.2799999999999790434, -1.524999999999999911 ) ) ;
#4652 = ORIENTED_EDGE ( 'NONE', *, *, #2429, .T. ) ;
#4653 = COLOUR_RGB ( '',0.2509803921568627416, 0.2509803921568627416, 0.2509803921568627416 ) ;
#4654 = ORIENTED_EDGE ( 'NONE', *, *, #3279, .T. ) ;
#4655 = ORIENTED_EDGE ( 'NONE', *, *, #2160, .F. ) ;
#4656 = SURFACE_STYLE_USAGE ( .BOTH. , #4221 ) ;
#4657 =( GEOMETRIC_REPRESENTATION_CONTEXT ( 3 ) GLOBAL_UNCERTAINTY_ASSIGNED_CONTEXT ( ( #1324 ) ) GLOBAL_UNIT_ASSIGNED_CONTEXT ( ( #2010, #1974, #4641 ) ) REPRESENTATION_CONTEXT ( 'NONE', 'WORKASPACE' ) );
#4658 = ORIENTED_EDGE ( 'NONE', *, *, #1254, .T. ) ;
#4659 = EDGE_CURVE ( 'NONE', #3058, #16, #5287, .T. ) ;
#4660 = ORIENTED_EDGE ( 'NONE', *, *, #4078, .F. ) ;
#4661 = EDGE_LOOP ( 'NONE', ( #5526, #3462, #157, #4240 ) ) ;
#4662 = PLANE ( 'NONE',  #1234 ) ;
#4663 = ORIENTED_EDGE ( 'NONE', *, *, #5744, .F. ) ;
#4664 = UNCERTAINTY_MEASURE_WITH_UNIT (LENGTH_MEASURE( 1.000000000000000082E-05 ), #1678, 'distance_accuracy_value', 'NONE');
#4665 = EDGE_CURVE ( 'NONE', #285, #434, #3602, .T. ) ;
#4666 = SURFACE_STYLE_FILL_AREA ( #5471 ) ;
#4667 = ORIENTED_EDGE ( 'NONE', *, *, #3345, .T. ) ;
#4668 = VERTEX_POINT ( 'NONE', #3623 ) ;
#4669 = STYLED_ITEM ( 'NONE', ( #2533 ), #1488 ) ;
#4670 = PRESENTATION_STYLE_ASSIGNMENT (( #2215 ) ) ;
#4671 = CARTESIAN_POINT ( 'NONE',  ( 1.245000000000000329, 0.2800000000000000266, -0.8249999999999997335 ) ) ;
#4672 = EDGE_CURVE ( 'NONE', #4445, #2378, #5082, .T. ) ;
#4673 = CARTESIAN_POINT ( 'NONE',  ( -1.225000000000001865, 0.2800000000000000266, -0.4749999999999997558 ) ) ;
#4674 = CARTESIAN_POINT ( 'NONE',  ( -1.225000000000004308, 0.2800000000000000266, 0.4750000000000001443 ) ) ;
#4675 =( NAMED_UNIT ( * ) SI_UNIT ( $, .STERADIAN. ) SOLID_ANGLE_UNIT ( ) );
#4676 = STYLED_ITEM ( 'NONE', ( #4291 ), #4993 ) ;
#4677 = VECTOR ( 'NONE', #3899, 1000.000000000000000 ) ;
#4678 = ORIENTED_EDGE ( 'NONE', *, *, #5702, .T. ) ;
#4679 = SURFACE_SIDE_STYLE ('',( #1925 ) ) ;
#4680 =( NAMED_UNIT ( * ) SI_UNIT ( $, .STERADIAN. ) SOLID_ANGLE_UNIT ( ) );
#4681 = COLOUR_RGB ( '',1.000000000000000000, 1.000000000000000000, 1.000000000000000000 ) ;
#4682 =( NAMED_UNIT ( * ) PLANE_ANGLE_UNIT ( ) SI_UNIT ( $, .RADIAN. ) );
#4683 = LINE ( 'NONE', #4987, #1742 ) ;
#4684 = DIRECTION ( 'NONE',  ( 0.0000000000000000000, -1.000000000000000000, 0.0000000000000000000 ) ) ;
#4685 = ORIENTED_EDGE ( 'NONE', *, *, #5645, .T. ) ;
#4686 = SURFACE_SIDE_STYLE ('',( #3655 ) ) ;
#4687 = VECTOR ( 'NONE', #526, 1000.000000000000000 ) ;
#4688 = AXIS2_PLACEMENT_3D ( 'NONE', #3709, #3226, #981 ) ;
#4689 = DIRECTION ( 'NONE',  ( 0.0000000000000000000, 0.0000000000000000000, 1.000000000000000000 ) ) ;
#4690 = ORIENTED_EDGE ( 'NONE', *, *, #2136, .T. ) ;
#4691 = SURFACE_STYLE_FILL_AREA ( #606 ) ;
#4692 = CARTESIAN_POINT ( 'NONE',  ( 1.442162081988721978, 0.9095681768857077909, 1.442162081988721534 ) ) ;
#4693 = CARTESIAN_POINT ( 'NONE',  ( -1.225000000000006528, -0.02000000000000000042, 1.125000000000000222 ) ) ;
#4694 = VECTOR ( 'NONE', #249, 1000.000000000000000 ) ;
#4695 = DIRECTION ( 'NONE',  ( -1.000000000000000000, -0.0000000000000000000, -0.0000000000000000000 ) ) ;
#4696 = CARTESIAN_POINT ( 'NONE',  ( -1.524999999999999911, 1.040000000000000036, 1.524999999999999911 ) ) ;
#4697 = EDGE_CURVE ( 'NONE', #5516, #2500, #2782, .T. ) ;
#4698 = SURFACE_STYLE_USAGE ( .BOTH. , #2170 ) ;
#4699 =( GEOMETRIC_REPRESENTATION_CONTEXT ( 3 ) GLOBAL_UNCERTAINTY_ASSIGNED_CONTEXT ( ( #5617 ) ) GLOBAL_UNIT_ASSIGNED_CONTEXT ( ( #1571, #4237, #4256 ) ) REPRESENTATION_CONTEXT ( 'NONE', 'WORKASPACE' ) );
#4700 = FILL_AREA_STYLE_COLOUR ( '', #947 ) ;
#4701 = COLOUR_RGB ( '',1.000000000000000000, 1.000000000000000000, 1.000000000000000000 ) ;
#4702 = STYLED_ITEM ( 'NONE', ( #3864 ), #1216 ) ;
#4703 = SURFACE_SIDE_STYLE ('',( #5424 ) ) ;
#4704 = UNCERTAINTY_MEASURE_WITH_UNIT (LENGTH_MEASURE( 1.000000000000000082E-05 ), #1798, 'distance_accuracy_value', 'NONE');
#4705 = LINE ( 'NONE', #3297, #988 ) ;
#4706 = COLOUR_RGB ( '',0.2509803921568627416, 0.2509803921568627416, 0.2509803921568627416 ) ;
#4707 = DIRECTION ( 'NONE',  ( 1.000000000000000000, -0.0000000000000000000, 0.0000000000000000000 ) ) ;
#4708 = FACE_OUTER_BOUND ( 'NONE', #2294, .T. ) ;
#4709 = EDGE_CURVE ( 'NONE', #255, #5458, #720, .T. ) ;
#4710 = STYLED_ITEM ( 'NONE', ( #5008 ), #4841 ) ;
#4711 = PRESENTATION_STYLE_ASSIGNMENT (( #2121 ) ) ;
#4712 = VECTOR ( 'NONE', #4120, 1000.000000000000000 ) ;
#4713 = LINE ( 'NONE', #5554, #82 ) ;
#4714 = DIRECTION ( 'NONE',  ( 0.0000000000000000000, 0.0000000000000000000, 1.000000000000000000 ) ) ;
#4715 = PLANE ( 'NONE',  #2939 ) ;
#4716 = CARTESIAN_POINT ( 'NONE',  ( -1.654999999999999805, 0.2800000000000000266, -1.124999999999999778 ) ) ;
#4717 = FILL_AREA_STYLE ('',( #4700 ) ) ;
#4718 = MECHANICAL_DESIGN_GEOMETRIC_PRESENTATION_REPRESENTATION (  '', ( #3925 ), #3120 ) ;
#4719 = ORIENTED_EDGE ( 'NONE', *, *, #791, .T. ) ;
#4720 = VECTOR ( 'NONE', #2357, 1000.000000000000000 ) ;
#4721 = EDGE_LOOP ( 'NONE', ( #3472, #2910, #2241, #5577 ) ) ;
#4722 = ORIENTED_EDGE ( 'NONE', *, *, #3748, .T. ) ;
#4723 = ORIENTED_EDGE ( 'NONE', *, *, #10, .T. ) ;
#4724 = ORIENTED_EDGE ( 'NONE', *, *, #3410, .F. ) ;
#4725 = SURFACE_STYLE_USAGE ( .BOTH. , #3356 ) ;
#4726 = ORIENTED_EDGE ( 'NONE', *, *, #159, .T. ) ;
#4727 = EDGE_CURVE ( 'NONE', #1090, #163, #2981, .T. ) ;
#4728 =( NAMED_UNIT ( * ) SI_UNIT ( $, .STERADIAN. ) SOLID_ANGLE_UNIT ( ) );
#4729 = ORIENTED_EDGE ( 'NONE', *, *, #1574, .F. ) ;
#4730 = DIRECTION ( 'NONE',  ( 5.288791085295143532E-16, 0.0000000000000000000, 1.000000000000000000 ) ) ;
#4731 = DIRECTION ( 'NONE',  ( 0.0000000000000000000, 0.0000000000000000000, 1.000000000000000000 ) ) ;
#4732 = VERTEX_POINT ( 'NONE', #930 ) ;
#4733 =( GEOMETRIC_REPRESENTATION_CONTEXT ( 3 ) GLOBAL_UNCERTAINTY_ASSIGNED_CONTEXT ( ( #4457 ) ) GLOBAL_UNIT_ASSIGNED_CONTEXT ( ( #3381, #2552, #1579 ) ) REPRESENTATION_CONTEXT ( 'NONE', 'WORKASPACE' ) );
#4734 = EDGE_LOOP ( 'NONE', ( #296, #781, #3128, #1147 ) ) ;
#4735 =( NAMED_UNIT ( * ) PLANE_ANGLE_UNIT ( ) SI_UNIT ( $, .RADIAN. ) );
#4736 = AXIS2_PLACEMENT_3D ( 'NONE', #2656, #810, #888 ) ;
#4737 = DIRECTION ( 'NONE',  ( 0.0000000000000000000, 0.0000000000000000000, -1.000000000000000000 ) ) ;
#4738 = FACE_OUTER_BOUND ( 'NONE', #4661, .T. ) ;
#4739 = FILL_AREA_STYLE_COLOUR ( '', #1652 ) ;
#4740 =( LENGTH_UNIT ( ) NAMED_UNIT ( * ) SI_UNIT ( .MILLI., .METRE. ) );
#4741 = CARTESIAN_POINT ( 'NONE',  ( -1.225000000000001865, 0.2800000000000000266, -0.1749999999999997669 ) ) ;
#4742 = FILL_AREA_STYLE ('',( #1604 ) ) ;
#4743 = COLOUR_RGB ( '',1.000000000000000000, 1.000000000000000000, 1.000000000000000000 ) ;
#4744 =( NAMED_UNIT ( * ) PLANE_ANGLE_UNIT ( ) SI_UNIT ( $, .RADIAN. ) );
#4745 = DIRECTION ( 'NONE',  ( -0.0000000000000000000, -0.0000000000000000000, 1.000000000000000000 ) ) ;
#4746 = COLOUR_RGB ( '',1.000000000000000000, 1.000000000000000000, 1.000000000000000000 ) ;
#4747 = ADVANCED_FACE ( 'NONE', ( #1009 ), #2670, .F. ) ;
#4748 = SURFACE_STYLE_USAGE ( .BOTH. , #5709 ) ;
#4749 = VERTEX_POINT ( 'NONE', #5357 ) ;
#4750 = VECTOR ( 'NONE', #2015, 1000.000000000000000 ) ;
#4751 = CARTESIAN_POINT ( 'NONE',  ( -1.654999999999999805, 0.2800000000000000266, -0.8249999999999997335 ) ) ;
#4752 = CARTESIAN_POINT ( 'NONE',  ( -0.02499999999999971342, -0.0000000000000000000, -1.054999999999999938 ) ) ;
#4753 = LINE ( 'NONE', #4161, #4624 ) ;
#4754 = PLANE ( 'NONE',  #5703 ) ;
#4755 = DIRECTION ( 'NONE',  ( 0.2873478855663454401, -0.0000000000000000000, 0.9578262852211513190 ) ) ;
#4756 = SURFACE_SIDE_STYLE ('',( #1837 ) ) ;
#4757 =( GEOMETRIC_REPRESENTATION_CONTEXT ( 3 ) GLOBAL_UNCERTAINTY_ASSIGNED_CONTEXT ( ( #5321 ) ) GLOBAL_UNIT_ASSIGNED_CONTEXT ( ( #559, #134, #4102 ) ) REPRESENTATION_CONTEXT ( 'NONE', 'WORKASPACE' ) );
#4758 = LINE ( 'NONE', #784, #2604 ) ;
#4759 = COLOUR_RGB ( '',0.7921568627450980005, 0.8196078431372548767, 0.9333333333333333481 ) ;
#4760 = DIRECTION ( 'NONE',  ( 5.288791085295143532E-16, 0.0000000000000000000, -1.000000000000000000 ) ) ;
#4761 = VECTOR ( 'NONE', #3520, 1000.000000000000000 ) ;
#4762 =( LENGTH_UNIT ( ) NAMED_UNIT ( * ) SI_UNIT ( .MILLI., .METRE. ) );
#4763 = STYLED_ITEM ( 'NONE', ( #5134 ), #3175 ) ;
#4764 = LINE ( 'NONE', #1297, #2416 ) ;
#4765 = CARTESIAN_POINT ( 'NONE',  ( -1.655000000000004245, 0.2800000000000000266, 0.4750000000000001443 ) ) ;
#4766 = FILL_AREA_STYLE ('',( #3379 ) ) ;
#4767 = PRESENTATION_LAYER_ASSIGNMENT (  '', '', ( #741 ) ) ;
#4768 = CARTESIAN_POINT ( 'NONE',  ( 0.0000000000000000000, 0.0000000000000000000, -1.124999999999999778 ) ) ;
#4769 = LINE ( 'NONE', #1894, #4151 ) ;
#4770 = SURFACE_STYLE_FILL_AREA ( #1279 ) ;
#4771 =( LENGTH_UNIT ( ) NAMED_UNIT ( * ) SI_UNIT ( .MILLI., .METRE. ) );
#4772 = STYLED_ITEM ( 'NONE', ( #4327 ), #2862 ) ;
#4773 = UNCERTAINTY_MEASURE_WITH_UNIT (LENGTH_MEASURE( 1.000000000000000082E-05 ), #3282, 'distance_accuracy_value', 'NONE');
#4774 = LINE ( 'NONE', #412, #1485 ) ;
#4775 = VECTOR ( 'NONE', #3402, 1000.000000000000000 ) ;
#4776 = PRESENTATION_STYLE_ASSIGNMENT (( #1259 ) ) ;
#4777 =( GEOMETRIC_REPRESENTATION_CONTEXT ( 3 ) GLOBAL_UNCERTAINTY_ASSIGNED_CONTEXT ( ( #3415 ) ) GLOBAL_UNIT_ASSIGNED_CONTEXT ( ( #2824, #3186, #2780 ) ) REPRESENTATION_CONTEXT ( 'NONE', 'WORKASPACE' ) );
#4778 = DIRECTION ( 'NONE',  ( 1.000000000000000000, -0.0000000000000000000, 0.0000000000000000000 ) ) ;
#4779 = CARTESIAN_POINT ( 'NONE',  ( 1.245000000000000329, 0.2800000000000000266, 0.8249999999999997335 ) ) ;
#4780 =( LENGTH_UNIT ( ) NAMED_UNIT ( * ) SI_UNIT ( .MILLI., .METRE. ) );
#4781 = ADVANCED_FACE ( 'NONE', ( #1353 ), #1325, .F. ) ;
#4782 = LINE ( 'NONE', #1671, #1696 ) ;
#4783 = EDGE_CURVE ( 'NONE', #4445, #298, #3742, .T. ) ;
#4784 = LINE ( 'NONE', #2383, #1934 ) ;
#4785 =( GEOMETRIC_REPRESENTATION_CONTEXT ( 3 ) GLOBAL_UNCERTAINTY_ASSIGNED_CONTEXT ( ( #4200 ) ) GLOBAL_UNIT_ASSIGNED_CONTEXT ( ( #4482, #5442, #4073 ) ) REPRESENTATION_CONTEXT ( 'NONE', 'WORKASPACE' ) );
#4786 = ORIENTED_EDGE ( 'NONE', *, *, #5771, .F. ) ;
#4787 = FACE_OUTER_BOUND ( 'NONE', #240, .T. ) ;
#4788 = VERTEX_POINT ( 'NONE', #3107 ) ;
#4789 = EDGE_LOOP ( 'NONE', ( #5369, #2661, #153, #4599 ) ) ;
#4790 =( LENGTH_UNIT ( ) NAMED_UNIT ( * ) SI_UNIT ( .MILLI., .METRE. ) );
#4791 = SURFACE_SIDE_STYLE ('',( #849 ) ) ;
#4792 = FILL_AREA_STYLE ('',( #219 ) ) ;
#4793 = EDGE_LOOP ( 'NONE', ( #1348, #4110, #369, #2564 ) ) ;
#4794 = ORIENTED_EDGE ( 'NONE', *, *, #4986, .T. ) ;
#4795 = SURFACE_SIDE_STYLE ('',( #3235 ) ) ;
#4796 = ORIENTED_EDGE ( 'NONE', *, *, #4066, .T. ) ;
#4797 = CARTESIAN_POINT ( 'NONE',  ( -0.06999999999999974298, 0.0000000000000000000, -1.300000000000000044 ) ) ;
#4798 = CARTESIAN_POINT ( 'NONE',  ( 0.0000000000000000000, 0.0000000000000000000, -0.8249999999999997335 ) ) ;
#4799 = STYLED_ITEM ( 'NONE', ( #3471 ), #5472 ) ;
#4800 =( GEOMETRIC_REPRESENTATION_CONTEXT ( 3 ) GLOBAL_UNCERTAINTY_ASSIGNED_CONTEXT ( ( #173 ) ) GLOBAL_UNIT_ASSIGNED_CONTEXT ( ( #3050, #3431, #1273 ) ) REPRESENTATION_CONTEXT ( 'NONE', 'WORKASPACE' ) );
#4801 = ORIENTED_EDGE ( 'NONE', *, *, #897, .T. ) ;
#4802 = PLANE ( 'NONE',  #4395 ) ;
#4803 = PLANE ( 'NONE',  #3060 ) ;
#4804 = ORIENTED_EDGE ( 'NONE', *, *, #4100, .F. ) ;
#4805 = ORIENTED_EDGE ( 'NONE', *, *, #1642, .T. ) ;
#4806 = ORIENTED_EDGE ( 'NONE', *, *, #3292, .T. ) ;
#4807 = EDGE_CURVE ( 'NONE', #2378, #5016, #5371, .T. ) ;
#4808 = ORIENTED_EDGE ( 'NONE', *, *, #4487, .F. ) ;
#4809 = SURFACE_SIDE_STYLE ('',( #1973 ) ) ;
#4810 = ORIENTED_EDGE ( 'NONE', *, *, #4553, .T. ) ;
#4811 = DIRECTION ( 'NONE',  ( -0.0000000000000000000, 1.000000000000000000, -0.0000000000000000000 ) ) ;
#4812 = CARTESIAN_POINT ( 'NONE',  ( 1.245000000000000329, 0.0000000000000000000, 0.4749999999999997558 ) ) ;
#4813 = PRESENTATION_LAYER_ASSIGNMENT (  '', '', ( #1824 ) ) ;
#4814 = FILL_AREA_STYLE_COLOUR ( '', #4157 ) ;
#4815 = ADVANCED_FACE ( 'NONE', ( #4029 ), #4504, .F. ) ;
#4816 = LINE ( 'NONE', #1179, #2321 ) ;
#4817 = CARTESIAN_POINT ( 'NONE',  ( -1.224999999999999645, 0.2800000000000000266, -1.124999999999999778 ) ) ;
#4818 = STYLED_ITEM ( 'NONE', ( #212 ), #802 ) ;
#4819 = CARTESIAN_POINT ( 'NONE',  ( 1.245000000000000329, 0.2800000000000000266, 0.1749999999999998501 ) ) ;
#4820 = CARTESIAN_POINT ( 'NONE',  ( 1.245000000000000329, 0.0000000000000000000, -0.4749999999999997558 ) ) ;
#4821 =( LENGTH_UNIT ( ) NAMED_UNIT ( * ) SI_UNIT ( .MILLI., .METRE. ) );
#4822 = SURFACE_STYLE_USAGE ( .BOTH. , #5719 ) ;
#4823 = EDGE_CURVE ( 'NONE', #5300, #4172, #3122, .T. ) ;
#4824 = DIRECTION ( 'NONE',  ( 0.0000000000000000000, -0.0000000000000000000, 1.000000000000000000 ) ) ;
#4825 = FACE_OUTER_BOUND ( 'NONE', #3749, .T. ) ;
#4826 = MECHANICAL_DESIGN_GEOMETRIC_PRESENTATION_REPRESENTATION (  '', ( #4282 ), #2024 ) ;
#4827 = ORIENTED_EDGE ( 'NONE', *, *, #2172, .F. ) ;
#4828 = CARTESIAN_POINT ( 'NONE',  ( -1.225000000000004308, -0.02000000000000000042, 0.1750000000000002387 ) ) ;
#4829 = LINE ( 'NONE', #2399, #4687 ) ;
#4830 = ORIENTED_EDGE ( 'NONE', *, *, #5779, .T. ) ;
#4831 = DIRECTION ( 'NONE',  ( -1.000000000000000000, 0.0000000000000000000, 0.0000000000000000000 ) ) ;
#4832 = CARTESIAN_POINT ( 'NONE',  ( -0.06999999999999975686, 0.0000000000000000000, 1.300000000000000044 ) ) ;
#4833 = VECTOR ( 'NONE', #1200, 1000.000000000000114 ) ;
#4834 = STYLED_ITEM ( 'NONE', ( #1999 ), #4934 ) ;
#4835 = AXIS2_PLACEMENT_3D ( 'NONE', #3534, #3610, #3094 ) ;
#4836 = CARTESIAN_POINT ( 'NONE',  ( -1.225000000000001865, -0.02000000000000000042, -0.4749999999999997558 ) ) ;
#4837 = LINE ( 'NONE', #3700, #261 ) ;
#4838 = CARTESIAN_POINT ( 'NONE',  ( 1.245000000000000329, 0.0000000000000000000, 0.8249999999999997335 ) ) ;
#4839 = CARTESIAN_POINT ( 'NONE',  ( -0.06999999999999975686, 0.2800000000000000266, 1.300000000000000044 ) ) ;
#4840 = DIRECTION ( 'NONE',  ( -1.000000000000000000, 0.0000000000000000000, 0.0000000000000000000 ) ) ;
#4841 = ADVANCED_FACE ( 'NONE', ( #4787 ), #4447, .F. ) ;
#4842 = EDGE_CURVE ( 'NONE', #4104, #4528, #5798, .T. ) ;
#4843 = ADVANCED_FACE ( 'NONE', ( #4513 ), #1937, .F. ) ;
#4844 = VECTOR ( 'NONE', #1274, 1000.000000000000000 ) ;
#4845 = LINE ( 'NONE', #678, #2957 ) ;
#4846 = FILL_AREA_STYLE ('',( #1736 ) ) ;
#4847 = AXIS2_PLACEMENT_3D ( 'NONE', #356, #5796, #3499 ) ;
#4848 = COLOUR_RGB ( '',1.000000000000000000, 1.000000000000000000, 1.000000000000000000 ) ;
#4849 = FILL_AREA_STYLE ('',( #4400 ) ) ;
#4850 = MECHANICAL_DESIGN_GEOMETRIC_PRESENTATION_REPRESENTATION (  '', ( #1047 ), #4470 ) ;
#4851 = CARTESIAN_POINT ( 'NONE',  ( 1.655000000000000249, 0.2800000000000000266, -0.8249999999999997335 ) ) ;
#4852 = LINE ( 'NONE', #2431, #1991 ) ;
#4853 = PRESENTATION_STYLE_ASSIGNMENT (( #5657 ) ) ;
#4854 = PLANE ( 'NONE',  #2854 ) ;
#4855 = STYLED_ITEM ( 'NONE', ( #891 ), #2770 ) ;
#4856 = EDGE_CURVE ( 'NONE', #5443, #3272, #5215, .T. ) ;
#4857 = FILL_AREA_STYLE_COLOUR ( '', #5396 ) ;
#4858 = DIRECTION ( 'NONE',  ( -1.000000000000000000, -0.0000000000000000000, -0.0000000000000000000 ) ) ;
#4859 = DIRECTION ( 'NONE',  ( 0.0000000000000000000, -1.000000000000000000, 0.0000000000000000000 ) ) ;
#4860 = AXIS2_PLACEMENT_3D ( 'NONE', #4898, #3991, #4444 ) ;
#4861 = DIRECTION ( 'NONE',  ( 0.0000000000000000000, 0.0000000000000000000, -1.000000000000000000 ) ) ;
#4862 = CARTESIAN_POINT ( 'NONE',  ( -0.02499999999999974118, 0.2800000000000000266, -1.149999999999999911 ) ) ;
#4863 = DIRECTION ( 'NONE',  ( -1.000000000000000000, -0.0000000000000000000, -0.0000000000000000000 ) ) ;
#4864 = PRESENTATION_STYLE_ASSIGNMENT (( #3161 ) ) ;
#4865 = ORIENTED_EDGE ( 'NONE', *, *, #958, .F. ) ;
#4866 = EDGE_CURVE ( 'NONE', #4172, #2442, #1427, .T. ) ;
#4867 = EDGE_LOOP ( 'NONE', ( #2918, #1283, #5088, #3677 ) ) ;
#4868 = ORIENTED_EDGE ( 'NONE', *, *, #321, .T. ) ;
#4869 = AXIS2_PLACEMENT_3D ( 'NONE', #862, #1784, #4004 ) ;
#4870 = CARTESIAN_POINT ( 'NONE',  ( 1.524999999999999911, 0.2799999999999790434, 1.524999999999999467 ) ) ;
#4871 = ORIENTED_EDGE ( 'NONE', *, *, #5315, .F. ) ;
#4872 = CARTESIAN_POINT ( 'NONE',  ( -1.293443937657340337, 1.040000000000000036, -1.293443937657340337 ) ) ;
#4873 = SURFACE_SIDE_STYLE ('',( #1778 ) ) ;
#4874 = VECTOR ( 'NONE', #657, 1000.000000000000000 ) ;
#4875 = ORIENTED_EDGE ( 'NONE', *, *, #4414, .T. ) ;
#4876 = ADVANCED_FACE ( 'NONE', ( #1940 ), #1916, .F. ) ;
#4877 = CARTESIAN_POINT ( 'NONE',  ( 1.442162081988721978, 0.9095681768857077909, 1.442162081988721534 ) ) ;
#4878 = EDGE_LOOP ( 'NONE', ( #775, #4129, #4723, #5303 ) ) ;
#4879 = CARTESIAN_POINT ( 'NONE',  ( 1.655000000000000249, 0.2800000000000000266, -0.8249999999999997335 ) ) ;
#4880 = CARTESIAN_POINT ( 'NONE',  ( 1.839153740585303369E-16, 0.8900000000000001243, 1.293443937657340337 ) ) ;
#4881 = ORIENTED_EDGE ( 'NONE', *, *, #3833, .F. ) ;
#4882 = FILL_AREA_STYLE ('',( #3104 ) ) ;
#4883 = VERTEX_POINT ( 'NONE', #5019 ) ;
#4884 = VERTEX_POINT ( 'NONE', #493 ) ;
#4885 = DIRECTION ( 'NONE',  ( -1.000000000000000000, -0.0000000000000000000, -0.0000000000000000000 ) ) ;
#4886 =( NAMED_UNIT ( * ) SI_UNIT ( $, .STERADIAN. ) SOLID_ANGLE_UNIT ( ) );
#4887 = CARTESIAN_POINT ( 'NONE',  ( -1.524999999999999911, 0.2799999999999790434, -1.524999999999999911 ) ) ;
#4888 = SURFACE_STYLE_USAGE ( .BOTH. , #1755 ) ;
#4889 = AXIS2_PLACEMENT_3D ( 'NONE', #5175, #5676, #1105 ) ;
#4890 = EDGE_CURVE ( 'NONE', #1012, #502, #2368, .T. ) ;
#4891 = UNCERTAINTY_MEASURE_WITH_UNIT (LENGTH_MEASURE( 1.000000000000000082E-05 ), #2181, 'distance_accuracy_value', 'NONE');
#4892 = VECTOR ( 'NONE', #186, 1000.000000000000000 ) ;
#4893 = DIRECTION ( 'NONE',  ( -0.0000000000000000000, 1.000000000000000000, -0.0000000000000000000 ) ) ;
#4894 = AXIS2_PLACEMENT_3D ( 'NONE', #5090, #3255, #3273 ) ;
#4895 = CARTESIAN_POINT ( 'NONE',  ( -1.524999999999997025, 0.2800000000000000266, 0.1750000000000002387 ) ) ;
#4896 = CARTESIAN_POINT ( 'NONE',  ( -0.06999999999999974298, 0.0000000000000000000, -1.525000000000000355 ) ) ;
#4897 =( GEOMETRIC_REPRESENTATION_CONTEXT ( 3 ) GLOBAL_UNCERTAINTY_ASSIGNED_CONTEXT ( ( #2229 ) ) GLOBAL_UNIT_ASSIGNED_CONTEXT ( ( #335, #3502, #2171 ) ) REPRESENTATION_CONTEXT ( 'NONE', 'WORKASPACE' ) );
#4898 = CARTESIAN_POINT ( 'NONE',  ( 1.655000000000000249, 0.0000000000000000000, 0.8249999999999997335 ) ) ;
#4899 = UNCERTAINTY_MEASURE_WITH_UNIT (LENGTH_MEASURE( 1.000000000000000082E-05 ), #4361, 'distance_accuracy_value', 'NONE');
#4900 =( NAMED_UNIT ( * ) PLANE_ANGLE_UNIT ( ) SI_UNIT ( $, .RADIAN. ) );
#4901 = FILL_AREA_STYLE_COLOUR ( '', #5219 ) ;
#4902 = ORIENTED_EDGE ( 'NONE', *, *, #47, .F. ) ;
#4903 =( NAMED_UNIT ( * ) PLANE_ANGLE_UNIT ( ) SI_UNIT ( $, .RADIAN. ) );
#4904 = SURFACE_SIDE_STYLE ('',( #3718 ) ) ;
#4905 = EDGE_CURVE ( 'NONE', #2303, #3080, #92, .T. ) ;
#4906 = DIRECTION ( 'NONE',  ( 1.000000000000000000, 0.0000000000000000000, 0.0000000000000000000 ) ) ;
#4907 = LINE ( 'NONE', #2953, #2107 ) ;
#4908 = ADVANCED_FACE ( 'NONE', ( #3388 ), #128, .F. ) ;
#4909 = AXIS2_PLACEMENT_3D ( 'NONE', #811, #3526, #1286 ) ;
#4910 = LINE ( 'NONE', #512, #3421 ) ;
#4911 =( LENGTH_UNIT ( ) NAMED_UNIT ( * ) SI_UNIT ( .MILLI., .METRE. ) );
#4912 = VECTOR ( 'NONE', #1196, 1000.000000000000000 ) ;
#4913 = PRESENTATION_STYLE_ASSIGNMENT (( #1379 ) ) ;
#4914 = CARTESIAN_POINT ( 'NONE',  ( 1.245000000000000329, 0.2800000000000000266, 1.124999999999999556 ) ) ;
#4915 = CARTESIAN_POINT ( 'NONE',  ( -1.524999999999999911, 1.040000000000000036, 1.125000000000000222 ) ) ;
#4916 = PRESENTATION_STYLE_ASSIGNMENT (( #5836 ) ) ;
#4917 = DIRECTION ( 'NONE',  ( -1.000000000000000000, 0.0000000000000000000, -1.260700200564540091E-16 ) ) ;
#4918 = COLOUR_RGB ( '',1.000000000000000000, 1.000000000000000000, 1.000000000000000000 ) ;
#4919 =( GEOMETRIC_REPRESENTATION_CONTEXT ( 3 ) GLOBAL_UNCERTAINTY_ASSIGNED_CONTEXT ( ( #1401 ) ) GLOBAL_UNIT_ASSIGNED_CONTEXT ( ( #3985, #1763, #4471 ) ) REPRESENTATION_CONTEXT ( 'NONE', 'WORKASPACE' ) );
#4920 = PRODUCT ( 'SQS484EN-T1', 'SQS484EN-T1', '', ( #3676 ) ) ;
#4921 = CARTESIAN_POINT ( 'NONE',  ( 1.245000000000000329, 0.2800000000000000266, -0.4749999999999997558 ) ) ;
#4922 = CARTESIAN_POINT ( 'NONE',  ( -1.225000000000001865, 0.2800000000000000266, -0.4749999999999997558 ) ) ;
#4923 = PRESENTATION_STYLE_ASSIGNMENT (( #1378 ) ) ;
#4924 =( NAMED_UNIT ( * ) PLANE_ANGLE_UNIT ( ) SI_UNIT ( $, .RADIAN. ) );
#4925 = CARTESIAN_POINT ( 'NONE',  ( 1.524999999999999911, 0.2799999999999790434, -1.525000000000000355 ) ) ;
#4926 = SURFACE_SIDE_STYLE ('',( #4546 ) ) ;
#4927 = EDGE_CURVE ( 'NONE', #1625, #5174, #5508, .T. ) ;
#4928 = SURFACE_STYLE_FILL_AREA ( #1775 ) ;
#4929 = VECTOR ( 'NONE', #5770, 1000.000000000000000 ) ;
#4930 = LINE ( 'NONE', #1487, #5272 ) ;
#4931 =( NAMED_UNIT ( * ) SI_UNIT ( $, .STERADIAN. ) SOLID_ANGLE_UNIT ( ) );
#4932 = PLANE ( 'NONE',  #5328 ) ;
#4933 =( GEOMETRIC_REPRESENTATION_CONTEXT ( 3 ) GLOBAL_UNCERTAINTY_ASSIGNED_CONTEXT ( ( #900 ) ) GLOBAL_UNIT_ASSIGNED_CONTEXT ( ( #2756, #1853, #1405 ) ) REPRESENTATION_CONTEXT ( 'NONE', 'WORKASPACE' ) );
#4934 = ADVANCED_FACE ( 'NONE', ( #5139 ), #143, .F. ) ;
#4935 =( NAMED_UNIT ( * ) SI_UNIT ( $, .STERADIAN. ) SOLID_ANGLE_UNIT ( ) );
#4936 = ORIENTED_EDGE ( 'NONE', *, *, #1254, .F. ) ;
#4937 = ORIENTED_EDGE ( 'NONE', *, *, #4650, .F. ) ;
#4938 = EDGE_CURVE ( 'NONE', #3259, #2874, #3042, .T. ) ;
#4939 = ORIENTED_EDGE ( 'NONE', *, *, #1938, .T. ) ;
#4940 = CARTESIAN_POINT ( 'NONE',  ( -0.02499999999999971342, 0.2800000000000000266, 1.054999999999999938 ) ) ;
#4941 = CARTESIAN_POINT ( 'NONE',  ( -0.02499999999999971342, 0.2800000000000000266, 1.054999999999999938 ) ) ;
#4942 = AXIS2_PLACEMENT_3D ( 'NONE', #3989, #2688, #5373 ) ;
#4943 = STYLED_ITEM ( 'NONE', ( #342 ), #1461 ) ;
#4944 = ORIENTED_EDGE ( 'NONE', *, *, #3359, .F. ) ;
#4945 = CARTESIAN_POINT ( 'NONE',  ( -1.524999999999999911, 0.0000000000000000000, 1.524999999999999911 ) ) ;
#4946 = FILL_AREA_STYLE_COLOUR ( '', #3650 ) ;
#4947 =( NAMED_UNIT ( * ) SI_UNIT ( $, .STERADIAN. ) SOLID_ANGLE_UNIT ( ) );
#4948 = PRESENTATION_STYLE_ASSIGNMENT (( #2261 ) ) ;
#4949 = ORIENTED_EDGE ( 'NONE', *, *, #1555, .T. ) ;
#4950 = ORIENTED_EDGE ( 'NONE', *, *, #5827, .F. ) ;
#4951 = ORIENTED_EDGE ( 'NONE', *, *, #4553, .F. ) ;
#4952 = VECTOR ( 'NONE', #4365, 1000.000000000000000 ) ;
#4953 = EDGE_LOOP ( 'NONE', ( #2787, #1238, #505, #4223 ) ) ;
#4954 = CARTESIAN_POINT ( 'NONE',  ( 1.245000000000000329, 0.0000000000000000000, 0.4749999999999997558 ) ) ;
#4955 = ORIENTED_EDGE ( 'NONE', *, *, #5645, .F. ) ;
#4956 = ORIENTED_EDGE ( 'NONE', *, *, #4979, .F. ) ;
#4957 = DIRECTION ( 'NONE',  ( 0.0000000000000000000, 0.0000000000000000000, -1.000000000000000000 ) ) ;
#4958 = FACE_OUTER_BOUND ( 'NONE', #1566, .T. ) ;
#4959 = ORIENTED_EDGE ( 'NONE', *, *, #3425, .F. ) ;
#4960 = CARTESIAN_POINT ( 'NONE',  ( -1.224999999999999645, 0.2800000000000000266, -1.124999999999999778 ) ) ;
#4961 = ORIENTED_EDGE ( 'NONE', *, *, #4610, .T. ) ;
#4962 = DIRECTION ( 'NONE',  ( -0.0000000000000000000, -0.0000000000000000000, 1.000000000000000000 ) ) ;
#4963 = SURFACE_SIDE_STYLE ('',( #507 ) ) ;
#4964 = CARTESIAN_POINT ( 'NONE',  ( -1.524999999999999911, 0.2799999999999790434, 0.4750000000000001443 ) ) ;
#4965 = EDGE_CURVE ( 'NONE', #2975, #5648, #774, .T. ) ;
#4966 =( NAMED_UNIT ( * ) SI_UNIT ( $, .STERADIAN. ) SOLID_ANGLE_UNIT ( ) );
#4967 =( NAMED_UNIT ( * ) PLANE_ANGLE_UNIT ( ) SI_UNIT ( $, .RADIAN. ) );
#4968 = ADVANCED_FACE ( 'NONE', ( #5069 ), #5610, .F. ) ;
#4969 = COLOUR_RGB ( '',0.2509803921568627416, 0.2509803921568627416, 0.2509803921568627416 ) ;
#4970 = PRESENTATION_LAYER_ASSIGNMENT (  '', '', ( #290 ) ) ;
#4971 = UNCERTAINTY_MEASURE_WITH_UNIT (LENGTH_MEASURE( 1.000000000000000082E-05 ), #235, 'distance_accuracy_value', 'NONE');
#4972 = PRESENTATION_LAYER_ASSIGNMENT (  '', '', ( #1047 ) ) ;
#4973 = SURFACE_SIDE_STYLE ('',( #3423 ) ) ;
#4974 = LINE ( 'NONE', #993, #2736 ) ;
#4975 = ORIENTED_EDGE ( 'NONE', *, *, #2525, .T. ) ;
#4976 =( LENGTH_UNIT ( ) NAMED_UNIT ( * ) SI_UNIT ( .MILLI., .METRE. ) );
#4977 = LINE ( 'NONE', #2544, #4130 ) ;
#4978 = AXIS2_PLACEMENT_3D ( 'NONE', #4351, #1269, #319 ) ;
#4979 = EDGE_CURVE ( 'NONE', #2099, #4103, #2970, .T. ) ;
#4980 = DIRECTION ( 'NONE',  ( -1.421904488505579654E-16, 0.0000000000000000000, -1.000000000000000000 ) ) ;
#4981 = FACE_OUTER_BOUND ( 'NONE', #4734, .T. ) ;
#4982 = MECHANICAL_DESIGN_GEOMETRIC_PRESENTATION_REPRESENTATION (  '', ( #4669 ), #5584 ) ;
#4983 = ORIENTED_EDGE ( 'NONE', *, *, #716, .T. ) ;
#4984 = CARTESIAN_POINT ( 'NONE',  ( -1.442162081988721978, 0.9095681768857077909, 1.442162081988721978 ) ) ;
#4985 = DIRECTION ( 'NONE',  ( -0.0000000000000000000, -1.000000000000000000, -0.0000000000000000000 ) ) ;
#4986 = EDGE_CURVE ( 'NONE', #2642, #3456, #3190, .T. ) ;
#4987 = CARTESIAN_POINT ( 'NONE',  ( -0.3649999999999997691, 0.2800000000000000266, -1.149999999999999911 ) ) ;
#4988 = LINE ( 'NONE', #1479, #3777 ) ;
#4989 = MECHANICAL_DESIGN_GEOMETRIC_PRESENTATION_REPRESENTATION (  '', ( #4261 ), #5597 ) ;
#4990 = VECTOR ( 'NONE', #72, 1000.000000000000000 ) ;
#4991 = PLANE ( 'NONE',  #2927 ) ;
#4992 = LINE ( 'NONE', #1167, #5059 ) ;
#4993 = ADVANCED_FACE ( 'NONE', ( #5208 ), #4203, .F. ) ;
#4994 = LINE ( 'NONE', #461, #1264 ) ;
#4995 = CARTESIAN_POINT ( 'NONE',  ( -1.442162081988721978, 0.9095681768857077909, -1.442162081988721978 ) ) ;
#4996 = UNCERTAINTY_MEASURE_WITH_UNIT (LENGTH_MEASURE( 1.000000000000000082E-05 ), #1395, 'distance_accuracy_value', 'NONE');
#4997 = FACE_OUTER_BOUND ( 'NONE', #4648, .T. ) ;
#4998 = PRESENTATION_LAYER_ASSIGNMENT (  '', '', ( #3753 ) ) ;
#4999 = LINE ( 'NONE', #3240, #3796 ) ;
#5000 = CARTESIAN_POINT ( 'NONE',  ( 1.245000000000000329, 0.2800000000000000266, -0.8249999999999997335 ) ) ;
#5001 = CARTESIAN_POINT ( 'NONE',  ( -1.225000000000004308, -0.02000000000000000042, 0.1750000000000002387 ) ) ;
#5002 = EDGE_CURVE ( 'NONE', #5097, #231, #2620, .T. ) ;
#5003 =( LENGTH_UNIT ( ) NAMED_UNIT ( * ) SI_UNIT ( .MILLI., .METRE. ) );
#5004 = STYLED_ITEM ( 'NONE', ( #469 ), #4341 ) ;
#5005 = ORIENTED_EDGE ( 'NONE', *, *, #3876, .F. ) ;
#5006 = CARTESIAN_POINT ( 'NONE',  ( 1.245000000000000329, 0.0000000000000000000, -1.054999999999999938 ) ) ;
#5007 = PRESENTATION_LAYER_ASSIGNMENT (  '', '', ( #155 ) ) ;
#5008 = PRESENTATION_STYLE_ASSIGNMENT (( #1880 ) ) ;
#5009 = ORIENTED_EDGE ( 'NONE', *, *, #2339, .F. ) ;
#5010 = APPLICATION_PROTOCOL_DEFINITION ( 'draft international standard', 'automotive_design', 1998, #510 ) ;
#5011 = ORIENTED_EDGE ( 'NONE', *, *, #1975, .T. ) ;
#5012 = DIRECTION ( 'NONE',  ( -1.000000000000000000, 0.0000000000000000000, -1.260700200564539845E-16 ) ) ;
#5013 = EDGE_LOOP ( 'NONE', ( #2662, #2794, #4035, #5367 ) ) ;
#5014 = EDGE_CURVE ( 'NONE', #2635, #4602, #2285, .T. ) ;
#5015 = PRESENTATION_STYLE_ASSIGNMENT (( #2217 ) ) ;
#5016 = VERTEX_POINT ( 'NONE', #1518 ) ;
#5017 = FILL_AREA_STYLE_COLOUR ( '', #4480 ) ;
#5018 = ORIENTED_EDGE ( 'NONE', *, *, #4258, .T. ) ;
#5019 = CARTESIAN_POINT ( 'NONE',  ( -1.524999999999999911, 0.0000000000000000000, -1.124999999999999778 ) ) ;
#5020 = DIRECTION ( 'NONE',  ( 1.000000000000000000, 0.0000000000000000000, 0.0000000000000000000 ) ) ;
#5021 = MECHANICAL_DESIGN_GEOMETRIC_PRESENTATION_REPRESENTATION (  '', ( #573 ), #5629 ) ;
#5022 = DIRECTION ( 'NONE',  ( 0.0000000000000000000, -1.000000000000000000, 0.0000000000000000000 ) ) ;
#5023 = CARTESIAN_POINT ( 'NONE',  ( -0.06999999999999974298, -0.0000000000000000000, -1.300000000000000044 ) ) ;
#5024 = EDGE_LOOP ( 'NONE', ( #1887, #2784, #2369, #4961 ) ) ;
#5025 = ADVANCED_FACE ( 'NONE', ( #1419 ), #5687, .F. ) ;
#5026 = ORIENTED_EDGE ( 'NONE', *, *, #3014, .F. ) ;
#5027 = ORIENTED_EDGE ( 'NONE', *, *, #4276, .T. ) ;
#5028 = SURFACE_SIDE_STYLE ('',( #1669 ) ) ;
#5029 = PRESENTATION_STYLE_ASSIGNMENT (( #3778 ) ) ;
#5030 = LINE ( 'NONE', #3928, #1735 ) ;
#5031 = MECHANICAL_DESIGN_GEOMETRIC_PRESENTATION_REPRESENTATION (  '', ( #3302 ), #4616 ) ;
#5032 = PRESENTATION_LAYER_ASSIGNMENT (  '', '', ( #5532 ) ) ;
#5033 = APPLICATION_CONTEXT ( 'automotive_design' ) ;
#5034 =( LENGTH_UNIT ( ) NAMED_UNIT ( * ) SI_UNIT ( .MILLI., .METRE. ) );
#5035 = FILL_AREA_STYLE ('',( #5017 ) ) ;
#5036 = CARTESIAN_POINT ( 'NONE',  ( 1.442162081988721978, 0.9095681768857077909, 0.0000000000000000000 ) ) ;
#5037 = EDGE_CURVE ( 'NONE', #298, #5016, #4782, .T. ) ;
#5038 = ORIENTED_EDGE ( 'NONE', *, *, #4927, .F. ) ;
#5039 = DIRECTION ( 'NONE',  ( -1.000000000000000000, 0.0000000000000000000, -0.0000000000000000000 ) ) ;
#5040 = MECHANICAL_DESIGN_GEOMETRIC_PRESENTATION_REPRESENTATION (  '', ( #2529 ), #1611 ) ;
#5041 = CARTESIAN_POINT ( 'NONE',  ( -0.02499999999999974118, 0.2800000000000000266, -1.149999999999999911 ) ) ;
#5042 = ORIENTED_EDGE ( 'NONE', *, *, #4727, .T. ) ;
#5043 =( GEOMETRIC_REPRESENTATION_CONTEXT ( 3 ) GLOBAL_UNCERTAINTY_ASSIGNED_CONTEXT ( ( #5332 ) ) GLOBAL_UNIT_ASSIGNED_CONTEXT ( ( #3125, #1342, #3973 ) ) REPRESENTATION_CONTEXT ( 'NONE', 'WORKASPACE' ) );
#5044 = PRESENTATION_STYLE_ASSIGNMENT (( #2365 ) ) ;
#5045 = VECTOR ( 'NONE', #1135, 1000.000000000000000 ) ;
#5046 = CARTESIAN_POINT ( 'NONE',  ( -0.02499999999999974118, 0.0000000000000000000, 1.149999999999999911 ) ) ;
#5047 = ADVANCED_FACE ( 'NONE', ( #3249 ), #5207, .F. ) ;
#5048 = LINE ( 'NONE', #3105, #3840 ) ;
#5049 = EDGE_CURVE ( 'NONE', #170, #292, #495, .T. ) ;
#5050 = PLANE ( 'NONE',  #2328 ) ;
#5051 = VECTOR ( 'NONE', #5310, 1000.000000000000000 ) ;
#5052 = PRESENTATION_LAYER_ASSIGNMENT (  '', '', ( #2541 ) ) ;
#5053 = LINE ( 'NONE', #2210, #1472 ) ;
#5054 = LINE ( 'NONE', #3548, #2951 ) ;
#5055 = MECHANICAL_DESIGN_GEOMETRIC_PRESENTATION_REPRESENTATION (  '', ( #3734 ), #1957 ) ;
#5056 =( LENGTH_UNIT ( ) NAMED_UNIT ( * ) SI_UNIT ( .MILLI., .METRE. ) );
#5057 = VECTOR ( 'NONE', #8, 1000.000000000000000 ) ;
#5058 = CARTESIAN_POINT ( 'NONE',  ( -1.655000000000002025, -0.02000000000000000042, -0.1749999999999998224 ) ) ;
#5059 = VECTOR ( 'NONE', #3776, 1000.000000000000000 ) ;
#5060 = LINE ( 'NONE', #2760, #2960 ) ;
#5061 = VECTOR ( 'NONE', #3017, 1000.000000000000000 ) ;
#5062 = FILL_AREA_STYLE_COLOUR ( '', #1828 ) ;
#5063 = FACE_OUTER_BOUND ( 'NONE', #5322, .T. ) ;
#5064 = LINE ( 'NONE', #3260, #2834 ) ;
#5065 = FACE_OUTER_BOUND ( 'NONE', #1010, .T. ) ;
#5066 = CARTESIAN_POINT ( 'NONE',  ( -0.02499999999999971342, 0.0000000000000000000, 1.054999999999999938 ) ) ;
#5067 = UNCERTAINTY_MEASURE_WITH_UNIT (LENGTH_MEASURE( 1.000000000000000082E-05 ), #734, 'distance_accuracy_value', 'NONE');
#5068 = AXIS2_PLACEMENT_3D ( 'NONE', #2326, #999, #1022 ) ;
#5069 = FACE_OUTER_BOUND ( 'NONE', #1493, .T. ) ;
#5070 = VECTOR ( 'NONE', #2983, 1000.000000000000000 ) ;
#5071 = SURFACE_STYLE_USAGE ( .BOTH. , #4220 ) ;
#5072 = SURFACE_SIDE_STYLE ('',( #2628 ) ) ;
#5073 = ORIENTED_EDGE ( 'NONE', *, *, #3643, .F. ) ;
#5074 = VERTEX_POINT ( 'NONE', #3435 ) ;
#5075 = ADVANCED_FACE ( 'NONE', ( #5278 ), #5653, .F. ) ;
#5076 = ORIENTED_EDGE ( 'NONE', *, *, #1687, .T. ) ;
#5077 = UNCERTAINTY_MEASURE_WITH_UNIT (LENGTH_MEASURE( 1.000000000000000082E-05 ), #2594, 'distance_accuracy_value', 'NONE');
#5078 = AXIS2_PLACEMENT_3D ( 'NONE', #1124, #3346, #3757 ) ;
#5079 = SURFACE_SIDE_STYLE ('',( #4398 ) ) ;
#5080 = DIRECTION ( 'NONE',  ( 0.0000000000000000000, 0.0000000000000000000, 1.000000000000000000 ) ) ;
#5081 = EDGE_LOOP ( 'NONE', ( #5609, #158, #5216, #4312 ) ) ;
#5082 = LINE ( 'NONE', #5270, #5145 ) ;
#5083 = ORIENTED_EDGE ( 'NONE', *, *, #2993, .F. ) ;
#5084 = PRESENTATION_LAYER_ASSIGNMENT (  '', '', ( #634 ) ) ;
#5085 = VERTEX_POINT ( 'NONE', #740 ) ;
#5086 = SURFACE_SIDE_STYLE ('',( #4666 ) ) ;
#5087 = MECHANICAL_DESIGN_GEOMETRIC_PRESENTATION_REPRESENTATION (  '', ( #5197 ), #2877 ) ;
#5088 = ORIENTED_EDGE ( 'NONE', *, *, #1370, .T. ) ;
#5089 = ORIENTED_EDGE ( 'NONE', *, *, #1322, .F. ) ;
#5090 = CARTESIAN_POINT ( 'NONE',  ( 1.524999999999999911, 1.040000000000000036, 1.524999999999999467 ) ) ;
#5091 = EDGE_CURVE ( 'NONE', #4411, #288, #3377, .T. ) ;
#5092 = ORIENTED_EDGE ( 'NONE', *, *, #4866, .F. ) ;
#5093 =( NAMED_UNIT ( * ) SI_UNIT ( $, .STERADIAN. ) SOLID_ANGLE_UNIT ( ) );
#5094 = DIRECTION ( 'NONE',  ( -0.0000000000000000000, 0.0000000000000000000, 1.000000000000000000 ) ) ;
#5095 = LINE ( 'NONE', #5511, #3890 ) ;
#5096 = MECHANICAL_DESIGN_GEOMETRIC_PRESENTATION_REPRESENTATION (  '', ( #1919 ), #3584 ) ;
#5097 = VERTEX_POINT ( 'NONE', #4812 ) ;
#5098 = SURFACE_STYLE_USAGE ( .BOTH. , #4679 ) ;
#5099 = PRESENTATION_STYLE_ASSIGNMENT (( #4388 ) ) ;
#5100 =( NAMED_UNIT ( * ) PLANE_ANGLE_UNIT ( ) SI_UNIT ( $, .RADIAN. ) );
#5101 = UNCERTAINTY_MEASURE_WITH_UNIT (LENGTH_MEASURE( 1.000000000000000082E-05 ), #374, 'distance_accuracy_value', 'NONE');
#5102 = AXIS2_PLACEMENT_3D ( 'NONE', #3157, #3588, #904 ) ;
#5103 = AXIS2_PLACEMENT_3D ( 'NONE', #2188, #5727, #772 ) ;
#5104 = CARTESIAN_POINT ( 'NONE',  ( -1.225000000000006528, 0.2800000000000000266, 1.125000000000000222 ) ) ;
#5105 = CARTESIAN_POINT ( 'NONE',  ( -0.02499999999999971342, 0.2800000000000000266, -1.054999999999999938 ) ) ;
#5106 = SURFACE_STYLE_FILL_AREA ( #878 ) ;
#5107 = VECTOR ( 'NONE', #1915, 1000.000000000000000 ) ;
#5108 = FILL_AREA_STYLE_COLOUR ( '', #1326 ) ;
#5109 = LINE ( 'NONE', #4116, #2738 ) ;
#5110 = ORIENTED_EDGE ( 'NONE', *, *, #931, .T. ) ;
#5111 = CARTESIAN_POINT ( 'NONE',  ( 1.655000000000000249, 0.2800000000000000266, 0.1749999999999998224 ) ) ;
#5112 = EDGE_CURVE ( 'NONE', #3741, #225, #3795, .T. ) ;
#5113 = LINE ( 'NONE', #3975, #2596 ) ;
#5114 = COLOUR_RGB ( '',1.000000000000000000, 1.000000000000000000, 1.000000000000000000 ) ;
#5115 =( GEOMETRIC_REPRESENTATION_CONTEXT ( 3 ) GLOBAL_UNCERTAINTY_ASSIGNED_CONTEXT ( ( #1987 ) ) GLOBAL_UNIT_ASSIGNED_CONTEXT ( ( #233, #3306, #2002 ) ) REPRESENTATION_CONTEXT ( 'NONE', 'WORKASPACE' ) );
#5116 = CARTESIAN_POINT ( 'NONE',  ( 1.245000000000000329, 0.0000000000000000000, -0.8249999999999997335 ) ) ;
#5117 = CARTESIAN_POINT ( 'NONE',  ( 1.245000000000000329, 0.0000000000000000000, 0.1749999999999998501 ) ) ;
#5118 = SURFACE_STYLE_FILL_AREA ( #2632 ) ;
#5119 = SURFACE_STYLE_FILL_AREA ( #2389 ) ;
#5120 = DIRECTION ( 'NONE',  ( 0.1293584209510523497, -0.9831239992280224049, 0.1293584209510523220 ) ) ;
#5121 = DIRECTION ( 'NONE',  ( -0.0000000000000000000, -0.0000000000000000000, 1.000000000000000000 ) ) ;
#5122 = LINE ( 'NONE', #4541, #2347 ) ;
#5123 = VECTOR ( 'NONE', #3044, 1000.000000000000000 ) ;
#5124 = EDGE_CURVE ( 'NONE', #383, #5074, #1127, .T. ) ;
#5125 = SURFACE_STYLE_USAGE ( .BOTH. , #2895 ) ;
#5126 = PRESENTATION_LAYER_ASSIGNMENT (  '', '', ( #196 ) ) ;
#5127 = CARTESIAN_POINT ( 'NONE',  ( -0.3649999999999997691, 0.2800000000000000266, -1.149999999999999911 ) ) ;
#5128 = DIRECTION ( 'NONE',  ( -1.000000000000000000, 0.0000000000000000000, 0.0000000000000000000 ) ) ;
#5129 = FACE_OUTER_BOUND ( 'NONE', #1435, .T. ) ;
#5130 = COLOUR_RGB ( '',1.000000000000000000, 1.000000000000000000, 1.000000000000000000 ) ;
#5131 = LINE ( 'NONE', #3118, #4640 ) ;
#5132 = DIRECTION ( 'NONE',  ( 0.0000000000000000000, 0.0000000000000000000, -1.000000000000000000 ) ) ;
#5133 =( NAMED_UNIT ( * ) SI_UNIT ( $, .STERADIAN. ) SOLID_ANGLE_UNIT ( ) );
#5134 = PRESENTATION_STYLE_ASSIGNMENT (( #4370 ) ) ;
#5135 = CARTESIAN_POINT ( 'NONE',  ( 1.245000000000000329, 0.2800000000000000266, -0.1749999999999998501 ) ) ;
#5136 = STYLED_ITEM ( 'NONE', ( #4711 ), #5075 ) ;
#5137 = FACE_OUTER_BOUND ( 'NONE', #4114, .T. ) ;
#5138 = UNCERTAINTY_MEASURE_WITH_UNIT (LENGTH_MEASURE( 1.000000000000000082E-05 ), #2489, 'distance_accuracy_value', 'NONE');
#5139 = FACE_OUTER_BOUND ( 'NONE', #646, .T. ) ;
#5140 = EDGE_LOOP ( 'NONE', ( #5587, #680, #1958, #5148 ) ) ;
#5141 = VERTEX_POINT ( 'NONE', #5185 ) ;
#5142 = EDGE_CURVE ( 'NONE', #2161, #5596, #2768, .T. ) ;
#5143 = DIRECTION ( 'NONE',  ( 1.000000000000000000, 0.0000000000000000000, -1.421904488505579654E-16 ) ) ;
#5144 = ORIENTED_EDGE ( 'NONE', *, *, #2095, .T. ) ;
#5145 = VECTOR ( 'NONE', #400, 1000.000000000000114 ) ;
#5146 = ORIENTED_EDGE ( 'NONE', *, *, #3748, .F. ) ;
#5147 = SURFACE_STYLE_USAGE ( .BOTH. , #1556 ) ;
#5148 = ORIENTED_EDGE ( 'NONE', *, *, #1953, .F. ) ;
#5149 = UNCERTAINTY_MEASURE_WITH_UNIT (LENGTH_MEASURE( 1.000000000000000082E-05 ), #4399, 'distance_accuracy_value', 'NONE');
#5150 = AXIS2_PLACEMENT_3D ( 'NONE', #4550, #4980, #949 ) ;
#5151 = ORIENTED_EDGE ( 'NONE', *, *, #5425, .T. ) ;
#5152 = EDGE_CURVE ( 'NONE', #5797, #2508, #146, .T. ) ;
#5153 = EDGE_LOOP ( 'NONE', ( #4983, #4512, #870, #4868 ) ) ;
#5154 = CARTESIAN_POINT ( 'NONE',  ( 1.655000000000000249, 0.0000000000000000000, 0.4749999999999997558 ) ) ;
#5155 =( NAMED_UNIT ( * ) SI_UNIT ( $, .STERADIAN. ) SOLID_ANGLE_UNIT ( ) );
#5156 = ORIENTED_EDGE ( 'NONE', *, *, #58, .T. ) ;
#5157 = AXIS2_PLACEMENT_3D ( 'NONE', #345, #3932, #3010 ) ;
#5158 =( NAMED_UNIT ( * ) SI_UNIT ( $, .STERADIAN. ) SOLID_ANGLE_UNIT ( ) );
#5159 = EDGE_CURVE ( 'NONE', #3889, #4314, #1546, .T. ) ;
#5160 = ORIENTED_EDGE ( 'NONE', *, *, #752, .T. ) ;
#5161 = ORIENTED_EDGE ( 'NONE', *, *, #3506, .F. ) ;
#5162 = MECHANICAL_DESIGN_GEOMETRIC_PRESENTATION_REPRESENTATION (  '', ( #534 ), #607 ) ;
#5163 =( NAMED_UNIT ( * ) PLANE_ANGLE_UNIT ( ) SI_UNIT ( $, .RADIAN. ) );
#5164 = STYLED_ITEM ( 'NONE', ( #4340 ), #1373 ) ;
#5165 = LINE ( 'NONE', #5291, #4248 ) ;
#5166 = CARTESIAN_POINT ( 'NONE',  ( 1.655000000000000249, 0.0000000000000000000, 0.8249999999999997335 ) ) ;
#5167 = EDGE_CURVE ( 'NONE', #4528, #2085, #5705, .T. ) ;
#5168 = SURFACE_STYLE_USAGE ( .BOTH. , #4262 ) ;
#5169 = SURFACE_STYLE_USAGE ( .BOTH. , #1538 ) ;
#5170 = UNCERTAINTY_MEASURE_WITH_UNIT (LENGTH_MEASURE( 1.000000000000000082E-05 ), #3036, 'distance_accuracy_value', 'NONE');
#5171 = VECTOR ( 'NONE', #875, 1000.000000000000000 ) ;
#5172 =( NAMED_UNIT ( * ) SI_UNIT ( $, .STERADIAN. ) SOLID_ANGLE_UNIT ( ) );
#5173 =( LENGTH_UNIT ( ) NAMED_UNIT ( * ) SI_UNIT ( .MILLI., .METRE. ) );
#5174 = VERTEX_POINT ( 'NONE', #5817 ) ;
#5175 = CARTESIAN_POINT ( 'NONE',  ( 1.655000000000000249, 0.0000000000000000000, -0.8249999999999997335 ) ) ;
#5176 = STYLED_ITEM ( 'NONE', ( #2330 ), #2591 ) ;
#5177 = ORIENTED_EDGE ( 'NONE', *, *, #3643, .T. ) ;
#5178 = LINE ( 'NONE', #5602, #4622 ) ;
#5179 = DIRECTION ( 'NONE',  ( -2.853163611803958284E-16, 0.0000000000000000000, -1.000000000000000000 ) ) ;
#5180 = COLOUR_RGB ( '',1.000000000000000000, 1.000000000000000000, 1.000000000000000000 ) ;
#5181 = PRESENTATION_LAYER_ASSIGNMENT (  '', '', ( #1899 ) ) ;
#5182 = LINE ( 'NONE', #77, #257 ) ;
#5183 = COLOUR_RGB ( '',1.000000000000000000, 1.000000000000000000, 1.000000000000000000 ) ;
#5184 =( LENGTH_UNIT ( ) NAMED_UNIT ( * ) SI_UNIT ( .MILLI., .METRE. ) );
#5185 = CARTESIAN_POINT ( 'NONE',  ( -1.225000000000006528, -0.02000000000000000042, 0.8250000000000001776 ) ) ;
#5186 = EDGE_CURVE ( 'NONE', #231, #4455, #5352, .T. ) ;
#5187 = COLOUR_RGB ( '',1.000000000000000000, 1.000000000000000000, 1.000000000000000000 ) ;
#5188 = CARTESIAN_POINT ( 'NONE',  ( -1.524999999999999911, 0.2799999999999790434, -1.524999999999999911 ) ) ;
#5189 = PRESENTATION_STYLE_ASSIGNMENT (( #824 ) ) ;
#5190 = VECTOR ( 'NONE', #4466, 1000.000000000000000 ) ;
#5191 = CARTESIAN_POINT ( 'NONE',  ( 1.245000000000000329, 0.2800000000000000266, -0.4749999999999997558 ) ) ;
#5192 = PRESENTATION_LAYER_ASSIGNMENT (  '', '', ( #3213 ) ) ;
#5193 =( NAMED_UNIT ( * ) PLANE_ANGLE_UNIT ( ) SI_UNIT ( $, .RADIAN. ) );
#5194 = CARTESIAN_POINT ( 'NONE',  ( 1.245000000000000329, 0.0000000000000000000, 0.1749999999999998501 ) ) ;
#5195 = FILL_AREA_STYLE ('',( #2473 ) ) ;
#5196 = LINE ( 'NONE', #4252, #3725 ) ;
#5197 = STYLED_ITEM ( 'NONE', ( #5556 ), #986 ) ;
#5198 = CARTESIAN_POINT ( 'NONE',  ( 1.524999999999999911, 0.0000000000000000000, 1.524999999999999467 ) ) ;
#5199 = VECTOR ( 'NONE', #2979, 1000.000000000000000 ) ;
#5200 = EDGE_CURVE ( 'NONE', #3531, #5228, #4774, .T. ) ;
#5201 = SURFACE_SIDE_STYLE ('',( #3636 ) ) ;
#5202 = AXIS2_PLACEMENT_3D ( 'NONE', #3182, #910, #4464 ) ;
#5203 = DIRECTION ( 'NONE',  ( -0.0000000000000000000, 1.000000000000000000, -0.0000000000000000000 ) ) ;
#5204 = FACE_OUTER_BOUND ( 'NONE', #2143, .T. ) ;
#5205 = VECTOR ( 'NONE', #5523, 1000.000000000000000 ) ;
#5206 =( NAMED_UNIT ( * ) PLANE_ANGLE_UNIT ( ) SI_UNIT ( $, .RADIAN. ) );
#5207 = PLANE ( 'NONE',  #2305 ) ;
#5208 = FACE_OUTER_BOUND ( 'NONE', #818, .T. ) ;
#5209 = PLANE ( 'NONE',  #2813 ) ;
#5210 =( NAMED_UNIT ( * ) PLANE_ANGLE_UNIT ( ) SI_UNIT ( $, .RADIAN. ) );
#5211 = FILL_AREA_STYLE ('',( #5639 ) ) ;
#5212 = PRESENTATION_LAYER_ASSIGNMENT (  '', '', ( #3406 ) ) ;
#5213 = PRESENTATION_LAYER_ASSIGNMENT (  '', '', ( #3835 ) ) ;
#5214 = ORIENTED_EDGE ( 'NONE', *, *, #1883, .T. ) ;
#5215 = LINE ( 'NONE', #3720, #1282 ) ;
#5216 = ORIENTED_EDGE ( 'NONE', *, *, #2616, .F. ) ;
#5217 = ORIENTED_EDGE ( 'NONE', *, *, #3583, .F. ) ;
#5218 = ORIENTED_EDGE ( 'NONE', *, *, #5779, .F. ) ;
#5219 = COLOUR_RGB ( '',1.000000000000000000, 1.000000000000000000, 1.000000000000000000 ) ;
#5220 = EDGE_LOOP ( 'NONE', ( #5799, #5146, #730, #1363 ) ) ;
#5221 = DIRECTION ( 'NONE',  ( -1.000000000000000000, 0.0000000000000000000, -5.288791085295143532E-16 ) ) ;
#5222 = ORIENTED_EDGE ( 'NONE', *, *, #1544, .F. ) ;
#5223 = EDGE_CURVE ( 'NONE', #1154, #1905, #623, .T. ) ;
#5224 = SURFACE_SIDE_STYLE ('',( #3300 ) ) ;
#5225 = VERTEX_POINT ( 'NONE', #1316 ) ;
#5226 = FILL_AREA_STYLE_COLOUR ( '', #3513 ) ;
#5227 = DIRECTION ( 'NONE',  ( -1.000000000000000000, 0.0000000000000000000, -0.0000000000000000000 ) ) ;
#5228 = VERTEX_POINT ( 'NONE', #2208 ) ;
#5229 = CLOSED_SHELL ( 'NONE', ( #4081, #3959, #960, #2125, #4341, #923 ) ) ;
#5230 = ADVANCED_FACE ( 'NONE', ( #5204 ), #428, .T. ) ;
#5231 = CARTESIAN_POINT ( 'NONE',  ( 0.0000000000000000000, 0.2800000000000000266, 0.0000000000000000000 ) ) ;
#5232 = EDGE_LOOP ( 'NONE', ( #2231, #3206, #2739, #1946 ) ) ;
#5233 = FILL_AREA_STYLE_COLOUR ( '', #5187 ) ;
#5234 = CARTESIAN_POINT ( 'NONE',  ( -0.3199999999999997291, 0.2800000000000000266, -1.649999999999999911 ) ) ;
#5235 = SURFACE_SIDE_STYLE ('',( #588 ) ) ;
#5236 = FILL_AREA_STYLE_COLOUR ( '', #4701 ) ;
#5237 = EDGE_CURVE ( 'NONE', #5141, #3612, #5560, .T. ) ;
#5238 = SURFACE_SIDE_STYLE ('',( #2104 ) ) ;
#5239 = FACE_OUTER_BOUND ( 'NONE', #5378, .T. ) ;
#5240 = PRESENTATION_LAYER_ASSIGNMENT (  '', '', ( #3734 ) ) ;
#5241 = CARTESIAN_POINT ( 'NONE',  ( 1.655000000000000249, 0.0000000000000000000, -0.4749999999999997558 ) ) ;
#5242 = VECTOR ( 'NONE', #4079, 1000.000000000000000 ) ;
#5243 = SURFACE_STYLE_FILL_AREA ( #5276 ) ;
#5244 = LINE ( 'NONE', #2066, #2094 ) ;
#5245 = CARTESIAN_POINT ( 'NONE',  ( -0.06999999999999975686, 0.0000000000000000000, 1.524999999999999911 ) ) ;
#5246 = UNCERTAINTY_MEASURE_WITH_UNIT (LENGTH_MEASURE( 1.000000000000000082E-05 ), #5666, 'distance_accuracy_value', 'NONE');
#5247 = VECTOR ( 'NONE', #1836, 1000.000000000000000 ) ;
#5248 = PRESENTATION_STYLE_ASSIGNMENT (( #4579 ) ) ;
#5249 = CARTESIAN_POINT ( 'NONE',  ( 1.245000000000000329, 0.0000000000000000000, 1.054999999999999938 ) ) ;
#5250 = EDGE_LOOP ( 'NONE', ( #3594, #587, #855, #1636 ) ) ;
#5251 = LINE ( 'NONE', #2484, #4334 ) ;
#5252 = DIRECTION ( 'NONE',  ( 1.000000000000000000, -0.0000000000000000000, 1.260700200564539845E-16 ) ) ;
#5253 = FILL_AREA_STYLE_COLOUR ( '', #2377 ) ;
#5254 =( NAMED_UNIT ( * ) PLANE_ANGLE_UNIT ( ) SI_UNIT ( $, .RADIAN. ) );
#5255 = PLANE ( 'NONE',  #854 ) ;
#5256 = FILL_AREA_STYLE_COLOUR ( '', #5180 ) ;
#5257 = EDGE_CURVE ( 'NONE', #2012, #3263, #2892, .T. ) ;
#5258 = VECTOR ( 'NONE', #2665, 1000.000000000000000 ) ;
#5259 = SURFACE_STYLE_USAGE ( .BOTH. , #4809 ) ;
#5260 = MECHANICAL_DESIGN_GEOMETRIC_PRESENTATION_REPRESENTATION (  '', ( #3827 ), #5569 ) ;
#5261 = SURFACE_SIDE_STYLE ('',( #5776 ) ) ;
#5262 =( NAMED_UNIT ( * ) PLANE_ANGLE_UNIT ( ) SI_UNIT ( $, .RADIAN. ) );
#5263 = MECHANICAL_DESIGN_GEOMETRIC_PRESENTATION_REPRESENTATION (  '', ( #556 ), #3939 ) ;
#5264 = SURFACE_STYLE_USAGE ( .BOTH. , #4791 ) ;
#5265 = CARTESIAN_POINT ( 'NONE',  ( 1.524999999999999911, 0.0000000000000000000, -0.4749999999999997558 ) ) ;
#5266 = FACE_OUTER_BOUND ( 'NONE', #5730, .T. ) ;
#5267 = CARTESIAN_POINT ( 'NONE',  ( 1.245000000000000329, 0.0000000000000000000, 0.8249999999999997335 ) ) ;
#5268 = MECHANICAL_DESIGN_GEOMETRIC_PRESENTATION_REPRESENTATION (  '', ( #3831 ), #5695 ) ;
#5269 = DIRECTION ( 'NONE',  ( 0.0000000000000000000, -1.000000000000000000, 0.0000000000000000000 ) ) ;
#5270 = CARTESIAN_POINT ( 'NONE',  ( -0.3649999999999997691, 0.2800000000000000266, 1.149999999999999911 ) ) ;
#5271 = SURFACE_SIDE_STYLE ('',( #5542 ) ) ;
#5272 = VECTOR ( 'NONE', #651, 1000.000000000000000 ) ;
#5273 = FACE_OUTER_BOUND ( 'NONE', #3335, .T. ) ;
#5274 =( GEOMETRIC_REPRESENTATION_CONTEXT ( 3 ) GLOBAL_UNCERTAINTY_ASSIGNED_CONTEXT ( ( #5077 ) ) GLOBAL_UNIT_ASSIGNED_CONTEXT ( ( #2594, #5737, #4386 ) ) REPRESENTATION_CONTEXT ( 'NONE', 'WORKASPACE' ) );
#5275 = DIRECTION ( 'NONE',  ( -1.000000000000000000, -0.0000000000000000000, -0.0000000000000000000 ) ) ;
#5276 = FILL_AREA_STYLE ('',( #4393 ) ) ;
#5277 = LINE ( 'NONE', #2600, #3519 ) ;
#5278 = FACE_OUTER_BOUND ( 'NONE', #3124, .T. ) ;
#5279 = EDGE_CURVE ( 'NONE', #96, #232, #3586, .T. ) ;
#5280 = AXIS2_PLACEMENT_3D ( 'NONE', #3987, #2191, #3515 ) ;
#5281 = VERTEX_POINT ( 'NONE', #5751 ) ;
#5282 = SURFACE_STYLE_USAGE ( .BOTH. , #3451 ) ;
#5283 = ORIENTED_EDGE ( 'NONE', *, *, #617, .T. ) ;
#5284 = ADVANCED_FACE ( 'NONE', ( #5129 ), #2765, .T. ) ;
#5285 = FILL_AREA_STYLE_COLOUR ( '', #140 ) ;
#5286 = VERTEX_POINT ( 'NONE', #3966 ) ;
#5287 = LINE ( 'NONE', #3084, #2074 ) ;
#5288 = VERTEX_POINT ( 'NONE', #1275 ) ;
#5289 = DIRECTION ( 'NONE',  ( -1.000000000000000000, 0.0000000000000000000, 0.0000000000000000000 ) ) ;
#5290 = EDGE_LOOP ( 'NONE', ( #2566, #4690, #444, #721 ) ) ;
#5291 = CARTESIAN_POINT ( 'NONE',  ( -1.524999999999999911, 1.040000000000000036, 0.1750000000000002387 ) ) ;
#5292 = FILL_AREA_STYLE ('',( #3974 ) ) ;
#5293 = ORIENTED_EDGE ( 'NONE', *, *, #389, .F. ) ;
#5294 = CARTESIAN_POINT ( 'NONE',  ( 2.026213896120450336E-16, 1.040000000000000036, 1.424999999999999378 ) ) ;
#5295 = CARTESIAN_POINT ( 'NONE',  ( 1.524999999999997025, 0.2800000000000000822, 0.0000000000000000000 ) ) ;
#5296 =( NAMED_UNIT ( * ) PLANE_ANGLE_UNIT ( ) SI_UNIT ( $, .RADIAN. ) );
#5297 = COLOUR_RGB ( '',1.000000000000000000, 1.000000000000000000, 1.000000000000000000 ) ;
#5298 = ORIENTED_EDGE ( 'NONE', *, *, #2840, .T. ) ;
#5299 =( GEOMETRIC_REPRESENTATION_CONTEXT ( 3 ) GLOBAL_UNCERTAINTY_ASSIGNED_CONTEXT ( ( #5067 ) ) GLOBAL_UNIT_ASSIGNED_CONTEXT ( ( #734, #1267, #1225 ) ) REPRESENTATION_CONTEXT ( 'NONE', 'WORKASPACE' ) );
#5300 = VERTEX_POINT ( 'NONE', #3053 ) ;
#5301 = EDGE_CURVE ( 'NONE', #5648, #5228, #1339, .T. ) ;
#5302 = VERTEX_POINT ( 'NONE', #4421 ) ;
#5303 = ORIENTED_EDGE ( 'NONE', *, *, #1800, .T. ) ;
#5304 =( NAMED_UNIT ( * ) PLANE_ANGLE_UNIT ( ) SI_UNIT ( $, .RADIAN. ) );
#5305 = DIRECTION ( 'NONE',  ( -1.000000000000000000, -0.0000000000000000000, -0.0000000000000000000 ) ) ;
#5306 = MECHANICAL_DESIGN_GEOMETRIC_PRESENTATION_REPRESENTATION (  '', ( #5004 ), #1086 ) ;
#5307 = LINE ( 'NONE', #3950, #3478 ) ;
#5308 =( LENGTH_UNIT ( ) NAMED_UNIT ( * ) SI_UNIT ( .MILLI., .METRE. ) );
#5309 =( GEOMETRIC_REPRESENTATION_CONTEXT ( 3 ) GLOBAL_UNCERTAINTY_ASSIGNED_CONTEXT ( ( #1859 ) ) GLOBAL_UNIT_ASSIGNED_CONTEXT ( ( #1626, #2100, #647 ) ) REPRESENTATION_CONTEXT ( 'NONE', 'WORKASPACE' ) );
#5310 = DIRECTION ( 'NONE',  ( -0.0000000000000000000, -1.000000000000000000, -0.0000000000000000000 ) ) ;
#5311 = FILL_AREA_STYLE ('',( #4857 ) ) ;
#5312 = CARTESIAN_POINT ( 'NONE',  ( -1.655000000000004245, 0.2800000000000000266, 0.4750000000000001443 ) ) ;
#5313 = DIRECTION ( 'NONE',  ( 0.0000000000000000000, 0.0000000000000000000, -1.000000000000000000 ) ) ;
#5314 = SURFACE_STYLE_USAGE ( .BOTH. , #4904 ) ;
#5315 = EDGE_CURVE ( 'NONE', #170, #1443, #1852, .T. ) ;
#5316 =( NAMED_UNIT ( * ) PLANE_ANGLE_UNIT ( ) SI_UNIT ( $, .RADIAN. ) );
#5317 = ADVANCED_FACE ( 'NONE', ( #4639 ), #4991, .F. ) ;
#5318 = ADVANCED_FACE ( 'NONE', ( #2275 ), #5347, .T. ) ;
#5319 =( GEOMETRIC_REPRESENTATION_CONTEXT ( 3 ) GLOBAL_UNCERTAINTY_ASSIGNED_CONTEXT ( ( #561 ) ) GLOBAL_UNIT_ASSIGNED_CONTEXT ( ( #3126, #4013, #5381 ) ) REPRESENTATION_CONTEXT ( 'NONE', 'WORKASPACE' ) );
#5320 = ORIENTED_EDGE ( 'NONE', *, *, #1057, .F. ) ;
#5321 = UNCERTAINTY_MEASURE_WITH_UNIT (LENGTH_MEASURE( 1.000000000000000082E-05 ), #559, 'distance_accuracy_value', 'NONE');
#5322 = EDGE_LOOP ( 'NONE', ( #4678, #4559, #1717, #107 ) ) ;
#5323 = CARTESIAN_POINT ( 'NONE',  ( 0.0000000000000000000, 0.0000000000000000000, 0.0000000000000000000 ) ) ;
#5324 = SURFACE_STYLE_USAGE ( .BOTH. , #7 ) ;
#5325 = SURFACE_SIDE_STYLE ('',( #2684 ) ) ;
#5326 = LINE ( 'NONE', #2348, #1832 ) ;
#5327 = LINE ( 'NONE', #3935, #1758 ) ;
#5328 = AXIS2_PLACEMENT_3D ( 'NONE', #2269, #1826, #5431 ) ;
#5329 = STYLED_ITEM ( 'NONE', ( #5189 ), #1964 ) ;
#5330 = FILL_AREA_STYLE ('',( #4426 ) ) ;
#5331 =( NAMED_UNIT ( * ) PLANE_ANGLE_UNIT ( ) SI_UNIT ( $, .RADIAN. ) );
#5332 = UNCERTAINTY_MEASURE_WITH_UNIT (LENGTH_MEASURE( 1.000000000000000082E-05 ), #3125, 'distance_accuracy_value', 'NONE');
#5333 = PRESENTATION_STYLE_ASSIGNMENT (( #3716 ) ) ;
#5334 = SURFACE_SIDE_STYLE ('',( #2752 ) ) ;
#5335 = DIRECTION ( 'NONE',  ( -0.0000000000000000000, 1.000000000000000000, -0.0000000000000000000 ) ) ;
#5336 = SURFACE_STYLE_USAGE ( .BOTH. , #4431 ) ;
#5337 = COLOUR_RGB ( '',0.2509803921568627416, 0.2509803921568627416, 0.2509803921568627416 ) ;
#5338 = VECTOR ( 'NONE', #3171, 1000.000000000000000 ) ;
#5339 = VECTOR ( 'NONE', #3130, 1000.000000000000000 ) ;
#5340 = DIRECTION ( 'NONE',  ( -1.409753312980081051E-16, 0.1304545125713841014, -0.9914542955425441617 ) ) ;
#5341 = EDGE_CURVE ( 'NONE', #3263, #376, #5635, .T. ) ;
#5342 = LINE ( 'NONE', #3079, #4345 ) ;
#5343 = VECTOR ( 'NONE', #5721, 1000.000000000000000 ) ;
#5344 =( GEOMETRIC_REPRESENTATION_CONTEXT ( 3 ) GLOBAL_UNCERTAINTY_ASSIGNED_CONTEXT ( ( #4538 ) ) GLOBAL_UNIT_ASSIGNED_CONTEXT ( ( #1874, #471, #2290 ) ) REPRESENTATION_CONTEXT ( 'NONE', 'WORKASPACE' ) );
#5345 = COLOUR_RGB ( '',0.2509803921568627416, 0.2509803921568627416, 0.2509803921568627416 ) ;
#5346 = SURFACE_STYLE_FILL_AREA ( #3034 ) ;
#5347 = PLANE ( 'NONE',  #1303 ) ;
#5348 = STYLED_ITEM ( 'NONE', ( #4864 ), #509 ) ;
#5349 = ADVANCED_FACE ( 'NONE', ( #557 ), #4932, .T. ) ;
#5350 = FILL_AREA_STYLE_COLOUR ( '', #4706 ) ;
#5351 = CARTESIAN_POINT ( 'NONE',  ( 1.245000000000000329, 0.2800000000000000266, -1.054999999999999938 ) ) ;
#5352 = LINE ( 'NONE', #3537, #2612 ) ;
#5353 = FACE_OUTER_BOUND ( 'NONE', #1968, .T. ) ;
#5354 = VECTOR ( 'NONE', #4383, 1000.000000000000000 ) ;
#5355 = EDGE_CURVE ( 'NONE', #1504, #815, #4769, .T. ) ;
#5356 =( LENGTH_UNIT ( ) NAMED_UNIT ( * ) SI_UNIT ( .MILLI., .METRE. ) );
#5357 = CARTESIAN_POINT ( 'NONE',  ( 1.245000000000000329, 0.0000000000000000000, -0.8249999999999997335 ) ) ;
#5358 = DIRECTION ( 'NONE',  ( 0.0000000000000000000, -0.0000000000000000000, -1.000000000000000000 ) ) ;
#5359 = PRODUCT_DEFINITION_SHAPE ( 'NONE', 'NONE',  #3067 ) ;
#5360 = CARTESIAN_POINT ( 'NONE',  ( -0.02499999999999974118, 0.0000000000000000000, 1.149999999999999911 ) ) ;
#5361 = FILL_AREA_STYLE ('',( #2696 ) ) ;
#5362 = FILL_AREA_STYLE_COLOUR ( '', #4050 ) ;
#5363 = UNCERTAINTY_MEASURE_WITH_UNIT (LENGTH_MEASURE( 1.000000000000000082E-05 ), #3731, 'distance_accuracy_value', 'NONE');
#5364 = VERTEX_POINT ( 'NONE', #4108 ) ;
#5365 = VECTOR ( 'NONE', #3258, 1000.000000000000000 ) ;
#5366 = ORIENTED_EDGE ( 'NONE', *, *, #1110, .T. ) ;
#5367 = ORIENTED_EDGE ( 'NONE', *, *, #2117, .T. ) ;
#5368 = FILL_AREA_STYLE ('',( #4456 ) ) ;
#5369 = ORIENTED_EDGE ( 'NONE', *, *, #4511, .F. ) ;
#5370 = FILL_AREA_STYLE ('',( #468 ) ) ;
#5371 = LINE ( 'NONE', #3147, #581 ) ;
#5372 = VERTEX_POINT ( 'NONE', #2751 ) ;
#5373 = DIRECTION ( 'NONE',  ( -1.000000000000000000, 0.0000000000000000000, -0.0000000000000000000 ) ) ;
#5374 = ORIENTED_EDGE ( 'NONE', *, *, #5517, .F. ) ;
#5375 = CARTESIAN_POINT ( 'NONE',  ( -1.654999999999999805, -0.02000000000000000042, -0.8249999999999997335 ) ) ;
#5376 =( NAMED_UNIT ( * ) PLANE_ANGLE_UNIT ( ) SI_UNIT ( $, .RADIAN. ) );
#5377 = VERTEX_POINT ( 'NONE', #3194 ) ;
#5378 = EDGE_LOOP ( 'NONE', ( #5439, #2436, #2298, #4453 ) ) ;
#5379 = CARTESIAN_POINT ( 'NONE',  ( -1.225000000000004308, 0.0000000000000000000, 0.4750000000000001443 ) ) ;
#5380 = ORIENTED_EDGE ( 'NONE', *, *, #4866, .T. ) ;
#5381 =( NAMED_UNIT ( * ) SI_UNIT ( $, .STERADIAN. ) SOLID_ANGLE_UNIT ( ) );
#5382 = DIRECTION ( 'NONE',  ( 1.000000000000000000, -0.0000000000000000000, -1.421904488505579654E-16 ) ) ;
#5383 = STYLED_ITEM ( 'NONE', ( #2035 ), #2310 ) ;
#5384 = DIRECTION ( 'NONE',  ( -0.0000000000000000000, -1.000000000000000000, -0.0000000000000000000 ) ) ;
#5385 = CARTESIAN_POINT ( 'NONE',  ( 1.293443937657340337, 1.040000000000000036, -1.293443937657340781 ) ) ;
#5386 = VERTEX_POINT ( 'NONE', #486 ) ;
#5387 = ADVANCED_FACE ( 'NONE', ( #2207 ), #2686, .F. ) ;
#5388 = AXIS2_PLACEMENT_3D ( 'NONE', #112, #4095, #130 ) ;
#5389 = MECHANICAL_DESIGN_GEOMETRIC_PRESENTATION_REPRESENTATION (  '', ( #741 ), #2871 ) ;
#5390 = CARTESIAN_POINT ( 'NONE',  ( -0.06999999999999975686, 0.0000000000000000000, 1.300000000000000044 ) ) ;
#5391 = FACE_OUTER_BOUND ( 'NONE', #2000, .T. ) ;
#5392 = FILL_AREA_STYLE_COLOUR ( '', #3372 ) ;
#5393 = PRESENTATION_LAYER_ASSIGNMENT (  '', '', ( #4772 ) ) ;
#5394 = LINE ( 'NONE', #813, #2097 ) ;
#5395 =( NAMED_UNIT ( * ) PLANE_ANGLE_UNIT ( ) SI_UNIT ( $, .RADIAN. ) );
#5396 = COLOUR_RGB ( '',0.2509803921568627416, 0.2509803921568627416, 0.2509803921568627416 ) ;
#5397 = DIRECTION ( 'NONE',  ( -0.0000000000000000000, -1.000000000000000000, -0.0000000000000000000 ) ) ;
#5398 =( NAMED_UNIT ( * ) PLANE_ANGLE_UNIT ( ) SI_UNIT ( $, .RADIAN. ) );
#5399 = DIRECTION ( 'NONE',  ( 0.1293584209510523497, -0.9831239992280224049, -0.1293584209510523775 ) ) ;
#5400 = FACE_OUTER_BOUND ( 'NONE', #1647, .T. ) ;
#5401 = VERTEX_POINT ( 'NONE', #3215 ) ;
#5402 = PLANE ( 'NONE',  #2680 ) ;
#5403 = CARTESIAN_POINT ( 'NONE',  ( 1.524999999999999911, 0.0000000000000000000, 1.524999999999999467 ) ) ;
#5404 = EDGE_CURVE ( 'NONE', #3325, #652, #4278, .T. ) ;
#5405 = DIRECTION ( 'NONE',  ( 0.0000000000000000000, 0.0000000000000000000, 1.000000000000000000 ) ) ;
#5406 = COLOUR_RGB ( '',1.000000000000000000, 1.000000000000000000, 1.000000000000000000 ) ;
#5407 = AXIS2_PLACEMENT_3D ( 'NONE', #207, #3348, #2926 ) ;
#5408 = UNCERTAINTY_MEASURE_WITH_UNIT (LENGTH_MEASURE( 1.000000000000000082E-05 ), #755, 'distance_accuracy_value', 'NONE');
#5409 = FACE_OUTER_BOUND ( 'NONE', #2304, .T. ) ;
#5410 = SURFACE_SIDE_STYLE ('',( #2422 ) ) ;
#5411 = ADVANCED_FACE ( 'NONE', ( #2539 ), #1460, .F. ) ;
#5412 =( NAMED_UNIT ( * ) SI_UNIT ( $, .STERADIAN. ) SOLID_ANGLE_UNIT ( ) );
#5413 =( LENGTH_UNIT ( ) NAMED_UNIT ( * ) SI_UNIT ( .MILLI., .METRE. ) );
#5414 = PRESENTATION_STYLE_ASSIGNMENT (( #590 ) ) ;
#5415 = FACE_OUTER_BOUND ( 'NONE', #3820, .T. ) ;
#5416 = MECHANICAL_DESIGN_GEOMETRIC_PRESENTATION_REPRESENTATION (  '', ( #1929 ), #3816 ) ;
#5417 = MECHANICAL_DESIGN_GEOMETRIC_PRESENTATION_REPRESENTATION (  '', ( #3976 ), #4757 ) ;
#5418 = FACE_OUTER_BOUND ( 'NONE', #1811, .T. ) ;
#5419 = CARTESIAN_POINT ( 'NONE',  ( 1.245000000000000329, 0.2800000000000000266, -1.054999999999999938 ) ) ;
#5420 =( LENGTH_UNIT ( ) NAMED_UNIT ( * ) SI_UNIT ( .MILLI., .METRE. ) );
#5421 = DIRECTION ( 'NONE',  ( 0.0000000000000000000, 1.000000000000000000, 0.0000000000000000000 ) ) ;
#5422 = FILL_AREA_STYLE ('',( #2695 ) ) ;
#5423 = SURFACE_STYLE_USAGE ( .BOTH. , #3665 ) ;
#5424 = SURFACE_STYLE_FILL_AREA ( #696 ) ;
#5425 = EDGE_CURVE ( 'NONE', #1634, #2166, #3142, .T. ) ;
#5426 = LINE ( 'NONE', #4915, #2966 ) ;
#5427 = CARTESIAN_POINT ( 'NONE',  ( 1.245000000000000329, 0.2800000000000000266, 0.8249999999999997335 ) ) ;
#5428 = PRESENTATION_LAYER_ASSIGNMENT (  '', '', ( #902 ) ) ;
#5429 = COLOUR_RGB ( '',0.2509803921568627416, 0.2509803921568627416, 0.2509803921568627416 ) ;
#5430 = DIRECTION ( 'NONE',  ( 1.000000000000000000, 0.0000000000000000000, 0.0000000000000000000 ) ) ;
#5431 = DIRECTION ( 'NONE',  ( 0.0000000000000000000, -0.0000000000000000000, -1.000000000000000000 ) ) ;
#5432 = COLOUR_RGB ( '',1.000000000000000000, 1.000000000000000000, 1.000000000000000000 ) ;
#5433 = AXIS2_PLACEMENT_3D ( 'NONE', #3413, #4730, #2896 ) ;
#5434 =( LENGTH_UNIT ( ) NAMED_UNIT ( * ) SI_UNIT ( .MILLI., .METRE. ) );
#5435 = CARTESIAN_POINT ( 'NONE',  ( -1.431854874185882309, 0.9879029561872896270, 1.431854874185882531 ) ) ;
#5436 = SURFACE_STYLE_FILL_AREA ( #181 ) ;
#5437 = ORIENTED_EDGE ( 'NONE', *, *, #2586, .F. ) ;
#5438 = EDGE_CURVE ( 'NONE', #941, #4058, #2249, .T. ) ;
#5439 = ORIENTED_EDGE ( 'NONE', *, *, #5564, .T. ) ;
#5440 = DIRECTION ( 'NONE',  ( 1.000000000000000000, -0.0000000000000000000, -0.0000000000000000000 ) ) ;
#5441 = UNCERTAINTY_MEASURE_WITH_UNIT (LENGTH_MEASURE( 1.000000000000000082E-05 ), #2123, 'distance_accuracy_value', 'NONE');
#5442 =( NAMED_UNIT ( * ) PLANE_ANGLE_UNIT ( ) SI_UNIT ( $, .RADIAN. ) );
#5443 = VERTEX_POINT ( 'NONE', #154 ) ;
#5444 = CARTESIAN_POINT ( 'NONE',  ( 1.524999999999999911, 0.2799999999999790434, -1.525000000000000355 ) ) ;
#5445 = ORIENTED_EDGE ( 'NONE', *, *, #2641, .F. ) ;
#5446 = ADVANCED_FACE ( 'NONE', ( #528 ), #1931, .T. ) ;
#5447 = ORIENTED_EDGE ( 'NONE', *, *, #3933, .F. ) ;
#5448 = CARTESIAN_POINT ( 'NONE',  ( -1.654999999999999805, -0.02000000000000000042, -0.8249999999999997335 ) ) ;
#5449 = EDGE_LOOP ( 'NONE', ( #1949, #3135, #501, #4875 ) ) ;
#5450 = ORIENTED_EDGE ( 'NONE', *, *, #5142, .T. ) ;
#5451 =( LENGTH_UNIT ( ) NAMED_UNIT ( * ) SI_UNIT ( .MILLI., .METRE. ) );
#5452 = ORIENTED_EDGE ( 'NONE', *, *, #58, .F. ) ;
#5453 = PRESENTATION_LAYER_ASSIGNMENT (  '', '', ( #5329 ) ) ;
#5454 = ORIENTED_EDGE ( 'NONE', *, *, #5124, .F. ) ;
#5455 = VECTOR ( 'NONE', #3868, 1000.000000000000000 ) ;
#5456 = EDGE_LOOP ( 'NONE', ( #5026, #3738, #1633, #3047 ) ) ;
#5457 = SURFACE_SIDE_STYLE ('',( #547 ) ) ;
#5458 = VERTEX_POINT ( 'NONE', #1950 ) ;
#5459 = DIRECTION ( 'NONE',  ( 1.000000000000000000, 0.0000000000000000000, -1.421904488505579654E-16 ) ) ;
#5460 = CARTESIAN_POINT ( 'NONE',  ( 2.050616737532315120E-16, 0.9095681768857076799, 1.442162081988721756 ) ) ;
#5461 = EDGE_CURVE ( 'NONE', #3316, #5225, #1220, .T. ) ;
#5462 = VECTOR ( 'NONE', #3575, 1000.000000000000000 ) ;
#5463 = DIRECTION ( 'NONE',  ( -0.0000000000000000000, 0.0000000000000000000, 1.000000000000000000 ) ) ;
#5464 = DIRECTION ( 'NONE',  ( -1.000000000000000000, 0.0000000000000000000, 0.0000000000000000000 ) ) ;
#5465 = MECHANICAL_DESIGN_GEOMETRIC_PRESENTATION_REPRESENTATION (  '', ( #595 ), #115 ) ;
#5466 = COLOUR_RGB ( '',1.000000000000000000, 1.000000000000000000, 1.000000000000000000 ) ;
#5467 = FILL_AREA_STYLE_COLOUR ( '', #4478 ) ;
#5468 = EDGE_CURVE ( 'NONE', #3889, #5401, #5095, .T. ) ;
#5469 = VECTOR ( 'NONE', #2320, 1000.000000000000000 ) ;
#5470 = ORIENTED_EDGE ( 'NONE', *, *, #4526, .F. ) ;
#5471 = FILL_AREA_STYLE ('',( #4619 ) ) ;
#5472 = ADVANCED_FACE ( 'NONE', ( #4738 ), #4148, .F. ) ;
#5473 =( GEOMETRIC_REPRESENTATION_CONTEXT ( 3 ) GLOBAL_UNCERTAINTY_ASSIGNED_CONTEXT ( ( #3912 ) ) GLOBAL_UNIT_ASSIGNED_CONTEXT ( ( #2721, #5844, #3151 ) ) REPRESENTATION_CONTEXT ( 'NONE', 'WORKASPACE' ) );
#5474 = EDGE_CURVE ( 'NONE', #3683, #2851, #3824, .T. ) ;
#5475 = DIRECTION ( 'NONE',  ( 0.0000000000000000000, 1.000000000000000000, 0.0000000000000000000 ) ) ;
#5476 = STYLED_ITEM ( 'NONE', ( #4355 ), #5808 ) ;
#5477 =( GEOMETRIC_REPRESENTATION_CONTEXT ( 3 ) GLOBAL_UNCERTAINTY_ASSIGNED_CONTEXT ( ( #3842 ) ) GLOBAL_UNIT_ASSIGNED_CONTEXT ( ( #398, #5331, #1305 ) ) REPRESENTATION_CONTEXT ( 'NONE', 'WORKASPACE' ) );
#5478 = ORIENTED_EDGE ( 'NONE', *, *, #3916, .T. ) ;
#5479 = VECTOR ( 'NONE', #3780, 1000.000000000000000 ) ;
#5480 = CARTESIAN_POINT ( 'NONE',  ( -1.524999999999999911, 0.0000000000000000000, -0.4749999999999997558 ) ) ;
#5481 = CARTESIAN_POINT ( 'NONE',  ( 1.655000000000000249, 0.0000000000000000000, -1.124999999999999778 ) ) ;
#5482 = CARTESIAN_POINT ( 'NONE',  ( -0.02499999999999971342, 0.2800000000000000266, -1.054999999999999938 ) ) ;
#5483 = VECTOR ( 'NONE', #2498, 1000.000000000000000 ) ;
#5484 = CARTESIAN_POINT ( 'NONE',  ( -0.02499999999999971342, 0.0000000000000000000, 1.054999999999999938 ) ) ;
#5485 = DIRECTION ( 'NONE',  ( 1.000000000000000000, -0.0000000000000000000, -0.0000000000000000000 ) ) ;
#5486 = EDGE_CURVE ( 'NONE', #5663, #5738, #111, .T. ) ;
#5487 = PLANE ( 'NONE',  #4474 ) ;
#5488 = PRESENTATION_STYLE_ASSIGNMENT (( #2257 ) ) ;
#5489 = PRESENTATION_LAYER_ASSIGNMENT (  '', '', ( #4676 ) ) ;
#5490 = LINE ( 'NONE', #2668, #688 ) ;
#5491 = LINE ( 'NONE', #4105, #1 ) ;
#5492 = SURFACE_STYLE_USAGE ( .BOTH. , #5028 ) ;
#5493 = LINE ( 'NONE', #4556, #4272 ) ;
#5494 = LINE ( 'NONE', #3914, #2681 ) ;
#5495 = PRESENTATION_LAYER_ASSIGNMENT (  '', '', ( #970 ) ) ;
#5496 = LINE ( 'NONE', #5249, #558 ) ;
#5497 = FILL_AREA_STYLE_COLOUR ( '', #1189 ) ;
#5498 = MECHANICAL_DESIGN_GEOMETRIC_PRESENTATION_REPRESENTATION (  '', ( #1899 ), #5299 ) ;
#5499 = VECTOR ( 'NONE', #686, 1000.000000000000000 ) ;
#5500 = LINE ( 'NONE', #3224, #4712 ) ;
#5501 = LINE ( 'NONE', #779, #697 ) ;
#5502 = SURFACE_STYLE_USAGE ( .BOTH. , #4576 ) ;
#5503 =( NAMED_UNIT ( * ) PLANE_ANGLE_UNIT ( ) SI_UNIT ( $, .RADIAN. ) );
#5504 = PRESENTATION_STYLE_ASSIGNMENT (( #5147 ) ) ;
#5505 = ADVANCED_FACE ( 'NONE', ( #4958 ), #1548, .F. ) ;
#5506 = PRESENTATION_LAYER_ASSIGNMENT (  '', '', ( #858 ) ) ;
#5507 = FILL_AREA_STYLE ('',( #1891 ) ) ;
#5508 = LINE ( 'NONE', #3751, #4014 ) ;
#5509 = STYLED_ITEM ( 'NONE', ( #5333 ), #4049 ) ;
#5510 = VERTEX_POINT ( 'NONE', #5006 ) ;
#5511 = CARTESIAN_POINT ( 'NONE',  ( -0.06999999999999974298, 0.0000000000000000000, -1.649999999999999911 ) ) ;
#5512 = ORIENTED_EDGE ( 'NONE', *, *, #2804, .F. ) ;
#5513 = EDGE_LOOP ( 'NONE', ( #4301, #5018, #4382, #1576 ) ) ;
#5514 = CARTESIAN_POINT ( 'NONE',  ( 1.245000000000000329, 0.2800000000000000266, 0.4749999999999997558 ) ) ;
#5515 = UNCERTAINTY_MEASURE_WITH_UNIT (LENGTH_MEASURE( 1.000000000000000082E-05 ), #4821, 'distance_accuracy_value', 'NONE');
#5516 = VERTEX_POINT ( 'NONE', #5606 ) ;
#5517 = EDGE_CURVE ( 'NONE', #4732, #5596, #1734, .T. ) ;
#5518 = ORIENTED_EDGE ( 'NONE', *, *, #1733, .T. ) ;
#5519 = CARTESIAN_POINT ( 'NONE',  ( 0.0000000000000000000, -0.02000000000000000042, 0.0000000000000000000 ) ) ;
#5520 = ORIENTED_EDGE ( 'NONE', *, *, #1665, .T. ) ;
#5521 = SURFACE_SIDE_STYLE ('',( #5649 ) ) ;
#5522 = MECHANICAL_DESIGN_GEOMETRIC_PRESENTATION_REPRESENTATION (  '', ( #1484 ), #3509 ) ;
#5523 = DIRECTION ( 'NONE',  ( 0.0000000000000000000, -0.0000000000000000000, 1.000000000000000000 ) ) ;
#5524 = EDGE_LOOP ( 'NONE', ( #2184, #385, #1863, #2017 ) ) ;
#5525 = MANIFOLD_SOLID_BREP ( 'Boss-Extrude2[1]', #2559 ) ;
#5526 = ORIENTED_EDGE ( 'NONE', *, *, #840, .T. ) ;
#5527 = ORIENTED_EDGE ( 'NONE', *, *, #2248, .F. ) ;
#5528 = DIRECTION ( 'NONE',  ( -0.0000000000000000000, 1.000000000000000000, -0.0000000000000000000 ) ) ;
#5529 = ORIENTED_EDGE ( 'NONE', *, *, #5590, .F. ) ;
#5530 = COLOUR_RGB ( '',1.000000000000000000, 1.000000000000000000, 1.000000000000000000 ) ;
#5531 = AXIS2_PLACEMENT_3D ( 'NONE', #1025, #563, #2812 ) ;
#5532 = STYLED_ITEM ( 'NONE', ( #484 ), #1895 ) ;
#5533 = CARTESIAN_POINT ( 'NONE',  ( -0.02499999999999971342, 0.2800000000000000266, -1.054999999999999938 ) ) ;
#5534 = ADVANCED_FACE ( 'NONE', ( #703 ), #1525, .F. ) ;
#5535 = CARTESIAN_POINT ( 'NONE',  ( 1.655000000000000249, 0.2800000000000000266, 0.1749999999999998224 ) ) ;
#5536 = DIRECTION ( 'NONE',  ( -0.0000000000000000000, -1.000000000000000000, -0.0000000000000000000 ) ) ;
#5537 = DIRECTION ( 'NONE',  ( 1.000000000000000000, -0.0000000000000000000, 0.0000000000000000000 ) ) ;
#5538 = EDGE_CURVE ( 'NONE', #3460, #1295, #3244, .T. ) ;
#5539 = COLOUR_RGB ( '',1.000000000000000000, 1.000000000000000000, 1.000000000000000000 ) ;
#5540 = SURFACE_SIDE_STYLE ('',( #624 ) ) ;
#5541 = AXIS2_PLACEMENT_3D ( 'NONE', #4880, #1217, #1743 ) ;
#5542 = SURFACE_STYLE_FILL_AREA ( #419 ) ;
#5543 = LINE ( 'NONE', #5419, #5107 ) ;
#5544 = FILL_AREA_STYLE ('',( #2418 ) ) ;
#5545 = ORIENTED_EDGE ( 'NONE', *, *, #2616, .T. ) ;
#5546 = PRESENTATION_LAYER_ASSIGNMENT (  '', '', ( #189 ) ) ;
#5547 = FACE_OUTER_BOUND ( 'NONE', #5024, .T. ) ;
#5548 =( NAMED_UNIT ( * ) PLANE_ANGLE_UNIT ( ) SI_UNIT ( $, .RADIAN. ) );
#5549 = PRESENTATION_STYLE_ASSIGNMENT (( #3622 ) ) ;
#5550 = EDGE_CURVE ( 'NONE', #965, #5401, #2362, .T. ) ;
#5551 = DIRECTION ( 'NONE',  ( -1.000000000000000000, 0.0000000000000000000, -0.0000000000000000000 ) ) ;
#5552 = LINE ( 'NONE', #4671, #262 ) ;
#5553 = VECTOR ( 'NONE', #4418, 1000.000000000000000 ) ;
#5554 = CARTESIAN_POINT ( 'NONE',  ( -0.3199999999999997291, 1.040000000000000036, 1.524999999999999689 ) ) ;
#5555 = LINE ( 'NONE', #806, #3722 ) ;
#5556 = PRESENTATION_STYLE_ASSIGNMENT (( #4136 ) ) ;
#5557 = CARTESIAN_POINT ( 'NONE',  ( -1.225000000000001865, 0.2800000000000000266, -0.4749999999999997558 ) ) ;
#5558 =( LENGTH_UNIT ( ) NAMED_UNIT ( * ) SI_UNIT ( .MILLI., .METRE. ) );
#5559 = SURFACE_STYLE_FILL_AREA ( #3978 ) ;
#5560 = LINE ( 'NONE', #3096, #917 ) ;
#5561 = SURFACE_STYLE_USAGE ( .BOTH. , #636 ) ;
#5562 = VECTOR ( 'NONE', #4171, 1000.000000000000000 ) ;
#5563 = PLANE ( 'NONE',  #2013 ) ;
#5564 = EDGE_CURVE ( 'NONE', #5401, #2499, #3511, .T. ) ;
#5565 = CARTESIAN_POINT ( 'NONE',  ( -0.3199999999999997291, 0.0000000000000000000, 1.524999999999999911 ) ) ;
#5566 = COLOUR_RGB ( '',1.000000000000000000, 1.000000000000000000, 1.000000000000000000 ) ;
#5567 = CARTESIAN_POINT ( 'NONE',  ( 1.245000000000000329, 0.2800000000000000266, -1.124999999999999556 ) ) ;
#5568 =( NAMED_UNIT ( * ) SI_UNIT ( $, .STERADIAN. ) SOLID_ANGLE_UNIT ( ) );
#5569 =( GEOMETRIC_REPRESENTATION_CONTEXT ( 3 ) GLOBAL_UNCERTAINTY_ASSIGNED_CONTEXT ( ( #2885 ) ) GLOBAL_UNIT_ASSIGNED_CONTEXT ( ( #4771, #4735, #1593 ) ) REPRESENTATION_CONTEXT ( 'NONE', 'WORKASPACE' ) );
#5570 = EDGE_LOOP ( 'NONE', ( #3045, #5650, #4315, #1563 ) ) ;
#5571 = COLOUR_RGB ( '',1.000000000000000000, 1.000000000000000000, 1.000000000000000000 ) ;
#5572 = ORIENTED_EDGE ( 'NONE', *, *, #2817, .T. ) ;
#5573 = ORIENTED_EDGE ( 'NONE', *, *, #2586, .T. ) ;
#5574 = AXIS2_PLACEMENT_3D ( 'NONE', #3005, #3911, #297 ) ;
#5575 = PLANE ( 'NONE',  #5688 ) ;
#5576 = CARTESIAN_POINT ( 'NONE',  ( 1.245000000000000329, 0.0000000000000000000, -1.124999999999999556 ) ) ;
#5577 = ORIENTED_EDGE ( 'NONE', *, *, #347, .F. ) ;
#5578 = ORIENTED_EDGE ( 'NONE', *, *, #4697, .T. ) ;
#5579 = PRESENTATION_LAYER_ASSIGNMENT (  '', '', ( #3458 ) ) ;
#5580 = EDGE_CURVE ( 'NONE', #652, #965, #1128, .T. ) ;
#5581 = CLOSED_SHELL ( 'NONE', ( #1895, #769, #2770, #3489, #541, #3550 ) ) ;
#5582 = UNCERTAINTY_MEASURE_WITH_UNIT (LENGTH_MEASURE( 1.000000000000000082E-05 ), #1046, 'distance_accuracy_value', 'NONE');
#5583 = CARTESIAN_POINT ( 'NONE',  ( -0.3649999999999997691, 0.2800000000000000266, 1.149999999999999911 ) ) ;
#5584 =( GEOMETRIC_REPRESENTATION_CONTEXT ( 3 ) GLOBAL_UNCERTAINTY_ASSIGNED_CONTEXT ( ( #4025 ) ) GLOBAL_UNIT_ASSIGNED_CONTEXT ( ( #2277, #1369, #2637 ) ) REPRESENTATION_CONTEXT ( 'NONE', 'WORKASPACE' ) );
#5585 = ORIENTED_EDGE ( 'NONE', *, *, #877, .F. ) ;
#5586 = SURFACE_STYLE_FILL_AREA ( #2176 ) ;
#5587 = ORIENTED_EDGE ( 'NONE', *, *, #3164, .F. ) ;
#5588 = CARTESIAN_POINT ( 'NONE',  ( -0.02499999999999971342, 0.2800000000000000266, -1.054999999999999938 ) ) ;
#5589 = SURFACE_STYLE_USAGE ( .BOTH. , #488 ) ;
#5590 = EDGE_CURVE ( 'NONE', #2099, #3887, #2054, .T. ) ;
#5591 = CARTESIAN_POINT ( 'NONE',  ( 1.372453912856161917, 1.040000000000000036, -1.372453912856162361 ) ) ;
#5592 = ORIENTED_EDGE ( 'NONE', *, *, #159, .F. ) ;
#5593 = CARTESIAN_POINT ( 'NONE',  ( 1.245000000000000329, 0.2800000000000000266, 0.4749999999999997558 ) ) ;
#5594 =( LENGTH_UNIT ( ) NAMED_UNIT ( * ) SI_UNIT ( .MILLI., .METRE. ) );
#5595 = FACE_OUTER_BOUND ( 'NONE', #5220, .T. ) ;
#5596 = VERTEX_POINT ( 'NONE', #5245 ) ;
#5597 =( GEOMETRIC_REPRESENTATION_CONTEXT ( 3 ) GLOBAL_UNCERTAINTY_ASSIGNED_CONTEXT ( ( #3338 ) ) GLOBAL_UNIT_ASSIGNED_CONTEXT ( ( #967, #3566, #1866 ) ) REPRESENTATION_CONTEXT ( 'NONE', 'WORKASPACE' ) );
#5598 = EDGE_LOOP ( 'NONE', ( #435, #1083, #1523, #2001 ) ) ;
#5599 = CARTESIAN_POINT ( 'NONE',  ( -1.225000000000001865, 0.2800000000000000266, -0.1749999999999998224 ) ) ;
#5600 = DIRECTION ( 'NONE',  ( -0.0000000000000000000, 1.000000000000000000, -0.0000000000000000000 ) ) ;
#5601 = SURFACE_STYLE_USAGE ( .BOTH. , #5079 ) ;
#5602 = CARTESIAN_POINT ( 'NONE',  ( 1.245000000000000329, 0.2800000000000000266, 0.8249999999999997335 ) ) ;
#5603 = CARTESIAN_POINT ( 'NONE',  ( -1.225000000000001865, -0.02000000000000000042, -0.4749999999999997558 ) ) ;
#5604 = MECHANICAL_DESIGN_GEOMETRIC_PRESENTATION_REPRESENTATION (  '', ( #1382 ), #2969 ) ;
#5605 = ORIENTED_EDGE ( 'NONE', *, *, #4292, .F. ) ;
#5606 = CARTESIAN_POINT ( 'NONE',  ( -1.293443937657340337, 1.040000000000000036, 1.293443937657340559 ) ) ;
#5607 = SURFACE_STYLE_USAGE ( .BOTH. , #3374 ) ;
#5608 = LINE ( 'NONE', #4532, #5469 ) ;
#5609 = ORIENTED_EDGE ( 'NONE', *, *, #2734, .T. ) ;
#5610 = PLANE ( 'NONE',  #650 ) ;
#5611 = EDGE_CURVE ( 'NONE', #3263, #3210, #5501, .T. ) ;
#5612 = PRESENTATION_STYLE_ASSIGNMENT (( #4390 ) ) ;
#5613 = SURFACE_SIDE_STYLE ('',( #4277 ) ) ;
#5614 = VERTEX_POINT ( 'NONE', #5690 ) ;
#5615 = DIRECTION ( 'NONE',  ( 0.0000000000000000000, -1.000000000000000000, -0.0000000000000000000 ) ) ;
#5616 = MECHANICAL_DESIGN_GEOMETRIC_PRESENTATION_REPRESENTATION (  '', ( #2606 ), #673 ) ;
#5617 = UNCERTAINTY_MEASURE_WITH_UNIT (LENGTH_MEASURE( 1.000000000000000082E-05 ), #1571, 'distance_accuracy_value', 'NONE');
#5618 = FACE_OUTER_BOUND ( 'NONE', #3452, .T. ) ;
#5619 = SURFACE_STYLE_USAGE ( .BOTH. , #1148 ) ;
#5620 = FACE_OUTER_BOUND ( 'NONE', #5081, .T. ) ;
#5621 = FILL_AREA_STYLE_COLOUR ( '', #1716 ) ;
#5622 = AXIS2_PLACEMENT_3D ( 'NONE', #5154, #256, #3419 ) ;
#5623 = FILL_AREA_STYLE_COLOUR ( '', #695 ) ;
#5624 = PRESENTATION_STYLE_ASSIGNMENT (( #3910 ) ) ;
#5625 = VECTOR ( 'NONE', #2221, 1000.000000000000000 ) ;
#5626 = EDGE_CURVE ( 'NONE', #5300, #1504, #5724, .T. ) ;
#5627 = CARTESIAN_POINT ( 'NONE',  ( -1.293443937657340337, 1.040000000000000036, -1.293443937657340337 ) ) ;
#5628 = LINE ( 'NONE', #3037, #3301 ) ;
#5629 =( GEOMETRIC_REPRESENTATION_CONTEXT ( 3 ) GLOBAL_UNCERTAINTY_ASSIGNED_CONTEXT ( ( #4490 ) ) GLOBAL_UNIT_ASSIGNED_CONTEXT ( ( #1467, #1421, #4117 ) ) REPRESENTATION_CONTEXT ( 'NONE', 'WORKASPACE' ) );
#5630 = CARTESIAN_POINT ( 'NONE',  ( 1.524999999999999911, 1.040000000000000036, -1.525000000000000355 ) ) ;
#5631 =( NAMED_UNIT ( * ) SI_UNIT ( $, .STERADIAN. ) SOLID_ANGLE_UNIT ( ) );
#5632 = CARTESIAN_POINT ( 'NONE',  ( -0.06999999999999974298, 0.0000000000000000000, -1.300000000000000044 ) ) ;
#5633 = LINE ( 'NONE', #4945, #4428 ) ;
#5634 = PRESENTATION_STYLE_ASSIGNMENT (( #2036 ) ) ;
#5635 = LINE ( 'NONE', #4048, #4207 ) ;
#5636 = DIRECTION ( 'NONE',  ( -0.0000000000000000000, 1.000000000000000000, -0.0000000000000000000 ) ) ;
#5637 = DIRECTION ( 'NONE',  ( -0.0000000000000000000, -0.0000000000000000000, -1.000000000000000000 ) ) ;
#5638 = CARTESIAN_POINT ( 'NONE',  ( -1.225000000000001865, -0.0000000000000000000, -0.4749999999999997558 ) ) ;
#5639 = FILL_AREA_STYLE_COLOUR ( '', #2242 ) ;
#5640 =( GEOMETRIC_REPRESENTATION_CONTEXT ( 3 ) GLOBAL_UNCERTAINTY_ASSIGNED_CONTEXT ( ( #4996 ) ) GLOBAL_UNIT_ASSIGNED_CONTEXT ( ( #1395, #5833, #3654 ) ) REPRESENTATION_CONTEXT ( 'NONE', 'WORKASPACE' ) );
#5641 = STYLED_ITEM ( 'NONE', ( #4913 ), #2125 ) ;
#5642 = VECTOR ( 'NONE', #4731, 1000.000000000000000 ) ;
#5643 = DIRECTION ( 'NONE',  ( -1.000000000000000000, 0.0000000000000000000, -1.260700200564539845E-16 ) ) ;
#5644 = CARTESIAN_POINT ( 'NONE',  ( -1.225000000000006528, 0.2800000000000000266, 1.125000000000000222 ) ) ;
#5645 = EDGE_CURVE ( 'NONE', #511, #5300, #3106, .T. ) ;
#5646 = DIRECTION ( 'NONE',  ( -1.000000000000000000, -0.0000000000000000000, -0.0000000000000000000 ) ) ;
#5647 = LINE ( 'NONE', #991, #4441 ) ;
#5648 = VERTEX_POINT ( 'NONE', #1078 ) ;
#5649 = SURFACE_STYLE_FILL_AREA ( #2757 ) ;
#5650 = ORIENTED_EDGE ( 'NONE', *, *, #5580, .F. ) ;
#5651 = DIRECTION ( 'NONE',  ( 2.853163611803958284E-16, -0.0000000000000000000, 1.000000000000000000 ) ) ;
#5652 = VERTEX_POINT ( 'NONE', #3886 ) ;
#5653 = PLANE ( 'NONE',  #1455 ) ;
#5654 = VERTEX_POINT ( 'NONE', #4832 ) ;
#5655 = MECHANICAL_DESIGN_GEOMETRIC_PRESENTATION_REPRESENTATION (  '', ( #189 ), #1613 ) ;
#5656 = EDGE_LOOP ( 'NONE', ( #4805, #3682, #658, #1428 ) ) ;
#5657 = SURFACE_STYLE_USAGE ( .BOTH. , #934 ) ;
#5658 = ORIENTED_EDGE ( 'NONE', *, *, #771, .T. ) ;
#5659 = CARTESIAN_POINT ( 'NONE',  ( 1.245000000000000329, 0.2800000000000000266, 1.124999999999999556 ) ) ;
#5660 =( NAMED_UNIT ( * ) PLANE_ANGLE_UNIT ( ) SI_UNIT ( $, .RADIAN. ) );
#5661 = ORIENTED_EDGE ( 'NONE', *, *, #236, .F. ) ;
#5662 = PRESENTATION_STYLE_ASSIGNMENT (( #3405 ) ) ;
#5663 = VERTEX_POINT ( 'NONE', #4359 ) ;
#5664 = VERTEX_POINT ( 'NONE', #1692 ) ;
#5665 = MECHANICAL_DESIGN_GEOMETRIC_PRESENTATION_REPRESENTATION (  '', ( #2541 ), #2262 ) ;
#5666 =( LENGTH_UNIT ( ) NAMED_UNIT ( * ) SI_UNIT ( .MILLI., .METRE. ) );
#5667 = FILL_AREA_STYLE ('',( #2546 ) ) ;
#5668 = FILL_AREA_STYLE ('',( #4338 ) ) ;
#5669 = SURFACE_STYLE_FILL_AREA ( #3330 ) ;
#5670 = FILL_AREA_STYLE_COLOUR ( '', #3029 ) ;
#5671 = CARTESIAN_POINT ( 'NONE',  ( -0.3649999999999997691, 0.2800000000000000266, -1.149999999999999911 ) ) ;
#5672 = DIRECTION ( 'NONE',  ( 2.853163611803958284E-16, -0.0000000000000000000, 1.000000000000000000 ) ) ;
#5673 = SURFACE_STYLE_FILL_AREA ( #5330 ) ;
#5674 = SURFACE_STYLE_USAGE ( .BOTH. , #2963 ) ;
#5675 = ORIENTED_EDGE ( 'NONE', *, *, #1833, .T. ) ;
#5676 = DIRECTION ( 'NONE',  ( -1.000000000000000000, 0.0000000000000000000, -0.0000000000000000000 ) ) ;
#5677 = DIRECTION ( 'NONE',  ( 0.0000000000000000000, 0.0000000000000000000, -1.000000000000000000 ) ) ;
#5678 =( GEOMETRIC_REPRESENTATION_CONTEXT ( 3 ) GLOBAL_UNCERTAINTY_ASSIGNED_CONTEXT ( ( #5691 ) ) GLOBAL_UNIT_ASSIGNED_CONTEXT ( ( #387, #1749, #4886 ) ) REPRESENTATION_CONTEXT ( 'NONE', 'WORKASPACE' ) );
#5679 = ADVANCED_FACE ( 'NONE', ( #2353 ), #3454, .F. ) ;
#5680 = ORIENTED_EDGE ( 'NONE', *, *, #3833, .T. ) ;
#5681 = CARTESIAN_POINT ( 'NONE',  ( -0.02499999999999971342, 0.0000000000000000000, 1.054999999999999938 ) ) ;
#5682 =( NAMED_UNIT ( * ) SI_UNIT ( $, .STERADIAN. ) SOLID_ANGLE_UNIT ( ) );
#5683 = PRESENTATION_LAYER_ASSIGNMENT (  '', '', ( #3169 ) ) ;
#5684 = LINE ( 'NONE', #3494, #3296 ) ;
#5685 = CARTESIAN_POINT ( 'NONE',  ( -0.3199999999999997291, 0.2800000000000000266, 1.524999999999996803 ) ) ;
#5686 = SURFACE_STYLE_FILL_AREA ( #5035 ) ;
#5687 = PLANE ( 'NONE',  #3189 ) ;
#5688 = AXIS2_PLACEMENT_3D ( 'NONE', #4797, #2130, #2554 ) ;
#5689 = FACE_OUTER_BOUND ( 'NONE', #4387, .T. ) ;
#5690 = CARTESIAN_POINT ( 'NONE',  ( -0.02499999999999974118, 0.2800000000000000266, -1.149999999999999911 ) ) ;
#5691 = UNCERTAINTY_MEASURE_WITH_UNIT (LENGTH_MEASURE( 1.000000000000000082E-05 ), #387, 'distance_accuracy_value', 'NONE');
#5692 = FACE_OUTER_BOUND ( 'NONE', #944, .T. ) ;
#5693 = DIRECTION ( 'NONE',  ( 0.0000000000000000000, -0.0000000000000000000, -1.000000000000000000 ) ) ;
#5694 = VECTOR ( 'NONE', #894, 1000.000000000000000 ) ;
#5695 =( GEOMETRIC_REPRESENTATION_CONTEXT ( 3 ) GLOBAL_UNCERTAINTY_ASSIGNED_CONTEXT ( ( #2710 ) ) GLOBAL_UNIT_ASSIGNED_CONTEXT ( ( #2806, #544, #1456 ) ) REPRESENTATION_CONTEXT ( 'NONE', 'WORKASPACE' ) );
#5696 = LINE ( 'NONE', #5821, #5057 ) ;
#5697 = PLANE ( 'NONE',  #5574 ) ;
#5698 = AXIS2_PLACEMENT_3D ( 'NONE', #4765, #2081, #2526 ) ;
#5699 = CARTESIAN_POINT ( 'NONE',  ( -0.02499999999999974118, 0.2800000000000000266, 1.149999999999999911 ) ) ;
#5700 = FILL_AREA_STYLE_COLOUR ( '', #3906 ) ;
#5701 = UNCERTAINTY_MEASURE_WITH_UNIT (LENGTH_MEASURE( 1.000000000000000082E-05 ), #456, 'distance_accuracy_value', 'NONE');
#5702 = EDGE_CURVE ( 'NONE', #1709, #1285, #2961, .T. ) ;
#5703 = AXIS2_PLACEMENT_3D ( 'NONE', #3894, #3951, #3483 ) ;
#5704 = VECTOR ( 'NONE', #2382, 1000.000000000000000 ) ;
#5705 = LINE ( 'NONE', #3552, #4010 ) ;
#5706 = COLOUR_RGB ( '',1.000000000000000000, 1.000000000000000000, 1.000000000000000000 ) ;
#5707 = DIRECTION ( 'NONE',  ( -0.9578262852211514300, 0.0000000000000000000, -0.2873478855663455511 ) ) ;
#5708 =( NAMED_UNIT ( * ) SI_UNIT ( $, .STERADIAN. ) SOLID_ANGLE_UNIT ( ) );
#5709 = SURFACE_SIDE_STYLE ('',( #1340 ) ) ;
#5710 = LINE ( 'NONE', #3403, #1697 ) ;
#5711 = CARTESIAN_POINT ( 'NONE',  ( 0.0000000000000000000, 0.2800000000000000266, 0.0000000000000000000 ) ) ;
#5712 = CARTESIAN_POINT ( 'NONE',  ( -1.655000000000002025, 0.2800000000000000266, -0.4749999999999997558 ) ) ;
#5713 = DIRECTION ( 'NONE',  ( 0.0000000000000000000, 0.0000000000000000000, -1.000000000000000000 ) ) ;
#5714 =( NAMED_UNIT ( * ) SI_UNIT ( $, .STERADIAN. ) SOLID_ANGLE_UNIT ( ) );
#5715 = AXIS2_PLACEMENT_3D ( 'NONE', #4366, #2634, #4410 ) ;
#5716 = ORIENTED_EDGE ( 'NONE', *, *, #2324, .F. ) ;
#5717 = ORIENTED_EDGE ( 'NONE', *, *, #1442, .T. ) ;
#5718 = FILL_AREA_STYLE ('',( #2199 ) ) ;
#5719 = SURFACE_SIDE_STYLE ('',( #1681 ) ) ;
#5720 = ORIENTED_EDGE ( 'NONE', *, *, #5486, .T. ) ;
#5721 = DIRECTION ( 'NONE',  ( 0.0000000000000000000, 0.0000000000000000000, 1.000000000000000000 ) ) ;
#5722 = ORIENTED_EDGE ( 'NONE', *, *, #2324, .T. ) ;
#5723 = ORIENTED_EDGE ( 'NONE', *, *, #4560, .F. ) ;
#5724 =( BOUNDED_CURVE ( )  B_SPLINE_CURVE ( 3, ( #1235, #1531, #5591, #2102 ),
 .UNSPECIFIED., .F., .F. ) 
 B_SPLINE_CURVE_WITH_KNOTS ( ( 4, 4 ),
 ( 0.1308273960740539976, 1.570796326794896558 ),
 .UNSPECIFIED. ) 
 CURVE ( )  GEOMETRIC_REPRESENTATION_ITEM ( )  RATIONAL_B_SPLINE_CURVE ( ( 1.000000000000000000, 0.8345439815689350560, 0.8345439815689350560, 1.000000000000000000 ) ) 
 REPRESENTATION_ITEM ( '' )  );
#5725 = EDGE_LOOP ( 'NONE', ( #793, #950, #1075, #1374 ) ) ;
#5726 = EDGE_CURVE ( 'NONE', #2012, #5386, #2835, .T. ) ;
#5727 = DIRECTION ( 'NONE',  ( 1.000000000000000000, 0.0000000000000000000, -0.0000000000000000000 ) ) ;
#5728 = ORIENTED_EDGE ( 'NONE', *, *, #4634, .F. ) ;
#5729 = FILL_AREA_STYLE_COLOUR ( '', #3783 ) ;
#5730 = EDGE_LOOP ( 'NONE', ( #4021, #3618, #3744, #3961 ) ) ;
#5731 = STYLED_ITEM ( 'NONE', ( #1976 ), #4111 ) ;
#5732 = SURFACE_STYLE_USAGE ( .BOTH. , #1629 ) ;
#5733 = VERTEX_POINT ( 'NONE', #4673 ) ;
#5734 =( NAMED_UNIT ( * ) PLANE_ANGLE_UNIT ( ) SI_UNIT ( $, .RADIAN. ) );
#5735 =( GEOMETRIC_REPRESENTATION_CONTEXT ( 3 ) GLOBAL_UNCERTAINTY_ASSIGNED_CONTEXT ( ( #2652 ) ) GLOBAL_UNIT_ASSIGNED_CONTEXT ( ( #4274, #5206, #4259 ) ) REPRESENTATION_CONTEXT ( 'NONE', 'WORKASPACE' ) );
#5736 = ORIENTED_EDGE ( 'NONE', *, *, #4396, .T. ) ;
#5737 =( NAMED_UNIT ( * ) PLANE_ANGLE_UNIT ( ) SI_UNIT ( $, .RADIAN. ) );
#5738 = VERTEX_POINT ( 'NONE', #620 ) ;
#5739 = CARTESIAN_POINT ( 'NONE',  ( -0.3199999999999997291, 0.2800000000000000266, 1.649999999999999911 ) ) ;
#5740 = VERTEX_POINT ( 'NONE', #5127 ) ;
#5741 = DIRECTION ( 'NONE',  ( 0.0000000000000000000, 0.0000000000000000000, -1.000000000000000000 ) ) ;
#5742 = FILL_AREA_STYLE ('',( #5784 ) ) ;
#5743 = FILL_AREA_STYLE ('',( #1729 ) ) ;
#5744 = EDGE_CURVE ( 'NONE', #2499, #2228, #996, .T. ) ;
#5745 = ADVANCED_FACE ( 'NONE', ( #3250 ), #2004, .F. ) ;
#5746 = VECTOR ( 'NONE', #4346, 1000.000000000000114 ) ;
#5747 = COLOUR_RGB ( '',0.2509803921568627416, 0.2509803921568627416, 0.2509803921568627416 ) ;
#5748 = CARTESIAN_POINT ( 'NONE',  ( 1.245000000000000329, 0.0000000000000000000, 0.4749999999999997558 ) ) ;
#5749 = ORIENTED_EDGE ( 'NONE', *, *, #1759, .F. ) ;
#5750 =( LENGTH_UNIT ( ) NAMED_UNIT ( * ) SI_UNIT ( .MILLI., .METRE. ) );
#5751 = CARTESIAN_POINT ( 'NONE',  ( 1.655000000000000249, 0.0000000000000000000, -0.1749999999999998224 ) ) ;
#5752 = CARTESIAN_POINT ( 'NONE',  ( -1.524999999999999911, 0.0000000000000000000, 1.524999999999999911 ) ) ;
#5753 = STYLED_ITEM ( 'NONE', ( #1412 ), #5230 ) ;
#5754 =( GEOMETRIC_REPRESENTATION_CONTEXT ( 3 ) GLOBAL_UNCERTAINTY_ASSIGNED_CONTEXT ( ( #2633 ) ) GLOBAL_UNIT_ASSIGNED_CONTEXT ( ( #1338, #3570, #4935 ) ) REPRESENTATION_CONTEXT ( 'NONE', 'WORKASPACE' ) );
#5755 = ORIENTED_EDGE ( 'NONE', *, *, #2022, .T. ) ;
#5756 = CARTESIAN_POINT ( 'NONE',  ( -0.3649999999999997691, 0.2800000000000000266, 1.149999999999999911 ) ) ;
#5757 = FILL_AREA_STYLE ('',( #2271 ) ) ;
#5758 = PLANE ( 'NONE',  #4909 ) ;
#5759 = ORIENTED_EDGE ( 'NONE', *, *, #2359, .F. ) ;
#5760 = SURFACE_SIDE_STYLE ('',( #4080 ) ) ;
#5761 = PLANE ( 'NONE',  #4978 ) ;
#5762 = EDGE_CURVE ( 'NONE', #4602, #4883, #1780, .T. ) ;
#5763 = LINE ( 'NONE', #1704, #2878 ) ;
#5764 = LINE ( 'NONE', #360, #2527 ) ;
#5765 = FILL_AREA_STYLE ('',( #1668 ) ) ;
#5766 = STYLED_ITEM ( 'NONE', ( #3312 ), #3637 ) ;
#5767 = UNCERTAINTY_MEASURE_WITH_UNIT (LENGTH_MEASURE( 1.000000000000000082E-05 ), #5434, 'distance_accuracy_value', 'NONE');
#5768 = LINE ( 'NONE', #5403, #5190 ) ;
#5769 = CARTESIAN_POINT ( 'NONE',  ( -0.06999999999999974298, 0.0000000000000000000, -1.649999999999999911 ) ) ;
#5770 = DIRECTION ( 'NONE',  ( -0.0000000000000000000, -1.000000000000000000, -0.0000000000000000000 ) ) ;
#5771 = EDGE_CURVE ( 'NONE', #2085, #1016, #490, .T. ) ;
#5772 = ADVANCED_FACE ( 'NONE', ( #625 ), #431, .F. ) ;
#5773 = SURFACE_SIDE_STYLE ('',( #1547 ) ) ;
#5774 = LINE ( 'NONE', #3923, #4423 ) ;
#5775 = SURFACE_STYLE_USAGE ( .BOTH. , #1673 ) ;
#5776 = SURFACE_STYLE_FILL_AREA ( #1670 ) ;
#5777 = DIRECTION ( 'NONE',  ( 1.000000000000000000, -0.0000000000000000000, 0.0000000000000000000 ) ) ;
#5778 = MECHANICAL_DESIGN_GEOMETRIC_PRESENTATION_REPRESENTATION (  '', ( #634 ), #1355 ) ;
#5779 = EDGE_CURVE ( 'NONE', #4103, #1905, #5426, .T. ) ;
#5780 = UNCERTAINTY_MEASURE_WITH_UNIT (LENGTH_MEASURE( 1.000000000000000082E-05 ), #2318, 'distance_accuracy_value', 'NONE');
#5781 = CARTESIAN_POINT ( 'NONE',  ( -0.06999999999999975686, 0.0000000000000000000, 1.649999999999999911 ) ) ;
#5782 = PRESENTATION_STYLE_ASSIGNMENT (( #5732 ) ) ;
#5783 =( NAMED_UNIT ( * ) SI_UNIT ( $, .STERADIAN. ) SOLID_ANGLE_UNIT ( ) );
#5784 = FILL_AREA_STYLE_COLOUR ( '', #3708 ) ;
#5785 = COLOUR_RGB ( '',0.2509803921568627416, 0.2509803921568627416, 0.2509803921568627416 ) ;
#5786 = COLOUR_RGB ( '',1.000000000000000000, 1.000000000000000000, 1.000000000000000000 ) ;
#5787 =( GEOMETRIC_REPRESENTATION_CONTEXT ( 3 ) GLOBAL_UNCERTAINTY_ASSIGNED_CONTEXT ( ( #3587 ) ) GLOBAL_UNIT_ASSIGNED_CONTEXT ( ( #837, #13, #3993 ) ) REPRESENTATION_CONTEXT ( 'NONE', 'WORKASPACE' ) );
#5788 = DIRECTION ( 'NONE',  ( -1.000000000000000000, 0.0000000000000000000, 1.421904488505579654E-16 ) ) ;
#5789 = COLOUR_RGB ( '',1.000000000000000000, 1.000000000000000000, 1.000000000000000000 ) ;
#5790 = EDGE_CURVE ( 'NONE', #4263, #5377, #2893, .T. ) ;
#5791 = COLOUR_RGB ( '',1.000000000000000000, 1.000000000000000000, 1.000000000000000000 ) ;
#5792 =( GEOMETRIC_REPRESENTATION_CONTEXT ( 3 ) GLOBAL_UNCERTAINTY_ASSIGNED_CONTEXT ( ( #2857 ) ) GLOBAL_UNIT_ASSIGNED_CONTEXT ( ( #820, #801, #5794 ) ) REPRESENTATION_CONTEXT ( 'NONE', 'WORKASPACE' ) );
#5793 = CARTESIAN_POINT ( 'NONE',  ( 1.655000000000000249, 0.0000000000000000000, 0.1749999999999998224 ) ) ;
#5794 =( NAMED_UNIT ( * ) SI_UNIT ( $, .STERADIAN. ) SOLID_ANGLE_UNIT ( ) );
#5795 = CARTESIAN_POINT ( 'NONE',  ( -1.655000000000006466, -0.02000000000000000042, 1.125000000000000222 ) ) ;
#5796 = DIRECTION ( 'NONE',  ( 0.0000000000000000000, -1.000000000000000000, 0.0000000000000000000 ) ) ;
#5797 = VERTEX_POINT ( 'NONE', #2663 ) ;
#5798 = LINE ( 'NONE', #5481, #1494 ) ;
#5799 = ORIENTED_EDGE ( 'NONE', *, *, #1544, .T. ) ;
#5800 = VERTEX_POINT ( 'NONE', #3098 ) ;
#5801 =( LENGTH_UNIT ( ) NAMED_UNIT ( * ) SI_UNIT ( .MILLI., .METRE. ) );
#5802 = FILL_AREA_STYLE_COLOUR ( '', #4653 ) ;
#5803 = AXIS2_PLACEMENT_3D ( 'NONE', #1384, #438, #31 ) ;
#5804 = EDGE_LOOP ( 'NONE', ( #1296, #1951, #1510, #5807 ) ) ;
#5805 = CARTESIAN_POINT ( 'NONE',  ( -1.524999999999999911, 1.040000000000000036, -1.524999999999999911 ) ) ;
#5806 = PLANE ( 'NONE',  #2654 ) ;
#5807 = ORIENTED_EDGE ( 'NONE', *, *, #2697, .F. ) ;
#5808 = ADVANCED_FACE ( 'NONE', ( #5273 ), #4403, .F. ) ;
#5809 = ORIENTED_EDGE ( 'NONE', *, *, #670, .F. ) ;
#5810 =( GEOMETRIC_REPRESENTATION_CONTEXT ( 3 ) GLOBAL_UNCERTAINTY_ASSIGNED_CONTEXT ( ( #2991 ) ) GLOBAL_UNIT_ASSIGNED_CONTEXT ( ( #423, #2276, #3560 ) ) REPRESENTATION_CONTEXT ( 'NONE', 'WORKASPACE' ) );
#5811 = ORIENTED_EDGE ( 'NONE', *, *, #2697, .T. ) ;
#5812 = EDGE_CURVE ( 'NONE', #434, #1726, #5131, .T. ) ;
#5813 = LINE ( 'NONE', #258, #5455 ) ;
#5814 = VERTEX_POINT ( 'NONE', #1739 ) ;
#5815 = ORIENTED_EDGE ( 'NONE', *, *, #2469, .T. ) ;
#5816 = FILL_AREA_STYLE_COLOUR ( '', #4 ) ;
#5817 = CARTESIAN_POINT ( 'NONE',  ( -1.524999999999999911, 0.0000000000000000000, 0.8250000000000001776 ) ) ;
#5818 = AXIS2_PLACEMENT_3D ( 'NONE', #4586, #2815, #105 ) ;
#5819 = FILL_AREA_STYLE_COLOUR ( '', #2133 ) ;
#5820 =( NAMED_UNIT ( * ) SI_UNIT ( $, .STERADIAN. ) SOLID_ANGLE_UNIT ( ) );
#5821 = CARTESIAN_POINT ( 'NONE',  ( -1.442162081988721978, 0.9095681768857077909, 0.0000000000000000000 ) ) ;
#5822 = PRESENTATION_LAYER_ASSIGNMENT (  '', '', ( #4184 ) ) ;
#5823 = CARTESIAN_POINT ( 'NONE',  ( -0.3199999999999997291, 0.2800000000000000266, 1.300000000000000044 ) ) ;
#5824 = FILL_AREA_STYLE ('',( #3108 ) ) ;
#5825 = SURFACE_SIDE_STYLE ('',( #4928 ) ) ;
#5826 = PLANE ( 'NONE',  #4255 ) ;
#5827 = EDGE_CURVE ( 'NONE', #4172, #2500, #457, .T. ) ;
#5828 = SURFACE_STYLE_USAGE ( .BOTH. , #1842 ) ;
#5829 =( GEOMETRIC_REPRESENTATION_CONTEXT ( 3 ) GLOBAL_UNCERTAINTY_ASSIGNED_CONTEXT ( ( #1356 ) ) GLOBAL_UNIT_ASSIGNED_CONTEXT ( ( #3238, #992, #3642 ) ) REPRESENTATION_CONTEXT ( 'NONE', 'WORKASPACE' ) );
#5830 = FACE_OUTER_BOUND ( 'NONE', #3491, .T. ) ;
#5831 =( NAMED_UNIT ( * ) PLANE_ANGLE_UNIT ( ) SI_UNIT ( $, .RADIAN. ) );
#5832 = EDGE_LOOP ( 'NONE', ( #1204, #2313, #381, #1560 ) ) ;
#5833 =( NAMED_UNIT ( * ) PLANE_ANGLE_UNIT ( ) SI_UNIT ( $, .RADIAN. ) );
#5834 =( LENGTH_UNIT ( ) NAMED_UNIT ( * ) SI_UNIT ( .MILLI., .METRE. ) );
#5835 =( NAMED_UNIT ( * ) SI_UNIT ( $, .STERADIAN. ) SOLID_ANGLE_UNIT ( ) );
#5836 = SURFACE_STYLE_USAGE ( .BOTH. , #48 ) ;
#5837 = MECHANICAL_DESIGN_GEOMETRIC_PRESENTATION_REPRESENTATION (  '', ( #885 ), #1381 ) ;
#5838 =( GEOMETRIC_REPRESENTATION_CONTEXT ( 3 ) GLOBAL_UNCERTAINTY_ASSIGNED_CONTEXT ( ( #2825 ) ) GLOBAL_UNIT_ASSIGNED_CONTEXT ( ( #3919, #1230, #4931 ) ) REPRESENTATION_CONTEXT ( 'NONE', 'WORKASPACE' ) );
#5839 = VECTOR ( 'NONE', #5397, 1000.000000000000000 ) ;
#5840 = LINE ( 'NONE', #616, #2745 ) ;
#5841 = PRESENTATION_STYLE_ASSIGNMENT (( #1745 ) ) ;
#5842 = LINE ( 'NONE', #432, #751 ) ;
#5843 = CARTESIAN_POINT ( 'NONE',  ( -1.655000000000004245, -0.02000000000000000042, 0.1750000000000001832 ) ) ;
#5844 =( NAMED_UNIT ( * ) PLANE_ANGLE_UNIT ( ) SI_UNIT ( $, .RADIAN. ) );
#5845 = EDGE_CURVE ( 'NONE', #163, #3771, #2613, .T. ) ;
#5846 = UNCERTAINTY_MEASURE_WITH_UNIT (LENGTH_MEASURE( 1.000000000000000082E-05 ), #5451, 'distance_accuracy_value', 'NONE');
ENDSEC;
END-ISO-10303-21;
