#VRML V2.0 utf8
# 3D model generated by easyeda2kicad.py (https://github.com/uPesy/easyeda2kicad.py)

Shape{
    appearance Appearance {
        material  Material 	{
            diffuseColor 0.8823529411764706 0.8431372549019608 0.0
            specularColor 0.4392156862745098 0.4235294117647059 0.0
            ambientIntensity 0.7587
            transparency 0.0
            shininess 0.5
        }
    }
    geometry IndexedFaceSet {
        ccw TRUE
        solid FALSE
        coord DEF co Coordinate {
            point [
                -1.9469 3.0453 0.7755, -1.9469 3.0453 0.6927, -1.9469 3.0081 0.6927, -1.9469 1.893 0.0, -1.9469 1.2205 0.0, -1.9469 1.2205 0.4961, -1.9469 2.6521 0.0, -1.9469 1.893 0.4961, -1.9469 2.7396 0.0, -1.9469 2.6521 0.4961, -1.9469 2.9987 0.7022, -1.9469 3.0001 0.7058, -1.9469 3.0001 0.6813, -1.9469 2.8985 0.5333, -1.9469 2.9011 0.5331, -1.9469 2.8783 0.5331, -1.9469 2.7986 0.6273, -1.9469 2.7691 0.6273, -1.9469 2.7691 0.6539, -1.9469 3.1766 0.7026, -1.9469 3.1586 0.6874, -1.9469 3.0956 0.7762, -1.9469 3.0956 0.6813, -1.9469 3.2649 0.7858, -1.9469 3.2507 0.7762, -1.9469 3.2355 0.766, -1.9469 3.2134 0.7405, -1.9469 3.1996 0.7135, -1.9469 3.1964 0.7124, -1.9469 3.2982 0.7976, -1.9469 3.0956 1.7913, -1.9469 3.3258 0.8005, -1.9469 3.3586 0.7965, -1.9469 3.3893 0.7847, -1.9469 4.7638 1.7913, -1.9469 3.4029 0.7762, -1.9469 4.7638 0.7762, -1.9469 3.4055 0.7746, -1.9469 3.4762 0.7435, -1.9469 3.45 0.7467, -1.9469 3.4211 0.7613, -1.9469 3.4424 0.7463, -1.9469 3.4347 0.7454, -1.9469 3.5264 0.7148, -1.9469 3.5219 0.7191, -1.9469 3.5008 0.7339, -1.9469 4.7638 0.6813, -1.9469 4.7638 0.6539, -1.9469 3.5559 0.6539, -1.9469 3.5529 0.6704, -1.9469 3.5482 0.6813, -1.9469 3.5423 0.6944, -1.9469 3.509 0.5491, -1.9469 3.5297 0.5667, -1.9469 4.7638 0.5331, -1.9469 3.5448 0.5884, -1.9469 3.485 0.5374, -1.9469 3.4757 0.5331, -1.9469 3.4766 0.5349, -1.9469 3.5544 0.6131, -1.9469 3.5576 0.6391, -1.9469 3.5574 0.6455, -1.9469 4.7638 0.4961, -1.9469 3.4409 0.4961, -1.9469 3.447 0.4986, -1.9469 3.46 0.5084, -1.9469 3.4699 0.5206, -1.9469 3.0956 0.0, -1.9469 3.0956 0.4961, -1.9469 3.386 0.4961, -1.9469 3.3974 0.4917, -1.9469 3.4135 0.4897, -1.9469 3.416 0.4897, -1.9469 4.7638 0.0, -1.9469 3.4317 0.4922, -1.9469 3.0956 0.5331, -1.9469 3.3512 0.5331, -1.9469 3.3513 0.5327, -1.9469 3.3592 0.5179, -1.9469 3.3693 0.5066, -1.9469 3.3825 0.4974, -1.9469 3.1369 0.6482, -1.9469 3.1338 0.6265, -1.9469 3.0956 0.6539, -1.9469 3.2664 0.5722, -1.9469 3.2619 0.574, -1.9469 3.2541 0.6119, -1.9469 3.1584 0.5634, -1.9469 3.1765 0.5481, -1.9469 3.3636 0.6006, -1.9469 3.2746 0.6471, -1.9469 3.3753 0.6112, -1.9469 3.3894 0.6187, -1.9469 3.2705 0.5694, -1.9469 3.1452 0.5818, -1.9469 3.1754 0.6318, -1.9469 3.1785 0.6445, -1.9469 3.1836 0.6539, -1.9469 3.5141 0.6539, -1.9469 3.1369 0.6028, -1.9469 3.2567 0.5747, -1.9469 3.2561 0.5747, -1.9469 3.2541 0.5742, -1.9469 3.5102 0.6139, -1.9469 3.5023 0.6005, -1.9469 3.4686 0.5936, -1.9469 3.4904 0.5883, -1.9469 3.4759 0.5794, -1.9469 3.444 0.6156, -1.9469 3.4576 0.6062, -1.9469 3.5157 0.6405, -1.9469 3.5149 0.6301, -1.9469 3.4294 0.6212, -1.9469 3.4135 0.6232, -1.9469 3.4054 0.6227, -1.9469 3.2773 0.5541, -1.9469 3.2771 0.5567, -1.9469 3.347 0.5628, -1.9469 3.2758 0.5618, -1.9469 3.2732 0.5663, -1.9469 3.1885 0.5907, -1.9469 3.1812 0.6011, -1.9469 3.1766 0.6129, -1.9469 3.175 0.6259, -1.9469 3.2618 0.5341, -1.9469 3.2662 0.5359, -1.9469 3.2705 0.5389, -1.9469 3.272 0.5405, -1.9469 3.2749 0.5447, -1.9469 3.2767 0.5492, -1.9469 3.3474 0.5491, -1.9469 3.347 0.5561, -1.9469 3.1967 0.5382, -1.9469 3.2189 0.5335, -1.9469 3.258 0.5335, -1.9469 3.2527 0.574, -1.9469 3.2228 0.574, -1.9469 3.2109 0.5763, -1.9469 3.1991 0.5818, -1.9469 3.1893 0.5898, -1.9469 3.2321 0.6777, -1.9469 3.5081 0.6714, -1.9469 3.5138 0.6566, -1.9469 3.2268 0.6777, -1.9469 3.1847 0.656, -1.9469 3.1923 0.6644, -1.9469 3.2026 0.6716, -1.9469 3.2142 0.6761, -1.9469 3.2465 0.7176, -1.9469 3.2615 0.7355, -1.9469 3.4141 0.6969, -1.9469 3.2631 0.737, -1.9469 3.2818 0.7499, -1.9469 3.404 0.7179, -1.9469 3.5012 0.6813, -1.9469 3.4188 0.6995, -1.9469 3.2329 0.6813, -1.9469 3.2362 0.6962, -1.9469 3.4336 0.7049, -1.9469 3.4493 0.7069, -1.9469 3.4563 0.7065, -1.9469 3.3891 0.7357, -1.9469 3.3026 0.7579, -1.9469 3.3713 0.7487, -1.9469 3.3251 0.7607, -1.9469 3.3496 0.7575, -1.9469 3.4727 0.7026, -1.9469 3.4875 0.6947, -1.9469 3.4988 0.6846, -1.9469 3.1542 0.6813, -1.9469 3.145 0.6685, -1.9469 3.1392 0.6539, -1.9469 2.7484 0.5445, -1.9469 2.7484 0.5339, -1.9469 2.7396 0.5331, -1.9469 2.7396 0.6539, -1.9469 2.7505 0.6273, -1.9469 2.7505 0.6165, -1.9469 2.7866 0.5759, -1.9469 2.7866 0.5445, -1.9469 2.7691 0.5759, -1.9469 2.7691 0.5445, -1.9469 2.7532 0.5759, -1.9469 2.7532 0.5866, -1.9469 2.7866 0.6165, -1.9469 2.7866 0.5866, -1.9469 2.7691 0.6165, -1.9469 2.7691 0.5866, -1.9469 2.7691 0.5331, -1.9469 2.7691 0.5339, -1.9469 2.7986 0.5339, -1.9469 2.8448 0.5504, -1.9469 2.8433 0.5449, -1.9469 2.843 0.5449, -1.9469 2.8112 0.6006, -1.9469 2.8566 0.6539, -1.9469 2.8234 0.6006, -1.9469 2.8566 0.5843, -1.9469 2.8416 0.5503, -1.9469 2.8425 0.5472, -1.9469 2.9264 0.5826, -1.9469 2.9259 0.5868, -1.9469 2.9383 0.6539, -1.9469 2.9246 0.5745, -1.9469 2.9259 0.578, -1.9469 2.9264 0.5483, -1.9469 2.921 0.5452, -1.9469 2.921 0.5699, -1.9469 2.9225 0.5458, -1.9469 2.9211 0.57, -1.9469 2.923 0.572, -1.9469 2.9158 0.5331, -1.9469 2.9184 0.5333, -1.9469 2.921 0.5331, -1.9469 2.921 0.5343, -1.9469 2.9383 0.5331, -1.9469 2.9264 0.5362, -1.9469 2.9083 0.5323, -1.9469 2.921 0.4961, -1.9469 2.8783 0.4961, -1.9469 2.8846 0.5991, -1.9469 2.8846 0.5878, -1.9469 2.9189 0.5968, -1.9469 2.9158 0.5987, -1.9469 2.921 0.6539, -1.9469 2.8819 0.5473, -1.9469 2.8834 0.5436, -1.9469 2.8856 0.5405, -1.9469 2.9245 0.5905, -1.9469 2.9223 0.5937, -1.9469 2.921 0.5949, -1.9469 2.9095 0.601, -1.9469 2.9004 0.6021, -1.9469 2.8783 0.6539, -1.9469 2.8931 0.6015, -1.9469 2.8853 0.563, -1.9469 2.8831 0.5598, -1.9469 2.8819 0.5564, -1.9469 2.8814 0.552, -1.9469 2.8889 0.5376, -1.9469 2.8922 0.5356, -1.9469 2.9015 0.5926, -1.9469 2.905 0.5923, -1.9469 2.9143 0.5836, -1.9469 2.9081 0.5915, -1.9469 2.9107 0.5901, -1.9469 2.9142 0.5821, -1.9469 2.9137 0.5802, -1.9469 2.9129 0.5787, -1.9469 2.9118 0.5774, -1.9469 2.9076 0.5748, -1.9469 2.8932 0.5916, -1.9469 2.9004 0.5717, -1.9469 2.8866 0.589, -1.9469 2.8959 0.5698, -1.9469 2.8881 0.5655, -1.9469 2.9125 0.5886, -1.9469 2.9135 0.5871, -1.9469 2.9141 0.5855, -1.9469 2.9152 0.5429, -1.9469 2.9086 0.5632, -1.9469 2.9156 0.5664, -1.9469 2.9072 0.5418, -1.9469 2.9067 0.5418, -1.9469 2.901 0.56, -1.9469 2.9007 0.5425, -1.9469 2.8934 0.5509, -1.9469 2.8935 0.5523, -1.9469 2.8977 0.5436, -1.9469 2.8966 0.5443, -1.9469 2.8952 0.5454, -1.9469 2.8942 0.547, -1.9469 2.8936 0.5486, -1.9469 2.894 0.5541, -1.9469 2.8949 0.5557, -1.9469 2.8964 0.5572, -1.9469 2.6521 0.6813, -1.9469 2.6824 0.682, -1.9469 2.6958 0.682, -1.9469 2.7053 0.7076, -1.9469 2.7396 0.7076, -1.9469 2.7396 0.6813, -1.9469 2.718 0.7755, -1.9469 2.6521 0.7762, -1.9469 2.7396 0.7762, -1.9469 2.7442 0.7076, -1.9469 2.7532 0.682, -1.9469 2.7691 0.6813, -1.9469 2.7665 0.682, -1.9469 2.7691 0.7762, -1.9469 2.7396 0.7527, -1.9469 2.7309 0.7755, -1.9469 2.8566 0.7762, -1.9469 2.8783 0.7762, -1.9469 2.8675 0.7755, -1.9469 2.8783 0.7755, -1.9469 2.9036 0.7241, -1.9469 2.9036 0.6927, -1.9469 2.8783 0.7241, -1.9469 2.8783 0.6927, -1.9469 2.8702 0.7241, -1.9469 2.8654 0.6927, -1.9469 2.8702 0.7348, -1.9469 2.8675 0.7647, -1.9469 2.8783 0.7348, -1.9469 2.8783 0.7647, -1.9469 2.9036 0.7348, -1.9469 2.9036 0.7647, -1.9469 2.9156 0.682, -1.9469 2.921 0.6813, -1.9469 2.8783 0.6813, -1.9469 2.8566 0.6813, -1.9469 2.8654 0.682, -1.9469 2.8783 0.682, -1.9469 2.9156 0.7755, -1.9469 2.921 0.7762, -1.9469 2.9343 0.7606, -1.9469 2.9343 0.6975, -1.9469 2.9365 0.7617, -1.9469 2.9383 0.6956, -1.9469 2.9383 0.7624, -1.9469 2.9461 0.7651, -1.9469 2.9531 0.6915, -1.9469 2.9427 0.6936, -1.9469 2.9916 0.7266, -1.9469 2.9916 0.7277, -1.9469 2.9563 0.7661, -1.9469 2.9598 0.766, -1.9469 2.9679 0.7645, -1.9469 2.9835 0.7539, -1.9469 2.9877 0.7471, -1.9469 2.9905 0.7386, -1.9469 2.9901 0.7152, -1.9469 2.9871 0.7076, -1.9469 2.9824 0.7011, -1.9469 2.9742 0.6948, -1.9469 2.9675 0.6923, -1.9469 2.9584 0.6912, -1.9469 2.9753 0.7611, -1.9469 2.9818 0.7558, -1.9469 2.9804 0.699, -1.9469 2.9471 0.7762, -1.9469 2.943 0.7758, -1.9469 2.9383 0.7762, -1.9469 2.9383 0.7744, -1.9469 2.9343 0.7732, -1.9469 2.955 0.777, -1.9469 2.9383 1.7913, -1.9469 2.9565 0.777, -1.9469 3.0001 1.7913, -1.9469 2.963 0.7762, -1.9469 2.9796 0.7717, -1.9469 2.9699 0.7754, -1.9469 3.0001 0.7762, -1.9469 2.9969 0.7556, -1.9469 2.9908 0.7633, -1.9469 2.9887 0.7653, -1.9469 3.0057 0.7762, -1.9469 3.0016 0.7454, -1.9469 3.0001 0.7486, -1.9469 3.0025 0.7119, -1.9469 3.0057 0.6813, -1.9469 3.0043 0.727, -1.9469 3.004 0.7335, -1.9469 2.9765 0.683, -1.9469 2.9853 0.6873, -1.9469 2.9923 0.6932, -1.9469 2.9931 0.6942, -1.9469 2.9686 0.6813, -1.9469 3.0001 0.6539, -1.9469 2.9665 0.6808, -1.9469 2.9602 0.6805, -1.9469 2.9519 0.6813, -1.9469 2.9343 0.6859, -1.9469 2.9359 0.6851, -1.9469 2.9383 0.6813, -1.9469 2.9383 0.6843, -1.9469 2.9459 0.6818, -1.9469 2.9914 0.5654, -1.9469 2.9894 0.5845, -1.9469 2.9939 0.5616, -1.9469 2.9953 0.5574, -1.9469 2.9423 0.5339, -1.9469 2.954 0.5339, -1.9469 2.9434 0.5863, -1.9469 2.9423 0.5768, -1.9469 2.9879 0.5685, -1.9469 2.9831 0.5711, -1.9469 2.9816 0.5894, -1.9469 2.9738 0.5735, -1.9469 2.9635 0.5922, -1.9469 2.9675 0.5926, -1.9469 2.9743 0.5919, -1.9469 2.9862 0.5348, -1.9469 2.9902 0.5375, -1.9469 3.0001 0.5331, -1.9469 2.9915 0.5389, -1.9469 2.9939 0.5425, -1.9469 2.9543 0.5999, -1.9469 2.9504 0.5976, -1.9469 2.954 0.5442, -1.9469 2.9543 0.5442, -1.9469 2.9561 0.5414, -1.9469 2.9598 0.5374, -1.9469 2.9953 0.5464, -1.9469 2.9959 0.5517, -1.9469 2.9894 0.5959, -1.9469 2.9591 0.6014, -1.9469 2.9477 0.5951, -1.9469 2.9453 0.5914, -1.9469 2.954 0.5763, -1.9469 2.9544 0.5814, -1.9469 2.9556 0.5856, -1.9469 2.957 0.588, -1.9469 2.9588 0.5899, -1.9469 2.9608 0.5912, -1.9469 2.9857 0.598, -1.9469 2.9767 0.601, -1.9469 2.9664 0.6021, -1.9469 2.9684 0.5331, -1.9469 2.9687 0.5329, -1.9469 2.9383 0.4961, -1.9469 3.0001 0.4961, -1.9469 2.9747 0.5323, -1.9469 2.9815 0.5331, -1.9469 2.9817 0.5331, -1.9469 2.8566 0.5529, -1.9469 2.8753 0.6006, -1.9469 2.8622 0.6006, -1.9469 2.8495 0.5331, -1.9469 2.8491 0.534, -1.9469 2.8566 0.5177, -1.9469 2.8565 0.5177, -1.9469 2.8566 0.5331, -1.9469 2.8543 0.5219, -1.9469 2.8729 0.5138, -1.9469 2.8729 0.5034, -1.9469 2.8705 0.513, -1.9469 2.8662 0.5125, -1.9469 2.8634 0.5128, -1.9469 2.8566 0.5045, -1.9469 2.8606 0.503, -1.9469 2.8566 0.4961, -1.9469 2.8653 0.5024, -1.9469 2.8679 0.5025, -1.9469 2.8609 0.5137, -1.9469 2.8587 0.5152, -1.9469 2.8415 0.5238, -1.9469 2.8468 0.5135, -1.9469 2.7691 0.4961, -1.9469 2.8379 0.5331, -1.9469 2.8511 0.5083, -1.9469 2.8519 0.5076, -1.9469 2.856 0.5047, -1.9469 2.7396 0.4961, -1.9469 2.7691 0.0, -1.9469 2.8566 0.0, -1.9469 2.8783 0.0, -1.9469 2.921 0.0, -1.9469 2.9383 0.0, -1.9469 3.0001 0.0, -1.9469 2.964 0.5347, -1.9469 1.893 0.5331, -1.9469 2.6521 0.5331, -1.9469 3.0573 0.6273, -1.9469 3.0573 0.5339, -1.9469 3.0057 0.5331, -1.9469 3.0057 0.4961, -1.9469 3.0057 0.0, -1.9469 3.0092 0.6273, -1.9469 3.0057 0.6539, -1.9469 3.0092 0.6165, -1.9469 3.0071 0.5445, -1.9469 3.0071 0.5339, -1.9469 3.0453 0.5759, -1.9469 3.0453 0.5445, -1.9469 3.0119 0.5759, -1.9469 3.0119 0.5866, -1.9469 3.0453 0.5866, -1.9469 3.0453 0.6165, -1.9469 2.7307 0.5339, -1.9469 2.6576 0.5638, -1.9469 2.6625 0.5543, -1.9469 2.6893 0.5357, -1.9469 2.7051 0.5339, -1.9469 2.6597 0.6034, -1.9469 2.6562 0.5945, -1.9469 2.6521 0.6539, -1.9469 2.6547 0.5818, -1.9469 2.6551 0.5745, -1.9469 2.6688 0.5469, -1.9469 2.6787 0.5399, -1.9469 2.6881 0.6252, -1.9469 2.677 0.6208, -1.9469 2.7307 0.6273, -1.9469 2.7041 0.6273, -1.9469 2.7022 0.6272, -1.9469 2.6688 0.6149, -1.9469 2.6654 0.6116, -1.9469 2.6362 0.5339, -1.9469 2.6495 0.5339, -1.9469 2.5788 0.5339, -1.9469 2.5883 0.5594, -1.9469 2.6272 0.5594, -1.9469 2.6139 0.6273, -1.9469 2.601 0.6273, -1.9469 3.0573 0.682, -1.9469 3.0573 0.7755, -1.9469 3.0081 0.682, -1.9469 2.7766 0.7516, -1.9469 2.7732 0.7427, -1.9469 2.7717 0.7299, -1.9469 2.7721 0.7227, -1.9469 2.7746 0.712, -1.9469 2.7794 0.7025, -1.9469 2.7858 0.6951, -1.9469 2.7956 0.6881, -1.9469 2.8051 0.7734, -1.9469 2.794 0.769, -1.9469 2.8211 0.7755, -1.9469 2.8191 0.7754, -1.9469 2.8063 0.6839, -1.9469 2.822 0.682, -1.9469 2.8477 0.682, -1.9469 2.8477 0.7755, -1.9469 2.7858 0.7631, -1.9469 2.7824 0.7598, -1.9469 2.5655 0.5339, -1.9469 1.893 0.6539, -1.9469 1.893 0.6813, -1.9469 1.893 0.7762, -1.9469 1.2205 0.5331, -1.9469 1.2205 0.6539, -1.9469 1.2205 0.6813, -1.9469 1.2205 0.7762, -1.9469 3.0057 1.7913, -1.9469 1.2205 1.7913, -1.9469 1.893 1.7913, -1.9469 2.6521 1.7913, -1.9469 2.7396 1.7913, -1.9469 2.7691 1.7913, -1.9469 2.8566 1.7913, -1.9469 2.8783 1.7913, -1.9469 2.921 1.7913, -0.0965 4.6565 0.0, -0.0965 4.6565 -0.3768, -0.2238 4.617 0.0, -0.1188 4.652 -0.3937, -0.2238 4.617 -0.3937, -0.3379 4.5482 -0.3937, -0.3379 4.5482 0.0, -0.4321 4.4539 -0.3937, -0.4321 4.4539 0.0, -0.5009 4.3399 -0.3937, -0.5009 4.3399 0.0, -0.5359 4.2349 -0.3937, -0.5404 4.2126 0.0, -0.5404 4.2126 -0.3768, 0.5442 4.2126 0.0, 0.5442 4.2126 -0.3768, 0.5048 4.3399 0.0, 0.5397 4.2349 -0.3937, 0.5048 4.3399 -0.3937, 0.4359 4.4539 -0.3937, 0.4359 4.4539 0.0, 0.3417 4.5482 -0.3937, 0.3417 4.5482 0.0, 0.2276 4.617 -0.3937, 0.2276 4.617 0.0, 0.1226 4.652 -0.3937, 0.1003 4.6565 0.0, 0.1003 4.6565 -0.3768, -0.5404 4.0157 0.0, -0.5404 4.0157 -0.3768, -0.5009 3.8885 0.0, -0.5359 3.9935 -0.3937, -0.5009 3.8885 -0.3937, -0.4321 3.7744 -0.3937, -0.4321 3.7744 0.0, -0.3379 3.6802 -0.3937, -0.3379 3.6802 0.0, -0.2238 3.6113 -0.3937, -0.2238 3.6113 0.0, -0.1188 3.5764 -0.3937, -0.0965 3.5718 0.0, -0.0965 3.5718 -0.3768, -1.3233 1.2205 0.8169, -1.3626 1.2205 0.9119, -1.376 1.2205 1.0138, 0.8843 1.2205 0.6335, 0.7893 1.2205 0.6728, -0.5886 1.2205 1.0138, 0.7078 1.2205 0.7354, 0.6452 1.2205 0.8169, 0.6059 1.2205 1.1157, -0.7855 1.2205 1.3547, -0.7039 1.2205 1.2922, -1.0842 1.2205 0.6335, -1.1792 1.2205 0.6728, -1.2607 1.2205 0.7354, -1.3626 1.2205 1.1157, -1.3233 1.2205 1.2106, -1.9389 1.2205 1.8525, -1.2607 1.2205 1.2922, -1.8288 1.2205 1.9959, -1.8777 1.2205 1.9584, -1.9153 1.2205 1.9095, -1.1792 1.2205 1.3547, -1.0842 1.2205 1.3941, -1.7107 1.2205 2.0276, -0.9823 1.2205 1.4075, 1.7145 1.2205 2.0276, 1.3665 1.2205 0.9119, 1.9507 1.2205 0.0, 1.3799 1.2205 1.0138, 1.9507 1.2205 1.7913, 1.3665 1.2205 1.1157, 1.3271 1.2205 1.2106, 1.3271 1.2205 0.8169, 1.2646 1.2205 0.7354, 1.183 1.2205 0.6728, -0.7855 1.2205 0.6728, -0.8804 1.2205 0.6335, 0.8843 1.2205 1.3941, 0.9862 1.2205 1.4075, -1.7718 1.2205 2.0195, 0.6452 1.2205 1.2106, 0.7078 1.2205 1.2922, 0.7893 1.2205 1.3547, -0.9823 1.2205 0.6201, -0.6414 1.2205 1.2106, -0.602 1.2205 1.1157, 0.5925 1.2205 1.0138, 0.6059 1.2205 0.9119, -0.8804 1.2205 1.3941, 1.2646 1.2205 1.2922, 1.9191 1.2205 1.9095, 1.8815 1.2205 1.9584, 1.0881 1.2205 0.6335, 0.9862 1.2205 0.6201, 1.9427 1.2205 1.8525, -0.602 1.2205 0.9119, -0.6414 1.2205 0.8169, -0.7039 1.2205 0.7354, 1.0881 1.2205 1.3941, 1.183 1.2205 1.3547, 1.7757 1.2205 2.0195, 1.8326 1.2205 1.9959, 1.9507 4.7638 1.7913, 1.9507 4.7638 0.0, -1.7501 4.7638 0.1969, -1.8288 4.7638 1.9959, -1.7718 4.7638 2.0195, -1.7501 4.7638 1.8307, -1.7107 4.7638 2.0276, 1.2382 4.7638 1.8307, 1.7145 4.7638 2.0276, 1.7757 4.7638 2.0195, 1.2382 4.7638 0.1969, 1.7539 4.7638 0.6955, 1.7539 4.7638 1.3321, 1.9427 4.7638 1.8525, 1.9191 4.7638 1.9095, -1.9389 4.7638 1.8525, 1.8326 4.7638 1.9959, 1.8815 4.7638 1.9584, -1.9153 4.7638 1.9095, -1.8777 4.7638 1.9584, -0.5886 4.2126 0.0, -0.0965 3.5236 0.0, 0.5048 3.8885 0.0, 0.5442 4.0157 0.0, 0.5925 4.0157 0.0, -0.5886 4.0157 0.0, 0.1003 3.5236 0.0, -0.0965 4.7047 0.0, 0.1003 4.7047 0.0, 0.3417 3.6802 0.0, 0.4359 3.7744 0.0, 0.1003 3.5718 0.0, 0.2276 3.6113 0.0, 0.5925 4.2126 0.0, -1.7501 1.6142 1.8307, -1.7501 1.6142 0.1969, 1.2382 1.6142 0.1969, 1.7539 1.6142 0.6955, 1.7539 1.6142 1.3321, 1.2382 1.6142 1.8307, -1.2973 1.6142 1.0138, -1.2866 1.6142 0.9323, -1.2551 1.6142 0.8563, -1.205 1.6142 0.7911, -1.1398 1.6142 0.741, 0.9047 1.6142 0.7096, 0.9862 1.6142 0.6988, -1.0639 1.6142 0.7096, -0.9823 1.6142 0.6988, -0.9008 1.6142 0.7096, 0.8287 1.6142 0.741, 0.7635 1.6142 0.7911, 0.9047 1.6142 1.318, 0.8287 1.6142 1.2865, -0.6781 1.6142 0.9323, 0.7635 1.6142 1.2365, -0.8249 1.6142 0.741, 0.6712 1.6142 1.0138, 0.6819 1.6142 0.9323, 0.7134 1.6142 0.8563, 1.2904 1.6142 1.0953, 1.3011 1.6142 1.0138, 1.2904 1.6142 0.9323, 1.2589 1.6142 0.8563, 1.0677 1.6142 0.7096, 1.1437 1.6142 0.741, 1.2089 1.6142 0.7911, -0.9823 1.6142 1.3287, -0.9008 1.6142 1.318, -0.8249 1.6142 1.2865, -0.7596 1.6142 1.2365, -1.0639 1.6142 1.318, -1.1398 1.6142 1.2865, -1.205 1.6142 1.2365, 0.7134 1.6142 1.1713, 0.6819 1.6142 1.0953, -0.7096 1.6142 0.8563, -0.7596 1.6142 0.7911, 1.0677 1.6142 1.318, 0.9862 1.6142 1.3287, 1.2589 1.6142 1.1713, 1.2089 1.6142 1.2365, 1.1437 1.6142 1.2865, -0.6674 1.6142 1.0138, -0.6781 1.6142 1.0953, -0.7096 1.6142 1.1713, -1.2551 1.6142 1.1713, -1.2866 1.6142 1.0953
            ]
        }
        coordIndex [
            0,1,2,-1,3,4,5,-1,6,3,7,-1,8,6,9,-1,10,11,12,-1,13,14,15,-1,16,17,18,-1,19,20,21,-1,21,20,22,-1,23,24,21,-1,21,24,25,-1,21,25,26,-1,26,27,21,-1,21,27,28,-1,21,28,19,-1,29,30,31,-1,31,30,32,-1,32,30,33,-1,33,30,34,-1,33,34,35,-1,35,34,36,-1,35,36,37,-1,36,38,37,-1,37,38,39,-1,37,39,40,-1,40,39,41,-1,40,41,42,-1,43,44,36,-1,36,44,45,-1,36,45,38,-1,46,47,48,-1,48,49,46,-1,46,49,50,-1,46,50,36,-1,36,50,51,-1,36,51,43,-1,52,53,54,-1,54,53,55,-1,52,54,56,-1,56,54,57,-1,56,57,58,-1,55,59,54,-1,54,59,60,-1,54,60,47,-1,47,60,61,-1,47,61,48,-1,62,63,54,-1,54,63,64,-1,64,65,54,-1,54,65,66,-1,54,66,57,-1,67,68,69,-1,69,70,67,-1,67,70,71,-1,67,71,72,-1,62,73,63,-1,63,73,67,-1,63,67,74,-1,74,67,72,-1,75,76,68,-1,68,76,77,-1,68,77,78,-1,78,79,68,-1,68,79,80,-1,68,80,69,-1,81,82,83,-1,84,85,86,-1,87,88,75,-1,89,90,91,-1,91,90,92,-1,84,86,93,-1,87,75,94,-1,95,96,90,-1,90,96,97,-1,90,97,98,-1,83,82,75,-1,75,82,99,-1,75,99,94,-1,85,100,86,-1,86,100,101,-1,86,101,102,-1,103,104,105,-1,105,104,106,-1,105,106,107,-1,108,98,109,-1,109,98,110,-1,109,110,105,-1,105,110,111,-1,105,111,103,-1,108,112,98,-1,98,112,113,-1,98,113,90,-1,90,113,114,-1,90,114,92,-1,115,116,117,-1,117,116,118,-1,117,118,86,-1,86,118,119,-1,86,119,93,-1,120,121,86,-1,86,121,122,-1,86,122,90,-1,90,122,123,-1,90,123,95,-1,124,125,76,-1,76,125,126,-1,76,126,127,-1,127,128,76,-1,76,128,129,-1,76,129,130,-1,130,129,115,-1,130,115,131,-1,131,115,117,-1,88,132,75,-1,75,132,133,-1,75,133,76,-1,76,133,134,-1,76,134,124,-1,102,135,86,-1,86,135,136,-1,86,136,137,-1,137,138,86,-1,86,138,139,-1,86,139,120,-1,140,141,142,-1,142,98,140,-1,140,98,97,-1,140,97,143,-1,143,97,144,-1,144,145,143,-1,143,145,146,-1,143,146,147,-1,148,149,150,-1,149,151,150,-1,150,151,152,-1,150,152,153,-1,154,150,155,-1,141,140,154,-1,154,140,156,-1,154,156,150,-1,150,156,157,-1,150,157,148,-1,155,158,154,-1,154,158,159,-1,154,159,160,-1,153,152,161,-1,161,152,162,-1,161,162,163,-1,163,162,164,-1,163,164,165,-1,166,167,160,-1,160,167,168,-1,160,168,154,-1,20,169,22,-1,22,169,170,-1,22,170,83,-1,83,170,171,-1,83,171,81,-1,172,173,174,-1,18,17,175,-1,175,17,176,-1,175,176,177,-1,178,179,180,-1,180,179,181,-1,180,181,182,-1,182,181,172,-1,182,172,183,-1,184,185,186,-1,186,185,187,-1,186,187,177,-1,174,173,188,-1,188,173,189,-1,188,189,190,-1,191,192,193,-1,194,195,196,-1,196,195,197,-1,196,197,198,-1,198,197,191,-1,198,191,199,-1,199,191,193,-1,200,201,202,-1,203,204,205,-1,206,207,208,-1,208,207,209,-1,208,209,205,-1,205,209,210,-1,205,210,203,-1,211,212,213,-1,213,212,214,-1,213,214,215,-1,215,214,216,-1,215,216,205,-1,217,218,14,-1,14,218,219,-1,14,219,15,-1,220,221,15,-1,222,223,224,-1,225,226,15,-1,15,226,227,-1,201,228,202,-1,202,228,229,-1,202,229,224,-1,224,229,230,-1,224,230,222,-1,223,231,224,-1,224,231,232,-1,224,232,233,-1,233,232,234,-1,233,234,220,-1,235,236,221,-1,221,236,237,-1,221,237,15,-1,15,237,238,-1,15,238,225,-1,227,239,15,-1,15,239,240,-1,15,240,13,-1,241,242,243,-1,243,242,244,-1,243,244,245,-1,243,246,241,-1,241,246,247,-1,241,247,248,-1,248,249,241,-1,241,249,250,-1,241,250,251,-1,251,250,252,-1,251,252,253,-1,253,252,254,-1,253,254,221,-1,221,254,255,-1,221,255,235,-1,256,257,245,-1,245,257,258,-1,245,258,243,-1,259,260,206,-1,206,260,261,-1,206,261,207,-1,259,262,260,-1,260,262,263,-1,260,263,264,-1,264,263,265,-1,264,266,267,-1,265,268,264,-1,264,268,269,-1,264,269,270,-1,270,271,264,-1,264,271,272,-1,264,272,266,-1,267,273,264,-1,264,273,274,-1,264,274,275,-1,276,277,278,-1,279,280,278,-1,278,280,281,-1,278,281,276,-1,277,276,282,-1,282,276,283,-1,282,283,284,-1,280,285,281,-1,281,285,286,-1,281,286,287,-1,287,286,288,-1,287,288,289,-1,289,288,290,-1,289,290,284,-1,284,290,291,-1,284,291,282,-1,292,293,294,-1,294,293,295,-1,296,297,298,-1,298,297,299,-1,298,299,300,-1,300,299,301,-1,300,301,302,-1,302,301,303,-1,302,303,304,-1,304,303,305,-1,304,305,306,-1,306,305,307,-1,308,309,310,-1,294,303,292,-1,292,303,301,-1,292,301,311,-1,311,301,312,-1,311,312,310,-1,310,312,313,-1,310,313,308,-1,295,293,314,-1,314,293,315,-1,314,315,308,-1,308,315,309,-1,309,315,316,-1,309,316,317,-1,317,316,318,-1,317,318,319,-1,319,318,320,-1,319,320,321,-1,322,323,324,-1,324,323,319,-1,324,319,325,-1,321,326,319,-1,319,326,327,-1,319,327,328,-1,329,330,319,-1,319,330,331,-1,319,331,325,-1,332,333,334,-1,335,336,324,-1,324,336,337,-1,324,337,322,-1,328,338,319,-1,319,338,339,-1,319,339,329,-1,332,334,324,-1,324,334,340,-1,324,340,335,-1,341,342,343,-1,343,342,344,-1,343,344,315,-1,315,344,345,-1,315,345,316,-1,346,347,348,-1,348,347,349,-1,348,349,350,-1,351,352,353,-1,354,355,353,-1,353,355,356,-1,353,356,351,-1,357,358,353,-1,353,358,359,-1,353,359,354,-1,11,360,361,-1,361,360,362,-1,361,362,357,-1,357,362,363,-1,357,363,358,-1,364,365,12,-1,365,366,12,-1,12,366,367,-1,12,367,10,-1,364,12,368,-1,368,12,369,-1,368,369,370,-1,370,369,371,-1,371,369,202,-1,371,202,372,-1,317,373,309,-1,309,373,374,-1,309,374,375,-1,375,374,376,-1,375,376,377,-1,378,379,380,-1,380,379,381,-1,215,382,383,-1,202,384,385,-1,378,386,379,-1,379,386,387,-1,379,387,388,-1,388,387,389,-1,390,391,389,-1,389,391,392,-1,389,392,388,-1,204,200,205,-1,205,200,202,-1,205,202,215,-1,215,202,385,-1,215,385,382,-1,393,394,395,-1,395,394,396,-1,395,396,397,-1,398,399,202,-1,400,401,383,-1,383,401,402,-1,383,402,403,-1,397,404,395,-1,395,404,405,-1,395,405,369,-1,369,405,381,-1,369,381,406,-1,406,381,379,-1,398,202,407,-1,399,408,202,-1,202,408,409,-1,202,409,384,-1,410,411,389,-1,389,411,412,-1,389,412,413,-1,413,414,389,-1,389,414,415,-1,389,415,390,-1,406,416,369,-1,369,416,417,-1,369,417,202,-1,202,417,418,-1,202,418,407,-1,419,420,421,-1,421,420,422,-1,420,423,422,-1,422,423,424,-1,422,424,395,-1,395,424,425,-1,395,425,393,-1,426,427,15,-1,220,15,233,-1,233,15,427,-1,233,427,195,-1,195,427,428,-1,195,428,197,-1,429,430,426,-1,431,432,433,-1,433,432,434,-1,433,434,429,-1,429,426,433,-1,433,426,15,-1,433,15,435,-1,435,15,219,-1,435,219,436,-1,435,437,433,-1,433,437,438,-1,433,438,439,-1,440,441,442,-1,442,441,443,-1,442,443,219,-1,219,443,444,-1,219,444,436,-1,439,445,433,-1,433,445,446,-1,433,446,431,-1,447,448,449,-1,447,449,450,-1,448,451,449,-1,449,451,452,-1,449,452,442,-1,442,452,453,-1,442,453,440,-1,8,454,455,-1,455,454,449,-1,455,449,456,-1,456,449,442,-1,456,442,457,-1,457,442,219,-1,457,219,458,-1,458,219,218,-1,458,218,459,-1,459,218,421,-1,459,421,460,-1,460,421,422,-1,217,211,218,-1,218,211,213,-1,218,213,421,-1,421,213,215,-1,421,215,419,-1,419,215,383,-1,419,383,461,-1,461,383,403,-1,454,174,449,-1,449,174,188,-1,449,188,450,-1,450,188,190,-1,450,190,194,-1,194,190,16,-1,194,16,195,-1,195,16,18,-1,6,7,9,-1,9,7,462,-1,9,462,463,-1,464,83,465,-1,465,83,75,-1,465,75,466,-1,466,75,68,-1,466,68,467,-1,467,68,67,-1,467,67,468,-1,464,469,470,-1,469,471,470,-1,470,471,472,-1,470,472,466,-1,466,472,473,-1,466,473,465,-1,474,475,476,-1,476,475,472,-1,476,472,477,-1,477,472,471,-1,477,471,478,-1,478,471,479,-1,187,183,177,-1,177,183,172,-1,177,172,175,-1,175,172,174,-1,175,174,480,-1,463,481,482,-1,463,483,484,-1,485,486,487,-1,487,486,488,-1,487,488,463,-1,463,488,489,-1,463,489,481,-1,482,490,463,-1,463,490,491,-1,463,491,483,-1,8,9,454,-1,454,9,463,-1,454,463,174,-1,174,463,484,-1,174,484,480,-1,487,492,493,-1,480,494,175,-1,175,494,495,-1,175,495,487,-1,487,495,496,-1,487,496,492,-1,493,497,487,-1,487,497,498,-1,487,498,485,-1,499,500,463,-1,501,502,503,-1,463,500,487,-1,487,500,504,-1,487,504,505,-1,11,361,12,-1,12,361,470,-1,12,470,369,-1,369,470,466,-1,369,466,395,-1,395,466,467,-1,395,467,422,-1,422,467,468,-1,422,468,460,-1,487,276,175,-1,175,276,281,-1,175,281,18,-1,18,281,287,-1,18,287,195,-1,195,287,311,-1,195,311,233,-1,233,311,310,-1,233,310,224,-1,224,310,309,-1,224,309,202,-1,202,309,375,-1,202,375,372,-1,372,375,377,-1,464,470,83,-1,83,470,361,-1,83,361,22,-1,22,361,506,-1,22,506,21,-1,506,507,21,-1,21,507,0,-1,21,0,357,-1,357,0,2,-1,357,2,361,-1,361,2,508,-1,361,508,506,-1,509,510,289,-1,289,510,511,-1,289,511,287,-1,287,511,512,-1,287,512,513,-1,513,514,287,-1,287,514,515,-1,287,515,516,-1,289,517,518,-1,292,519,289,-1,289,519,520,-1,289,520,517,-1,516,521,287,-1,287,521,522,-1,287,522,311,-1,311,522,523,-1,311,523,292,-1,292,523,524,-1,292,524,519,-1,518,525,289,-1,289,525,526,-1,289,526,509,-1,503,499,501,-1,501,499,463,-1,501,463,527,-1,527,463,462,-1,527,462,505,-1,505,462,528,-1,505,528,487,-1,487,528,529,-1,487,529,276,-1,276,529,530,-1,276,530,283,-1,3,5,7,-1,7,5,531,-1,7,531,462,-1,462,531,532,-1,462,532,528,-1,528,532,533,-1,528,533,529,-1,529,533,534,-1,529,534,530,-1,352,350,353,-1,353,350,349,-1,353,349,357,-1,357,349,535,-1,357,535,21,-1,21,535,30,-1,21,30,23,-1,23,30,29,-1,534,536,530,-1,530,536,537,-1,530,537,283,-1,283,537,538,-1,283,538,284,-1,284,538,539,-1,284,539,289,-1,289,539,540,-1,289,540,292,-1,292,540,541,-1,292,541,293,-1,293,541,542,-1,293,542,315,-1,315,542,543,-1,315,543,343,-1,343,543,347,-1,343,347,341,-1,341,347,346,-1,544,545,546,-1,546,545,547,-1,547,548,546,-1,546,548,549,-1,546,549,550,-1,550,549,551,-1,550,551,552,-1,552,551,553,-1,552,553,554,-1,554,553,555,-1,554,555,556,-1,556,555,557,-1,558,559,560,-1,560,559,561,-1,561,562,560,-1,560,562,563,-1,560,563,564,-1,564,563,565,-1,564,565,566,-1,566,565,567,-1,566,567,568,-1,568,567,569,-1,568,569,570,-1,570,569,571,-1,572,573,574,-1,574,573,575,-1,575,576,574,-1,574,576,577,-1,574,577,578,-1,578,577,579,-1,578,579,580,-1,580,579,581,-1,580,581,582,-1,582,581,583,-1,582,583,584,-1,584,583,585,-1,534,533,586,-1,586,533,532,-1,586,587,534,-1,534,587,588,-1,534,588,536,-1,589,590,591,-1,591,590,592,-1,591,592,593,-1,594,595,596,-1,597,598,4,-1,4,598,599,-1,4,599,5,-1,5,599,586,-1,5,586,531,-1,531,586,532,-1,588,600,536,-1,536,600,601,-1,536,601,602,-1,602,601,603,-1,604,605,603,-1,603,605,606,-1,603,606,602,-1,607,608,609,-1,609,608,610,-1,609,610,611,-1,612,613,614,-1,614,613,615,-1,614,615,616,-1,616,615,617,-1,612,618,613,-1,613,618,619,-1,613,619,620,-1,621,622,613,-1,623,624,611,-1,607,609,603,-1,603,609,625,-1,603,625,604,-1,594,626,595,-1,595,626,627,-1,595,627,628,-1,613,622,4,-1,4,622,629,-1,4,629,597,-1,596,630,594,-1,594,630,631,-1,594,631,632,-1,632,631,591,-1,632,591,633,-1,633,591,593,-1,610,634,611,-1,611,634,595,-1,611,595,623,-1,623,595,628,-1,635,636,637,-1,620,638,613,-1,613,638,639,-1,613,639,589,-1,617,615,635,-1,635,615,640,-1,635,640,636,-1,591,641,589,-1,589,641,642,-1,589,642,613,-1,613,642,643,-1,613,643,621,-1,624,644,611,-1,611,644,645,-1,611,645,646,-1,646,645,635,-1,646,635,647,-1,647,635,637,-1,615,613,648,-1,648,613,649,-1,62,54,650,-1,650,54,47,-1,651,652,653,-1,653,652,654,-1,653,654,655,-1,655,654,656,-1,655,656,657,-1,62,650,73,-1,73,650,658,-1,73,658,649,-1,649,658,659,-1,649,659,648,-1,648,659,660,-1,648,660,661,-1,661,660,655,-1,661,655,662,-1,47,46,650,-1,650,46,36,-1,650,36,653,-1,653,36,34,-1,653,34,663,-1,657,664,655,-1,655,664,665,-1,655,665,662,-1,663,666,653,-1,653,666,667,-1,653,667,651,-1,656,654,611,-1,611,654,609,-1,554,556,668,-1,582,584,669,-1,670,671,672,-1,8,673,6,-1,6,673,572,-1,669,674,613,-1,649,566,568,-1,544,546,73,-1,73,546,550,-1,73,550,552,-1,8,455,673,-1,673,455,456,-1,673,456,457,-1,572,574,6,-1,6,574,578,-1,6,578,3,-1,3,578,580,-1,3,580,582,-1,544,73,675,-1,675,73,649,-1,675,649,676,-1,676,649,568,-1,676,568,570,-1,552,554,73,-1,73,554,668,-1,73,668,67,-1,67,668,673,-1,67,673,468,-1,468,673,460,-1,457,458,673,-1,673,458,459,-1,673,459,460,-1,582,669,3,-1,3,669,613,-1,3,613,4,-1,613,677,678,-1,558,560,649,-1,649,560,564,-1,649,564,566,-1,674,679,613,-1,613,679,680,-1,613,680,677,-1,678,670,613,-1,613,670,672,-1,613,672,649,-1,649,672,681,-1,649,681,558,-1,656,611,646,-1,656,646,657,-1,657,646,647,-1,657,647,664,-1,664,647,637,-1,664,637,665,-1,665,637,636,-1,665,636,662,-1,662,636,640,-1,662,640,661,-1,661,640,615,-1,661,615,648,-1,663,606,666,-1,666,606,605,-1,666,605,667,-1,667,605,604,-1,667,604,651,-1,651,604,625,-1,651,625,652,-1,652,625,609,-1,652,609,654,-1,663,34,30,-1,30,535,663,-1,663,535,602,-1,663,602,606,-1,535,349,602,-1,602,349,347,-1,602,347,543,-1,543,542,602,-1,602,542,541,-1,602,541,540,-1,537,536,602,-1,540,539,602,-1,602,539,538,-1,602,538,537,-1,682,683,653,-1,653,683,650,-1,683,684,650,-1,650,684,658,-1,684,685,658,-1,658,685,659,-1,685,686,659,-1,659,686,660,-1,686,687,660,-1,660,687,655,-1,687,682,655,-1,655,682,653,-1,682,688,683,-1,683,688,689,-1,689,690,683,-1,683,690,691,-1,683,691,692,-1,684,693,694,-1,692,695,683,-1,683,695,696,-1,683,696,697,-1,693,684,698,-1,698,684,683,-1,698,683,699,-1,700,701,702,-1,702,701,703,-1,704,705,697,-1,697,705,706,-1,697,706,683,-1,683,706,707,-1,683,707,699,-1,708,686,709,-1,709,686,685,-1,709,685,710,-1,710,685,711,-1,694,712,684,-1,684,712,713,-1,684,713,685,-1,685,713,714,-1,685,714,711,-1,715,682,716,-1,716,682,687,-1,716,687,717,-1,717,687,718,-1,715,719,682,-1,682,719,720,-1,682,720,721,-1,703,722,702,-1,702,722,723,-1,702,723,724,-1,724,723,705,-1,724,705,725,-1,725,705,704,-1,726,727,687,-1,687,727,700,-1,708,728,686,-1,686,728,729,-1,686,729,687,-1,687,729,730,-1,687,730,726,-1,702,731,700,-1,700,731,732,-1,700,732,687,-1,687,732,733,-1,687,733,718,-1,721,734,682,-1,682,734,735,-1,682,735,688,-1,
        ]
    }
}
Shape{
    appearance Appearance {
        material  Material 	{
            diffuseColor 0.9686274509803922 0.8784313725490196 0.6
            specularColor 0.6784313725490196 0.615686274509804 0.4196078431372549
            ambientIntensity 0.8737
            transparency 0.0
            shininess 0.5
        }
    }
    geometry IndexedFaceSet {
        ccw TRUE
        solid FALSE
        coord DEF co Coordinate {
            point [
                -0.8938 4.301 0.8604, -0.9365 4.301 0.8427, -0.9823 4.301 1.0138, -0.9823 4.301 0.8366, -1.0282 4.301 0.8427, -0.8112 4.301 0.9679, -0.8289 4.301 0.9252, -0.8571 4.301 0.8885, -0.8289 4.301 1.1024, -0.8112 4.301 1.0596, -0.8052 4.301 1.0138, -0.9365 4.301 1.1849, -0.8938 4.301 1.1672, -0.8571 4.301 1.1391, -1.0709 4.301 1.1672, -1.0282 4.301 1.1849, -0.9823 4.301 1.1909, -1.1535 4.301 1.0596, -1.1358 4.301 1.1024, -1.1076 4.301 1.1391, -1.1358 4.301 0.9252, -1.1535 4.301 0.9679, -1.1595 4.301 1.0138, -1.0709 4.301 0.8604, -1.1076 4.301 0.8885, -0.9823 1.6142 1.3287, -1.0639 4.1632 1.318, -1.0639 1.6142 1.318, -1.1398 4.1632 1.2865, -1.1398 1.6142 1.2865, -1.205 4.1632 1.2365, -1.205 1.6142 1.2365, -1.2551 4.1632 1.1713, -1.2551 1.6142 1.1713, -1.2866 4.1632 1.0953, -1.2866 1.6142 1.0953, -1.2973 4.1632 1.0138, -1.2973 1.6142 1.0138, -1.2866 4.1632 0.9323, -1.2866 1.6142 0.9323, -1.2551 4.1632 0.8563, -1.2551 1.6142 0.8563, -1.205 4.1632 0.7911, -1.205 1.6142 0.7911, -1.1398 4.1632 0.741, -1.1398 1.6142 0.741, -1.0639 4.1632 0.7096, -1.0639 1.6142 0.7096, -0.9823 4.1632 0.6988, -0.9823 1.6142 0.6988, -0.9008 4.1632 0.7096, -0.9008 1.6142 0.7096, -0.8249 4.1632 0.741, -0.8249 1.6142 0.741, -0.7596 4.1632 0.7911, -0.7596 1.6142 0.7911, -0.7096 4.1632 0.8563, -0.7096 1.6142 0.8563, -0.6781 4.1632 0.9323, -0.6781 1.6142 0.9323, -0.6674 4.1632 1.0138, -0.6674 1.6142 1.0138, -0.6781 4.1632 1.0953, -0.6781 1.6142 1.0953, -0.7096 4.1632 1.1713, -0.7096 1.6142 1.1713, -0.7596 4.1632 1.2365, -0.7596 1.6142 1.2365, -0.8249 4.1632 1.2865, -0.8249 1.6142 1.2865, -0.9008 4.1632 1.318, -0.9008 1.6142 1.318, -0.9823 4.1632 1.3287, -0.9823 1.2205 0.6201, -1.0842 0.6299 0.6335, -1.0842 1.2205 0.6335, -1.1792 0.6299 0.6728, -1.1792 1.2205 0.6728, -1.2607 0.6299 0.7354, -1.2607 1.2205 0.7354, -1.3233 0.6299 0.8169, -1.3233 1.2205 0.8169, -1.3626 0.6299 0.9119, -1.3626 1.2205 0.9119, -1.376 0.6299 1.0138, -1.376 1.2205 1.0138, -1.3626 0.6299 1.1157, -1.3626 1.2205 1.1157, -1.3233 0.6299 1.2106, -1.3233 1.2205 1.2106, -1.2607 0.6299 1.2922, -1.2607 1.2205 1.2922, -1.1792 0.6299 1.3547, -1.1792 1.2205 1.3547, -1.0842 0.6299 1.3941, -1.0842 1.2205 1.3941, -0.9823 0.6299 1.4075, -0.9823 1.2205 1.4075, -0.8804 0.6299 1.3941, -0.8804 1.2205 1.3941, -0.7855 0.6299 1.3547, -0.7855 1.2205 1.3547, -0.7039 0.6299 1.2922, -0.7039 1.2205 1.2922, -0.6414 0.6299 1.2106, -0.6414 1.2205 1.2106, -0.602 0.6299 1.1157, -0.602 1.2205 1.1157, -0.5886 0.6299 1.0138, -0.5886 1.2205 1.0138, -0.602 0.6299 0.9119, -0.602 1.2205 0.9119, -0.6414 0.6299 0.8169, -0.6414 1.2205 0.8169, -0.7039 0.6299 0.7354, -0.7039 1.2205 0.7354, -0.7855 0.6299 0.6728, -0.7855 1.2205 0.6728, -0.8804 0.6299 0.6335, -0.8804 1.2205 0.6335, -0.9823 0.6299 0.6201, -0.7096 0.6299 1.1713, -0.7596 0.6299 1.2365, -0.8249 0.6299 1.2865, -0.9008 0.6299 1.318, -0.9823 0.6299 1.3287, -1.0639 0.6299 1.318, -1.1398 0.6299 1.2865, -1.205 0.6299 1.2365, -1.2551 0.6299 1.1713, -1.2866 0.6299 1.0953, -1.2973 0.6299 1.0138, -1.2866 0.6299 0.9323, -1.2551 0.6299 0.8563, -1.205 0.6299 0.7911, -1.1398 0.6299 0.741, -1.0639 0.6299 0.7096, -0.9823 0.6299 0.6988, -0.9008 0.6299 0.7096, -0.8249 0.6299 0.741, -0.7596 0.6299 0.7911, -0.7096 0.6299 0.8563, -0.6781 0.6299 0.9323, -0.6674 0.6299 1.0138, -0.6781 0.6299 1.0953, -0.6674 -0.0 0.315, -0.6781 0.0815 0.315, -0.6722 0.0547 0.4232, -0.7096 0.1575 0.315, -0.6931 0.1247 0.4232, -0.68 0.0809 0.4232, -0.7596 0.2227 0.315, -0.7297 0.1881 0.4232, -0.7114 0.1564 0.4232, -0.8249 0.2728 0.315, -0.7799 0.2413 0.4232, -0.7611 0.2213 0.4232, -0.9008 0.3042 0.315, -0.841 0.2815 0.4232, -0.8257 0.2714 0.4232, -0.9823 0.315 0.315, -0.9097 0.3065 0.4232, -0.9011 0.3033 0.4232, -1.0639 0.3042 0.315, -1.055 0.3065 0.4232, -0.9823 0.315 0.4232, -1.1398 0.2728 0.315, -1.1237 0.2815 0.4232, -1.0635 0.3033 0.4232, -1.205 0.2227 0.315, -1.1848 0.2413 0.4232, -1.1389 0.2714 0.4232, -1.2551 0.1575 0.315, -1.235 0.1881 0.4232, -1.2036 0.2213 0.4232, -1.2866 0.0815 0.315, -1.2715 0.1247 0.4232, -1.2533 0.1564 0.4232, -1.2973 -0.0 0.315, -1.2925 0.0547 0.4232, -1.2846 0.0809 0.4232, -1.2866 -0.0815 0.315, -1.2968 -0.0183 0.4232, -1.2973 -0.0 0.4232, -1.2551 -0.1575 0.315, -1.2841 -0.0903 0.4232, -1.2856 -0.0814 0.4232, -1.205 -0.2227 0.315, -1.2114 -0.2161 0.4232, -1.2551 -0.1575 0.4232, -1.1398 -0.2728 0.315, -1.1554 -0.2632 0.4232, -1.2044 -0.222 0.4232, -1.0639 -0.3042 0.315, -1.0901 -0.296 0.4232, -1.1391 -0.2713 0.4232, -0.9823 -0.315 0.315, -1.0189 -0.3128 0.4232, -1.0634 -0.3023 0.4232, -0.9008 -0.3042 0.315, -0.9458 -0.3128 0.4232, -0.9823 -0.3128 0.4232, -0.8249 -0.2728 0.315, -0.8746 -0.296 0.4232, -0.9013 -0.3023 0.4232, -0.7596 -0.2227 0.315, -0.8093 -0.2632 0.4232, -0.8256 -0.2713 0.4232, -0.7096 -0.1575 0.315, -0.7532 -0.2161 0.4232, -0.7602 -0.222 0.4232, -0.6781 -0.0815 0.315, -0.6806 -0.0903 0.4232, -0.7096 -0.1575 0.4232, -0.669 -0.0001 0.4232, -0.6679 -0.0183 0.4232, -0.679 -0.0814 0.4232, -0.9097 0.5535 0.7049, -0.9823 0.5546 0.6965, -0.9823 0.5905 0.6988, -0.9823 0.3173 0.4592, -0.9097 0.3089 0.4603, -0.841 0.2841 0.4636, -0.9097 0.5905 0.7073, -0.9011 0.5905 0.7104, -0.841 0.5502 0.7297, -0.7799 0.2443 0.4688, -0.841 0.5905 0.7323, -0.8257 0.5905 0.7424, -0.7799 0.545 0.7695, -0.7799 0.5905 0.7725, -0.7611 0.5905 0.7924, -0.7297 0.538 0.8223, -0.7297 0.1915 0.4758, -0.6931 0.1287 0.484, -0.7297 0.5905 0.8257, -0.7114 0.5905 0.8574, -0.6931 0.5297 0.885, -0.6722 0.0593 0.4932, -0.6931 0.5905 0.889, -0.68 0.5905 0.9328, -0.6722 0.5206 0.9545, -0.6679 -0.0131 0.5027, -0.6722 0.5905 0.9591, -0.669 0.5905 1.0139, -0.6679 0.5111 1.0269, -0.6806 -0.0845 0.5121, -0.6679 0.5905 1.0321, -0.679 0.5905 1.0951, -0.6806 0.5017 1.0983, -0.6806 0.5905 1.1041, -0.7096 0.4929 1.1649, -0.7096 0.5905 1.1713, -0.7532 0.4853 1.223, -0.7096 -0.1511 0.5209, -0.7532 -0.2092 0.5285, -0.8093 -0.2558 0.5347, -0.7532 0.5905 1.2299, -0.7602 0.5905 1.2358, -0.8093 0.4791 1.2696, -0.8746 -0.2884 0.5389, -0.8093 0.5905 1.2769, -0.8256 0.5905 1.2851, -0.8746 0.4748 1.3022, -0.9458 -0.3051 0.5411, -0.8746 0.5905 1.3097, -0.9013 0.5905 1.3161, -0.9458 0.4726 1.3189, -1.0189 -0.3051 0.5411, -0.9458 0.5905 1.3266, -0.9823 0.5905 1.3266, -1.0189 0.4726 1.3189, -1.0901 -0.2884 0.5389, -1.0189 0.5905 1.3266, -1.0634 0.5905 1.3161, -1.0901 0.4748 1.3022, -1.1554 -0.2558 0.5347, -1.0901 0.5905 1.3097, -1.1391 0.5905 1.2851, -1.1554 0.4791 1.2696, -1.2114 -0.2092 0.5285, -1.1554 0.5905 1.2769, -1.2044 0.5905 1.2358, -1.2114 0.4853 1.223, -1.2114 0.5905 1.2299, -1.2551 0.4929 1.1649, -1.2551 0.5905 1.1713, -1.2841 0.5017 1.0983, -1.2551 -0.1511 0.5209, -1.2841 -0.0845 0.5121, -1.2968 -0.0131 0.5027, -1.2841 0.5905 1.1041, -1.2856 0.5905 1.0951, -1.2968 0.5111 1.0269, -1.2968 0.5905 1.0321, -1.2973 0.5905 1.0138, -1.2925 0.5206 0.9545, -1.2715 0.1287 0.484, -1.2925 0.0593 0.4932, -1.2925 0.5905 0.9591, -1.2846 0.5905 0.9328, -1.2715 0.5297 0.885, -1.235 0.1915 0.4758, -1.1848 0.2443 0.4688, -1.2715 0.5905 0.889, -1.2533 0.5905 0.8574, -1.235 0.538 0.8223, -1.235 0.5905 0.8257, -1.1848 0.545 0.7695, -1.2036 0.5905 0.7924, -1.1237 0.2841 0.4636, -0.9823 0.3243 0.4946, -0.9097 0.3161 0.4968, -0.841 0.292 0.5032, -0.7799 0.2532 0.5136, -0.7297 0.2018 0.5274, -0.6931 0.1406 0.5438, -0.6722 0.0729 0.5619, -0.6679 0.0024 0.5808, -0.6806 -0.0671 0.5995, -0.7096 -0.132 0.6168, -0.7532 -0.1887 0.632, -0.8093 -0.2341 0.6442, -0.8746 -0.2658 0.6527, -0.9458 -0.2821 0.657, -1.0189 -0.2821 0.657, -1.0901 -0.2658 0.6527, -1.1554 -0.2341 0.6442, -1.2114 -0.1887 0.632, -1.2551 -0.132 0.6168, -1.2841 -0.0671 0.5995, -1.2968 0.0024 0.5808, -1.2925 0.0729 0.5619, -1.2715 0.1406 0.5438, -1.235 0.2018 0.5274, -1.1848 0.2532 0.5136, -1.1237 0.292 0.5032, -0.9823 0.3359 0.5287, -0.9097 0.3281 0.5319, -0.841 0.305 0.5415, -0.7799 0.2679 0.5569, -0.7297 0.2187 0.5772, -0.6931 0.1602 0.6015, -0.6722 0.0955 0.6283, -0.6679 0.028 0.6562, -0.6806 -0.0385 0.6838, -0.7096 -0.1005 0.7095, -0.7532 -0.1547 0.7319, -0.8093 -0.1982 0.7499, -0.8746 -0.2285 0.7625, -0.9458 -0.2441 0.7689, -1.0189 -0.2441 0.7689, -1.0901 -0.2285 0.7625, -1.1554 -0.1982 0.7499, -1.2114 -0.1547 0.7319, -1.2551 -0.1005 0.7095, -1.2841 -0.0385 0.6838, -1.2968 0.028 0.6562, -1.2925 0.0955 0.6283, -1.2715 0.1602 0.6015, -1.235 0.2187 0.5772, -1.1848 0.2679 0.5569, -1.1237 0.305 0.5415, -0.9823 0.3519 0.561, -0.9097 0.3445 0.5653, -0.841 0.3229 0.5778, -0.7799 0.2881 0.5979, -0.7297 0.242 0.6245, -0.6931 0.1872 0.6561, -0.6722 0.1265 0.6912, -0.6679 0.0633 0.7277, -0.6806 0.0009 0.7637, -0.7096 -0.0573 0.7972, -0.7532 -0.1081 0.8266, -0.8093 -0.1488 0.8501, -0.8746 -0.1772 0.8665, -0.9458 -0.1918 0.8749, -1.0189 -0.1918 0.8749, -1.0901 -0.1772 0.8665, -1.1554 -0.1488 0.8501, -1.2114 -0.1081 0.8266, -1.2551 -0.0573 0.7972, -1.2841 0.0009 0.7637, -1.2968 0.0633 0.7277, -1.2925 0.1265 0.6912, -1.2715 0.1872 0.6561, -1.235 0.242 0.6245, -1.1848 0.2881 0.5979, -1.1237 0.3229 0.5778, -0.9823 0.3719 0.591, -0.9097 0.3652 0.5962, -0.841 0.3453 0.6114, -0.7799 0.3134 0.6359, -0.7297 0.2712 0.6682, -0.6931 0.221 0.7068, -0.6722 0.1654 0.7494, -0.6679 0.1075 0.7939, -0.6806 0.0504 0.8377, -0.7096 -0.0029 0.8786, -0.7532 -0.0494 0.9143, -0.8093 -0.0867 0.9429, -0.8746 -0.1128 0.9629, -0.9458 -0.1262 0.9732, -1.0189 -0.1262 0.9732, -1.0901 -0.1128 0.9629, -1.1554 -0.0867 0.9429, -1.2114 -0.0494 0.9143, -1.2551 -0.0029 0.8786, -1.2841 0.0504 0.8377, -1.2968 0.1075 0.7939, -1.2925 0.1654 0.7494, -1.2715 0.221 0.7068, -1.235 0.2712 0.6682, -1.1848 0.3134 0.6359, -1.1237 0.3453 0.6114, -0.9823 0.3957 0.6181, -0.9097 0.3897 0.6241, -0.841 0.372 0.6418, -0.7799 0.3436 0.6702, -0.7297 0.306 0.7078, -0.6931 0.2612 0.7526, -0.6722 0.2116 0.8021, -0.6679 0.16 0.8538, -0.6806 0.1091 0.9047, -0.7096 0.0616 0.9522, -0.7532 0.0201 0.9936, -0.8093 -0.0131 1.0269, -0.8746 -0.0363 1.0501, -0.9458 -0.0482 1.062, -1.0189 -0.0482 1.062, -1.0901 -0.0363 1.0501, -1.1554 -0.0131 1.0269, -1.2114 0.0201 0.9936, -1.2551 0.0616 0.9522, -1.2841 0.1091 0.9047, -1.2968 0.16 0.8538, -1.2925 0.2116 0.8021, -1.2715 0.2612 0.7526, -1.235 0.306 0.7078, -1.1848 0.3436 0.6702, -1.1237 0.372 0.6418, -0.9823 0.4228 0.6419, -0.9097 0.4176 0.6486, -0.841 0.4024 0.6684, -0.7799 0.3779 0.7003, -0.7297 0.3455 0.7425, -0.6931 0.307 0.7928, -0.6722 0.2643 0.8484, -0.6679 0.2199 0.9063, -0.6806 0.1761 0.9634, -0.7096 0.1352 1.0167, -0.7532 0.0995 1.0632, -0.8093 0.0708 1.1005, -0.8746 0.0509 1.1266, -0.9458 0.0406 1.1399, -1.0189 0.0406 1.1399, -1.0901 0.0509 1.1266, -1.1554 0.0708 1.1005, -1.2114 0.0995 1.0632, -1.2551 0.1352 1.0167, -1.2841 0.1761 0.9634, -1.2968 0.2199 0.9063, -1.2925 0.2643 0.8484, -1.2715 0.307 0.7928, -1.235 0.3455 0.7425, -1.1848 0.3779 0.7003, -1.1237 0.4024 0.6684, -0.9823 0.4528 0.6619, -0.9097 0.4485 0.6693, -0.841 0.436 0.6909, -0.7799 0.4159 0.7257, -0.7297 0.3893 0.7718, -0.6931 0.3576 0.8266, -0.6722 0.3226 0.8873, -0.6679 0.2861 0.9505, -0.6806 0.2501 1.0129, -0.7096 0.2165 1.071, -0.7532 0.1872 1.1218, -0.8093 0.1637 1.1626, -0.8746 0.1473 1.191, -0.9458 0.1389 1.2056, -1.0189 0.1389 1.2056, -1.0901 0.1473 1.191, -1.1554 0.1637 1.1626, -1.2114 0.1872 1.1218, -1.2551 0.2165 1.071, -1.2841 0.2501 1.0129, -1.2968 0.2861 0.9505, -1.2925 0.3226 0.8873, -1.2715 0.3576 0.8266, -1.235 0.3893 0.7718, -1.1848 0.4159 0.7257, -1.1237 0.436 0.6909, -0.9823 0.4851 0.6778, -0.9097 0.4818 0.6857, -0.841 0.4723 0.7088, -0.7799 0.4569 0.7459, -0.7297 0.4365 0.7951, -0.6931 0.4123 0.8536, -0.6722 0.3855 0.9183, -0.6679 0.3575 0.9857, -0.6806 0.33 1.0523, -0.7096 0.3043 1.1143, -0.7532 0.2818 1.1685, -0.8093 0.2639 1.2119, -0.8746 0.2513 1.2423, -0.9458 0.2448 1.2578, -1.0189 0.2448 1.2578, -1.0901 0.2513 1.2423, -1.1554 0.2639 1.2119, -1.2114 0.2818 1.1685, -1.2551 0.3043 1.1143, -1.2841 0.33 1.0523, -1.2968 0.3575 0.9857, -1.2925 0.3855 0.9183, -1.2715 0.4123 0.8536, -1.235 0.4365 0.7951, -1.1848 0.4569 0.7459, -1.1237 0.4723 0.7088, -0.9823 0.5192 0.6894, -0.9097 0.517 0.6976, -0.841 0.5105 0.7218, -0.7799 0.5001 0.7606, -0.7297 0.4864 0.812, -0.6931 0.47 0.8732, -0.6722 0.4519 0.9408, -0.6679 0.433 1.0113, -0.6806 0.4143 1.0809, -0.7096 0.3969 1.1458, -0.7532 0.3818 1.2024, -0.8093 0.3696 1.2478, -0.8746 0.3611 1.2795, -0.9458 0.3567 1.2958, -1.0189 0.3567 1.2958, -1.0901 0.3611 1.2795, -1.1554 0.3696 1.2478, -1.2114 0.3818 1.2024, -1.2551 0.3969 1.1458, -1.2841 0.4143 1.0809, -1.2968 0.433 1.0113, -1.2925 0.4519 0.9408, -1.2715 0.47 0.8732, -1.235 0.4864 0.812, -1.1848 0.5001 0.7606, -1.1237 0.5105 0.7218, -1.1237 0.5502 0.7297, -1.055 0.3089 0.4603, -1.1848 0.5905 0.7725, -1.1389 0.5905 0.7424, -1.1237 0.5905 0.7323, -1.0635 0.5905 0.7104, -1.055 0.3161 0.4968, -1.055 0.3281 0.5319, -1.055 0.3445 0.5653, -1.055 0.3652 0.5962, -1.055 0.3897 0.6241, -1.055 0.4176 0.6486, -1.055 0.4485 0.6693, -1.055 0.4818 0.6857, -1.055 0.517 0.6976, -1.055 0.5535 0.7049, -1.055 0.5905 0.7073, -0.628 -0.0 0.0, -0.6401 -0.0917 0.315, -0.6401 -0.0917 0.0, -0.6755 -0.1772 0.315, -0.6755 -0.1772 0.0, -0.7318 -0.2506 0.315, -0.7318 -0.2506 0.0, -0.8052 -0.3069 0.315, -0.8052 -0.3069 0.0, -0.8906 -0.3423 0.315, -0.8906 -0.3423 0.0, -0.9823 -0.3543 0.315, -0.9823 -0.3543 0.0, -1.074 -0.3423 0.315, -1.074 -0.3423 0.0, -1.1595 -0.3069 0.315, -1.1595 -0.3069 0.0, -1.2329 -0.2506 0.315, -1.2329 -0.2506 0.0, -1.2892 -0.1772 0.315, -1.2892 -0.1772 0.0, -1.3246 -0.0917 0.315, -1.3246 -0.0917 0.0, -1.3367 -0.0 0.315, -1.3367 -0.0 0.0, -1.3246 0.0917 0.315, -1.3246 0.0917 0.0, -1.2892 0.1772 0.315, -1.2892 0.1772 0.0, -1.2329 0.2505 0.315, -1.2329 0.2505 0.0, -1.1595 0.3069 0.315, -1.1595 0.3069 0.0, -1.074 0.3423 0.315, -1.074 0.3423 0.0, -0.9823 0.3543 0.315, -0.9823 0.3543 0.0, -0.8906 0.3423 0.315, -0.8906 0.3423 0.0, -0.8052 0.3069 0.315, -0.8052 0.3069 0.0, -0.7318 0.2505 0.315, -0.7318 0.2505 0.0, -0.6755 0.1772 0.315, -0.6755 0.1772 0.0, -0.6401 0.0917 0.315, -0.6401 0.0917 0.0, -0.628 -0.0 0.315, -0.8249 -0.2728 0.0, -0.9008 -0.3042 0.0, -0.9823 -0.315 0.0, -1.0639 -0.3042 0.0, -1.1398 -0.2728 0.0, -1.205 -0.2227 0.0, -1.2551 -0.1575 0.0, -1.2866 -0.0815 0.0, -1.2973 -0.0 0.0, -1.2866 0.0815 0.0, -1.2551 0.1575 0.0, -1.205 0.2227 0.0, -1.1398 0.2728 0.0, -1.0639 0.3042 0.0, -0.9823 0.315 0.0, -0.9008 0.3042 0.0, -0.8249 0.2728 0.0, -0.7596 0.2227 0.0, -0.7096 0.1575 0.0, -0.6781 0.0815 0.0, -0.6674 -0.0 0.0, -0.6781 -0.0815 0.0, -0.7096 -0.1575 0.0, -0.7596 -0.2227 0.0, -1.1869 -0.1181 -1.1811, -1.2105 -0.0611 -1.1811, -0.9823 -0.0 -1.1811, -1.2186 -0.0 -1.1811, -1.2105 0.0611 -1.1811, -1.0435 -0.2282 -1.1811, -1.1004 -0.2046 -1.1811, -1.1494 -0.167 -1.1811, -0.8642 -0.2046 -1.1811, -0.9212 -0.2282 -1.1811, -0.9823 -0.2362 -1.1811, -0.7542 -0.0611 -1.1811, -0.7778 -0.1181 -1.1811, -0.8153 -0.167 -1.1811, -0.7778 0.1181 -1.1811, -0.7542 0.0611 -1.1811, -0.7461 -0.0 -1.1811, -0.9212 0.2282 -1.1811, -0.8642 0.2046 -1.1811, -0.8153 0.167 -1.1811, -1.1004 0.2046 -1.1811, -1.0435 0.2282 -1.1811, -0.9823 0.2362 -1.1811, -1.1869 0.1181 -1.1811, -1.1494 0.167 -1.1811, -0.6674 -0.0 -1.1024, -0.6781 -0.0815 -1.1024, -0.7096 -0.1575 -1.1024, -0.7596 -0.2227 -1.1024, -0.8249 -0.2728 -1.1024, -0.9008 -0.3042 -1.1024, -0.9823 -0.315 -1.1024, -1.0639 -0.3042 -1.1024, -1.1398 -0.2728 -1.1024, -1.205 -0.2227 -1.1024, -1.2551 -0.1575 -1.1024, -1.2866 -0.0815 -1.1024, -1.2973 -0.0 -1.1024, -1.2866 0.0815 -1.1024, -1.2551 0.1575 -1.1024, -1.205 0.2227 -1.1024, -1.1398 0.2728 -1.1024, -1.0639 0.3042 -1.1024, -0.9823 0.315 -1.1024, -0.9008 0.3042 -1.1024, -0.8249 0.2728 -1.1024, -0.7596 0.2227 -1.1024, -0.7096 0.1575 -1.1024, -0.6781 0.0815 -1.1024, 1.0748 4.301 0.8604, 1.032 4.301 0.8427, 0.9862 4.301 1.0138, 0.9862 4.301 0.8366, 0.9403 4.301 0.8427, 1.1573 4.301 0.9679, 1.1396 4.301 0.9252, 1.1114 4.301 0.8885, 1.1396 4.301 1.1024, 1.1573 4.301 1.0596, 1.1633 4.301 1.0138, 1.032 4.301 1.1849, 1.0748 4.301 1.1672, 1.1114 4.301 1.1391, 0.8976 4.301 1.1672, 0.9403 4.301 1.1849, 0.9862 4.301 1.1909, 0.815 4.301 1.0596, 0.8327 4.301 1.1024, 0.8609 4.301 1.1391, 0.8327 4.301 0.9252, 0.815 4.301 0.9679, 0.809 4.301 1.0138, 0.8976 4.301 0.8604, 0.8609 4.301 0.8885, 0.9862 1.6142 1.3287, 0.9047 4.1632 1.318, 0.9047 1.6142 1.318, 0.8287 4.1632 1.2865, 0.8287 1.6142 1.2865, 0.7635 4.1632 1.2365, 0.7635 1.6142 1.2365, 0.7134 4.1632 1.1713, 0.7134 1.6142 1.1713, 0.6819 4.1632 1.0953, 0.6819 1.6142 1.0953, 0.6712 4.1632 1.0138, 0.6712 1.6142 1.0138, 0.6819 4.1632 0.9323, 0.6819 1.6142 0.9323, 0.7134 4.1632 0.8563, 0.7134 1.6142 0.8563, 0.7635 4.1632 0.7911, 0.7635 1.6142 0.7911, 0.8287 4.1632 0.741, 0.8287 1.6142 0.741, 0.9047 4.1632 0.7096, 0.9047 1.6142 0.7096, 0.9862 4.1632 0.6988, 0.9862 1.6142 0.6988, 1.0677 4.1632 0.7096, 1.0677 1.6142 0.7096, 1.1437 4.1632 0.741, 1.1437 1.6142 0.741, 1.2089 4.1632 0.7911, 1.2089 1.6142 0.7911, 1.2589 4.1632 0.8563, 1.2589 1.6142 0.8563, 1.2904 4.1632 0.9323, 1.2904 1.6142 0.9323, 1.3011 4.1632 1.0138, 1.3011 1.6142 1.0138, 1.2904 4.1632 1.0953, 1.2904 1.6142 1.0953, 1.2589 4.1632 1.1713, 1.2589 1.6142 1.1713, 1.2089 4.1632 1.2365, 1.2089 1.6142 1.2365, 1.1437 4.1632 1.2865, 1.1437 1.6142 1.2865, 1.0677 4.1632 1.318, 1.0677 1.6142 1.318, 0.9862 4.1632 1.3287, 0.9862 1.2205 0.6201, 0.8843 0.6299 0.6335, 0.8843 1.2205 0.6335, 0.7893 0.6299 0.6728, 0.7893 1.2205 0.6728, 0.7078 0.6299 0.7354, 0.7078 1.2205 0.7354, 0.6452 0.6299 0.8169, 0.6452 1.2205 0.8169, 0.6059 0.6299 0.9119, 0.6059 1.2205 0.9119, 0.5925 0.6299 1.0138, 0.5925 1.2205 1.0138, 0.6059 0.6299 1.1157, 0.6059 1.2205 1.1157, 0.6452 0.6299 1.2106, 0.6452 1.2205 1.2106, 0.7078 0.6299 1.2922, 0.7078 1.2205 1.2922, 0.7893 0.6299 1.3547, 0.7893 1.2205 1.3547, 0.8843 0.6299 1.3941, 0.8843 1.2205 1.3941, 0.9862 0.6299 1.4075, 0.9862 1.2205 1.4075, 1.0881 0.6299 1.3941, 1.0881 1.2205 1.3941, 1.183 0.6299 1.3547, 1.183 1.2205 1.3547, 1.2646 0.6299 1.2922, 1.2646 1.2205 1.2922, 1.3271 0.6299 1.2106, 1.3271 1.2205 1.2106, 1.3665 0.6299 1.1157, 1.3665 1.2205 1.1157, 1.3799 0.6299 1.0138, 1.3799 1.2205 1.0138, 1.3665 0.6299 0.9119, 1.3665 1.2205 0.9119, 1.3271 0.6299 0.8169, 1.3271 1.2205 0.8169, 1.2646 0.6299 0.7354, 1.2646 1.2205 0.7354, 1.183 0.6299 0.6728, 1.183 1.2205 0.6728, 1.0881 0.6299 0.6335, 1.0881 1.2205 0.6335, 0.9862 0.6299 0.6201, 1.2589 0.6299 1.1713, 1.2089 0.6299 1.2365, 1.1437 0.6299 1.2865, 1.0677 0.6299 1.318, 0.9862 0.6299 1.3287, 0.9047 0.6299 1.318, 0.8287 0.6299 1.2865, 0.7635 0.6299 1.2365, 0.7134 0.6299 1.1713, 0.6819 0.6299 1.0953, 0.6712 0.6299 1.0138, 0.6819 0.6299 0.9323, 0.7134 0.6299 0.8563, 0.7635 0.6299 0.7911, 0.8287 0.6299 0.741, 0.9047 0.6299 0.7096, 0.9862 0.6299 0.6988, 1.0677 0.6299 0.7096, 1.1437 0.6299 0.741, 1.2089 0.6299 0.7911, 1.2589 0.6299 0.8563, 1.2904 0.6299 0.9323, 1.3011 0.6299 1.0138, 1.2904 0.6299 1.0953, 1.3011 -0.0 0.315, 1.2904 0.0815 0.315, 1.2963 0.0547 0.4232, 1.2589 0.1575 0.315, 1.2754 0.1247 0.4232, 1.2885 0.0809 0.4232, 1.2089 0.2227 0.315, 1.2388 0.1881 0.4232, 1.2571 0.1564 0.4232, 1.1437 0.2728 0.315, 1.1886 0.2413 0.4232, 1.2074 0.2213 0.4232, 1.0677 0.3042 0.315, 1.1275 0.2815 0.4232, 1.1428 0.2714 0.4232, 0.9862 0.315 0.315, 1.0588 0.3065 0.4232, 1.0674 0.3033 0.4232, 0.9047 0.3042 0.315, 0.9135 0.3065 0.4232, 0.9862 0.315 0.4232, 0.8287 0.2728 0.315, 0.8448 0.2815 0.4232, 0.905 0.3033 0.4232, 0.7635 0.2227 0.315, 0.7837 0.2413 0.4232, 0.8296 0.2714 0.4232, 0.7134 0.1575 0.315, 0.7335 0.1881 0.4232, 0.7649 0.2213 0.4232, 0.6819 0.0815 0.315, 0.697 0.1247 0.4232, 0.7153 0.1564 0.4232, 0.6712 -0.0 0.315, 0.676 0.0547 0.4232, 0.6839 0.0809 0.4232, 0.6819 -0.0815 0.315, 0.6717 -0.0183 0.4232, 0.6728 -0.0001 0.4232, 0.7134 -0.1575 0.315, 0.6844 -0.0903 0.4232, 0.6829 -0.0814 0.4232, 0.7635 -0.2227 0.315, 0.7571 -0.2161 0.4232, 0.7134 -0.1575 0.4232, 0.8287 -0.2728 0.315, 0.8131 -0.2632 0.4232, 0.7641 -0.222 0.4232, 0.9047 -0.3042 0.315, 0.8784 -0.296 0.4232, 0.8294 -0.2713 0.4232, 0.9862 -0.315 0.315, 0.9496 -0.3128 0.4232, 0.9051 -0.3023 0.4232, 1.0677 -0.3042 0.315, 1.0227 -0.3128 0.4232, 0.9862 -0.3128 0.4232, 1.1437 -0.2728 0.315, 1.0939 -0.296 0.4232, 1.0672 -0.3023 0.4232, 1.2089 -0.2227 0.315, 1.1592 -0.2632 0.4232, 1.1429 -0.2713 0.4232, 1.2589 -0.1575 0.315, 1.2153 -0.2161 0.4232, 1.2083 -0.222 0.4232, 1.2904 -0.0815 0.315, 1.2879 -0.0903 0.4232, 1.2589 -0.1575 0.4232, 1.3011 -0.0 0.4232, 1.3006 -0.0183 0.4232, 1.2895 -0.0814 0.4232, 1.0588 0.5535 0.7049, 0.9862 0.5546 0.6965, 0.9862 0.5905 0.6988, 0.9862 0.3173 0.4592, 1.0588 0.3089 0.4603, 1.1275 0.2841 0.4636, 1.0588 0.5905 0.7073, 1.0674 0.5905 0.7104, 1.1275 0.5502 0.7297, 1.1886 0.2443 0.4688, 1.1275 0.5905 0.7323, 1.1428 0.5905 0.7424, 1.1886 0.545 0.7695, 1.1886 0.5905 0.7725, 1.2074 0.5905 0.7924, 1.2388 0.538 0.8223, 1.2754 0.1287 0.484, 1.2388 0.1915 0.4758, 1.2388 0.5905 0.8257, 1.2571 0.5905 0.8574, 1.2754 0.5297 0.885, 1.2963 0.0593 0.4932, 1.3006 -0.0131 0.5027, 1.2754 0.5905 0.889, 1.2885 0.5905 0.9328, 1.2963 0.5206 0.9545, 1.2963 0.5905 0.9591, 1.3006 0.5111 1.0269, 1.3011 0.5905 1.0138, 1.2879 -0.0845 0.5121, 1.3006 0.5905 1.0321, 1.2895 0.5905 1.0951, 1.2879 0.5017 1.0983, 1.2879 0.5905 1.1041, 1.2589 0.4929 1.1649, 1.2589 0.5905 1.1713, 1.2153 0.4853 1.223, 1.1592 -0.2558 0.5347, 1.2153 -0.2092 0.5285, 1.2589 -0.1511 0.5209, 1.2153 0.5905 1.2299, 1.2083 0.5905 1.2358, 1.1592 0.4791 1.2696, 1.0939 -0.2884 0.5389, 1.1592 0.5905 1.2769, 1.1429 0.5905 1.2851, 1.0939 0.4748 1.3022, 1.0227 -0.3051 0.5411, 1.0939 0.5905 1.3097, 1.0672 0.5905 1.3161, 1.0227 0.4726 1.3189, 0.9496 -0.3051 0.5411, 1.0227 0.5905 1.3266, 0.9862 0.5905 1.3266, 0.9496 0.4726 1.3189, 0.8784 -0.2884 0.5389, 0.9496 0.5905 1.3266, 0.9051 0.5905 1.3161, 0.8784 0.4748 1.3022, 0.8131 -0.2558 0.5347, 0.8784 0.5905 1.3097, 0.8294 0.5905 1.2851, 0.8131 0.4791 1.2696, 0.7571 -0.2092 0.5285, 0.8131 0.5905 1.2769, 0.7641 0.5905 1.2358, 0.7571 0.4853 1.223, 0.7571 0.5905 1.2299, 0.7134 0.4929 1.1649, 0.7134 0.5905 1.1713, 0.6844 0.5017 1.0983, 0.6717 -0.0131 0.5027, 0.6844 -0.0845 0.5121, 0.7134 -0.1511 0.5209, 0.6844 0.5905 1.1041, 0.6829 0.5905 1.0951, 0.6717 0.5111 1.0269, 0.676 0.0593 0.4932, 0.6717 0.5905 1.0321, 0.6728 0.5905 1.0139, 0.676 0.5206 0.9545, 0.697 0.1287 0.484, 0.676 0.5905 0.9591, 0.6839 0.5905 0.9328, 0.697 0.5297 0.885, 0.7335 0.1915 0.4758, 0.7837 0.2443 0.4688, 0.697 0.5905 0.889, 0.7153 0.5905 0.8574, 0.7335 0.538 0.8223, 0.7335 0.5905 0.8257, 0.7837 0.545 0.7695, 0.7649 0.5905 0.7924, 0.8448 0.2841 0.4636, 0.9862 0.3243 0.4946, 1.0588 0.3161 0.4968, 1.1275 0.292 0.5032, 1.1886 0.2532 0.5136, 1.2388 0.2018 0.5274, 1.2754 0.1406 0.5438, 1.2963 0.0729 0.5619, 1.3006 0.0024 0.5808, 1.2879 -0.0671 0.5995, 1.2589 -0.132 0.6168, 1.2153 -0.1887 0.632, 1.1592 -0.2341 0.6442, 1.0939 -0.2658 0.6527, 1.0227 -0.2821 0.657, 0.9496 -0.2821 0.657, 0.8784 -0.2658 0.6527, 0.8131 -0.2341 0.6442, 0.7571 -0.1887 0.632, 0.7134 -0.132 0.6168, 0.6844 -0.0671 0.5995, 0.6717 0.0024 0.5808, 0.676 0.0729 0.5619, 0.697 0.1406 0.5438, 0.7335 0.2018 0.5274, 0.7837 0.2532 0.5136, 0.8448 0.292 0.5032, 0.9862 0.3359 0.5287, 1.0588 0.3281 0.5319, 1.1275 0.305 0.5415, 1.1886 0.2679 0.5569, 1.2388 0.2187 0.5772, 1.2754 0.1602 0.6015, 1.2963 0.0955 0.6283, 1.3006 0.028 0.6562, 1.2879 -0.0385 0.6838, 1.2589 -0.1005 0.7095, 1.2153 -0.1547 0.7319, 1.1592 -0.1982 0.7499, 1.0939 -0.2285 0.7625, 1.0227 -0.2441 0.7689, 0.9496 -0.2441 0.7689, 0.8784 -0.2285 0.7625, 0.8131 -0.1982 0.7499, 0.7571 -0.1547 0.7319, 0.7134 -0.1005 0.7095, 0.6844 -0.0385 0.6838, 0.6717 0.028 0.6562, 0.676 0.0955 0.6283, 0.697 0.1602 0.6015, 0.7335 0.2187 0.5772, 0.7837 0.2679 0.5569, 0.8448 0.305 0.5415, 0.9862 0.3519 0.561, 1.0588 0.3445 0.5653, 1.1275 0.3229 0.5778, 1.1886 0.2881 0.5979, 1.2388 0.242 0.6245, 1.2754 0.1872 0.6561, 1.2963 0.1265 0.6912, 1.3006 0.0633 0.7277, 1.2879 0.0009 0.7637, 1.2589 -0.0573 0.7972, 1.2153 -0.1081 0.8266, 1.1592 -0.1488 0.8501, 1.0939 -0.1772 0.8665, 1.0227 -0.1918 0.8749, 0.9496 -0.1918 0.8749, 0.8784 -0.1772 0.8665, 0.8131 -0.1488 0.8501, 0.7571 -0.1081 0.8266, 0.7134 -0.0573 0.7972, 0.6844 0.0009 0.7637, 0.6717 0.0633 0.7277, 0.676 0.1265 0.6912, 0.697 0.1872 0.6561, 0.7335 0.242 0.6245, 0.7837 0.2881 0.5979, 0.8448 0.3229 0.5778, 0.9862 0.3719 0.591, 1.0588 0.3652 0.5962, 1.1275 0.3453 0.6114, 1.1886 0.3134 0.6359, 1.2388 0.2712 0.6682, 1.2754 0.221 0.7068, 1.2963 0.1654 0.7494, 1.3006 0.1075 0.7939, 1.2879 0.0504 0.8377, 1.2589 -0.0029 0.8786, 1.2153 -0.0494 0.9143, 1.1592 -0.0867 0.9429, 1.0939 -0.1128 0.9629, 1.0227 -0.1262 0.9732, 0.9496 -0.1262 0.9732, 0.8784 -0.1128 0.9629, 0.8131 -0.0867 0.9429, 0.7571 -0.0494 0.9143, 0.7134 -0.0029 0.8786, 0.6844 0.0504 0.8377, 0.6717 0.1075 0.7939, 0.676 0.1654 0.7494, 0.697 0.221 0.7068, 0.7335 0.2712 0.6682, 0.7837 0.3134 0.6359, 0.8448 0.3453 0.6114, 0.9862 0.3957 0.6181, 1.0588 0.3897 0.6241, 1.1275 0.372 0.6418, 1.1886 0.3436 0.6702, 1.2388 0.306 0.7078, 1.2754 0.2612 0.7526, 1.2963 0.2116 0.8021, 1.3006 0.16 0.8538, 1.2879 0.1091 0.9047, 1.2589 0.0616 0.9522, 1.2153 0.0201 0.9936, 1.1592 -0.0131 1.0269, 1.0939 -0.0363 1.0501, 1.0227 -0.0482 1.062, 0.9496 -0.0482 1.062, 0.8784 -0.0363 1.0501, 0.8131 -0.0131 1.0269, 0.7571 0.0201 0.9936, 0.7134 0.0616 0.9522, 0.6844 0.1091 0.9047, 0.6717 0.16 0.8538, 0.676 0.2116 0.8021, 0.697 0.2612 0.7526, 0.7335 0.306 0.7078, 0.7837 0.3436 0.6702, 0.8448 0.372 0.6418, 0.9862 0.4228 0.6419, 1.0588 0.4176 0.6486, 1.1275 0.4024 0.6684, 1.1886 0.3779 0.7003, 1.2388 0.3455 0.7425, 1.2754 0.307 0.7928, 1.2963 0.2643 0.8484, 1.3006 0.2199 0.9063, 1.2879 0.1761 0.9634, 1.2589 0.1352 1.0167, 1.2153 0.0995 1.0632, 1.1592 0.0708 1.1005, 1.0939 0.0509 1.1266, 1.0227 0.0406 1.1399, 0.9496 0.0406 1.1399, 0.8784 0.0509 1.1266, 0.8131 0.0708 1.1005, 0.7571 0.0995 1.0632, 0.7134 0.1352 1.0167, 0.6844 0.1761 0.9634, 0.6717 0.2199 0.9063, 0.676 0.2643 0.8484, 0.697 0.307 0.7928, 0.7335 0.3455 0.7425, 0.7837 0.3779 0.7003, 0.8448 0.4024 0.6684, 0.9862 0.4528 0.6619, 1.0588 0.4485 0.6693, 1.1275 0.436 0.6909, 1.1886 0.4159 0.7257, 1.2388 0.3893 0.7718, 1.2754 0.3576 0.8266, 1.2963 0.3226 0.8873, 1.3006 0.2861 0.9505, 1.2879 0.2501 1.0129, 1.2589 0.2165 1.071, 1.2153 0.1872 1.1218, 1.1592 0.1637 1.1626, 1.0939 0.1473 1.191, 1.0227 0.1389 1.2056, 0.9496 0.1389 1.2056, 0.8784 0.1473 1.191, 0.8131 0.1637 1.1626, 0.7571 0.1872 1.1218, 0.7134 0.2165 1.071, 0.6844 0.2501 1.0129, 0.6717 0.2861 0.9505, 0.676 0.3226 0.8873, 0.697 0.3576 0.8266, 0.7335 0.3893 0.7718, 0.7837 0.4159 0.7257, 0.8448 0.436 0.6909, 0.9862 0.4851 0.6778, 1.0588 0.4818 0.6857, 1.1275 0.4723 0.7088, 1.1886 0.4569 0.7459, 1.2388 0.4365 0.7951, 1.2754 0.4123 0.8536, 1.2963 0.3855 0.9183, 1.3006 0.3575 0.9857, 1.2879 0.33 1.0523, 1.2589 0.3043 1.1143, 1.2153 0.2818 1.1685, 1.1592 0.2639 1.2119, 1.0939 0.2513 1.2423, 1.0227 0.2448 1.2578, 0.9496 0.2448 1.2578, 0.8784 0.2513 1.2423, 0.8131 0.2639 1.2119, 0.7571 0.2818 1.1685, 0.7134 0.3043 1.1143, 0.6844 0.33 1.0523, 0.6717 0.3575 0.9857, 0.676 0.3855 0.9183, 0.697 0.4123 0.8536, 0.7335 0.4365 0.7951, 0.7837 0.4569 0.7459, 0.8448 0.4723 0.7088, 0.9862 0.5192 0.6894, 1.0588 0.517 0.6976, 1.1275 0.5105 0.7218, 1.1886 0.5001 0.7606, 1.2388 0.4864 0.812, 1.2754 0.47 0.8732, 1.2963 0.4519 0.9408, 1.3006 0.433 1.0113, 1.2879 0.4143 1.0809, 1.2589 0.3969 1.1458, 1.2153 0.3818 1.2024, 1.1592 0.3696 1.2478, 1.0939 0.3611 1.2795, 1.0227 0.3567 1.2958, 0.9496 0.3567 1.2958, 0.8784 0.3611 1.2795, 0.8131 0.3696 1.2478, 0.7571 0.3818 1.2024, 0.7134 0.3969 1.1458, 0.6844 0.4143 1.0809, 0.6717 0.433 1.0113, 0.676 0.4519 0.9408, 0.697 0.47 0.8732, 0.7335 0.4864 0.812, 0.7837 0.5001 0.7606, 0.8448 0.5105 0.7218, 0.8448 0.5502 0.7297, 0.9135 0.3089 0.4603, 0.7837 0.5905 0.7725, 0.8296 0.5905 0.7424, 0.8448 0.5905 0.7323, 0.905 0.5905 0.7104, 0.9135 0.3161 0.4968, 0.9135 0.3281 0.5319, 0.9135 0.3445 0.5653, 0.9135 0.3652 0.5962, 0.9135 0.3897 0.6241, 0.9135 0.4176 0.6486, 0.9135 0.4485 0.6693, 0.9135 0.4818 0.6857, 0.9135 0.517 0.6976, 0.9135 0.5535 0.7049, 0.9135 0.5905 0.7073, 1.3405 -0.0 0.0, 1.3284 -0.0917 0.315, 1.3284 -0.0917 0.0, 1.293 -0.1772 0.315, 1.293 -0.1772 0.0, 1.2367 -0.2506 0.315, 1.2367 -0.2506 0.0, 1.1633 -0.3069 0.315, 1.1633 -0.3069 0.0, 1.0779 -0.3423 0.315, 1.0779 -0.3423 0.0, 0.9862 -0.3543 0.315, 0.9862 -0.3543 0.0, 0.8945 -0.3423 0.315, 0.8945 -0.3423 0.0, 0.809 -0.3069 0.315, 0.809 -0.3069 0.0, 0.7356 -0.2506 0.315, 0.7356 -0.2506 0.0, 0.6793 -0.1772 0.315, 0.6793 -0.1772 0.0, 0.6439 -0.0917 0.315, 0.6439 -0.0917 0.0, 0.6318 -0.0 0.315, 0.6318 -0.0 0.0, 0.6439 0.0917 0.315, 0.6439 0.0917 0.0, 0.6793 0.1772 0.315, 0.6793 0.1772 0.0, 0.7356 0.2505 0.315, 0.7356 0.2505 0.0, 0.809 0.3069 0.315, 0.809 0.3069 0.0, 0.8945 0.3423 0.315, 0.8945 0.3423 0.0, 0.9862 0.3543 0.315, 0.9862 0.3543 0.0, 1.0779 0.3423 0.315, 1.0779 0.3423 0.0, 1.1633 0.3069 0.315, 1.1633 0.3069 0.0, 1.2367 0.2505 0.315, 1.2367 0.2505 0.0, 1.293 0.1772 0.315, 1.293 0.1772 0.0, 1.3284 0.0917 0.315, 1.3284 0.0917 0.0, 1.3405 -0.0 0.315, 1.2089 -0.2227 0.0, 1.1437 -0.2728 0.0, 1.0677 -0.3042 0.0, 0.9862 -0.315 0.0, 0.9047 -0.3042 0.0, 0.8287 -0.2728 0.0, 0.7635 -0.2227 0.0, 0.7134 -0.1575 0.0, 0.6819 -0.0815 0.0, 0.6712 -0.0 0.0, 0.6819 0.0815 0.0, 0.7134 0.1575 0.0, 0.7635 0.2227 0.0, 0.8287 0.2728 0.0, 0.9047 0.3042 0.0, 0.9862 0.315 0.0, 1.0677 0.3042 0.0, 1.1437 0.2728 0.0, 1.2089 0.2227 0.0, 1.2589 0.1575 0.0, 1.2904 0.0815 0.0, 1.3011 -0.0 0.0, 1.2904 -0.0815 0.0, 1.2589 -0.1575 0.0, 0.7816 -0.1181 -1.1811, 0.758 -0.0611 -1.1811, 0.9862 -0.0 -1.1811, 0.7499 -0.0 -1.1811, 0.758 0.0611 -1.1811, 0.925 -0.2282 -1.1811, 0.8681 -0.2046 -1.1811, 0.8191 -0.167 -1.1811, 1.1043 -0.2046 -1.1811, 1.0473 -0.2282 -1.1811, 0.9862 -0.2362 -1.1811, 1.2143 -0.0611 -1.1811, 1.1907 -0.1181 -1.1811, 1.1532 -0.167 -1.1811, 1.1907 0.1181 -1.1811, 1.2143 0.0611 -1.1811, 1.2224 -0.0 -1.1811, 1.0473 0.2282 -1.1811, 1.1043 0.2046 -1.1811, 1.1532 0.167 -1.1811, 0.8681 0.2046 -1.1811, 0.925 0.2282 -1.1811, 0.9862 0.2362 -1.1811, 0.7816 0.1181 -1.1811, 0.8191 0.167 -1.1811, 1.3011 -0.0 -1.1024, 1.2904 -0.0815 -1.1024, 1.2589 -0.1575 -1.1024, 1.2089 -0.2227 -1.1024, 1.1437 -0.2728 -1.1024, 1.0677 -0.3042 -1.1024, 0.9862 -0.315 -1.1024, 0.9047 -0.3042 -1.1024, 0.8287 -0.2728 -1.1024, 0.7635 -0.2227 -1.1024, 0.7134 -0.1575 -1.1024, 0.6819 -0.0815 -1.1024, 0.6712 -0.0 -1.1024, 0.6819 0.0815 -1.1024, 0.7134 0.1575 -1.1024, 0.7635 0.2227 -1.1024, 0.8287 0.2728 -1.1024, 0.9047 0.3042 -1.1024, 0.9862 0.315 -1.1024, 1.0677 0.3042 -1.1024, 1.1437 0.2728 -1.1024, 1.2089 0.2227 -1.1024, 1.2589 0.1575 -1.1024, 1.2904 0.0815 -1.1024
            ]
        }
        coordIndex [
            0,1,2,-1,2,1,3,-1,2,3,4,-1,5,6,2,-1,2,6,7,-1,2,7,0,-1,8,9,2,-1,2,9,10,-1,2,10,5,-1,11,12,2,-1,2,12,13,-1,2,13,8,-1,14,15,2,-1,2,15,16,-1,2,16,11,-1,17,18,2,-1,2,18,19,-1,2,19,14,-1,20,21,2,-1,2,21,22,-1,2,22,17,-1,4,23,2,-1,2,23,24,-1,2,24,20,-1,25,26,27,-1,27,26,28,-1,27,28,29,-1,29,28,30,-1,29,30,31,-1,31,30,32,-1,31,32,33,-1,33,32,34,-1,33,34,35,-1,35,34,36,-1,35,36,37,-1,37,36,38,-1,37,38,39,-1,39,38,40,-1,39,40,41,-1,41,40,42,-1,41,42,43,-1,43,42,44,-1,43,44,45,-1,45,44,46,-1,45,46,47,-1,47,46,48,-1,47,48,49,-1,49,48,50,-1,49,50,51,-1,51,50,52,-1,51,52,53,-1,53,52,54,-1,53,54,55,-1,55,54,56,-1,55,56,57,-1,57,56,58,-1,57,58,59,-1,59,58,60,-1,59,60,61,-1,61,60,62,-1,61,62,63,-1,63,62,64,-1,63,64,65,-1,65,64,66,-1,65,66,67,-1,67,66,68,-1,67,68,69,-1,69,68,70,-1,69,70,71,-1,71,70,72,-1,71,72,25,-1,25,72,26,-1,73,74,75,-1,75,74,76,-1,75,76,77,-1,77,76,78,-1,77,78,79,-1,79,78,80,-1,79,80,81,-1,81,80,82,-1,81,82,83,-1,83,82,84,-1,83,84,85,-1,85,84,86,-1,85,86,87,-1,87,86,88,-1,87,88,89,-1,89,88,90,-1,89,90,91,-1,91,90,92,-1,91,92,93,-1,93,92,94,-1,93,94,95,-1,95,94,96,-1,95,96,97,-1,97,96,98,-1,97,98,99,-1,99,98,100,-1,99,100,101,-1,101,100,102,-1,101,102,103,-1,103,102,104,-1,103,104,105,-1,105,104,106,-1,105,106,107,-1,107,106,108,-1,107,108,109,-1,109,108,110,-1,109,110,111,-1,111,110,112,-1,111,112,113,-1,113,112,114,-1,113,114,115,-1,115,114,116,-1,115,116,117,-1,117,116,118,-1,117,118,119,-1,119,118,120,-1,119,120,73,-1,73,120,74,-1,121,104,122,-1,122,104,102,-1,122,102,123,-1,123,102,100,-1,123,100,124,-1,124,100,98,-1,124,98,125,-1,125,98,96,-1,125,96,126,-1,126,96,94,-1,126,94,127,-1,127,94,92,-1,127,92,128,-1,128,92,90,-1,128,90,129,-1,129,90,88,-1,129,88,130,-1,130,88,86,-1,130,86,131,-1,131,86,84,-1,131,84,132,-1,132,84,82,-1,132,82,133,-1,133,82,80,-1,133,80,134,-1,134,80,78,-1,134,78,135,-1,135,78,76,-1,135,76,136,-1,136,76,74,-1,136,74,137,-1,137,74,120,-1,137,120,138,-1,138,120,118,-1,138,118,139,-1,139,118,116,-1,139,116,140,-1,140,116,114,-1,140,114,141,-1,141,114,112,-1,141,112,142,-1,142,112,110,-1,142,110,143,-1,143,110,108,-1,143,108,144,-1,144,108,106,-1,144,106,121,-1,121,106,104,-1,145,146,147,-1,148,149,146,-1,146,149,150,-1,146,150,147,-1,151,152,148,-1,148,152,153,-1,148,153,149,-1,154,155,151,-1,151,155,156,-1,151,156,152,-1,157,158,154,-1,154,158,159,-1,154,159,155,-1,160,161,157,-1,157,161,162,-1,157,162,158,-1,163,164,160,-1,160,164,165,-1,160,165,161,-1,166,167,163,-1,163,167,168,-1,163,168,164,-1,169,170,166,-1,166,170,171,-1,166,171,167,-1,172,173,169,-1,169,173,174,-1,169,174,170,-1,175,176,172,-1,172,176,177,-1,172,177,173,-1,178,179,175,-1,175,179,180,-1,175,180,176,-1,181,182,178,-1,178,182,183,-1,178,183,179,-1,184,185,181,-1,181,185,186,-1,181,186,182,-1,187,188,184,-1,184,188,189,-1,184,189,185,-1,190,191,187,-1,187,191,192,-1,187,192,188,-1,193,194,190,-1,190,194,195,-1,190,195,191,-1,196,197,193,-1,193,197,198,-1,193,198,194,-1,199,200,196,-1,196,200,201,-1,196,201,197,-1,202,203,199,-1,199,203,204,-1,199,204,200,-1,205,206,202,-1,202,206,207,-1,202,207,203,-1,208,209,205,-1,205,209,210,-1,205,210,206,-1,211,212,208,-1,208,212,213,-1,208,213,209,-1,147,214,145,-1,145,214,215,-1,145,215,211,-1,211,215,216,-1,211,216,212,-1,217,218,219,-1,165,220,161,-1,161,220,221,-1,161,221,162,-1,162,221,222,-1,219,223,217,-1,217,223,224,-1,217,224,225,-1,156,155,226,-1,226,155,159,-1,226,159,222,-1,222,159,158,-1,222,158,162,-1,224,227,225,-1,225,227,228,-1,225,228,229,-1,228,230,229,-1,229,230,231,-1,229,231,232,-1,156,226,152,-1,152,226,233,-1,152,233,153,-1,153,233,234,-1,153,234,149,-1,231,235,232,-1,232,235,236,-1,232,236,237,-1,149,234,150,-1,150,234,238,-1,150,238,147,-1,236,239,237,-1,237,239,240,-1,237,240,241,-1,147,238,214,-1,214,238,242,-1,214,242,215,-1,240,243,241,-1,241,243,244,-1,241,244,245,-1,215,242,216,-1,216,242,246,-1,216,246,212,-1,244,247,245,-1,245,247,248,-1,245,248,249,-1,249,248,250,-1,249,250,251,-1,251,250,252,-1,251,252,253,-1,212,246,213,-1,213,246,254,-1,213,254,209,-1,209,254,255,-1,209,255,210,-1,210,255,256,-1,210,256,206,-1,252,257,253,-1,253,257,258,-1,253,258,259,-1,206,256,207,-1,207,256,260,-1,207,260,203,-1,258,261,259,-1,259,261,262,-1,259,262,263,-1,203,260,204,-1,204,260,264,-1,204,264,200,-1,262,265,263,-1,263,265,266,-1,263,266,267,-1,200,264,201,-1,201,264,268,-1,201,268,197,-1,266,269,267,-1,267,269,270,-1,267,270,271,-1,197,268,198,-1,198,268,272,-1,198,272,194,-1,270,273,271,-1,271,273,274,-1,271,274,275,-1,194,272,195,-1,195,272,276,-1,195,276,191,-1,274,277,275,-1,275,277,278,-1,275,278,279,-1,191,276,192,-1,192,276,280,-1,192,280,188,-1,278,281,279,-1,279,281,282,-1,279,282,283,-1,283,282,284,-1,283,284,285,-1,285,284,286,-1,285,286,287,-1,188,280,189,-1,189,280,288,-1,189,288,185,-1,185,288,289,-1,185,289,186,-1,186,289,290,-1,186,290,182,-1,286,291,287,-1,287,291,292,-1,287,292,293,-1,292,294,293,-1,293,294,295,-1,293,295,296,-1,297,180,298,-1,298,180,179,-1,298,179,290,-1,290,179,183,-1,290,183,182,-1,295,299,296,-1,296,299,300,-1,296,300,301,-1,302,177,297,-1,297,177,176,-1,297,176,180,-1,303,174,302,-1,302,174,173,-1,302,173,177,-1,300,304,301,-1,301,304,305,-1,301,305,306,-1,306,305,307,-1,306,307,308,-1,308,307,309,-1,168,167,310,-1,310,167,171,-1,310,171,303,-1,303,171,170,-1,303,170,174,-1,220,311,221,-1,221,311,312,-1,221,312,222,-1,222,312,313,-1,222,313,226,-1,226,313,314,-1,226,314,233,-1,233,314,315,-1,233,315,234,-1,234,315,316,-1,234,316,238,-1,238,316,317,-1,238,317,242,-1,242,317,318,-1,242,318,246,-1,246,318,319,-1,246,319,254,-1,254,319,320,-1,254,320,255,-1,255,320,321,-1,255,321,256,-1,256,321,322,-1,256,322,260,-1,260,322,323,-1,260,323,264,-1,264,323,324,-1,264,324,268,-1,268,324,325,-1,268,325,272,-1,272,325,326,-1,272,326,276,-1,276,326,327,-1,276,327,280,-1,280,327,328,-1,280,328,288,-1,288,328,329,-1,288,329,289,-1,289,329,330,-1,289,330,290,-1,290,330,331,-1,290,331,298,-1,298,331,332,-1,298,332,297,-1,297,332,333,-1,297,333,302,-1,302,333,334,-1,302,334,303,-1,303,334,335,-1,303,335,310,-1,310,335,336,-1,311,337,312,-1,312,337,338,-1,312,338,313,-1,313,338,339,-1,313,339,314,-1,314,339,340,-1,314,340,315,-1,315,340,341,-1,315,341,316,-1,316,341,342,-1,316,342,317,-1,317,342,343,-1,317,343,318,-1,318,343,344,-1,318,344,319,-1,319,344,345,-1,319,345,320,-1,320,345,346,-1,320,346,321,-1,321,346,347,-1,321,347,322,-1,322,347,348,-1,322,348,323,-1,323,348,349,-1,323,349,324,-1,324,349,350,-1,324,350,325,-1,325,350,351,-1,325,351,326,-1,326,351,352,-1,326,352,327,-1,327,352,353,-1,327,353,328,-1,328,353,354,-1,328,354,329,-1,329,354,355,-1,329,355,330,-1,330,355,356,-1,330,356,331,-1,331,356,357,-1,331,357,332,-1,332,357,358,-1,332,358,333,-1,333,358,359,-1,333,359,334,-1,334,359,360,-1,334,360,335,-1,335,360,361,-1,335,361,336,-1,336,361,362,-1,337,363,338,-1,338,363,364,-1,338,364,339,-1,339,364,365,-1,339,365,340,-1,340,365,366,-1,340,366,341,-1,341,366,367,-1,341,367,342,-1,342,367,368,-1,342,368,343,-1,343,368,369,-1,343,369,344,-1,344,369,370,-1,344,370,345,-1,345,370,371,-1,345,371,346,-1,346,371,372,-1,346,372,347,-1,347,372,373,-1,347,373,348,-1,348,373,374,-1,348,374,349,-1,349,374,375,-1,349,375,350,-1,350,375,376,-1,350,376,351,-1,351,376,377,-1,351,377,352,-1,352,377,378,-1,352,378,353,-1,353,378,379,-1,353,379,354,-1,354,379,380,-1,354,380,355,-1,355,380,381,-1,355,381,356,-1,356,381,382,-1,356,382,357,-1,357,382,383,-1,357,383,358,-1,358,383,384,-1,358,384,359,-1,359,384,385,-1,359,385,360,-1,360,385,386,-1,360,386,361,-1,361,386,387,-1,361,387,362,-1,362,387,388,-1,363,389,364,-1,364,389,390,-1,364,390,365,-1,365,390,391,-1,365,391,366,-1,366,391,392,-1,366,392,367,-1,367,392,393,-1,367,393,368,-1,368,393,394,-1,368,394,369,-1,369,394,395,-1,369,395,370,-1,370,395,396,-1,370,396,371,-1,371,396,397,-1,371,397,372,-1,372,397,398,-1,372,398,373,-1,373,398,399,-1,373,399,374,-1,374,399,400,-1,374,400,375,-1,375,400,401,-1,375,401,376,-1,376,401,402,-1,376,402,377,-1,377,402,403,-1,377,403,378,-1,378,403,404,-1,378,404,379,-1,379,404,405,-1,379,405,380,-1,380,405,406,-1,380,406,381,-1,381,406,407,-1,381,407,382,-1,382,407,408,-1,382,408,383,-1,383,408,409,-1,383,409,384,-1,384,409,410,-1,384,410,385,-1,385,410,411,-1,385,411,386,-1,386,411,412,-1,386,412,387,-1,387,412,413,-1,387,413,388,-1,388,413,414,-1,389,415,390,-1,390,415,416,-1,390,416,391,-1,391,416,417,-1,391,417,392,-1,392,417,418,-1,392,418,393,-1,393,418,419,-1,393,419,394,-1,394,419,420,-1,394,420,395,-1,395,420,421,-1,395,421,396,-1,396,421,422,-1,396,422,397,-1,397,422,423,-1,397,423,398,-1,398,423,424,-1,398,424,399,-1,399,424,425,-1,399,425,400,-1,400,425,426,-1,400,426,401,-1,401,426,427,-1,401,427,402,-1,402,427,428,-1,402,428,403,-1,403,428,429,-1,403,429,404,-1,404,429,430,-1,404,430,405,-1,405,430,431,-1,405,431,406,-1,406,431,432,-1,406,432,407,-1,407,432,433,-1,407,433,408,-1,408,433,434,-1,408,434,409,-1,409,434,435,-1,409,435,410,-1,410,435,436,-1,410,436,411,-1,411,436,437,-1,411,437,412,-1,412,437,438,-1,412,438,413,-1,413,438,439,-1,413,439,414,-1,414,439,440,-1,415,441,416,-1,416,441,442,-1,416,442,417,-1,417,442,443,-1,417,443,418,-1,418,443,444,-1,418,444,419,-1,419,444,445,-1,419,445,420,-1,420,445,446,-1,420,446,421,-1,421,446,447,-1,421,447,422,-1,422,447,448,-1,422,448,423,-1,423,448,449,-1,423,449,424,-1,424,449,450,-1,424,450,425,-1,425,450,451,-1,425,451,426,-1,426,451,452,-1,426,452,427,-1,427,452,453,-1,427,453,428,-1,428,453,454,-1,428,454,429,-1,429,454,455,-1,429,455,430,-1,430,455,456,-1,430,456,431,-1,431,456,457,-1,431,457,432,-1,432,457,458,-1,432,458,433,-1,433,458,459,-1,433,459,434,-1,434,459,460,-1,434,460,435,-1,435,460,461,-1,435,461,436,-1,436,461,462,-1,436,462,437,-1,437,462,463,-1,437,463,438,-1,438,463,464,-1,438,464,439,-1,439,464,465,-1,439,465,440,-1,440,465,466,-1,441,467,442,-1,442,467,468,-1,442,468,443,-1,443,468,469,-1,443,469,444,-1,444,469,470,-1,444,470,445,-1,445,470,471,-1,445,471,446,-1,446,471,472,-1,446,472,447,-1,447,472,473,-1,447,473,448,-1,448,473,474,-1,448,474,449,-1,449,474,475,-1,449,475,450,-1,450,475,476,-1,450,476,451,-1,451,476,477,-1,451,477,452,-1,452,477,478,-1,452,478,453,-1,453,478,479,-1,453,479,454,-1,454,479,480,-1,454,480,455,-1,455,480,481,-1,455,481,456,-1,456,481,482,-1,456,482,457,-1,457,482,483,-1,457,483,458,-1,458,483,484,-1,458,484,459,-1,459,484,485,-1,459,485,460,-1,460,485,486,-1,460,486,461,-1,461,486,487,-1,461,487,462,-1,462,487,488,-1,462,488,463,-1,463,488,489,-1,463,489,464,-1,464,489,490,-1,464,490,465,-1,465,490,491,-1,465,491,466,-1,466,491,492,-1,467,493,468,-1,468,493,494,-1,468,494,469,-1,469,494,495,-1,469,495,470,-1,470,495,496,-1,470,496,471,-1,471,496,497,-1,471,497,472,-1,472,497,498,-1,472,498,473,-1,473,498,499,-1,473,499,474,-1,474,499,500,-1,474,500,475,-1,475,500,501,-1,475,501,476,-1,476,501,502,-1,476,502,477,-1,477,502,503,-1,477,503,478,-1,478,503,504,-1,478,504,479,-1,479,504,505,-1,479,505,480,-1,480,505,506,-1,480,506,481,-1,481,506,507,-1,481,507,482,-1,482,507,508,-1,482,508,483,-1,483,508,509,-1,483,509,484,-1,484,509,510,-1,484,510,485,-1,485,510,511,-1,485,511,486,-1,486,511,512,-1,486,512,487,-1,487,512,513,-1,487,513,488,-1,488,513,514,-1,488,514,489,-1,489,514,515,-1,489,515,490,-1,490,515,516,-1,490,516,491,-1,491,516,517,-1,491,517,492,-1,492,517,518,-1,493,519,494,-1,494,519,520,-1,494,520,495,-1,495,520,521,-1,495,521,496,-1,496,521,522,-1,496,522,497,-1,497,522,523,-1,497,523,498,-1,498,523,524,-1,498,524,499,-1,499,524,525,-1,499,525,500,-1,500,525,526,-1,500,526,501,-1,501,526,527,-1,501,527,502,-1,502,527,528,-1,502,528,503,-1,503,528,529,-1,503,529,504,-1,504,529,530,-1,504,530,505,-1,505,530,531,-1,505,531,506,-1,506,531,532,-1,506,532,507,-1,507,532,533,-1,507,533,508,-1,508,533,534,-1,508,534,509,-1,509,534,535,-1,509,535,510,-1,510,535,536,-1,510,536,511,-1,511,536,537,-1,511,537,512,-1,512,537,538,-1,512,538,513,-1,513,538,539,-1,513,539,514,-1,514,539,540,-1,514,540,515,-1,515,540,541,-1,515,541,516,-1,516,541,542,-1,516,542,517,-1,517,542,543,-1,517,543,518,-1,518,543,544,-1,519,218,520,-1,520,218,217,-1,520,217,521,-1,521,217,225,-1,521,225,522,-1,522,225,229,-1,522,229,523,-1,523,229,232,-1,523,232,524,-1,524,232,237,-1,524,237,525,-1,525,237,241,-1,525,241,526,-1,526,241,245,-1,526,245,527,-1,527,245,249,-1,527,249,528,-1,528,249,251,-1,528,251,529,-1,529,251,253,-1,529,253,530,-1,530,253,259,-1,530,259,531,-1,531,259,263,-1,531,263,532,-1,532,263,267,-1,532,267,533,-1,533,267,271,-1,533,271,534,-1,534,271,275,-1,534,275,535,-1,535,275,279,-1,535,279,536,-1,536,279,283,-1,536,283,537,-1,537,283,285,-1,537,285,538,-1,538,285,287,-1,538,287,539,-1,539,287,293,-1,539,293,540,-1,540,293,296,-1,540,296,541,-1,541,296,301,-1,541,301,542,-1,542,301,306,-1,542,306,543,-1,543,306,308,-1,543,308,544,-1,544,308,545,-1,165,164,546,-1,546,164,168,-1,309,547,308,-1,308,547,548,-1,308,548,545,-1,545,548,549,-1,545,549,550,-1,168,310,546,-1,546,310,336,-1,546,336,551,-1,551,336,362,-1,551,362,552,-1,552,362,388,-1,552,388,553,-1,553,388,414,-1,553,414,554,-1,554,414,440,-1,554,440,555,-1,555,440,466,-1,555,466,556,-1,556,466,492,-1,556,492,557,-1,557,492,518,-1,557,518,558,-1,558,518,544,-1,558,544,559,-1,559,544,545,-1,559,545,560,-1,560,545,550,-1,560,550,561,-1,165,546,220,-1,220,546,551,-1,220,551,311,-1,311,551,552,-1,311,552,337,-1,337,552,553,-1,337,553,363,-1,363,553,554,-1,363,554,389,-1,389,554,555,-1,389,555,415,-1,415,555,556,-1,415,556,441,-1,441,556,557,-1,441,557,467,-1,467,557,558,-1,467,558,493,-1,493,558,559,-1,493,559,519,-1,519,559,560,-1,519,560,218,-1,218,560,561,-1,218,561,219,-1,125,270,269,-1,125,269,124,-1,269,266,124,-1,124,266,265,-1,124,265,123,-1,265,262,123,-1,123,262,261,-1,123,261,122,-1,261,258,122,-1,122,258,257,-1,122,257,121,-1,257,252,121,-1,121,252,250,-1,121,250,144,-1,250,248,144,-1,144,248,247,-1,144,247,143,-1,143,247,244,-1,143,244,142,-1,244,243,142,-1,142,243,240,-1,142,240,141,-1,141,240,239,-1,239,236,141,-1,141,236,235,-1,141,235,140,-1,235,231,140,-1,140,231,230,-1,140,230,139,-1,230,228,139,-1,139,228,227,-1,139,227,138,-1,227,224,138,-1,138,224,223,-1,138,223,137,-1,223,219,137,-1,137,219,561,-1,137,561,136,-1,561,550,136,-1,136,550,549,-1,136,549,135,-1,135,549,548,-1,135,548,134,-1,548,547,134,-1,134,547,309,-1,134,309,133,-1,133,309,307,-1,307,305,133,-1,133,305,304,-1,133,304,132,-1,304,300,132,-1,132,300,299,-1,132,299,131,-1,299,295,131,-1,131,295,294,-1,131,294,130,-1,294,292,130,-1,130,292,291,-1,130,291,129,-1,291,286,129,-1,129,286,284,-1,129,284,128,-1,284,282,128,-1,128,282,281,-1,128,281,127,-1,127,281,278,-1,127,278,126,-1,278,277,126,-1,126,277,274,-1,126,274,125,-1,125,274,273,-1,125,273,270,-1,562,563,564,-1,564,563,565,-1,564,565,566,-1,566,565,567,-1,566,567,568,-1,568,567,569,-1,568,569,570,-1,570,569,571,-1,570,571,572,-1,572,571,573,-1,572,573,574,-1,574,573,575,-1,574,575,576,-1,576,575,577,-1,576,577,578,-1,578,577,579,-1,578,579,580,-1,580,579,581,-1,580,581,582,-1,582,581,583,-1,582,583,584,-1,584,583,585,-1,584,585,586,-1,586,585,587,-1,586,587,588,-1,588,587,589,-1,588,589,590,-1,590,589,591,-1,590,591,592,-1,592,591,593,-1,592,593,594,-1,594,593,595,-1,594,595,596,-1,596,595,597,-1,596,597,598,-1,598,597,599,-1,598,599,600,-1,600,599,601,-1,600,601,602,-1,602,601,603,-1,602,603,604,-1,604,603,605,-1,604,605,606,-1,606,605,607,-1,606,607,608,-1,608,607,609,-1,608,609,562,-1,562,609,563,-1,181,583,184,-1,184,583,581,-1,184,581,187,-1,187,581,579,-1,187,579,190,-1,190,579,577,-1,190,577,193,-1,193,577,575,-1,193,575,196,-1,196,575,573,-1,196,573,199,-1,199,573,571,-1,199,571,202,-1,202,571,569,-1,202,569,205,-1,205,569,567,-1,205,567,208,-1,208,567,565,-1,208,565,211,-1,211,565,563,-1,211,563,145,-1,145,563,609,-1,145,609,146,-1,146,609,607,-1,146,607,148,-1,148,607,605,-1,148,605,151,-1,151,605,603,-1,151,603,154,-1,154,603,601,-1,154,601,157,-1,157,601,599,-1,157,599,160,-1,160,599,597,-1,160,597,163,-1,163,597,595,-1,163,595,166,-1,166,595,593,-1,166,593,169,-1,169,593,591,-1,169,591,172,-1,172,591,589,-1,172,589,175,-1,175,589,587,-1,175,587,178,-1,178,587,585,-1,178,585,181,-1,181,585,583,-1,610,570,611,-1,611,570,572,-1,611,572,612,-1,612,572,574,-1,612,574,613,-1,613,574,576,-1,613,576,614,-1,614,576,578,-1,614,578,615,-1,615,578,580,-1,615,580,616,-1,616,580,582,-1,616,582,617,-1,617,582,584,-1,617,584,618,-1,618,584,586,-1,618,586,619,-1,619,586,588,-1,619,588,620,-1,620,588,590,-1,620,590,621,-1,621,590,592,-1,621,592,622,-1,622,592,594,-1,622,594,623,-1,623,594,596,-1,623,596,624,-1,624,596,598,-1,624,598,625,-1,625,598,600,-1,625,600,626,-1,626,600,602,-1,626,602,627,-1,627,602,604,-1,627,604,628,-1,628,604,606,-1,628,606,629,-1,629,606,608,-1,629,608,630,-1,630,608,562,-1,630,562,631,-1,631,562,564,-1,631,564,632,-1,632,564,566,-1,632,566,633,-1,633,566,568,-1,633,568,610,-1,610,568,570,-1,634,635,636,-1,636,635,637,-1,636,637,638,-1,639,640,636,-1,636,640,641,-1,636,641,634,-1,642,643,636,-1,636,643,644,-1,636,644,639,-1,645,646,636,-1,636,646,647,-1,636,647,642,-1,648,649,636,-1,636,649,650,-1,636,650,645,-1,651,652,636,-1,636,652,653,-1,636,653,648,-1,654,655,636,-1,636,655,656,-1,636,656,651,-1,638,657,636,-1,636,657,658,-1,636,658,654,-1,659,631,660,-1,660,631,632,-1,660,632,661,-1,661,632,633,-1,661,633,662,-1,662,633,610,-1,662,610,663,-1,663,610,611,-1,663,611,664,-1,664,611,612,-1,664,612,665,-1,665,612,613,-1,665,613,666,-1,666,613,614,-1,666,614,667,-1,667,614,615,-1,667,615,668,-1,668,615,616,-1,668,616,669,-1,669,616,617,-1,669,617,670,-1,670,617,618,-1,670,618,671,-1,671,618,619,-1,671,619,672,-1,672,619,620,-1,672,620,673,-1,673,620,621,-1,673,621,674,-1,674,621,622,-1,674,622,675,-1,675,622,623,-1,675,623,676,-1,676,623,624,-1,676,624,677,-1,677,624,625,-1,677,625,678,-1,678,625,626,-1,678,626,679,-1,679,626,627,-1,679,627,680,-1,680,627,628,-1,680,628,681,-1,681,628,629,-1,681,629,682,-1,682,629,630,-1,682,630,659,-1,659,630,631,-1,72,15,26,-1,26,15,14,-1,26,14,28,-1,28,14,19,-1,28,19,30,-1,30,19,18,-1,30,18,32,-1,32,18,17,-1,32,17,34,-1,34,17,22,-1,34,22,36,-1,36,22,21,-1,36,21,38,-1,38,21,20,-1,38,20,40,-1,40,20,24,-1,40,24,42,-1,42,24,23,-1,42,23,44,-1,44,23,4,-1,44,4,46,-1,46,4,3,-1,46,3,48,-1,48,3,1,-1,48,1,50,-1,50,1,0,-1,50,0,52,-1,52,0,7,-1,52,7,54,-1,54,7,6,-1,54,6,56,-1,56,6,5,-1,56,5,58,-1,58,5,10,-1,58,10,60,-1,60,10,9,-1,60,9,62,-1,62,9,8,-1,62,8,64,-1,64,8,13,-1,64,13,66,-1,66,13,12,-1,66,12,68,-1,68,12,11,-1,68,11,70,-1,70,11,16,-1,70,16,72,-1,72,16,15,-1,671,635,670,-1,670,635,634,-1,670,634,669,-1,669,634,641,-1,669,641,668,-1,668,641,640,-1,668,640,667,-1,667,640,639,-1,667,639,666,-1,666,639,644,-1,666,644,665,-1,665,644,643,-1,665,643,664,-1,664,643,642,-1,664,642,663,-1,663,642,647,-1,663,647,662,-1,662,647,646,-1,662,646,661,-1,661,646,645,-1,661,645,660,-1,660,645,650,-1,660,650,659,-1,659,650,649,-1,659,649,682,-1,682,649,648,-1,682,648,681,-1,681,648,653,-1,681,653,680,-1,680,653,652,-1,680,652,679,-1,679,652,651,-1,679,651,678,-1,678,651,656,-1,678,656,677,-1,677,656,655,-1,677,655,676,-1,676,655,654,-1,676,654,675,-1,675,654,658,-1,675,658,674,-1,674,658,657,-1,674,657,673,-1,673,657,638,-1,673,638,672,-1,672,638,637,-1,672,637,671,-1,671,637,635,-1,683,684,685,-1,685,684,686,-1,685,686,687,-1,688,689,685,-1,685,689,690,-1,685,690,683,-1,691,692,685,-1,685,692,693,-1,685,693,688,-1,694,695,685,-1,685,695,696,-1,685,696,691,-1,697,698,685,-1,685,698,699,-1,685,699,694,-1,700,701,685,-1,685,701,702,-1,685,702,697,-1,703,704,685,-1,685,704,705,-1,685,705,700,-1,687,706,685,-1,685,706,707,-1,685,707,703,-1,708,709,710,-1,710,709,711,-1,710,711,712,-1,712,711,713,-1,712,713,714,-1,714,713,715,-1,714,715,716,-1,716,715,717,-1,716,717,718,-1,718,717,719,-1,718,719,720,-1,720,719,721,-1,720,721,722,-1,722,721,723,-1,722,723,724,-1,724,723,725,-1,724,725,726,-1,726,725,727,-1,726,727,728,-1,728,727,729,-1,728,729,730,-1,730,729,731,-1,730,731,732,-1,732,731,733,-1,732,733,734,-1,734,733,735,-1,734,735,736,-1,736,735,737,-1,736,737,738,-1,738,737,739,-1,738,739,740,-1,740,739,741,-1,740,741,742,-1,742,741,743,-1,742,743,744,-1,744,743,745,-1,744,745,746,-1,746,745,747,-1,746,747,748,-1,748,747,749,-1,748,749,750,-1,750,749,751,-1,750,751,752,-1,752,751,753,-1,752,753,754,-1,754,753,755,-1,754,755,708,-1,708,755,709,-1,756,757,758,-1,758,757,759,-1,758,759,760,-1,760,759,761,-1,760,761,762,-1,762,761,763,-1,762,763,764,-1,764,763,765,-1,764,765,766,-1,766,765,767,-1,766,767,768,-1,768,767,769,-1,768,769,770,-1,770,769,771,-1,770,771,772,-1,772,771,773,-1,772,773,774,-1,774,773,775,-1,774,775,776,-1,776,775,777,-1,776,777,778,-1,778,777,779,-1,778,779,780,-1,780,779,781,-1,780,781,782,-1,782,781,783,-1,782,783,784,-1,784,783,785,-1,784,785,786,-1,786,785,787,-1,786,787,788,-1,788,787,789,-1,788,789,790,-1,790,789,791,-1,790,791,792,-1,792,791,793,-1,792,793,794,-1,794,793,795,-1,794,795,796,-1,796,795,797,-1,796,797,798,-1,798,797,799,-1,798,799,800,-1,800,799,801,-1,800,801,802,-1,802,801,803,-1,802,803,756,-1,756,803,757,-1,804,787,805,-1,805,787,785,-1,805,785,806,-1,806,785,783,-1,806,783,807,-1,807,783,781,-1,807,781,808,-1,808,781,779,-1,808,779,809,-1,809,779,777,-1,809,777,810,-1,810,777,775,-1,810,775,811,-1,811,775,773,-1,811,773,812,-1,812,773,771,-1,812,771,813,-1,813,771,769,-1,813,769,814,-1,814,769,767,-1,814,767,815,-1,815,767,765,-1,815,765,816,-1,816,765,763,-1,816,763,817,-1,817,763,761,-1,817,761,818,-1,818,761,759,-1,818,759,819,-1,819,759,757,-1,819,757,820,-1,820,757,803,-1,820,803,821,-1,821,803,801,-1,821,801,822,-1,822,801,799,-1,822,799,823,-1,823,799,797,-1,823,797,824,-1,824,797,795,-1,824,795,825,-1,825,795,793,-1,825,793,826,-1,826,793,791,-1,826,791,827,-1,827,791,789,-1,827,789,804,-1,804,789,787,-1,828,829,830,-1,831,832,829,-1,829,832,833,-1,829,833,830,-1,834,835,831,-1,831,835,836,-1,831,836,832,-1,837,838,834,-1,834,838,839,-1,834,839,835,-1,840,841,837,-1,837,841,842,-1,837,842,838,-1,843,844,840,-1,840,844,845,-1,840,845,841,-1,846,847,843,-1,843,847,848,-1,843,848,844,-1,849,850,846,-1,846,850,851,-1,846,851,847,-1,852,853,849,-1,849,853,854,-1,849,854,850,-1,855,856,852,-1,852,856,857,-1,852,857,853,-1,858,859,855,-1,855,859,860,-1,855,860,856,-1,861,862,858,-1,858,862,863,-1,858,863,859,-1,864,865,861,-1,861,865,866,-1,861,866,862,-1,867,868,864,-1,864,868,869,-1,864,869,865,-1,870,871,867,-1,867,871,872,-1,867,872,868,-1,873,874,870,-1,870,874,875,-1,870,875,871,-1,876,877,873,-1,873,877,878,-1,873,878,874,-1,879,880,876,-1,876,880,881,-1,876,881,877,-1,882,883,879,-1,879,883,884,-1,879,884,880,-1,885,886,882,-1,882,886,887,-1,882,887,883,-1,888,889,885,-1,885,889,890,-1,885,890,886,-1,891,892,888,-1,888,892,893,-1,888,893,889,-1,894,895,891,-1,891,895,896,-1,891,896,892,-1,830,897,828,-1,828,897,898,-1,828,898,894,-1,894,898,899,-1,894,899,895,-1,900,901,902,-1,848,903,844,-1,844,903,904,-1,844,904,845,-1,845,904,905,-1,845,905,841,-1,902,906,900,-1,900,906,907,-1,900,907,908,-1,841,905,842,-1,842,905,909,-1,842,909,838,-1,907,910,908,-1,908,910,911,-1,908,911,912,-1,911,913,912,-1,912,913,914,-1,912,914,915,-1,916,836,917,-1,917,836,835,-1,917,835,909,-1,909,835,839,-1,909,839,838,-1,914,918,915,-1,915,918,919,-1,915,919,920,-1,921,833,916,-1,916,833,832,-1,916,832,836,-1,922,897,921,-1,921,897,830,-1,921,830,833,-1,919,923,920,-1,920,923,924,-1,920,924,925,-1,925,924,926,-1,925,926,927,-1,927,926,928,-1,929,899,922,-1,922,899,898,-1,922,898,897,-1,928,930,927,-1,927,930,931,-1,927,931,932,-1,932,931,933,-1,932,933,934,-1,934,933,935,-1,934,935,936,-1,937,893,938,-1,938,893,892,-1,938,892,939,-1,939,892,896,-1,939,896,929,-1,929,896,895,-1,929,895,899,-1,935,940,936,-1,936,940,941,-1,936,941,942,-1,943,890,937,-1,937,890,889,-1,937,889,893,-1,941,944,942,-1,942,944,945,-1,942,945,946,-1,947,887,943,-1,943,887,886,-1,943,886,890,-1,945,948,946,-1,946,948,949,-1,946,949,950,-1,951,884,947,-1,947,884,883,-1,947,883,887,-1,949,952,950,-1,950,952,953,-1,950,953,954,-1,955,881,951,-1,951,881,880,-1,951,880,884,-1,953,956,954,-1,954,956,957,-1,954,957,958,-1,959,878,955,-1,955,878,877,-1,955,877,881,-1,957,960,958,-1,958,960,961,-1,958,961,962,-1,963,875,959,-1,959,875,874,-1,959,874,878,-1,961,964,962,-1,962,964,965,-1,962,965,966,-1,966,965,967,-1,966,967,968,-1,968,967,969,-1,968,969,970,-1,971,869,972,-1,972,869,868,-1,972,868,973,-1,973,868,872,-1,973,872,963,-1,963,872,871,-1,963,871,875,-1,969,974,970,-1,970,974,975,-1,970,975,976,-1,977,866,971,-1,971,866,865,-1,971,865,869,-1,975,978,976,-1,976,978,979,-1,976,979,980,-1,981,863,977,-1,977,863,862,-1,977,862,866,-1,979,982,980,-1,980,982,983,-1,980,983,984,-1,985,860,981,-1,981,860,859,-1,981,859,863,-1,986,857,985,-1,985,857,856,-1,985,856,860,-1,983,987,984,-1,984,987,988,-1,984,988,989,-1,989,988,990,-1,989,990,991,-1,991,990,992,-1,851,850,993,-1,993,850,854,-1,993,854,986,-1,986,854,853,-1,986,853,857,-1,903,994,904,-1,904,994,995,-1,904,995,905,-1,905,995,996,-1,905,996,909,-1,909,996,997,-1,909,997,917,-1,917,997,998,-1,917,998,916,-1,916,998,999,-1,916,999,921,-1,921,999,1000,-1,921,1000,922,-1,922,1000,1001,-1,922,1001,929,-1,929,1001,1002,-1,929,1002,939,-1,939,1002,1003,-1,939,1003,938,-1,938,1003,1004,-1,938,1004,937,-1,937,1004,1005,-1,937,1005,943,-1,943,1005,1006,-1,943,1006,947,-1,947,1006,1007,-1,947,1007,951,-1,951,1007,1008,-1,951,1008,955,-1,955,1008,1009,-1,955,1009,959,-1,959,1009,1010,-1,959,1010,963,-1,963,1010,1011,-1,963,1011,973,-1,973,1011,1012,-1,973,1012,972,-1,972,1012,1013,-1,972,1013,971,-1,971,1013,1014,-1,971,1014,977,-1,977,1014,1015,-1,977,1015,981,-1,981,1015,1016,-1,981,1016,985,-1,985,1016,1017,-1,985,1017,986,-1,986,1017,1018,-1,986,1018,993,-1,993,1018,1019,-1,994,1020,995,-1,995,1020,1021,-1,995,1021,996,-1,996,1021,1022,-1,996,1022,997,-1,997,1022,1023,-1,997,1023,998,-1,998,1023,1024,-1,998,1024,999,-1,999,1024,1025,-1,999,1025,1000,-1,1000,1025,1026,-1,1000,1026,1001,-1,1001,1026,1027,-1,1001,1027,1002,-1,1002,1027,1028,-1,1002,1028,1003,-1,1003,1028,1029,-1,1003,1029,1004,-1,1004,1029,1030,-1,1004,1030,1005,-1,1005,1030,1031,-1,1005,1031,1006,-1,1006,1031,1032,-1,1006,1032,1007,-1,1007,1032,1033,-1,1007,1033,1008,-1,1008,1033,1034,-1,1008,1034,1009,-1,1009,1034,1035,-1,1009,1035,1010,-1,1010,1035,1036,-1,1010,1036,1011,-1,1011,1036,1037,-1,1011,1037,1012,-1,1012,1037,1038,-1,1012,1038,1013,-1,1013,1038,1039,-1,1013,1039,1014,-1,1014,1039,1040,-1,1014,1040,1015,-1,1015,1040,1041,-1,1015,1041,1016,-1,1016,1041,1042,-1,1016,1042,1017,-1,1017,1042,1043,-1,1017,1043,1018,-1,1018,1043,1044,-1,1018,1044,1019,-1,1019,1044,1045,-1,1020,1046,1021,-1,1021,1046,1047,-1,1021,1047,1022,-1,1022,1047,1048,-1,1022,1048,1023,-1,1023,1048,1049,-1,1023,1049,1024,-1,1024,1049,1050,-1,1024,1050,1025,-1,1025,1050,1051,-1,1025,1051,1026,-1,1026,1051,1052,-1,1026,1052,1027,-1,1027,1052,1053,-1,1027,1053,1028,-1,1028,1053,1054,-1,1028,1054,1029,-1,1029,1054,1055,-1,1029,1055,1030,-1,1030,1055,1056,-1,1030,1056,1031,-1,1031,1056,1057,-1,1031,1057,1032,-1,1032,1057,1058,-1,1032,1058,1033,-1,1033,1058,1059,-1,1033,1059,1034,-1,1034,1059,1060,-1,1034,1060,1035,-1,1035,1060,1061,-1,1035,1061,1036,-1,1036,1061,1062,-1,1036,1062,1037,-1,1037,1062,1063,-1,1037,1063,1038,-1,1038,1063,1064,-1,1038,1064,1039,-1,1039,1064,1065,-1,1039,1065,1040,-1,1040,1065,1066,-1,1040,1066,1041,-1,1041,1066,1067,-1,1041,1067,1042,-1,1042,1067,1068,-1,1042,1068,1043,-1,1043,1068,1069,-1,1043,1069,1044,-1,1044,1069,1070,-1,1044,1070,1045,-1,1045,1070,1071,-1,1046,1072,1047,-1,1047,1072,1073,-1,1047,1073,1048,-1,1048,1073,1074,-1,1048,1074,1049,-1,1049,1074,1075,-1,1049,1075,1050,-1,1050,1075,1076,-1,1050,1076,1051,-1,1051,1076,1077,-1,1051,1077,1052,-1,1052,1077,1078,-1,1052,1078,1053,-1,1053,1078,1079,-1,1053,1079,1054,-1,1054,1079,1080,-1,1054,1080,1055,-1,1055,1080,1081,-1,1055,1081,1056,-1,1056,1081,1082,-1,1056,1082,1057,-1,1057,1082,1083,-1,1057,1083,1058,-1,1058,1083,1084,-1,1058,1084,1059,-1,1059,1084,1085,-1,1059,1085,1060,-1,1060,1085,1086,-1,1060,1086,1061,-1,1061,1086,1087,-1,1061,1087,1062,-1,1062,1087,1088,-1,1062,1088,1063,-1,1063,1088,1089,-1,1063,1089,1064,-1,1064,1089,1090,-1,1064,1090,1065,-1,1065,1090,1091,-1,1065,1091,1066,-1,1066,1091,1092,-1,1066,1092,1067,-1,1067,1092,1093,-1,1067,1093,1068,-1,1068,1093,1094,-1,1068,1094,1069,-1,1069,1094,1095,-1,1069,1095,1070,-1,1070,1095,1096,-1,1070,1096,1071,-1,1071,1096,1097,-1,1072,1098,1073,-1,1073,1098,1099,-1,1073,1099,1074,-1,1074,1099,1100,-1,1074,1100,1075,-1,1075,1100,1101,-1,1075,1101,1076,-1,1076,1101,1102,-1,1076,1102,1077,-1,1077,1102,1103,-1,1077,1103,1078,-1,1078,1103,1104,-1,1078,1104,1079,-1,1079,1104,1105,-1,1079,1105,1080,-1,1080,1105,1106,-1,1080,1106,1081,-1,1081,1106,1107,-1,1081,1107,1082,-1,1082,1107,1108,-1,1082,1108,1083,-1,1083,1108,1109,-1,1083,1109,1084,-1,1084,1109,1110,-1,1084,1110,1085,-1,1085,1110,1111,-1,1085,1111,1086,-1,1086,1111,1112,-1,1086,1112,1087,-1,1087,1112,1113,-1,1087,1113,1088,-1,1088,1113,1114,-1,1088,1114,1089,-1,1089,1114,1115,-1,1089,1115,1090,-1,1090,1115,1116,-1,1090,1116,1091,-1,1091,1116,1117,-1,1091,1117,1092,-1,1092,1117,1118,-1,1092,1118,1093,-1,1093,1118,1119,-1,1093,1119,1094,-1,1094,1119,1120,-1,1094,1120,1095,-1,1095,1120,1121,-1,1095,1121,1096,-1,1096,1121,1122,-1,1096,1122,1097,-1,1097,1122,1123,-1,1098,1124,1099,-1,1099,1124,1125,-1,1099,1125,1100,-1,1100,1125,1126,-1,1100,1126,1101,-1,1101,1126,1127,-1,1101,1127,1102,-1,1102,1127,1128,-1,1102,1128,1103,-1,1103,1128,1129,-1,1103,1129,1104,-1,1104,1129,1130,-1,1104,1130,1105,-1,1105,1130,1131,-1,1105,1131,1106,-1,1106,1131,1132,-1,1106,1132,1107,-1,1107,1132,1133,-1,1107,1133,1108,-1,1108,1133,1134,-1,1108,1134,1109,-1,1109,1134,1135,-1,1109,1135,1110,-1,1110,1135,1136,-1,1110,1136,1111,-1,1111,1136,1137,-1,1111,1137,1112,-1,1112,1137,1138,-1,1112,1138,1113,-1,1113,1138,1139,-1,1113,1139,1114,-1,1114,1139,1140,-1,1114,1140,1115,-1,1115,1140,1141,-1,1115,1141,1116,-1,1116,1141,1142,-1,1116,1142,1117,-1,1117,1142,1143,-1,1117,1143,1118,-1,1118,1143,1144,-1,1118,1144,1119,-1,1119,1144,1145,-1,1119,1145,1120,-1,1120,1145,1146,-1,1120,1146,1121,-1,1121,1146,1147,-1,1121,1147,1122,-1,1122,1147,1148,-1,1122,1148,1123,-1,1123,1148,1149,-1,1124,1150,1125,-1,1125,1150,1151,-1,1125,1151,1126,-1,1126,1151,1152,-1,1126,1152,1127,-1,1127,1152,1153,-1,1127,1153,1128,-1,1128,1153,1154,-1,1128,1154,1129,-1,1129,1154,1155,-1,1129,1155,1130,-1,1130,1155,1156,-1,1130,1156,1131,-1,1131,1156,1157,-1,1131,1157,1132,-1,1132,1157,1158,-1,1132,1158,1133,-1,1133,1158,1159,-1,1133,1159,1134,-1,1134,1159,1160,-1,1134,1160,1135,-1,1135,1160,1161,-1,1135,1161,1136,-1,1136,1161,1162,-1,1136,1162,1137,-1,1137,1162,1163,-1,1137,1163,1138,-1,1138,1163,1164,-1,1138,1164,1139,-1,1139,1164,1165,-1,1139,1165,1140,-1,1140,1165,1166,-1,1140,1166,1141,-1,1141,1166,1167,-1,1141,1167,1142,-1,1142,1167,1168,-1,1142,1168,1143,-1,1143,1168,1169,-1,1143,1169,1144,-1,1144,1169,1170,-1,1144,1170,1145,-1,1145,1170,1171,-1,1145,1171,1146,-1,1146,1171,1172,-1,1146,1172,1147,-1,1147,1172,1173,-1,1147,1173,1148,-1,1148,1173,1174,-1,1148,1174,1149,-1,1149,1174,1175,-1,1150,1176,1151,-1,1151,1176,1177,-1,1151,1177,1152,-1,1152,1177,1178,-1,1152,1178,1153,-1,1153,1178,1179,-1,1153,1179,1154,-1,1154,1179,1180,-1,1154,1180,1155,-1,1155,1180,1181,-1,1155,1181,1156,-1,1156,1181,1182,-1,1156,1182,1157,-1,1157,1182,1183,-1,1157,1183,1158,-1,1158,1183,1184,-1,1158,1184,1159,-1,1159,1184,1185,-1,1159,1185,1160,-1,1160,1185,1186,-1,1160,1186,1161,-1,1161,1186,1187,-1,1161,1187,1162,-1,1162,1187,1188,-1,1162,1188,1163,-1,1163,1188,1189,-1,1163,1189,1164,-1,1164,1189,1190,-1,1164,1190,1165,-1,1165,1190,1191,-1,1165,1191,1166,-1,1166,1191,1192,-1,1166,1192,1167,-1,1167,1192,1193,-1,1167,1193,1168,-1,1168,1193,1194,-1,1168,1194,1169,-1,1169,1194,1195,-1,1169,1195,1170,-1,1170,1195,1196,-1,1170,1196,1171,-1,1171,1196,1197,-1,1171,1197,1172,-1,1172,1197,1198,-1,1172,1198,1173,-1,1173,1198,1199,-1,1173,1199,1174,-1,1174,1199,1200,-1,1174,1200,1175,-1,1175,1200,1201,-1,1176,1202,1177,-1,1177,1202,1203,-1,1177,1203,1178,-1,1178,1203,1204,-1,1178,1204,1179,-1,1179,1204,1205,-1,1179,1205,1180,-1,1180,1205,1206,-1,1180,1206,1181,-1,1181,1206,1207,-1,1181,1207,1182,-1,1182,1207,1208,-1,1182,1208,1183,-1,1183,1208,1209,-1,1183,1209,1184,-1,1184,1209,1210,-1,1184,1210,1185,-1,1185,1210,1211,-1,1185,1211,1186,-1,1186,1211,1212,-1,1186,1212,1187,-1,1187,1212,1213,-1,1187,1213,1188,-1,1188,1213,1214,-1,1188,1214,1189,-1,1189,1214,1215,-1,1189,1215,1190,-1,1190,1215,1216,-1,1190,1216,1191,-1,1191,1216,1217,-1,1191,1217,1192,-1,1192,1217,1218,-1,1192,1218,1193,-1,1193,1218,1219,-1,1193,1219,1194,-1,1194,1219,1220,-1,1194,1220,1195,-1,1195,1220,1221,-1,1195,1221,1196,-1,1196,1221,1222,-1,1196,1222,1197,-1,1197,1222,1223,-1,1197,1223,1198,-1,1198,1223,1224,-1,1198,1224,1199,-1,1199,1224,1225,-1,1199,1225,1200,-1,1200,1225,1226,-1,1200,1226,1201,-1,1201,1226,1227,-1,1202,901,1203,-1,1203,901,900,-1,1203,900,1204,-1,1204,900,908,-1,1204,908,1205,-1,1205,908,912,-1,1205,912,1206,-1,1206,912,915,-1,1206,915,1207,-1,1207,915,920,-1,1207,920,1208,-1,1208,920,925,-1,1208,925,1209,-1,1209,925,927,-1,1209,927,1210,-1,1210,927,932,-1,1210,932,1211,-1,1211,932,934,-1,1211,934,1212,-1,1212,934,936,-1,1212,936,1213,-1,1213,936,942,-1,1213,942,1214,-1,1214,942,946,-1,1214,946,1215,-1,1215,946,950,-1,1215,950,1216,-1,1216,950,954,-1,1216,954,1217,-1,1217,954,958,-1,1217,958,1218,-1,1218,958,962,-1,1218,962,1219,-1,1219,962,966,-1,1219,966,1220,-1,1220,966,968,-1,1220,968,1221,-1,1221,968,970,-1,1221,970,1222,-1,1222,970,976,-1,1222,976,1223,-1,1223,976,980,-1,1223,980,1224,-1,1224,980,984,-1,1224,984,1225,-1,1225,984,989,-1,1225,989,1226,-1,1226,989,991,-1,1226,991,1227,-1,1227,991,1228,-1,848,847,1229,-1,1229,847,851,-1,992,1230,991,-1,991,1230,1231,-1,991,1231,1228,-1,1228,1231,1232,-1,1228,1232,1233,-1,851,993,1229,-1,1229,993,1019,-1,1229,1019,1234,-1,1234,1019,1045,-1,1234,1045,1235,-1,1235,1045,1071,-1,1235,1071,1236,-1,1236,1071,1097,-1,1236,1097,1237,-1,1237,1097,1123,-1,1237,1123,1238,-1,1238,1123,1149,-1,1238,1149,1239,-1,1239,1149,1175,-1,1239,1175,1240,-1,1240,1175,1201,-1,1240,1201,1241,-1,1241,1201,1227,-1,1241,1227,1242,-1,1242,1227,1228,-1,1242,1228,1243,-1,1243,1228,1233,-1,1243,1233,1244,-1,848,1229,903,-1,903,1229,1234,-1,903,1234,994,-1,994,1234,1235,-1,994,1235,1020,-1,1020,1235,1236,-1,1020,1236,1046,-1,1046,1236,1237,-1,1046,1237,1072,-1,1072,1237,1238,-1,1072,1238,1098,-1,1098,1238,1239,-1,1098,1239,1124,-1,1124,1239,1240,-1,1124,1240,1150,-1,1150,1240,1241,-1,1150,1241,1176,-1,1176,1241,1242,-1,1176,1242,1202,-1,1202,1242,1243,-1,1202,1243,901,-1,901,1243,1244,-1,901,1244,902,-1,808,953,952,-1,808,952,807,-1,952,949,807,-1,807,949,948,-1,807,948,806,-1,948,945,806,-1,806,945,944,-1,806,944,805,-1,944,941,805,-1,805,941,940,-1,805,940,804,-1,940,935,804,-1,804,935,933,-1,804,933,827,-1,933,931,827,-1,827,931,930,-1,827,930,826,-1,826,930,928,-1,826,928,825,-1,928,926,825,-1,825,926,924,-1,825,924,824,-1,824,924,923,-1,923,919,824,-1,824,919,918,-1,824,918,823,-1,918,914,823,-1,823,914,913,-1,823,913,822,-1,913,911,822,-1,822,911,910,-1,822,910,821,-1,910,907,821,-1,821,907,906,-1,821,906,820,-1,906,902,820,-1,820,902,1244,-1,820,1244,819,-1,1244,1233,819,-1,819,1233,1232,-1,819,1232,818,-1,818,1232,1231,-1,818,1231,817,-1,1231,1230,817,-1,817,1230,992,-1,817,992,816,-1,816,992,990,-1,990,988,816,-1,816,988,987,-1,816,987,815,-1,987,983,815,-1,815,983,982,-1,815,982,814,-1,982,979,814,-1,814,979,978,-1,814,978,813,-1,978,975,813,-1,813,975,974,-1,813,974,812,-1,974,969,812,-1,812,969,967,-1,812,967,811,-1,967,965,811,-1,811,965,964,-1,811,964,810,-1,810,964,961,-1,810,961,809,-1,961,960,809,-1,809,960,957,-1,809,957,808,-1,808,957,956,-1,808,956,953,-1,1245,1246,1247,-1,1247,1246,1248,-1,1247,1248,1249,-1,1249,1248,1250,-1,1249,1250,1251,-1,1251,1250,1252,-1,1251,1252,1253,-1,1253,1252,1254,-1,1253,1254,1255,-1,1255,1254,1256,-1,1255,1256,1257,-1,1257,1256,1258,-1,1257,1258,1259,-1,1259,1258,1260,-1,1259,1260,1261,-1,1261,1260,1262,-1,1261,1262,1263,-1,1263,1262,1264,-1,1263,1264,1265,-1,1265,1264,1266,-1,1265,1266,1267,-1,1267,1266,1268,-1,1267,1268,1269,-1,1269,1268,1270,-1,1269,1270,1271,-1,1271,1270,1272,-1,1271,1272,1273,-1,1273,1272,1274,-1,1273,1274,1275,-1,1275,1274,1276,-1,1275,1276,1277,-1,1277,1276,1278,-1,1277,1278,1279,-1,1279,1278,1280,-1,1279,1280,1281,-1,1281,1280,1282,-1,1281,1282,1283,-1,1283,1282,1284,-1,1283,1284,1285,-1,1285,1284,1286,-1,1285,1286,1287,-1,1287,1286,1288,-1,1287,1288,1289,-1,1289,1288,1290,-1,1289,1290,1291,-1,1291,1290,1292,-1,1291,1292,1245,-1,1245,1292,1246,-1,864,1266,867,-1,867,1266,1264,-1,867,1264,870,-1,870,1264,1262,-1,870,1262,873,-1,873,1262,1260,-1,873,1260,876,-1,876,1260,1258,-1,876,1258,879,-1,879,1258,1256,-1,879,1256,882,-1,882,1256,1254,-1,882,1254,885,-1,885,1254,1252,-1,885,1252,888,-1,888,1252,1250,-1,888,1250,891,-1,891,1250,1248,-1,891,1248,894,-1,894,1248,1246,-1,894,1246,828,-1,828,1246,1292,-1,828,1292,829,-1,829,1292,1290,-1,829,1290,831,-1,831,1290,1288,-1,831,1288,834,-1,834,1288,1286,-1,834,1286,837,-1,837,1286,1284,-1,837,1284,840,-1,840,1284,1282,-1,840,1282,843,-1,843,1282,1280,-1,843,1280,846,-1,846,1280,1278,-1,846,1278,849,-1,849,1278,1276,-1,849,1276,852,-1,852,1276,1274,-1,852,1274,855,-1,855,1274,1272,-1,855,1272,858,-1,858,1272,1270,-1,858,1270,861,-1,861,1270,1268,-1,861,1268,864,-1,864,1268,1266,-1,1293,1251,1294,-1,1294,1251,1253,-1,1294,1253,1295,-1,1295,1253,1255,-1,1295,1255,1296,-1,1296,1255,1257,-1,1296,1257,1297,-1,1297,1257,1259,-1,1297,1259,1298,-1,1298,1259,1261,-1,1298,1261,1299,-1,1299,1261,1263,-1,1299,1263,1300,-1,1300,1263,1265,-1,1300,1265,1301,-1,1301,1265,1267,-1,1301,1267,1302,-1,1302,1267,1269,-1,1302,1269,1303,-1,1303,1269,1271,-1,1303,1271,1304,-1,1304,1271,1273,-1,1304,1273,1305,-1,1305,1273,1275,-1,1305,1275,1306,-1,1306,1275,1277,-1,1306,1277,1307,-1,1307,1277,1279,-1,1307,1279,1308,-1,1308,1279,1281,-1,1308,1281,1309,-1,1309,1281,1283,-1,1309,1283,1310,-1,1310,1283,1285,-1,1310,1285,1311,-1,1311,1285,1287,-1,1311,1287,1312,-1,1312,1287,1289,-1,1312,1289,1313,-1,1313,1289,1291,-1,1313,1291,1314,-1,1314,1291,1245,-1,1314,1245,1315,-1,1315,1245,1247,-1,1315,1247,1316,-1,1316,1247,1249,-1,1316,1249,1293,-1,1293,1249,1251,-1,1317,1318,1319,-1,1319,1318,1320,-1,1319,1320,1321,-1,1322,1323,1319,-1,1319,1323,1324,-1,1319,1324,1317,-1,1325,1326,1319,-1,1319,1326,1327,-1,1319,1327,1322,-1,1328,1329,1319,-1,1319,1329,1330,-1,1319,1330,1325,-1,1331,1332,1319,-1,1319,1332,1333,-1,1319,1333,1328,-1,1334,1335,1319,-1,1319,1335,1336,-1,1319,1336,1331,-1,1337,1338,1319,-1,1319,1338,1339,-1,1319,1339,1334,-1,1321,1340,1319,-1,1319,1340,1341,-1,1319,1341,1337,-1,1342,1315,1343,-1,1343,1315,1316,-1,1343,1316,1344,-1,1344,1316,1293,-1,1344,1293,1345,-1,1345,1293,1294,-1,1345,1294,1346,-1,1346,1294,1295,-1,1346,1295,1347,-1,1347,1295,1296,-1,1347,1296,1348,-1,1348,1296,1297,-1,1348,1297,1349,-1,1349,1297,1298,-1,1349,1298,1350,-1,1350,1298,1299,-1,1350,1299,1351,-1,1351,1299,1300,-1,1351,1300,1352,-1,1352,1300,1301,-1,1352,1301,1353,-1,1353,1301,1302,-1,1353,1302,1354,-1,1354,1302,1303,-1,1354,1303,1355,-1,1355,1303,1304,-1,1355,1304,1356,-1,1356,1304,1305,-1,1356,1305,1357,-1,1357,1305,1306,-1,1357,1306,1358,-1,1358,1306,1307,-1,1358,1307,1359,-1,1359,1307,1308,-1,1359,1308,1360,-1,1360,1308,1309,-1,1360,1309,1361,-1,1361,1309,1310,-1,1361,1310,1362,-1,1362,1310,1311,-1,1362,1311,1363,-1,1363,1311,1312,-1,1363,1312,1364,-1,1364,1312,1313,-1,1364,1313,1365,-1,1365,1313,1314,-1,1365,1314,1342,-1,1342,1314,1315,-1,755,698,709,-1,709,698,697,-1,709,697,711,-1,711,697,702,-1,711,702,713,-1,713,702,701,-1,713,701,715,-1,715,701,700,-1,715,700,717,-1,717,700,705,-1,717,705,719,-1,719,705,704,-1,719,704,721,-1,721,704,703,-1,721,703,723,-1,723,703,707,-1,723,707,725,-1,725,707,706,-1,725,706,727,-1,727,706,687,-1,727,687,729,-1,729,687,686,-1,729,686,731,-1,731,686,684,-1,731,684,733,-1,733,684,683,-1,733,683,735,-1,735,683,690,-1,735,690,737,-1,737,690,689,-1,737,689,739,-1,739,689,688,-1,739,688,741,-1,741,688,693,-1,741,693,743,-1,743,693,692,-1,743,692,745,-1,745,692,691,-1,745,691,747,-1,747,691,696,-1,747,696,749,-1,749,696,695,-1,749,695,751,-1,751,695,694,-1,751,694,753,-1,753,694,699,-1,753,699,755,-1,755,699,698,-1,1354,1318,1353,-1,1353,1318,1317,-1,1353,1317,1352,-1,1352,1317,1324,-1,1352,1324,1351,-1,1351,1324,1323,-1,1351,1323,1350,-1,1350,1323,1322,-1,1350,1322,1349,-1,1349,1322,1327,-1,1349,1327,1348,-1,1348,1327,1326,-1,1348,1326,1347,-1,1347,1326,1325,-1,1347,1325,1346,-1,1346,1325,1330,-1,1346,1330,1345,-1,1345,1330,1329,-1,1345,1329,1344,-1,1344,1329,1328,-1,1344,1328,1343,-1,1343,1328,1333,-1,1343,1333,1342,-1,1342,1333,1332,-1,1342,1332,1365,-1,1365,1332,1331,-1,1365,1331,1364,-1,1364,1331,1336,-1,1364,1336,1363,-1,1363,1336,1335,-1,1363,1335,1362,-1,1362,1335,1334,-1,1362,1334,1361,-1,1361,1334,1339,-1,1361,1339,1360,-1,1360,1339,1338,-1,1360,1338,1359,-1,1359,1338,1337,-1,1359,1337,1358,-1,1358,1337,1341,-1,1358,1341,1357,-1,1357,1341,1340,-1,1357,1340,1356,-1,1356,1340,1321,-1,1356,1321,1355,-1,1355,1321,1320,-1,1355,1320,1354,-1,1354,1320,1318,-1,
        ]
    }
}
Shape{
    appearance Appearance {
        material  Material 	{
            diffuseColor 0.8823529411764706 0.8431372549019608 0.0
            specularColor 0.4392156862745098 0.4235294117647059 0.0
            ambientIntensity 0.7587
            transparency 0.0
            shininess 0.5
        }
    }
    geometry IndexedFaceSet {
        ccw TRUE
        solid FALSE
        coord DEF co Coordinate {
            point [
                0.1003 3.5718 0.0, 0.1003 3.5718 -0.3768, 0.2276 3.6113 0.0, 0.1226 3.5764 -0.3937, 0.2276 3.6113 -0.3937, 0.3417 3.6802 -0.3937, 0.3417 3.6802 0.0, 0.4359 3.7744 -0.3937, 0.4359 3.7744 0.0, 0.5048 3.8885 -0.3937, 0.5048 3.8885 0.0, 0.5397 3.9935 -0.3937, 0.5442 4.0157 0.0, 0.5442 4.0157 -0.3768, -0.4321 3.7744 -0.3937, -0.5009 3.8885 -0.3937, -0.2238 4.617 -0.3937, -0.1188 3.5764 -0.3937, -0.2238 3.6113 -0.3937, -0.1188 4.652 -0.3937, -0.5359 3.9935 -0.3937, -0.5359 4.2349 -0.3937, -0.5009 4.3399 -0.3937, -0.3379 3.6802 -0.3937, -0.4321 4.4539 -0.3937, -0.3379 4.5482 -0.3937, 0.1226 4.652 -0.3937, 0.2276 4.617 -0.3937, 0.3417 4.5482 -0.3937, 0.5397 4.2349 -0.3937, 0.5048 4.3399 -0.3937, 0.4359 4.4539 -0.3937, -0.0965 3.5236 0.0, -0.0965 3.5718 0.0, -0.0965 3.5236 -0.1968, -0.0965 3.5718 -0.3768, 0.1003 3.5236 -0.1968, 0.1003 3.5236 0.0, -0.0965 4.6565 -0.3768, -0.0965 4.6565 0.0, -0.0965 4.7047 -0.1968, -0.0965 4.7047 0.0, 0.1003 4.7047 0.0, 0.1003 4.6565 0.0, 0.1003 4.7047 -0.1968, 0.1003 4.6565 -0.3768, 0.5925 4.0157 0.0, 0.5925 4.0157 -0.1968, 0.5442 4.2126 -0.3768, 0.5442 4.2126 0.0, 0.5925 4.2126 -0.1968, 0.5925 4.2126 0.0, -0.5886 4.2126 0.0, -0.5404 4.2126 0.0, -0.5886 4.2126 -0.1968, -0.5404 4.2126 -0.3768, -0.5404 4.0157 -0.3768, -0.5404 4.0157 0.0, -0.5886 4.0157 -0.1968, -0.5886 4.0157 0.0
            ]
        }
        coordIndex [
            0,1,2,-1,2,1,3,-1,3,4,2,-1,2,4,5,-1,2,5,6,-1,6,5,7,-1,6,7,8,-1,8,7,9,-1,8,9,10,-1,10,9,11,-1,10,11,12,-1,12,11,13,-1,14,15,16,-1,3,17,18,-1,19,4,16,-1,16,4,3,-1,20,21,15,-1,15,21,22,-1,3,18,16,-1,16,18,23,-1,16,23,14,-1,22,24,15,-1,15,24,25,-1,15,25,16,-1,19,26,4,-1,4,26,27,-1,4,27,28,-1,29,11,30,-1,30,11,9,-1,30,9,7,-1,28,31,4,-1,4,31,30,-1,4,30,5,-1,5,30,7,-1,32,33,34,-1,34,33,35,-1,1,0,36,-1,36,0,37,-1,36,37,34,-1,34,37,32,-1,38,39,40,-1,40,39,41,-1,42,43,44,-1,44,43,45,-1,40,41,44,-1,44,41,42,-1,46,12,47,-1,47,12,13,-1,48,49,50,-1,50,49,51,-1,50,51,47,-1,47,51,46,-1,52,53,54,-1,54,53,55,-1,56,57,58,-1,58,57,59,-1,58,59,54,-1,54,59,52,-1,58,54,56,-1,56,54,55,-1,56,55,20,-1,20,55,21,-1,40,44,38,-1,38,44,45,-1,38,45,19,-1,19,45,26,-1,50,47,48,-1,48,47,13,-1,48,13,29,-1,29,13,11,-1,36,34,1,-1,1,34,35,-1,1,35,3,-1,3,35,17,-1,
        ]
    }
}
Shape{
    appearance Appearance {
        material  Material 	{
            diffuseColor 0.0 0.0 0.0
            specularColor 0.0 0.0 0.0
            ambientIntensity 0.0
            transparency 0.0
            shininess 0.5
        }
    }
    geometry IndexedFaceSet {
        ccw TRUE
        solid FALSE
        coord DEF co Coordinate {
            point [
                -1.9508 3.0081 0.6927, -1.9508 3.0081 0.682, -1.9469 3.0081 0.6927, -1.9469 3.0081 0.682, -1.9508 3.0453 0.6927, -1.9469 3.0453 0.6927, -1.9508 3.0453 0.7755, -1.9469 3.0453 0.7755, -1.9508 3.0573 0.7755, -1.9469 3.0573 0.7755, -1.9508 3.0573 0.682, -1.9469 3.0573 0.682, -1.9508 2.9459 0.6818, -1.9508 2.9602 0.6805, -1.9469 2.9602 0.6805, -1.9469 2.9519 0.6813, -1.9469 2.9459 0.6818, -1.9508 2.9359 0.6851, -1.9469 2.9383 0.6843, -1.9469 2.9359 0.6851, -1.9469 2.9343 0.6859, -1.9508 2.9343 0.6859, -1.9508 2.9343 0.6975, -1.9469 2.9343 0.6975, -1.9469 2.9383 0.6956, -1.9508 2.9427 0.6936, -1.9469 2.9427 0.6936, -1.9469 2.9531 0.6915, -1.9508 2.9531 0.6915, -1.9469 2.9584 0.6912, -1.9508 2.9584 0.6912, -1.9469 2.9675 0.6923, -1.9508 2.9675 0.6923, -1.9469 2.9742 0.6948, -1.9508 2.9742 0.6948, -1.9469 2.9804 0.699, -1.9508 2.9804 0.699, -1.9469 2.9824 0.7011, -1.9508 2.9824 0.7011, -1.9469 2.9871 0.7076, -1.9508 2.9871 0.7076, -1.9469 2.9901 0.7152, -1.9508 2.9901 0.7152, -1.9469 2.9916 0.7266, -1.9508 2.9916 0.7266, -1.9469 2.9916 0.7277, -1.9508 2.9916 0.7277, -1.9469 2.9905 0.7386, -1.9508 2.9905 0.7386, -1.9469 2.9877 0.7471, -1.9508 2.9877 0.7471, -1.9469 2.9835 0.7539, -1.9508 2.9835 0.7539, -1.9469 2.9818 0.7558, -1.9508 2.9818 0.7558, -1.9469 2.9753 0.7611, -1.9508 2.9753 0.7611, -1.9469 2.9679 0.7645, -1.9508 2.9679 0.7645, -1.9469 2.9598 0.766, -1.9508 2.9598 0.766, -1.9469 2.9563 0.7661, -1.9508 2.9563 0.7661, -1.9469 2.9343 0.7606, -1.9508 2.9343 0.7606, -1.9508 2.9365 0.7617, -1.9469 2.9461 0.7651, -1.9508 2.9461 0.7651, -1.9469 2.9383 0.7624, -1.9469 2.9365 0.7617, -1.9508 2.9343 0.7732, -1.9469 2.9343 0.7732, -1.9469 2.9565 0.777, -1.9508 2.9565 0.777, -1.9508 2.955 0.777, -1.9469 2.9383 0.7744, -1.9508 2.943 0.7758, -1.9469 2.943 0.7758, -1.9469 2.9471 0.7762, -1.9469 2.955 0.777, -1.9469 2.963 0.7762, -1.9508 2.9699 0.7754, -1.9469 2.9699 0.7754, -1.9469 2.9796 0.7717, -1.9508 2.9796 0.7717, -1.9469 2.9887 0.7653, -1.9508 2.9887 0.7653, -1.9469 2.9908 0.7633, -1.9508 2.9908 0.7633, -1.9469 2.9969 0.7556, -1.9469 3.0001 0.7486, -1.9508 3.0016 0.7454, -1.9508 2.9969 0.7556, -1.9469 3.0016 0.7454, -1.9469 3.004 0.7335, -1.9508 3.004 0.7335, -1.9469 3.0043 0.727, -1.9508 3.0043 0.727, -1.9469 3.0025 0.7119, -1.9469 3.0001 0.7058, -1.9508 2.9987 0.7022, -1.9508 3.0025 0.7119, -1.9469 2.9987 0.7022, -1.9469 2.9931 0.6942, -1.9508 2.9931 0.6942, -1.9469 2.9923 0.6932, -1.9508 2.9923 0.6932, -1.9508 2.9665 0.6808, -1.9469 2.9853 0.6873, -1.9508 2.9853 0.6873, -1.9469 2.9765 0.683, -1.9508 2.9765 0.683, -1.9469 2.9686 0.6813, -1.9469 2.9665 0.6808, -1.9508 2.8654 0.6927, -1.9508 2.8654 0.682, -1.9469 2.8654 0.6927, -1.9469 2.8654 0.682, -1.9469 2.9036 0.6927, -1.9508 2.9036 0.6927, -1.9469 2.8783 0.6927, -1.9508 2.9036 0.7241, -1.9469 2.9036 0.7241, -1.9508 2.8702 0.7241, -1.9469 2.8783 0.7241, -1.9469 2.8702 0.7241, -1.9508 2.8702 0.7348, -1.9469 2.8702 0.7348, -1.9469 2.9036 0.7348, -1.9508 2.9036 0.7348, -1.9469 2.8783 0.7348, -1.9508 2.9036 0.7647, -1.9469 2.9036 0.7647, -1.9508 2.8675 0.7647, -1.9469 2.8783 0.7647, -1.9469 2.8675 0.7647, -1.9508 2.8675 0.7755, -1.9469 2.8675 0.7755, -1.9469 2.9156 0.7755, -1.9508 2.9156 0.7755, -1.9469 2.8783 0.7755, -1.9508 2.9156 0.682, -1.9469 2.9156 0.682, -1.9469 2.8783 0.682, -1.9508 2.7858 0.6951, -1.9508 2.7794 0.7025, -1.9508 2.7895 0.7086, -1.9508 2.7863 0.7156, -1.9508 2.7746 0.712, -1.9508 2.7846 0.7243, -1.9508 2.7721 0.7227, -1.9508 2.7844 0.7296, -1.9508 2.7717 0.7299, -1.9508 2.7854 0.74, -1.9508 2.7732 0.7427, -1.9508 2.7879 0.7472, -1.9508 2.7766 0.7516, -1.9508 2.7914 0.7526, -1.9508 2.7824 0.7598, -1.9508 2.7946 0.7559, -1.9508 2.7858 0.7631, -1.9508 2.8015 0.7605, -1.9508 2.794 0.769, -1.9508 2.8096 0.7634, -1.9508 2.8051 0.7734, -1.9508 2.8191 0.7754, -1.9508 2.8216 0.7647, -1.9508 2.8211 0.7755, -1.9508 2.8357 0.7647, -1.9508 2.8477 0.7755, -1.9508 2.8357 0.6927, -1.9508 2.8477 0.682, -1.9508 2.8221 0.6927, -1.9508 2.822 0.682, -1.9508 2.8112 0.6938, -1.9508 2.8063 0.6839, -1.9508 2.8029 0.6965, -1.9508 2.7956 0.6881, -1.9508 2.7966 0.7004, -1.9508 2.7943 0.7024, -1.9469 2.822 0.682, -1.9469 2.8477 0.682, -1.9469 2.8063 0.6839, -1.9469 2.7956 0.6881, -1.9469 2.7858 0.6951, -1.9469 2.7794 0.7025, -1.9469 2.7746 0.712, -1.9469 2.7721 0.7227, -1.9469 2.7717 0.7299, -1.9469 2.7732 0.7427, -1.9469 2.7766 0.7516, -1.9469 2.7824 0.7598, -1.9469 2.7858 0.7631, -1.9469 2.794 0.769, -1.9469 2.8051 0.7734, -1.9469 2.8191 0.7754, -1.9469 2.8211 0.7755, -1.9469 2.8477 0.7755, -1.9469 2.8216 0.7647, -1.9469 2.8357 0.7647, -1.9469 2.8357 0.6927, -1.9469 2.8221 0.6927, -1.9469 2.7943 0.7024, -1.9469 2.7966 0.7004, -1.9469 2.8029 0.6965, -1.9469 2.8112 0.6938, -1.9469 2.7844 0.7296, -1.9469 2.7846 0.7243, -1.9469 2.7863 0.7156, -1.9469 2.7895 0.7086, -1.9469 2.7946 0.7559, -1.9469 2.7914 0.7526, -1.9469 2.7879 0.7472, -1.9469 2.7854 0.74, -1.9469 2.8096 0.7634, -1.9469 2.8015 0.7605
            ]
        }
        coordIndex [
            0,1,2,-1,2,1,3,-1,4,0,5,-1,5,0,2,-1,6,4,7,-1,7,4,5,-1,8,6,9,-1,9,6,7,-1,10,8,11,-1,11,8,9,-1,1,10,3,-1,3,10,11,-1,6,8,4,-1,4,8,10,-1,4,10,0,-1,0,10,1,-1,12,13,14,-1,14,15,12,-1,12,15,16,-1,12,16,17,-1,17,16,18,-1,18,19,17,-1,17,19,20,-1,17,20,21,-1,22,21,23,-1,23,21,20,-1,22,23,24,-1,22,24,25,-1,24,26,25,-1,25,26,27,-1,25,27,28,-1,28,27,29,-1,28,29,30,-1,30,29,31,-1,30,31,32,-1,32,31,33,-1,32,33,34,-1,34,33,35,-1,34,35,36,-1,36,35,37,-1,36,37,38,-1,38,37,39,-1,38,39,40,-1,40,39,41,-1,40,41,42,-1,42,41,43,-1,42,43,44,-1,44,43,45,-1,44,45,46,-1,46,45,47,-1,46,47,48,-1,48,47,49,-1,48,49,50,-1,50,49,51,-1,50,51,52,-1,52,51,53,-1,52,53,54,-1,54,53,55,-1,54,55,56,-1,56,55,57,-1,56,57,58,-1,58,57,59,-1,58,59,60,-1,60,59,61,-1,60,61,62,-1,63,64,65,-1,62,61,66,-1,62,66,67,-1,67,66,68,-1,67,68,65,-1,65,68,69,-1,65,69,63,-1,70,64,71,-1,71,64,63,-1,72,73,74,-1,70,71,75,-1,70,75,76,-1,75,77,76,-1,76,77,78,-1,76,78,74,-1,74,78,79,-1,74,79,72,-1,73,72,80,-1,73,80,81,-1,80,82,81,-1,81,82,83,-1,81,83,84,-1,84,83,85,-1,84,85,86,-1,86,85,87,-1,86,87,88,-1,88,87,89,-1,90,91,89,-1,89,91,92,-1,89,92,88,-1,90,93,91,-1,91,93,94,-1,91,94,95,-1,95,94,96,-1,95,96,97,-1,97,96,98,-1,99,100,98,-1,98,100,101,-1,98,101,97,-1,99,102,100,-1,100,102,103,-1,100,103,104,-1,104,103,105,-1,104,105,106,-1,14,13,107,-1,106,105,108,-1,106,108,109,-1,109,108,110,-1,109,110,111,-1,111,110,112,-1,111,112,107,-1,107,112,113,-1,107,113,14,-1,65,64,70,-1,56,58,81,-1,81,58,73,-1,48,50,92,-1,65,70,67,-1,58,60,73,-1,73,60,62,-1,73,62,74,-1,74,62,67,-1,74,67,76,-1,76,67,70,-1,21,22,17,-1,17,22,25,-1,17,25,12,-1,12,25,28,-1,12,28,13,-1,13,28,30,-1,13,30,107,-1,107,30,32,-1,107,32,111,-1,111,32,34,-1,111,34,109,-1,109,34,36,-1,109,36,106,-1,106,36,38,-1,106,38,104,-1,104,38,40,-1,104,40,100,-1,100,40,101,-1,101,40,42,-1,101,42,97,-1,92,50,88,-1,81,84,56,-1,56,84,86,-1,56,86,54,-1,54,86,88,-1,54,88,52,-1,52,88,50,-1,42,44,97,-1,97,44,46,-1,97,46,95,-1,95,46,48,-1,95,48,91,-1,91,48,92,-1,114,115,116,-1,116,115,117,-1,118,119,120,-1,120,119,114,-1,120,114,116,-1,121,119,122,-1,122,119,118,-1,121,122,123,-1,123,122,124,-1,123,124,125,-1,126,123,127,-1,127,123,125,-1,128,129,130,-1,130,129,126,-1,130,126,127,-1,131,129,132,-1,132,129,128,-1,131,132,133,-1,133,132,134,-1,133,134,135,-1,136,133,137,-1,137,133,135,-1,138,139,140,-1,140,139,136,-1,140,136,137,-1,141,139,142,-1,142,139,138,-1,117,115,143,-1,143,115,141,-1,143,141,142,-1,141,115,114,-1,114,119,141,-1,141,119,121,-1,141,121,139,-1,133,136,131,-1,131,136,139,-1,131,139,129,-1,129,139,121,-1,129,121,126,-1,126,121,123,-1,144,145,146,-1,146,145,147,-1,147,145,148,-1,147,148,149,-1,149,148,150,-1,149,150,151,-1,151,150,152,-1,151,152,153,-1,153,152,154,-1,153,154,155,-1,155,154,156,-1,155,156,157,-1,157,156,158,-1,157,158,159,-1,159,158,160,-1,159,160,161,-1,161,160,162,-1,161,162,163,-1,162,164,163,-1,163,164,165,-1,163,165,166,-1,166,165,167,-1,166,167,168,-1,168,167,169,-1,168,169,170,-1,170,169,171,-1,170,171,172,-1,172,171,173,-1,172,173,174,-1,174,173,175,-1,174,175,176,-1,176,175,177,-1,176,177,178,-1,178,177,144,-1,178,144,179,-1,179,144,146,-1,173,171,180,-1,180,171,181,-1,173,180,182,-1,173,182,175,-1,175,182,183,-1,175,183,177,-1,177,183,184,-1,177,184,144,-1,144,184,185,-1,144,185,145,-1,145,185,186,-1,145,186,148,-1,148,186,187,-1,148,187,150,-1,150,187,188,-1,150,188,152,-1,152,188,189,-1,152,189,154,-1,154,189,190,-1,154,190,156,-1,156,190,191,-1,156,191,158,-1,158,191,192,-1,158,192,160,-1,160,192,193,-1,160,193,162,-1,162,193,194,-1,162,194,164,-1,164,194,195,-1,164,195,165,-1,165,195,196,-1,165,196,167,-1,169,167,197,-1,197,167,196,-1,171,169,181,-1,181,169,197,-1,166,168,198,-1,198,168,199,-1,168,170,199,-1,199,170,200,-1,170,172,200,-1,200,172,201,-1,179,202,203,-1,179,203,178,-1,178,203,204,-1,178,204,176,-1,176,204,205,-1,176,205,174,-1,174,205,201,-1,174,201,172,-1,151,206,207,-1,151,207,149,-1,149,207,208,-1,149,208,147,-1,147,208,209,-1,147,209,146,-1,146,209,202,-1,146,202,179,-1,159,210,211,-1,159,211,157,-1,157,211,212,-1,157,212,155,-1,155,212,213,-1,155,213,153,-1,153,213,206,-1,153,206,151,-1,166,198,214,-1,166,214,163,-1,163,214,215,-1,163,215,161,-1,161,215,210,-1,161,210,159,-1,
        ]
    }
}
Shape{
    appearance Appearance {
        material  Material 	{
            diffuseColor 0.8823529411764706 0.8431372549019608 0.0
            specularColor 0.4392156862745098 0.4235294117647059 0.0
            ambientIntensity 0.7587
            transparency 0.0
            shininess 0.5
        }
    }
    geometry IndexedFaceSet {
        ccw TRUE
        solid FALSE
        coord DEF co Coordinate {
            point [
                -1.9469 2.8357 0.7647, -1.9469 2.8357 0.6927, -1.9469 2.8216 0.7647, -1.9469 2.8221 0.6927, -1.9469 2.7844 0.7296, -1.9469 2.7854 0.74, -1.9469 2.7879 0.7472, -1.9469 2.7914 0.7526, -1.9469 2.7946 0.7559, -1.9469 2.7846 0.7243, -1.9469 2.8112 0.6938, -1.9469 2.8029 0.6965, -1.9469 2.7966 0.7004, -1.9469 2.7943 0.7024, -1.9469 2.7863 0.7156, -1.9469 2.7895 0.7086, -1.9469 2.8015 0.7605, -1.9469 2.8096 0.7634
            ]
        }
        coordIndex [
            0,1,2,-1,2,1,3,-1,3,4,5,-1,5,6,3,-1,3,6,7,-1,3,7,8,-1,4,3,9,-1,9,3,10,-1,9,10,11,-1,11,12,9,-1,9,12,13,-1,9,13,14,-1,14,13,15,-1,8,16,3,-1,3,16,17,-1,3,17,2,-1,
        ]
    }
}
Shape{
    appearance Appearance {
        material  Material 	{
            diffuseColor 0.0 0.0 0.0
            specularColor 0.0 0.0 0.0
            ambientIntensity 0.0
            transparency 0.0
            shininess 0.5
        }
    }
    geometry IndexedFaceSet {
        ccw TRUE
        solid FALSE
        coord DEF co Coordinate {
            point [
                -1.9508 2.7404 0.7182, -1.9508 2.7442 0.7076, -1.9508 2.709 0.7182, -1.9508 2.7053 0.7076, -1.9508 2.7264 0.757, -1.9508 2.7309 0.7755, -1.9508 2.7665 0.682, -1.9508 2.7532 0.682, -1.9508 2.7256 0.7598, -1.9508 2.7249 0.7635, -1.9508 2.718 0.7755, -1.9508 2.7246 0.7635, -1.9508 2.7238 0.7596, -1.9508 2.7231 0.757, -1.9508 2.6824 0.682, -1.9508 2.6958 0.682, -1.9469 2.718 0.7755, -1.9469 2.6824 0.682, -1.9469 2.7309 0.7755, -1.9469 2.7665 0.682, -1.9469 2.7396 0.7527, -1.9469 2.7532 0.682, -1.9469 2.7442 0.7076, -1.9469 2.7053 0.7076, -1.9469 2.7396 0.7076, -1.9469 2.6958 0.682, -1.9469 2.7404 0.7182, -1.9469 2.709 0.7182, -1.9469 2.7231 0.757, -1.9469 2.7246 0.7635, -1.9469 2.7238 0.7596, -1.9469 2.7249 0.7635, -1.9469 2.7264 0.757, -1.9469 2.7256 0.7598
            ]
        }
        coordIndex [
            0,1,2,-1,2,1,3,-1,4,5,0,-1,0,5,6,-1,0,6,1,-1,1,6,7,-1,4,8,5,-1,5,8,9,-1,5,9,10,-1,10,9,11,-1,10,11,12,-1,12,13,10,-1,10,13,2,-1,10,2,14,-1,14,2,3,-1,14,3,15,-1,10,14,16,-1,16,14,17,-1,5,10,18,-1,18,10,16,-1,19,6,20,-1,20,6,5,-1,20,5,18,-1,7,6,21,-1,21,6,19,-1,1,7,22,-1,22,7,21,-1,23,3,24,-1,24,3,1,-1,24,1,22,-1,15,3,25,-1,25,3,23,-1,14,15,17,-1,17,15,25,-1,0,2,26,-1,26,2,27,-1,2,13,27,-1,27,13,28,-1,11,29,30,-1,11,30,12,-1,12,30,28,-1,12,28,13,-1,11,9,29,-1,29,9,31,-1,4,32,33,-1,4,33,8,-1,8,33,31,-1,8,31,9,-1,4,0,32,-1,32,0,26,-1,
        ]
    }
}
Shape{
    appearance Appearance {
        material  Material 	{
            diffuseColor 0.8823529411764706 0.8431372549019608 0.0
            specularColor 0.4392156862745098 0.4235294117647059 0.0
            ambientIntensity 0.7587
            transparency 0.0
            shininess 0.5
        }
    }
    geometry IndexedFaceSet {
        ccw TRUE
        solid FALSE
        coord DEF co Coordinate {
            point [
                -1.9469 2.7246 0.7635, -1.9469 2.7249 0.7635, -1.9469 2.7238 0.7596, -1.9469 2.7256 0.7598, -1.9469 2.7231 0.757, -1.9469 2.7264 0.757, -1.9469 2.709 0.7182, -1.9469 2.7404 0.7182
            ]
        }
        coordIndex [
            0,1,2,-1,2,1,3,-1,2,3,4,-1,4,3,5,-1,4,5,6,-1,6,5,7,-1,
        ]
    }
}
Shape{
    appearance Appearance {
        material  Material 	{
            diffuseColor 0.0 0.0 0.0
            specularColor 0.0 0.0 0.0
            ambientIntensity 0.0
            transparency 0.0
            shininess 0.5
        }
    }
    geometry IndexedFaceSet {
        ccw TRUE
        solid FALSE
        coord DEF co Coordinate {
            point [
                -1.9508 3.0071 0.5445, -1.9508 3.0071 0.5339, -1.9469 3.0071 0.5445, -1.9469 3.0071 0.5339, -1.9508 3.0453 0.5445, -1.9469 3.0453 0.5445, -1.9508 3.0453 0.5759, -1.9469 3.0453 0.5759, -1.9508 3.0119 0.5759, -1.9469 3.0119 0.5759, -1.9508 3.0119 0.5866, -1.9469 3.0119 0.5866, -1.9508 3.0453 0.5866, -1.9469 3.0453 0.5866, -1.9508 3.0453 0.6165, -1.9469 3.0453 0.6165, -1.9508 3.0092 0.6165, -1.9469 3.0092 0.6165, -1.9508 3.0092 0.6273, -1.9469 3.0092 0.6273, -1.9508 3.0573 0.6273, -1.9469 3.0573 0.6273, -1.9508 3.0573 0.5339, -1.9469 3.0573 0.5339, -1.9508 2.954 0.5339, -1.9508 2.9423 0.5339, -1.9508 2.954 0.5442, -1.9508 2.9423 0.5768, -1.9508 2.954 0.5763, -1.9508 2.9793 0.5623, -1.9508 2.9765 0.5636, -1.9508 2.9543 0.5442, -1.9508 2.9605 0.5459, -1.9508 2.9561 0.5414, -1.9508 2.9638 0.5437, -1.9508 2.9696 0.5652, -1.9508 2.954 0.5673, -1.9508 2.954 0.5609, -1.9508 2.954 0.5602, -1.9508 2.9548 0.5549, -1.9508 2.9565 0.5508, -1.9508 2.959 0.5473, -1.9508 2.9544 0.5814, -1.9508 2.9434 0.5863, -1.9508 2.9556 0.5856, -1.9508 2.9453 0.5914, -1.9508 2.957 0.588, -1.9508 2.9477 0.5951, -1.9508 2.9588 0.5899, -1.9508 2.9504 0.5976, -1.9508 2.9608 0.5912, -1.9508 2.9543 0.5999, -1.9508 2.9635 0.5922, -1.9508 2.9591 0.6014, -1.9508 2.9675 0.5926, -1.9508 2.9664 0.6021, -1.9508 2.9743 0.5919, -1.9508 2.9767 0.601, -1.9508 2.9816 0.5894, -1.9508 2.9857 0.598, -1.9508 2.9894 0.5845, -1.9508 2.9894 0.5959, -1.9508 2.9816 0.5459, -1.9508 2.9902 0.5375, -1.9508 2.9806 0.5449, -1.9508 2.9862 0.5348, -1.9508 2.9783 0.5433, -1.9508 2.9817 0.5331, -1.9508 2.9757 0.5423, -1.9508 2.9747 0.5323, -1.9508 2.9717 0.5419, -1.9508 2.9687 0.5329, -1.9508 2.9673 0.5424, -1.9508 2.964 0.5347, -1.9508 2.9598 0.5374, -1.9508 2.9738 0.5735, -1.9508 2.9831 0.5711, -1.9508 2.9809 0.5611, -1.9508 2.9879 0.5685, -1.9508 2.9823 0.5594, -1.9508 2.9914 0.5654, -1.9508 2.9834 0.5572, -1.9508 2.9939 0.5616, -1.9508 2.9839 0.5545, -1.9508 2.9953 0.5574, -1.9508 2.984 0.5527, -1.9508 2.9959 0.5517, -1.9508 2.9837 0.55, -1.9508 2.9953 0.5464, -1.9508 2.983 0.5479, -1.9508 2.9939 0.5425, -1.9508 2.9915 0.5389, -1.9469 2.9664 0.6021, -1.9469 2.9767 0.601, -1.9469 2.9857 0.598, -1.9469 2.9894 0.5959, -1.9469 2.9894 0.5845, -1.9469 2.9816 0.5894, -1.9469 2.9743 0.5919, -1.9469 2.9675 0.5926, -1.9469 2.9635 0.5922, -1.9469 2.9608 0.5912, -1.9469 2.9588 0.5899, -1.9469 2.957 0.588, -1.9469 2.9556 0.5856, -1.9469 2.9544 0.5814, -1.9469 2.954 0.5763, -1.9469 2.9738 0.5735, -1.9469 2.9831 0.5711, -1.9469 2.9879 0.5685, -1.9469 2.9914 0.5654, -1.9469 2.9939 0.5616, -1.9469 2.9953 0.5574, -1.9469 2.9959 0.5517, -1.9469 2.9953 0.5464, -1.9469 2.9939 0.5425, -1.9469 2.9915 0.5389, -1.9469 2.9902 0.5375, -1.9469 2.9747 0.5323, -1.9469 2.9815 0.5331, -1.9469 2.9817 0.5331, -1.9469 2.9862 0.5348, -1.9469 2.9687 0.5329, -1.9469 2.9684 0.5331, -1.9469 2.964 0.5347, -1.9469 2.9598 0.5374, -1.9469 2.9561 0.5414, -1.9469 2.9543 0.5442, -1.9469 2.954 0.5442, -1.9469 2.954 0.5339, -1.9469 2.9423 0.5339, -1.9469 2.9423 0.5768, -1.9469 2.9434 0.5863, -1.9469 2.9453 0.5914, -1.9469 2.9477 0.5951, -1.9469 2.9504 0.5976, -1.9469 2.9543 0.5999, -1.9469 2.9591 0.6014, -1.9469 2.9809 0.5611, -1.9469 2.9793 0.5623, -1.9469 2.9765 0.5636, -1.9469 2.9696 0.5652, -1.9469 2.984 0.5527, -1.9469 2.9839 0.5545, -1.9469 2.9834 0.5572, -1.9469 2.9823 0.5594, -1.9469 2.9806 0.5449, -1.9469 2.9816 0.5459, -1.9469 2.983 0.5479, -1.9469 2.9837 0.55, -1.9469 2.9717 0.5419, -1.9469 2.9757 0.5423, -1.9469 2.9783 0.5433, -1.9469 2.959 0.5473, -1.9469 2.9605 0.5459, -1.9469 2.9638 0.5437, -1.9469 2.9673 0.5424, -1.9469 2.954 0.5609, -1.9469 2.954 0.5602, -1.9469 2.9548 0.5549, -1.9469 2.9565 0.5508, -1.9469 2.954 0.5673
            ]
        }
        coordIndex [
            0,1,2,-1,2,1,3,-1,4,0,5,-1,5,0,2,-1,6,4,7,-1,7,4,5,-1,8,6,9,-1,9,6,7,-1,10,8,11,-1,11,8,9,-1,12,10,13,-1,13,10,11,-1,14,12,15,-1,15,12,13,-1,16,14,17,-1,17,14,15,-1,18,16,19,-1,19,16,17,-1,20,18,21,-1,21,18,19,-1,22,20,23,-1,23,20,21,-1,1,22,3,-1,3,22,23,-1,1,0,22,-1,22,0,4,-1,8,10,6,-1,6,10,12,-1,16,18,14,-1,14,18,20,-1,14,20,12,-1,12,20,22,-1,12,22,6,-1,6,22,4,-1,24,25,26,-1,26,25,27,-1,28,29,30,-1,31,32,33,-1,33,32,34,-1,35,36,27,-1,27,36,37,-1,37,38,27,-1,27,38,39,-1,27,39,26,-1,26,39,40,-1,26,40,31,-1,31,40,41,-1,31,41,32,-1,30,35,28,-1,28,35,27,-1,28,27,42,-1,42,27,43,-1,42,43,44,-1,44,43,45,-1,44,45,46,-1,46,45,47,-1,46,47,48,-1,48,47,49,-1,48,49,50,-1,50,49,51,-1,50,51,52,-1,52,51,53,-1,52,53,54,-1,54,53,55,-1,54,55,56,-1,56,55,57,-1,56,57,58,-1,58,57,59,-1,58,59,60,-1,60,59,61,-1,62,63,64,-1,64,63,65,-1,64,65,66,-1,66,65,67,-1,66,67,68,-1,68,67,69,-1,68,69,70,-1,70,69,71,-1,70,71,72,-1,72,71,73,-1,72,73,34,-1,34,73,74,-1,34,74,33,-1,28,75,29,-1,29,75,76,-1,29,76,77,-1,77,76,78,-1,77,78,79,-1,79,78,80,-1,79,80,81,-1,81,80,82,-1,81,82,83,-1,83,82,84,-1,83,84,85,-1,85,84,86,-1,85,86,87,-1,87,86,88,-1,87,88,89,-1,89,88,90,-1,89,90,62,-1,62,90,91,-1,62,91,63,-1,55,92,93,-1,55,93,57,-1,57,93,94,-1,57,94,59,-1,59,94,95,-1,59,95,61,-1,60,61,96,-1,96,61,95,-1,60,96,97,-1,60,97,58,-1,58,97,98,-1,58,98,56,-1,56,98,99,-1,56,99,54,-1,54,99,100,-1,54,100,52,-1,52,100,101,-1,52,101,50,-1,50,101,102,-1,50,102,48,-1,48,102,103,-1,48,103,46,-1,46,103,104,-1,46,104,44,-1,44,104,105,-1,44,105,42,-1,42,105,106,-1,42,106,28,-1,75,28,107,-1,107,28,106,-1,75,107,108,-1,75,108,76,-1,76,108,109,-1,76,109,78,-1,78,109,110,-1,78,110,80,-1,80,110,111,-1,80,111,82,-1,82,111,112,-1,82,112,84,-1,84,112,113,-1,84,113,86,-1,86,113,114,-1,86,114,88,-1,88,114,115,-1,88,115,90,-1,90,115,116,-1,90,116,91,-1,91,116,117,-1,91,117,63,-1,118,69,119,-1,119,69,67,-1,119,67,120,-1,120,67,65,-1,120,65,121,-1,121,65,63,-1,121,63,117,-1,69,118,122,-1,69,122,71,-1,71,122,123,-1,71,123,73,-1,123,124,73,-1,73,124,125,-1,73,125,74,-1,74,125,126,-1,74,126,33,-1,33,126,127,-1,33,127,31,-1,26,31,128,-1,128,31,127,-1,24,26,129,-1,129,26,128,-1,25,24,130,-1,130,24,129,-1,27,25,131,-1,131,25,130,-1,27,131,132,-1,27,132,43,-1,43,132,133,-1,43,133,45,-1,45,133,134,-1,45,134,47,-1,47,134,135,-1,47,135,49,-1,49,135,136,-1,49,136,51,-1,51,136,137,-1,51,137,53,-1,53,137,92,-1,53,92,55,-1,77,138,139,-1,77,139,29,-1,29,139,140,-1,29,140,30,-1,30,140,141,-1,30,141,35,-1,85,142,143,-1,85,143,83,-1,83,143,144,-1,83,144,81,-1,81,144,145,-1,81,145,79,-1,79,145,138,-1,79,138,77,-1,64,146,147,-1,64,147,62,-1,62,147,148,-1,62,148,89,-1,89,148,149,-1,89,149,87,-1,87,149,142,-1,87,142,85,-1,70,150,151,-1,70,151,68,-1,68,151,152,-1,68,152,66,-1,66,152,146,-1,66,146,64,-1,41,153,154,-1,41,154,32,-1,32,154,155,-1,32,155,34,-1,34,155,156,-1,34,156,72,-1,72,156,150,-1,72,150,70,-1,37,157,158,-1,37,158,38,-1,38,158,159,-1,38,159,39,-1,39,159,160,-1,39,160,40,-1,40,160,153,-1,40,153,41,-1,37,36,157,-1,157,36,161,-1,36,35,161,-1,161,35,141,-1,
        ]
    }
}
Shape{
    appearance Appearance {
        material  Material 	{
            diffuseColor 0.8823529411764706 0.8431372549019608 0.0
            specularColor 0.4392156862745098 0.4235294117647059 0.0
            ambientIntensity 0.7587
            transparency 0.0
            shininess 0.5
        }
    }
    geometry IndexedFaceSet {
        ccw TRUE
        solid FALSE
        coord DEF co Coordinate {
            point [
                -1.9469 2.954 0.5673, -1.9469 2.9696 0.5652, -1.9469 2.954 0.5609, -1.9469 2.9765 0.5636, -1.9469 2.9793 0.5623, -1.9469 2.9809 0.5611, -1.9469 2.954 0.5602, -1.9469 2.9548 0.5549, -1.9469 2.9823 0.5594, -1.9469 2.9565 0.5508, -1.9469 2.9816 0.5459, -1.9469 2.9806 0.5449, -1.9469 2.9605 0.5459, -1.9469 2.983 0.5479, -1.9469 2.9638 0.5437, -1.9469 2.9673 0.5424, -1.9469 2.9717 0.5419, -1.9469 2.9834 0.5572, -1.9469 2.9839 0.5545, -1.9469 2.959 0.5473, -1.9469 2.984 0.5527, -1.9469 2.9837 0.55, -1.9469 2.9783 0.5433, -1.9469 2.9757 0.5423
            ]
        }
        coordIndex [
            0,1,2,-1,2,1,3,-1,3,4,2,-1,2,4,5,-1,2,5,6,-1,6,5,7,-1,7,5,8,-1,7,8,9,-1,10,11,12,-1,10,12,13,-1,14,12,15,-1,15,12,16,-1,8,17,9,-1,9,17,18,-1,9,18,19,-1,19,18,20,-1,19,20,12,-1,12,20,21,-1,12,21,13,-1,11,22,12,-1,12,22,23,-1,12,23,16,-1,
        ]
    }
}
Shape{
    appearance Appearance {
        material  Material 	{
            diffuseColor 0.0 0.0 0.0
            specularColor 0.0 0.0 0.0
            ambientIntensity 0.0
            transparency 0.0
            shininess 0.5
        }
    }
    geometry IndexedFaceSet {
        ccw TRUE
        solid FALSE
        coord DEF co Coordinate {
            point [
                -1.9469 2.9264 0.5483, -1.9508 2.9264 0.5483, -1.9508 2.9225 0.5458, -1.9508 2.9072 0.5418, -1.9469 2.9072 0.5418, -1.9469 2.9152 0.5429, -1.9508 2.9152 0.5429, -1.9469 2.921 0.5452, -1.9469 2.9225 0.5458, -1.9508 2.9264 0.5362, -1.9469 2.9264 0.5362, -1.9508 2.9184 0.5333, -1.9469 2.921 0.5343, -1.9469 2.9083 0.5323, -1.9508 2.9083 0.5323, -1.9469 2.9158 0.5331, -1.9469 2.9184 0.5333, -1.9508 2.8985 0.5333, -1.9469 2.9011 0.5331, -1.9469 2.8985 0.5333, -1.9469 2.8922 0.5356, -1.9508 2.8922 0.5356, -1.9469 2.8889 0.5376, -1.9508 2.8889 0.5376, -1.9469 2.8856 0.5405, -1.9508 2.8856 0.5405, -1.9469 2.8834 0.5436, -1.9508 2.8834 0.5436, -1.9469 2.8819 0.5473, -1.9508 2.8819 0.5473, -1.9469 2.8814 0.552, -1.9508 2.8814 0.552, -1.9469 2.8819 0.5564, -1.9508 2.8819 0.5564, -1.9469 2.8831 0.5598, -1.9508 2.8831 0.5598, -1.9469 2.8853 0.563, -1.9508 2.8853 0.563, -1.9469 2.8881 0.5655, -1.9508 2.8881 0.5655, -1.9469 2.8959 0.5698, -1.9508 2.8959 0.5698, -1.9469 2.9004 0.5717, -1.9508 2.9004 0.5717, -1.9469 2.9076 0.5748, -1.9508 2.9076 0.5748, -1.9469 2.9118 0.5774, -1.9508 2.9118 0.5774, -1.9469 2.9129 0.5787, -1.9508 2.9129 0.5787, -1.9469 2.9137 0.5802, -1.9508 2.9137 0.5802, -1.9469 2.9142 0.5821, -1.9508 2.9142 0.5821, -1.9469 2.9143 0.5836, -1.9508 2.9143 0.5836, -1.9469 2.9141 0.5855, -1.9508 2.9141 0.5855, -1.9469 2.9135 0.5871, -1.9508 2.9135 0.5871, -1.9469 2.9125 0.5886, -1.9508 2.9125 0.5886, -1.9469 2.9107 0.5901, -1.9508 2.9107 0.5901, -1.9469 2.9081 0.5915, -1.9508 2.9081 0.5915, -1.9469 2.905 0.5923, -1.9508 2.905 0.5923, -1.9469 2.9015 0.5926, -1.9508 2.9015 0.5926, -1.9469 2.8932 0.5916, -1.9508 2.8932 0.5916, -1.9469 2.8866 0.589, -1.9508 2.8866 0.589, -1.9469 2.8846 0.5878, -1.9508 2.8846 0.5878, -1.9508 2.8846 0.5991, -1.9469 2.8846 0.5991, -1.9469 2.8931 0.6015, -1.9508 2.8931 0.6015, -1.9469 2.9004 0.6021, -1.9508 2.9004 0.6021, -1.9469 2.9095 0.601, -1.9508 2.9095 0.601, -1.9469 2.9158 0.5987, -1.9508 2.9158 0.5987, -1.9469 2.9189 0.5968, -1.9508 2.9189 0.5968, -1.9469 2.921 0.5949, -1.9508 2.9223 0.5937, -1.9469 2.9223 0.5937, -1.9469 2.9245 0.5905, -1.9508 2.9245 0.5905, -1.9469 2.9259 0.5868, -1.9508 2.9259 0.5868, -1.9469 2.9264 0.5826, -1.9508 2.9264 0.5826, -1.9469 2.9259 0.578, -1.9508 2.9259 0.578, -1.9469 2.9246 0.5745, -1.9508 2.9246 0.5745, -1.9469 2.923 0.572, -1.9508 2.923 0.572, -1.9469 2.9086 0.5632, -1.9508 2.9086 0.5632, -1.9508 2.9156 0.5664, -1.9469 2.9211 0.57, -1.9508 2.9211 0.57, -1.9469 2.921 0.5699, -1.9469 2.9156 0.5664, -1.9469 2.901 0.56, -1.9508 2.901 0.56, -1.9469 2.8964 0.5572, -1.9508 2.8964 0.5572, -1.9469 2.8949 0.5557, -1.9508 2.8949 0.5557, -1.9469 2.894 0.5541, -1.9508 2.894 0.5541, -1.9469 2.8935 0.5523, -1.9508 2.8935 0.5523, -1.9469 2.8934 0.5509, -1.9508 2.8934 0.5509, -1.9469 2.8936 0.5486, -1.9508 2.8936 0.5486, -1.9469 2.8942 0.547, -1.9508 2.8942 0.547, -1.9469 2.8952 0.5454, -1.9508 2.8952 0.5454, -1.9469 2.8966 0.5443, -1.9508 2.8966 0.5443, -1.9469 2.8977 0.5436, -1.9508 2.8977 0.5436, -1.9469 2.9007 0.5425, -1.9508 2.9007 0.5425, -1.9469 2.9067 0.5418, -1.9508 2.9067 0.5418, -1.9508 2.8234 0.6006, -1.9508 2.8112 0.6006, -1.9469 2.8234 0.6006, -1.9469 2.8112 0.6006, -1.9508 2.8416 0.5503, -1.9469 2.8416 0.5503, -1.9469 2.8425 0.5472, -1.9508 2.8425 0.5472, -1.9469 2.843 0.5449, -1.9508 2.843 0.5449, -1.9508 2.8433 0.5449, -1.9469 2.8433 0.5449, -1.9508 2.8448 0.5504, -1.9469 2.8448 0.5504, -1.9469 2.8622 0.6006, -1.9508 2.8622 0.6006, -1.9469 2.8566 0.5843, -1.9508 2.8753 0.6006, -1.9469 2.8753 0.6006, -1.9469 2.8491 0.534, -1.9508 2.8491 0.534, -1.9469 2.8566 0.5529, -1.9469 2.8543 0.5219, -1.9508 2.8543 0.5219, -1.9469 2.8495 0.5331, -1.9469 2.8565 0.5177, -1.9508 2.8565 0.5177, -1.9469 2.8566 0.5177, -1.9508 2.8587 0.5152, -1.9469 2.8587 0.5152, -1.9469 2.8609 0.5137, -1.9508 2.8609 0.5137, -1.9469 2.8634 0.5128, -1.9508 2.8634 0.5128, -1.9469 2.8662 0.5125, -1.9508 2.8662 0.5125, -1.9469 2.8705 0.513, -1.9508 2.8705 0.513, -1.9469 2.8729 0.5138, -1.9508 2.8729 0.5138, -1.9508 2.8729 0.5034, -1.9469 2.8729 0.5034, -1.9469 2.8679 0.5025, -1.9508 2.8679 0.5025, -1.9469 2.8653 0.5024, -1.9508 2.8653 0.5024, -1.9469 2.8606 0.503, -1.9508 2.8606 0.503, -1.9469 2.8566 0.5045, -1.9508 2.856 0.5047, -1.9469 2.856 0.5047, -1.9469 2.8519 0.5076, -1.9508 2.8519 0.5076, -1.9469 2.8511 0.5083, -1.9508 2.8511 0.5083, -1.9469 2.8468 0.5135, -1.9508 2.8468 0.5135, -1.9469 2.8415 0.5238, -1.9508 2.8415 0.5238, -1.9469 2.8379 0.5331, -1.9508 2.7484 0.5445, -1.9508 2.7484 0.5339, -1.9469 2.7484 0.5445, -1.9469 2.7484 0.5339, -1.9469 2.7866 0.5445, -1.9508 2.7866 0.5445, -1.9469 2.7691 0.5445, -1.9508 2.7866 0.5759, -1.9469 2.7866 0.5759, -1.9469 2.7532 0.5759, -1.9508 2.7532 0.5759, -1.9469 2.7691 0.5759, -1.9508 2.7532 0.5866, -1.9469 2.7532 0.5866, -1.9469 2.7866 0.5866, -1.9508 2.7866 0.5866, -1.9469 2.7691 0.5866, -1.9508 2.7866 0.6165, -1.9469 2.7866 0.6165, -1.9469 2.7505 0.6165, -1.9508 2.7505 0.6165, -1.9469 2.7691 0.6165, -1.9508 2.7505 0.6273, -1.9469 2.7505 0.6273, -1.9469 2.7986 0.6273, -1.9508 2.7986 0.6273, -1.9469 2.7691 0.6273, -1.9508 2.7986 0.5339, -1.9469 2.7986 0.5339, -1.9469 2.7691 0.5339, -1.9508 2.6688 0.5469, -1.9508 2.6625 0.5543, -1.9508 2.6725 0.5604, -1.9508 2.6693 0.5674, -1.9508 2.6576 0.5638, -1.9508 2.6676 0.5761, -1.9508 2.6551 0.5745, -1.9508 2.6674 0.5814, -1.9508 2.6547 0.5818, -1.9508 2.6684 0.5918, -1.9508 2.6562 0.5945, -1.9508 2.6709 0.599, -1.9508 2.6597 0.6034, -1.9508 2.6744 0.6044, -1.9508 2.6654 0.6116, -1.9508 2.6776 0.6077, -1.9508 2.6688 0.6149, -1.9508 2.6845 0.6123, -1.9508 2.677 0.6208, -1.9508 2.6926 0.6152, -1.9508 2.6881 0.6252, -1.9508 2.7022 0.6272, -1.9508 2.7046 0.6165, -1.9508 2.7041 0.6273, -1.9508 2.7187 0.6165, -1.9508 2.7307 0.6273, -1.9508 2.7187 0.5445, -1.9508 2.7307 0.5339, -1.9508 2.7051 0.5445, -1.9508 2.7051 0.5339, -1.9508 2.6942 0.5456, -1.9508 2.6893 0.5357, -1.9508 2.6859 0.5483, -1.9508 2.6787 0.5399, -1.9508 2.6796 0.5522, -1.9508 2.6774 0.5542, -1.9469 2.7051 0.5339, -1.9469 2.7307 0.5339, -1.9469 2.6893 0.5357, -1.9469 2.6787 0.5399, -1.9469 2.6688 0.5469, -1.9469 2.6625 0.5543, -1.9469 2.6576 0.5638, -1.9469 2.6551 0.5745, -1.9469 2.6547 0.5818, -1.9469 2.6562 0.5945, -1.9469 2.6597 0.6034, -1.9469 2.6654 0.6116, -1.9469 2.6688 0.6149, -1.9469 2.677 0.6208, -1.9469 2.6881 0.6252, -1.9469 2.7022 0.6272, -1.9469 2.7041 0.6273, -1.9469 2.7307 0.6273, -1.9469 2.7046 0.6165, -1.9469 2.7187 0.6165, -1.9469 2.7187 0.5445, -1.9469 2.7051 0.5445, -1.9469 2.6774 0.5542, -1.9469 2.6796 0.5522, -1.9469 2.6859 0.5483, -1.9469 2.6942 0.5456, -1.9469 2.6674 0.5814, -1.9469 2.6676 0.5761, -1.9469 2.6693 0.5674, -1.9469 2.6725 0.5604, -1.9469 2.6776 0.6077, -1.9469 2.6744 0.6044, -1.9469 2.6709 0.599, -1.9469 2.6684 0.5918, -1.9469 2.6926 0.6152, -1.9469 2.6845 0.6123
            ]
        }
        coordIndex [
            0,1,2,-1,3,4,5,-1,3,5,6,-1,6,5,7,-1,6,7,2,-1,2,7,8,-1,2,8,0,-1,9,1,10,-1,10,1,0,-1,9,10,11,-1,11,10,12,-1,13,14,15,-1,15,14,11,-1,15,11,16,-1,16,11,12,-1,14,13,17,-1,17,13,18,-1,18,19,17,-1,17,19,20,-1,17,20,21,-1,21,20,22,-1,21,22,23,-1,23,22,24,-1,23,24,25,-1,25,24,26,-1,25,26,27,-1,27,26,28,-1,27,28,29,-1,29,28,30,-1,29,30,31,-1,31,30,32,-1,31,32,33,-1,33,32,34,-1,33,34,35,-1,35,34,36,-1,35,36,37,-1,37,36,38,-1,37,38,39,-1,39,38,40,-1,39,40,41,-1,41,40,42,-1,41,42,43,-1,43,42,44,-1,43,44,45,-1,45,44,46,-1,45,46,47,-1,47,46,48,-1,47,48,49,-1,49,48,50,-1,49,50,51,-1,51,50,52,-1,51,52,53,-1,53,52,54,-1,53,54,55,-1,55,54,56,-1,55,56,57,-1,57,56,58,-1,57,58,59,-1,59,58,60,-1,59,60,61,-1,61,60,62,-1,61,62,63,-1,63,62,64,-1,63,64,65,-1,65,64,66,-1,65,66,67,-1,67,66,68,-1,67,68,69,-1,69,68,70,-1,69,70,71,-1,71,70,72,-1,71,72,73,-1,73,72,74,-1,73,74,75,-1,76,75,77,-1,77,75,74,-1,76,77,78,-1,76,78,79,-1,79,78,80,-1,79,80,81,-1,81,80,82,-1,81,82,83,-1,83,82,84,-1,83,84,85,-1,85,84,86,-1,85,86,87,-1,86,88,87,-1,87,88,89,-1,88,90,89,-1,89,90,91,-1,89,91,92,-1,92,91,93,-1,92,93,94,-1,94,93,95,-1,94,95,96,-1,96,95,97,-1,96,97,98,-1,98,97,99,-1,98,99,100,-1,100,99,101,-1,100,101,102,-1,103,104,105,-1,102,101,106,-1,102,106,107,-1,107,106,108,-1,107,108,105,-1,105,108,109,-1,105,109,103,-1,104,103,110,-1,104,110,111,-1,111,110,112,-1,111,112,113,-1,113,112,114,-1,113,114,115,-1,115,114,116,-1,115,116,117,-1,117,116,118,-1,117,118,119,-1,119,118,120,-1,119,120,121,-1,121,120,122,-1,121,122,123,-1,123,122,124,-1,123,124,125,-1,125,124,126,-1,125,126,127,-1,127,126,128,-1,127,128,129,-1,129,128,130,-1,129,130,131,-1,131,130,132,-1,131,132,133,-1,133,132,134,-1,133,134,135,-1,135,134,4,-1,135,4,3,-1,61,63,85,-1,85,63,83,-1,111,43,104,-1,104,43,45,-1,14,3,11,-1,11,3,6,-1,11,6,9,-1,9,6,2,-1,9,2,1,-1,63,65,83,-1,83,65,67,-1,83,67,81,-1,81,67,69,-1,81,69,79,-1,79,69,71,-1,79,71,76,-1,76,71,73,-1,76,73,75,-1,21,23,127,-1,127,23,25,-1,127,25,125,-1,125,25,27,-1,125,27,123,-1,123,27,29,-1,123,29,121,-1,121,29,31,-1,121,31,119,-1,119,31,33,-1,119,33,117,-1,117,33,35,-1,117,35,115,-1,115,35,37,-1,115,37,113,-1,113,37,39,-1,113,39,111,-1,111,39,41,-1,111,41,43,-1,127,129,21,-1,21,129,131,-1,21,131,17,-1,17,131,133,-1,17,133,14,-1,14,133,135,-1,14,135,3,-1,85,87,61,-1,61,87,89,-1,61,89,59,-1,59,89,92,-1,59,92,57,-1,57,92,94,-1,57,94,55,-1,55,94,96,-1,55,96,53,-1,53,96,98,-1,53,98,51,-1,51,98,100,-1,51,100,49,-1,49,100,102,-1,49,102,47,-1,47,102,107,-1,47,107,45,-1,45,107,105,-1,45,105,104,-1,136,137,138,-1,138,137,139,-1,140,136,141,-1,141,136,138,-1,140,141,142,-1,140,142,143,-1,143,142,144,-1,143,144,145,-1,146,145,147,-1,147,145,144,-1,148,146,149,-1,149,146,147,-1,150,151,152,-1,152,151,148,-1,152,148,149,-1,153,151,154,-1,154,151,150,-1,155,156,157,-1,157,156,153,-1,157,153,154,-1,158,159,160,-1,160,159,156,-1,160,156,155,-1,159,158,161,-1,159,161,162,-1,162,161,163,-1,162,163,164,-1,163,165,164,-1,164,165,166,-1,164,166,167,-1,167,166,168,-1,167,168,169,-1,169,168,170,-1,169,170,171,-1,171,170,172,-1,171,172,173,-1,173,172,174,-1,173,174,175,-1,176,175,177,-1,177,175,174,-1,176,177,178,-1,176,178,179,-1,179,178,180,-1,179,180,181,-1,181,180,182,-1,181,182,183,-1,183,182,184,-1,183,184,185,-1,184,186,185,-1,185,186,187,-1,185,187,188,-1,188,187,189,-1,188,189,190,-1,190,189,191,-1,190,191,192,-1,192,191,193,-1,192,193,194,-1,139,137,195,-1,195,137,194,-1,195,194,193,-1,143,145,194,-1,137,136,194,-1,194,136,140,-1,194,140,143,-1,151,153,148,-1,148,153,156,-1,148,156,146,-1,192,162,190,-1,190,162,164,-1,175,176,173,-1,173,176,179,-1,173,179,171,-1,171,179,181,-1,171,181,169,-1,169,181,183,-1,169,183,167,-1,167,183,185,-1,167,185,164,-1,164,185,188,-1,164,188,190,-1,145,146,194,-1,194,146,156,-1,194,156,192,-1,192,156,159,-1,192,159,162,-1,196,197,198,-1,198,197,199,-1,200,201,202,-1,202,201,196,-1,202,196,198,-1,203,201,204,-1,204,201,200,-1,205,206,207,-1,207,206,203,-1,207,203,204,-1,208,206,209,-1,209,206,205,-1,210,211,212,-1,212,211,208,-1,212,208,209,-1,213,211,214,-1,214,211,210,-1,215,216,217,-1,217,216,213,-1,217,213,214,-1,218,216,219,-1,219,216,215,-1,220,221,222,-1,222,221,218,-1,222,218,219,-1,223,221,224,-1,224,221,220,-1,199,197,225,-1,225,197,223,-1,225,223,224,-1,223,197,196,-1,196,201,223,-1,223,201,203,-1,223,203,221,-1,216,218,213,-1,213,218,221,-1,213,221,211,-1,211,221,203,-1,211,203,208,-1,208,203,206,-1,226,227,228,-1,228,227,229,-1,229,227,230,-1,229,230,231,-1,231,230,232,-1,231,232,233,-1,233,232,234,-1,233,234,235,-1,235,234,236,-1,235,236,237,-1,237,236,238,-1,237,238,239,-1,239,238,240,-1,239,240,241,-1,241,240,242,-1,241,242,243,-1,243,242,244,-1,243,244,245,-1,244,246,245,-1,245,246,247,-1,245,247,248,-1,248,247,249,-1,248,249,250,-1,250,249,251,-1,250,251,252,-1,252,251,253,-1,252,253,254,-1,254,253,255,-1,254,255,256,-1,256,255,257,-1,256,257,258,-1,258,257,259,-1,258,259,260,-1,260,259,226,-1,260,226,261,-1,261,226,228,-1,255,253,262,-1,262,253,263,-1,255,262,264,-1,255,264,257,-1,257,264,265,-1,257,265,259,-1,259,265,266,-1,259,266,226,-1,226,266,267,-1,226,267,227,-1,227,267,268,-1,227,268,230,-1,230,268,269,-1,230,269,232,-1,232,269,270,-1,232,270,234,-1,234,270,271,-1,234,271,236,-1,236,271,272,-1,236,272,238,-1,238,272,273,-1,238,273,240,-1,240,273,274,-1,240,274,242,-1,242,274,275,-1,242,275,244,-1,244,275,276,-1,244,276,246,-1,246,276,277,-1,246,277,247,-1,247,277,278,-1,247,278,249,-1,251,249,279,-1,279,249,278,-1,253,251,263,-1,263,251,279,-1,248,250,280,-1,280,250,281,-1,250,252,281,-1,281,252,282,-1,252,254,282,-1,282,254,283,-1,261,284,285,-1,261,285,260,-1,260,285,286,-1,260,286,258,-1,258,286,287,-1,258,287,256,-1,256,287,283,-1,256,283,254,-1,233,288,289,-1,233,289,231,-1,231,289,290,-1,231,290,229,-1,229,290,291,-1,229,291,228,-1,228,291,284,-1,228,284,261,-1,241,292,293,-1,241,293,239,-1,239,293,294,-1,239,294,237,-1,237,294,295,-1,237,295,235,-1,235,295,288,-1,235,288,233,-1,248,280,296,-1,248,296,245,-1,245,296,297,-1,245,297,243,-1,243,297,292,-1,243,292,241,-1,
        ]
    }
}
Shape{
    appearance Appearance {
        material  Material 	{
            diffuseColor 0.8823529411764706 0.8431372549019608 0.0
            specularColor 0.4392156862745098 0.4235294117647059 0.0
            ambientIntensity 0.7587
            transparency 0.0
            shininess 0.5
        }
    }
    geometry IndexedFaceSet {
        ccw TRUE
        solid FALSE
        coord DEF co Coordinate {
            point [
                -1.9469 2.7187 0.6165, -1.9469 2.7187 0.5445, -1.9469 2.7046 0.6165, -1.9469 2.7051 0.5445, -1.9469 2.6674 0.5814, -1.9469 2.6684 0.5918, -1.9469 2.6709 0.599, -1.9469 2.6744 0.6044, -1.9469 2.6776 0.6077, -1.9469 2.6676 0.5761, -1.9469 2.6942 0.5456, -1.9469 2.6859 0.5483, -1.9469 2.6796 0.5522, -1.9469 2.6774 0.5542, -1.9469 2.6693 0.5674, -1.9469 2.6725 0.5604, -1.9469 2.6845 0.6123, -1.9469 2.6926 0.6152
            ]
        }
        coordIndex [
            0,1,2,-1,2,1,3,-1,3,4,5,-1,5,6,3,-1,3,6,7,-1,3,7,8,-1,4,3,9,-1,9,3,10,-1,9,10,11,-1,11,12,9,-1,9,12,13,-1,9,13,14,-1,14,13,15,-1,8,16,3,-1,3,16,17,-1,3,17,2,-1,
        ]
    }
}
Shape{
    appearance Appearance {
        material  Material 	{
            diffuseColor 0.0 0.0 0.0
            specularColor 0.0 0.0 0.0
            ambientIntensity 0.0
            transparency 0.0
            shininess 0.5
        }
    }
    geometry IndexedFaceSet {
        ccw TRUE
        solid FALSE
        coord DEF co Coordinate {
            point [
                -1.9508 2.6234 0.57, -1.9508 2.6272 0.5594, -1.9508 2.592 0.57, -1.9508 2.5883 0.5594, -1.9508 2.6094 0.6088, -1.9508 2.6139 0.6273, -1.9508 2.6495 0.5339, -1.9508 2.6362 0.5339, -1.9508 2.6086 0.6116, -1.9508 2.6079 0.6153, -1.9508 2.601 0.6273, -1.9508 2.6076 0.6153, -1.9508 2.6068 0.6114, -1.9508 2.6061 0.6088, -1.9508 2.5655 0.5339, -1.9508 2.5788 0.5339, -1.9469 2.601 0.6273, -1.9469 2.5655 0.5339, -1.9469 2.6139 0.6273, -1.9469 2.6495 0.5339, -1.9469 2.6362 0.5339, -1.9469 2.6272 0.5594, -1.9469 2.5883 0.5594, -1.9469 2.5788 0.5339, -1.9469 2.6234 0.57, -1.9469 2.592 0.57, -1.9469 2.6061 0.6088, -1.9469 2.6076 0.6153, -1.9469 2.6068 0.6114, -1.9469 2.6079 0.6153, -1.9469 2.6094 0.6088, -1.9469 2.6086 0.6116
            ]
        }
        coordIndex [
            0,1,2,-1,2,1,3,-1,4,5,0,-1,0,5,6,-1,0,6,1,-1,1,6,7,-1,4,8,5,-1,5,8,9,-1,5,9,10,-1,10,9,11,-1,10,11,12,-1,12,13,10,-1,10,13,2,-1,10,2,14,-1,14,2,3,-1,14,3,15,-1,10,14,16,-1,16,14,17,-1,5,10,18,-1,18,10,16,-1,6,5,19,-1,19,5,18,-1,7,6,20,-1,20,6,19,-1,1,7,21,-1,21,7,20,-1,3,1,22,-1,22,1,21,-1,15,3,23,-1,23,3,22,-1,14,15,17,-1,17,15,23,-1,0,2,24,-1,24,2,25,-1,2,13,25,-1,25,13,26,-1,11,27,28,-1,11,28,12,-1,12,28,26,-1,12,26,13,-1,11,9,27,-1,27,9,29,-1,4,30,31,-1,4,31,8,-1,8,31,29,-1,8,29,9,-1,4,0,30,-1,30,0,24,-1,
        ]
    }
}
Shape{
    appearance Appearance {
        material  Material 	{
            diffuseColor 0.8823529411764706 0.8431372549019608 0.0
            specularColor 0.4392156862745098 0.4235294117647059 0.0
            ambientIntensity 0.7587
            transparency 0.0
            shininess 0.5
        }
    }
    geometry IndexedFaceSet {
        ccw TRUE
        solid FALSE
        coord DEF co Coordinate {
            point [
                -1.9469 2.6076 0.6153, -1.9469 2.6079 0.6153, -1.9469 2.6068 0.6114, -1.9469 2.6086 0.6116, -1.9469 2.6061 0.6088, -1.9469 2.6094 0.6088, -1.9469 2.592 0.57, -1.9469 2.6234 0.57
            ]
        }
        coordIndex [
            0,1,2,-1,2,1,3,-1,2,3,4,-1,4,3,5,-1,4,5,6,-1,6,5,7,-1,
        ]
    }
}
Shape{
    appearance Appearance {
        material  Material 	{
            diffuseColor 0.0 0.0 0.0
            specularColor 0.0 0.0 0.0
            ambientIntensity 0.0
            transparency 0.0
            shininess 0.5
        }
    }
    geometry IndexedFaceSet {
        ccw TRUE
        solid FALSE
        coord DEF co Coordinate {
            point [
                -1.9508 3.4699 0.5206, -1.9508 3.46 0.5084, -1.9508 3.4759 0.5794, -1.9508 3.4875 0.6947, -1.9508 3.4727 0.7026, -1.9508 3.4762 0.7435, -1.9508 3.4347 0.7454, -1.9508 3.4141 0.6969, -1.9508 3.404 0.7179, -1.9508 3.4904 0.5883, -1.9508 3.485 0.5374, -1.9508 3.4766 0.5349, -1.9508 3.45 0.7467, -1.9508 3.4086 0.5807, -1.9508 3.4024 0.5785, -1.9508 3.347 0.5628, -1.9508 3.3971 0.5749, -1.9508 3.3928 0.5702, -1.9508 3.2541 0.6119, -1.9508 3.2746 0.6471, -1.9508 3.3636 0.6006, -1.9508 3.4141 0.5814, -1.9508 3.4206 0.5805, -1.9508 3.4294 0.6212, -1.9508 3.4264 0.5782, -1.9508 3.444 0.6156, -1.9508 3.4316 0.5745, -1.9508 3.4576 0.6062, -1.9508 3.4342 0.5718, -1.9508 3.4686 0.5936, -1.9508 3.4377 0.5663, -1.9508 3.4396 0.56, -1.9508 3.44 0.5535, -1.9508 3.3894 0.6187, -1.9508 3.4054 0.6227, -1.9508 3.4135 0.6232, -1.9508 3.3899 0.5647, -1.9508 3.3884 0.5585, -1.9508 3.347 0.5561, -1.9508 3.3884 0.5525, -1.9508 3.3474 0.5491, -1.9508 3.2321 0.6777, -1.9508 3.2268 0.6777, -1.9508 3.1996 0.7135, -1.9508 3.2142 0.6761, -1.9508 3.1964 0.7124, -1.9508 3.2026 0.6716, -1.9508 3.1766 0.7026, -1.9508 3.1586 0.6874, -1.9508 3.4211 0.7613, -1.9508 3.3891 0.7357, -1.9508 3.4055 0.7746, -1.9508 3.3713 0.7487, -1.9508 3.3893 0.7847, -1.9508 3.4563 0.7065, -1.9508 3.4493 0.7069, -1.9508 3.4424 0.7463, -1.9508 3.4336 0.7049, -1.9508 3.4188 0.6995, -1.9508 3.3753 0.6112, -1.9508 3.1584 0.5634, -1.9508 3.1893 0.5898, -1.9508 3.1765 0.5481, -1.9508 3.1991 0.5818, -1.9508 3.1967 0.5382, -1.9508 3.2109 0.5763, -1.9508 3.2189 0.5335, -1.9508 3.2228 0.574, -1.9508 3.258 0.5335, -1.9508 3.2527 0.574, -1.9508 3.2618 0.5341, -1.9508 3.4387 0.5473, -1.9508 3.4361 0.5417, -1.9508 3.1923 0.6644, -1.9508 3.1847 0.656, -1.9508 3.145 0.6685, -1.9508 3.1785 0.6445, -1.9508 3.1369 0.6482, -1.9508 3.1754 0.6318, -1.9508 3.1338 0.6265, -1.9508 3.175 0.6259, -1.9508 3.1369 0.6028, -1.9508 3.1766 0.6129, -1.9508 3.1452 0.5818, -1.9508 3.1812 0.6011, -1.9508 3.1885 0.5907, -1.9508 3.2355 0.766, -1.9508 3.2615 0.7355, -1.9508 3.2134 0.7405, -1.9508 3.2465 0.7176, -1.9508 3.2362 0.6962, -1.9508 3.5138 0.6566, -1.9508 3.5574 0.6455, -1.9508 3.5157 0.6405, -1.9508 3.5576 0.6391, -1.9508 3.5149 0.6301, -1.9508 3.5544 0.6131, -1.9508 3.5102 0.6139, -1.9508 3.5448 0.5884, -1.9508 3.5023 0.6005, -1.9508 3.5297 0.5667, -1.9508 3.509 0.5491, -1.9508 3.3513 0.5327, -1.9508 3.39 0.5461, -1.9508 3.3592 0.5179, -1.9508 3.3931 0.5404, -1.9508 3.3693 0.5066, -1.9508 3.3967 0.5363, -1.9508 3.3825 0.4974, -1.9508 3.4017 0.5327, -1.9508 3.3974 0.4917, -1.9508 3.4075 0.5304, -1.9508 3.4135 0.4897, -1.9508 3.4141 0.5295, -1.9508 3.416 0.4897, -1.9508 3.4153 0.5296, -1.9508 3.4317 0.4922, -1.9508 3.4212 0.5305, -1.9508 3.447 0.4986, -1.9508 3.4272 0.5331, -1.9508 3.4323 0.537, -1.9508 3.3586 0.7965, -1.9508 3.3496 0.7575, -1.9508 3.3258 0.8005, -1.9508 3.3251 0.7607, -1.9508 3.2982 0.7976, -1.9508 3.3026 0.7579, -1.9508 3.2649 0.7858, -1.9508 3.2818 0.7499, -1.9508 3.2631 0.737, -1.9508 3.5008 0.7339, -1.9508 3.5219 0.7191, -1.9508 3.4988 0.6846, -1.9508 3.5264 0.7148, -1.9508 3.5081 0.6714, -1.9508 3.5423 0.6944, -1.9508 3.5529 0.6704, -1.9508 3.2561 0.5747, -1.9508 3.272 0.5405, -1.9508 3.2705 0.5389, -1.9508 3.2541 0.5742, -1.9508 3.2662 0.5359, -1.9508 3.2773 0.5541, -1.9508 3.2767 0.5492, -1.9508 3.2749 0.5447, -1.9508 3.2619 0.574, -1.9508 3.2664 0.5722, -1.9508 3.2771 0.5567, -1.9508 3.2705 0.5694, -1.9508 3.2732 0.5663, -1.9508 3.2758 0.5618, -1.9508 3.2567 0.5747, -1.9469 3.1542 0.6813, -1.9469 3.145 0.6685, -1.9469 3.1392 0.6539, -1.9469 3.1369 0.6482, -1.9469 3.1338 0.6265, -1.9469 3.1586 0.6874, -1.9469 3.1766 0.7026, -1.9469 3.1964 0.7124, -1.9469 3.1996 0.7135, -1.9469 3.2134 0.7405, -1.9469 3.2355 0.766, -1.9469 3.2507 0.7762, -1.9469 3.2649 0.7858, -1.9469 3.2982 0.7976, -1.9469 3.3258 0.8005, -1.9469 3.3586 0.7965, -1.9469 3.3893 0.7847, -1.9469 3.4029 0.7762, -1.9469 3.4055 0.7746, -1.9469 3.4211 0.7613, -1.9469 3.4347 0.7454, -1.9469 3.4424 0.7463, -1.9469 3.45 0.7467, -1.9469 3.4762 0.7435, -1.9469 3.5008 0.7339, -1.9469 3.5219 0.7191, -1.9469 3.5264 0.7148, -1.9469 3.5423 0.6944, -1.9469 3.5482 0.6813, -1.9469 3.5529 0.6704, -1.9469 3.5559 0.6539, -1.9469 3.5574 0.6455, -1.9469 3.5576 0.6391, -1.9469 3.5544 0.6131, -1.9469 3.5448 0.5884, -1.9469 3.5297 0.5667, -1.9469 3.509 0.5491, -1.9469 3.485 0.5374, -1.9469 3.4766 0.5349, -1.9469 3.4757 0.5331, -1.9469 3.4699 0.5206, -1.9469 3.46 0.5084, -1.9469 3.447 0.4986, -1.9469 3.4409 0.4961, -1.9469 3.4317 0.4922, -1.9469 3.416 0.4897, -1.9469 3.4135 0.4897, -1.9469 3.347 0.5561, -1.9469 3.3974 0.4917, -1.9469 3.386 0.4961, -1.9469 3.3825 0.4974, -1.9469 3.3693 0.5066, -1.9469 3.3592 0.5179, -1.9469 3.3513 0.5327, -1.9469 3.3512 0.5331, -1.9469 3.3474 0.5491, -1.9469 3.347 0.5628, -1.9469 3.2541 0.6119, -1.9469 3.2746 0.6471, -1.9469 3.3636 0.6006, -1.9469 3.3753 0.6112, -1.9469 3.3894 0.6187, -1.9469 3.4054 0.6227, -1.9469 3.4135 0.6232, -1.9469 3.4294 0.6212, -1.9469 3.444 0.6156, -1.9469 3.4576 0.6062, -1.9469 3.4686 0.5936, -1.9469 3.4759 0.5794, -1.9469 3.4904 0.5883, -1.9469 3.5023 0.6005, -1.9469 3.5102 0.6139, -1.9469 3.5149 0.6301, -1.9469 3.5157 0.6405, -1.9469 3.5141 0.6539, -1.9469 3.5138 0.6566, -1.9469 3.5081 0.6714, -1.9469 3.5012 0.6813, -1.9469 3.4988 0.6846, -1.9469 3.4875 0.6947, -1.9469 3.4727 0.7026, -1.9469 3.4563 0.7065, -1.9469 3.4493 0.7069, -1.9469 3.4336 0.7049, -1.9469 3.4188 0.6995, -1.9469 3.4141 0.6969, -1.9469 3.404 0.7179, -1.9469 3.3891 0.7357, -1.9469 3.3713 0.7487, -1.9469 3.3496 0.7575, -1.9469 3.3251 0.7607, -1.9469 3.3026 0.7579, -1.9469 3.2818 0.7499, -1.9469 3.2631 0.737, -1.9469 3.2615 0.7355, -1.9469 3.2465 0.7176, -1.9469 3.2362 0.6962, -1.9469 3.2329 0.6813, -1.9469 3.2321 0.6777, -1.9469 3.2268 0.6777, -1.9469 3.2142 0.6761, -1.9469 3.2026 0.6716, -1.9469 3.1923 0.6644, -1.9469 3.1847 0.656, -1.9469 3.1836 0.6539, -1.9469 3.1785 0.6445, -1.9469 3.1754 0.6318, -1.9469 3.175 0.6259, -1.9469 3.1766 0.6129, -1.9469 3.1812 0.6011, -1.9469 3.1885 0.5907, -1.9469 3.1893 0.5898, -1.9469 3.1991 0.5818, -1.9469 3.2109 0.5763, -1.9469 3.2228 0.574, -1.9469 3.2527 0.574, -1.9469 3.2541 0.5742, -1.9469 3.2561 0.5747, -1.9469 3.2567 0.5747, -1.9469 3.2619 0.574, -1.9469 3.2664 0.5722, -1.9469 3.2705 0.5694, -1.9469 3.2732 0.5663, -1.9469 3.2758 0.5618, -1.9469 3.2771 0.5567, -1.9469 3.2773 0.5541, -1.9469 3.2767 0.5492, -1.9469 3.2749 0.5447, -1.9469 3.272 0.5405, -1.9469 3.2705 0.5389, -1.9469 3.2662 0.5359, -1.9469 3.2618 0.5341, -1.9469 3.258 0.5335, -1.9469 3.2189 0.5335, -1.9469 3.1967 0.5382, -1.9469 3.1765 0.5481, -1.9469 3.1584 0.5634, -1.9469 3.1452 0.5818, -1.9469 3.1369 0.6028, -1.9469 3.4141 0.5814, -1.9469 3.4086 0.5807, -1.9469 3.4024 0.5785, -1.9469 3.3971 0.5749, -1.9469 3.3928 0.5702, -1.9469 3.3899 0.5647, -1.9469 3.3884 0.5585, -1.9469 3.3884 0.5525, -1.9469 3.39 0.5461, -1.9469 3.3931 0.5404, -1.9469 3.3967 0.5363, -1.9469 3.4017 0.5327, -1.9469 3.4075 0.5304, -1.9469 3.4141 0.5295, -1.9469 3.4153 0.5296, -1.9469 3.4212 0.5305, -1.9469 3.4272 0.5331, -1.9469 3.4323 0.537, -1.9469 3.4361 0.5417, -1.9469 3.4387 0.5473, -1.9469 3.44 0.5535, -1.9469 3.4396 0.56, -1.9469 3.4377 0.5663, -1.9469 3.4342 0.5718, -1.9469 3.4316 0.5745, -1.9469 3.4264 0.5782, -1.9469 3.4206 0.5805
            ]
        }
        coordIndex [
            0,1,2,-1,3,4,5,-1,6,7,8,-1,9,10,2,-1,2,10,11,-1,2,11,0,-1,5,4,12,-1,13,14,15,-1,15,14,16,-1,15,16,17,-1,18,19,15,-1,15,19,20,-1,15,20,13,-1,13,20,21,-1,22,23,24,-1,24,23,25,-1,24,25,26,-1,26,25,27,-1,26,27,28,-1,28,27,29,-1,28,29,30,-1,30,29,2,-1,30,2,31,-1,31,2,32,-1,33,34,22,-1,22,34,35,-1,22,35,23,-1,17,36,15,-1,15,36,37,-1,15,37,38,-1,38,37,39,-1,38,39,40,-1,41,42,43,-1,43,42,44,-1,43,44,45,-1,45,44,46,-1,45,46,47,-1,47,46,48,-1,6,8,49,-1,49,8,50,-1,49,50,51,-1,51,50,52,-1,51,52,53,-1,4,54,12,-1,12,54,55,-1,12,55,56,-1,56,55,57,-1,56,57,6,-1,6,57,58,-1,6,58,7,-1,21,20,22,-1,22,20,59,-1,22,59,33,-1,60,61,62,-1,62,61,63,-1,62,63,64,-1,64,63,65,-1,64,65,66,-1,66,65,67,-1,66,67,68,-1,68,67,69,-1,68,69,70,-1,32,2,71,-1,71,2,1,-1,71,1,72,-1,46,73,48,-1,48,73,74,-1,48,74,75,-1,75,74,76,-1,75,76,77,-1,77,76,78,-1,77,78,79,-1,79,78,80,-1,79,80,81,-1,81,80,82,-1,81,82,83,-1,83,82,84,-1,83,84,60,-1,60,84,85,-1,60,85,61,-1,86,87,88,-1,88,87,89,-1,88,89,43,-1,43,89,90,-1,43,90,41,-1,91,92,93,-1,93,92,94,-1,93,94,95,-1,95,94,96,-1,95,96,97,-1,97,96,98,-1,97,98,99,-1,99,98,100,-1,99,100,9,-1,9,100,101,-1,9,101,10,-1,40,39,102,-1,102,39,103,-1,102,103,104,-1,104,103,105,-1,104,105,106,-1,106,105,107,-1,106,107,108,-1,108,107,109,-1,108,109,110,-1,110,109,111,-1,110,111,112,-1,112,111,113,-1,112,113,114,-1,114,113,115,-1,114,115,116,-1,116,115,117,-1,116,117,118,-1,118,117,119,-1,118,119,1,-1,1,119,120,-1,1,120,72,-1,53,52,121,-1,121,52,122,-1,121,122,123,-1,123,122,124,-1,123,124,125,-1,125,124,126,-1,125,126,127,-1,127,126,128,-1,127,128,86,-1,86,128,129,-1,86,129,87,-1,5,130,3,-1,3,130,131,-1,3,131,132,-1,132,131,133,-1,132,133,134,-1,134,133,135,-1,134,135,91,-1,91,135,136,-1,91,136,92,-1,137,138,139,-1,69,140,70,-1,70,140,137,-1,70,137,141,-1,141,137,139,-1,142,143,137,-1,137,143,144,-1,137,144,138,-1,145,146,147,-1,146,148,147,-1,147,148,149,-1,147,149,150,-1,142,137,147,-1,147,137,151,-1,147,151,145,-1,152,48,153,-1,153,48,75,-1,153,75,154,-1,154,75,77,-1,154,77,155,-1,155,77,79,-1,155,79,156,-1,152,157,48,-1,48,157,158,-1,48,158,47,-1,47,158,159,-1,47,159,45,-1,45,159,160,-1,45,160,43,-1,43,160,161,-1,43,161,88,-1,88,161,162,-1,88,162,86,-1,127,86,163,-1,163,86,162,-1,163,164,127,-1,127,164,165,-1,127,165,125,-1,125,165,166,-1,125,166,123,-1,123,166,167,-1,123,167,121,-1,121,167,168,-1,121,168,53,-1,53,168,51,-1,51,168,169,-1,51,169,170,-1,51,170,171,-1,51,171,49,-1,49,171,172,-1,49,172,6,-1,6,172,173,-1,6,173,56,-1,56,173,174,-1,56,174,12,-1,12,174,175,-1,12,175,5,-1,5,175,176,-1,5,176,130,-1,130,176,177,-1,130,177,131,-1,131,177,178,-1,131,178,133,-1,136,135,179,-1,179,135,133,-1,179,133,178,-1,179,180,136,-1,136,180,181,-1,136,181,92,-1,92,181,182,-1,182,183,92,-1,92,183,184,-1,92,184,94,-1,94,184,185,-1,94,185,96,-1,96,185,186,-1,96,186,98,-1,98,186,187,-1,98,187,100,-1,100,187,188,-1,100,188,101,-1,101,188,189,-1,101,189,10,-1,10,189,190,-1,10,190,11,-1,11,190,191,-1,11,191,0,-1,191,192,0,-1,0,192,193,-1,0,193,1,-1,1,193,194,-1,1,194,118,-1,118,194,195,-1,118,195,116,-1,195,196,116,-1,116,196,197,-1,116,197,114,-1,114,197,198,-1,114,198,112,-1,199,38,40,-1,112,198,200,-1,201,108,200,-1,200,108,110,-1,200,110,112,-1,201,202,108,-1,108,202,203,-1,108,203,106,-1,106,203,204,-1,106,204,104,-1,104,204,205,-1,104,205,102,-1,102,205,206,-1,102,206,40,-1,40,206,207,-1,40,207,199,-1,15,38,208,-1,208,38,199,-1,18,15,209,-1,209,15,208,-1,19,18,210,-1,210,18,209,-1,20,19,211,-1,211,19,210,-1,20,211,212,-1,20,212,59,-1,59,212,213,-1,59,213,33,-1,33,213,214,-1,33,214,34,-1,34,214,215,-1,34,215,35,-1,35,215,216,-1,35,216,23,-1,23,216,217,-1,23,217,25,-1,25,217,218,-1,25,218,27,-1,27,218,219,-1,27,219,29,-1,29,219,220,-1,29,220,2,-1,2,220,221,-1,2,221,9,-1,9,221,222,-1,9,222,99,-1,99,222,223,-1,99,223,97,-1,97,223,224,-1,97,224,95,-1,95,224,225,-1,95,225,93,-1,91,93,225,-1,225,226,91,-1,91,226,227,-1,91,227,228,-1,229,132,228,-1,228,132,134,-1,228,134,91,-1,229,230,132,-1,132,230,231,-1,132,231,3,-1,3,231,232,-1,3,232,4,-1,4,232,233,-1,4,233,54,-1,54,233,234,-1,54,234,55,-1,55,234,235,-1,55,235,57,-1,57,235,236,-1,57,236,58,-1,58,236,237,-1,58,237,7,-1,7,237,238,-1,7,238,8,-1,8,238,239,-1,8,239,50,-1,50,239,240,-1,50,240,52,-1,52,240,241,-1,52,241,122,-1,122,241,242,-1,122,242,124,-1,124,242,243,-1,124,243,126,-1,126,243,244,-1,126,244,128,-1,128,244,245,-1,128,245,129,-1,129,245,246,-1,129,246,87,-1,87,246,247,-1,87,247,89,-1,89,247,248,-1,89,248,90,-1,90,248,41,-1,41,248,249,-1,41,249,250,-1,42,41,251,-1,251,41,250,-1,42,251,252,-1,42,252,44,-1,44,252,253,-1,44,253,46,-1,46,253,254,-1,46,254,73,-1,73,254,255,-1,73,255,74,-1,74,255,256,-1,74,256,76,-1,256,257,76,-1,76,257,258,-1,76,258,78,-1,78,258,259,-1,78,259,80,-1,80,259,260,-1,80,260,82,-1,82,260,261,-1,82,261,84,-1,84,261,262,-1,84,262,85,-1,85,262,263,-1,85,263,61,-1,61,263,264,-1,61,264,63,-1,63,264,265,-1,63,265,65,-1,65,265,266,-1,65,266,67,-1,69,67,267,-1,267,67,266,-1,69,267,268,-1,69,268,140,-1,140,268,269,-1,140,269,137,-1,137,269,270,-1,137,270,151,-1,151,270,271,-1,151,271,145,-1,145,271,272,-1,145,272,146,-1,146,272,273,-1,146,273,148,-1,148,273,274,-1,148,274,149,-1,149,274,275,-1,149,275,150,-1,150,275,276,-1,150,276,147,-1,147,276,277,-1,147,277,142,-1,142,277,278,-1,142,278,143,-1,143,278,279,-1,143,279,144,-1,144,279,280,-1,144,280,138,-1,138,280,281,-1,138,281,139,-1,139,281,282,-1,139,282,141,-1,141,282,283,-1,141,283,70,-1,70,283,284,-1,70,284,68,-1,66,68,285,-1,285,68,284,-1,66,285,286,-1,66,286,64,-1,64,286,287,-1,64,287,62,-1,62,287,288,-1,62,288,60,-1,60,288,289,-1,60,289,83,-1,83,289,290,-1,83,290,81,-1,81,290,156,-1,81,156,79,-1,21,291,292,-1,21,292,13,-1,13,292,293,-1,13,293,14,-1,14,293,294,-1,14,294,16,-1,16,294,295,-1,16,295,17,-1,17,295,296,-1,17,296,36,-1,36,296,297,-1,36,297,37,-1,37,297,298,-1,37,298,39,-1,39,298,299,-1,39,299,103,-1,103,299,300,-1,103,300,105,-1,105,300,301,-1,105,301,107,-1,107,301,302,-1,107,302,109,-1,109,302,303,-1,109,303,111,-1,111,303,304,-1,111,304,113,-1,113,304,305,-1,113,305,115,-1,115,305,306,-1,115,306,117,-1,117,306,307,-1,117,307,119,-1,119,307,308,-1,119,308,120,-1,120,308,309,-1,120,309,72,-1,72,309,310,-1,72,310,71,-1,71,310,311,-1,71,311,32,-1,32,311,312,-1,32,312,31,-1,31,312,313,-1,31,313,30,-1,30,313,314,-1,30,314,28,-1,28,314,315,-1,28,315,26,-1,26,315,316,-1,26,316,24,-1,24,316,317,-1,24,317,22,-1,22,317,291,-1,22,291,21,-1,
        ]
    }
}
Shape{
    appearance Appearance {
        material  Material 	{
            diffuseColor 0.8823529411764706 0.8431372549019608 0.0
            specularColor 0.4392156862745098 0.4235294117647059 0.0
            ambientIntensity 0.7587
            transparency 0.0
            shininess 0.5
        }
    }
    geometry IndexedFaceSet {
        ccw TRUE
        solid FALSE
        coord DEF co Coordinate {
            point [
                -1.9469 3.4153 0.5296, -1.9469 3.4316 0.5745, -1.9469 3.4342 0.5718, -1.9469 3.4075 0.5304, -1.9469 3.4017 0.5327, -1.9469 3.4086 0.5807, -1.9469 3.4141 0.5814, -1.9469 3.4206 0.5805, -1.9469 3.4264 0.5782, -1.9469 3.4387 0.5473, -1.9469 3.4361 0.5417, -1.9469 3.4323 0.537, -1.9469 3.4141 0.5295, -1.9469 3.4377 0.5663, -1.9469 3.4396 0.56, -1.9469 3.44 0.5535, -1.9469 3.4272 0.5331, -1.9469 3.4212 0.5305, -1.9469 3.3967 0.5363, -1.9469 3.3931 0.5404, -1.9469 3.39 0.5461, -1.9469 3.3884 0.5525, -1.9469 3.3884 0.5585, -1.9469 3.3899 0.5647, -1.9469 3.3928 0.5702, -1.9469 3.3971 0.5749, -1.9469 3.4024 0.5785
            ]
        }
        coordIndex [
            0,1,2,-1,3,4,5,-1,6,7,0,-1,0,7,8,-1,0,8,1,-1,9,10,2,-1,2,10,11,-1,6,0,5,-1,5,0,12,-1,5,12,3,-1,13,14,2,-1,2,14,15,-1,2,15,9,-1,11,16,2,-1,2,16,17,-1,2,17,0,-1,4,18,5,-1,5,18,19,-1,5,19,20,-1,20,21,5,-1,5,21,22,-1,5,22,23,-1,23,24,5,-1,5,24,25,-1,5,25,26,-1,
        ]
    }
}