#VRML V2.0 utf8
# 3D model generated by easyeda2kicad.py (https://github.com/uPesy/easyeda2kicad.py)

Shape{
    appearance Appearance {
        material  Material 	{
            diffuseColor 0.2235294117647059 0.2235294117647059 0.2235294117647059
            specularColor 0.11372549019607843 0.11372549019607843 0.11372549019607843
            ambientIntensity 0.2235
            transparency 0.0
            shininess 0.5
        }
    }
    geometry IndexedFaceSet {
        ccw TRUE
        solid FALSE
        coord DEF co Coordinate {
            point [
                -0.1612 0.8474 0.3793, -0.1612 0.8498 0.3658, -0.2076 0.8498 0.3658, -0.2105 0.8498 0.3658, -0.2105 0.8522 0.3521, -0.2424 0.8522 0.3521, -0.3388 0.8523 0.3515, -0.3388 0.8524 0.3512, -0.3441 0.8524 0.3512, -0.5041 0.8153 0.5611, -0.5041 0.8376 0.4347, -0.5264 0.8376 0.4347, -0.504 0.8152 0.562, -0.3892 0.8152 0.562, -0.2385 0.8473 0.3798, -0.2327 0.8474 0.3793, -0.2424 0.8474 0.3793, -0.2265 0.839 0.4273, -0.2274 0.8389 0.4274, -0.2105 0.8389 0.4274, -0.1415 0.8524 0.3512, -0.1612 0.8524 0.3512, -0.1612 0.8522 0.3521, -0.0033 0.8524 0.3512, -0.0452 0.8524 0.3512, -0.047 0.8522 0.3521, 0.076 0.8501 0.3643, 0.0757 0.8498 0.3658, 0.2764 0.8498 0.3658, -0.0108 0.8379 0.4334, -0.0142 0.8376 0.4347, 0.2642 0.8376 0.4347, -0.12 0.8453 0.3911, -0.1292 0.8467 0.3834, -0.1612 0.8389 0.4274, -0.0841 0.8389 0.4274, -0.0899 0.8396 0.4235, -0.0916 0.8399 0.4219, -0.1023 0.8422 0.4088, -0.1082 0.8443 0.3968, -0.1099 0.8444 0.3962, -0.0748 0.8378 0.4337, -0.1612 0.8376 0.4347, -0.0719 0.8376 0.4347, 0.2418 0.8152 0.562, -0.0266 0.8368 0.4393, -0.1612 0.8152 0.562, -0.0436 0.8365 0.4413, -0.0577 0.8368 0.4397, 0.2655 0.8389 0.4274, -0.0012 0.8389 0.4274, -0.0025 0.8387 0.4284, 0.0598 0.844 0.3986, 0.0569 0.8435 0.4013, 0.0459 0.8423 0.4085, 0.0332 0.8414 0.4131, 0.0205 0.8412 0.4145, 0.0055 0.8399 0.4217, 0.0165 0.8412 0.4142, 0.0126 0.8413 0.4137, 0.274 0.8474 0.3793, 0.0735 0.8478 0.3769, 0.0723 0.8474 0.3793, 0.0678 0.8457 0.3889, 0.0762 0.8507 0.3604, 0.2788 0.8522 0.3521, 0.0753 0.8522 0.3521, 0.279 0.8524 0.3512, 0.0752 0.8524 0.3512, -0.0733 0.8569 0.3255, -0.0757 0.8567 0.3263, -0.0798 0.8534 0.3455, 0.0523 0.8587 0.3151, 0.0621 0.8572 0.3236, 0.3118 0.8858 0.1614, -0.0712 0.8572 0.324, -0.0783 0.8567 0.3267, -0.0786 0.8567 0.3266, -0.0797 0.8567 0.3264, -0.0677 0.8585 0.3163, -0.0677 0.8583 0.3176, -0.0318 0.8577 0.3209, -0.0684 0.8578 0.3202, -0.0698 0.8574 0.3225, 0.3124 0.8858 0.1614, 0.0702 0.8552 0.3353, 0.0748 0.8529 0.3479, -0.0733 0.8602 0.307, -0.0711 0.8599 0.3086, -0.0295 0.8604 0.3058, -0.0703 0.8597 0.3094, -0.0688 0.8594 0.3115, -0.068 0.859 0.3138, -0.0316 0.8589 0.3141, -0.0318 0.8583 0.3176, 0.012 0.8639 0.2855, 0.0198 0.8634 0.2888, 0.0265 0.8625 0.2938, 0.0315 0.8614 0.3, -0.1135 0.8553 0.3345, -0.1173 0.8544 0.3398, -0.1196 0.8533 0.3457, -0.0765 0.8524 0.3512, -0.14 0.8543 0.3404, -0.1357 0.8561 0.3298, -0.1612 0.8858 0.1614, -0.1288 0.8578 0.3206, -0.1195 0.8591 0.3129, -0.0201 0.8627 0.2925, -0.0133 0.8635 0.2879, 0.0349 0.8601 0.3073, 0.0401 0.8598 0.3089, -0.0804 0.8568 0.3263, -0.0957 0.8568 0.3262, -0.1018 0.8566 0.3273, -0.1079 0.8561 0.33, -0.113 0.8554 0.334, -0.109 0.86 0.308, -0.0976 0.8604 0.3057, -0.0775 0.8604 0.3058, -0.0057 0.864 0.2851, 0.0026 0.8642 0.2842, 0.0039 0.8642 0.2842, -0.0255 0.8617 0.2983, -0.0756 0.8603 0.3061, -0.1204 0.8524 0.3512, -0.1205 0.8522 0.3521, -0.076 0.8522 0.3521, -0.1205 0.8522 0.3523, 0.0532 0.8522 0.3521, 0.0543 0.8516 0.3557, -0.0694 0.8502 0.3634, 0.0547 0.8507 0.3609, 0.054 0.8498 0.3658, -0.1204 0.8517 0.3552, -0.1188 0.8505 0.3617, -0.1166 0.8498 0.3658, -0.0103 0.8527 0.3494, -0.0175 0.8534 0.3456, -0.0234 0.8543 0.3402, 0.0178 0.8529 0.3481, 0.0103 0.8524 0.3508, 0.053 0.8524 0.3512, 0.0074 0.8524 0.3512, 0.0021 0.8523 0.3518, -0.002 0.8523 0.3515, 0.0519 0.853 0.3475, 0.0305 0.8549 0.337, 0.0249 0.8537 0.3433, 0.0479 0.8542 0.3406, 0.0418 0.8553 0.3344, 0.0344 0.8561 0.3298, -0.0913 0.8475 0.3787, 0.0506 0.8479 0.3765, 0.0536 0.8492 0.369, -0.0941 0.8475 0.3787, -0.1157 0.8495 0.3675, -0.1118 0.8487 0.3719, -0.1065 0.8481 0.3756, -0.1005 0.8477 0.3779, -0.0841 0.8439 0.3989, -0.0765 0.8423 0.4081, 0.0022 0.8457 0.3891, -0.0756 0.8422 0.4089, -0.0661 0.841 0.4155, -0.0031 0.8438 0.3997, 0.0486 0.8474 0.3793, 0.0047 0.8454 0.3905, -0.0912 0.8474 0.3793, -0.0893 0.8459 0.3881, 0.0123 0.8449 0.3933, 0.0203 0.8448 0.3943, 0.0238 0.8448 0.3941, -0.0108 0.8422 0.4087, -0.0554 0.8403 0.4196, -0.0201 0.8411 0.4152, -0.0438 0.84 0.4211, -0.0313 0.8403 0.4196, 0.0322 0.8451 0.3922, 0.0399 0.8458 0.3883, 0.0458 0.8467 0.3832, -0.1402 0.8502 0.3634, -0.1417 0.8521 0.3525, -0.1416 0.8522 0.3521, -0.1393 0.8498 0.3658, -0.1361 0.8484 0.3737, -0.1321 0.8474 0.3793, -0.3854 0.8545 0.3391, -0.3872 0.8553 0.3346, -0.3892 0.8524 0.3512, -0.3842 0.8588 0.3147, -0.3806 0.8595 0.3105, -0.3892 0.8858 0.1614, -0.3756 0.8602 0.307, -0.3701 0.8605 0.3049, -0.3619 0.8607 0.304, -0.3441 0.8858 0.1614, -0.3879 0.8564 0.3281, -0.3878 0.857 0.3251, -0.3866 0.8579 0.3195, -0.3758 0.8529 0.3483, -0.3808 0.8535 0.3449, -0.3825 0.8538 0.3433, -0.349 0.8524 0.3512, -0.349 0.8523 0.3514, -0.3441 0.8522 0.3521, -0.3627 0.8523 0.3513, -0.3892 0.8522 0.3521, -0.3637 0.8524 0.3512, -0.37 0.8525 0.3504, -0.2057 0.8531 0.3469, -0.1872 0.8531 0.3471, -0.1871 0.8558 0.3319, -0.2065 0.8605 0.3051, -0.1807 0.8605 0.3053, -0.2076 0.8524 0.3512, -0.2043 0.8558 0.3318, -0.2042 0.8567 0.3264, -0.1871 0.8567 0.3265, -0.1869 0.8595 0.3106, -0.2066 0.8595 0.3105, -0.2076 0.8858 0.1614, -0.2058 0.8524 0.3512, -0.2076 0.8522 0.3521, -0.2058 0.8522 0.3521, -0.2058 0.8522 0.3524, -0.181 0.8521 0.3526, -0.181 0.8522 0.3521, -0.181 0.8524 0.3512, -0.3441 0.8389 0.4274, -0.3495 0.8391 0.4264, -0.3561 0.8391 0.4264, -0.3308 0.8474 0.3793, -0.3308 0.8474 0.3793, -0.3296 0.8474 0.3793, -0.3441 0.8415 0.413, -0.3296 0.8498 0.3658, -0.3377 0.8474 0.3792, -0.3441 0.8498 0.3658, -0.3377 0.8474 0.3793, -0.3441 0.8474 0.3793, -0.3441 0.8451 0.3921, -0.3424 0.8451 0.3921, -0.3624 0.8452 0.392, -0.3671 0.8474 0.3793, -0.3672 0.8475 0.379, -0.374 0.8475 0.379, -0.3892 0.8498 0.3658, -0.3739 0.8474 0.3793, -0.3892 0.8474 0.3793, -0.3892 0.8389 0.4274, -0.2729 0.8389 0.4274, -0.2792 0.839 0.4269, -0.2845 0.8389 0.4274, -0.2792 0.84 0.4215, -0.2777 0.8426 0.4064, -0.2729 0.8426 0.4064, -0.2605 0.8436 0.4011, -0.2604 0.8464 0.3851, -0.2729 0.8436 0.401, -0.2729 0.8464 0.3851, -0.2777 0.8436 0.4009, -0.28 0.8464 0.385, -0.2729 0.84 0.4215, -0.2606 0.8399 0.4216, -0.2605 0.8426 0.4065, -0.2541 0.8473 0.3798, -0.2511 0.8474 0.3793, -0.2729 0.8474 0.3793, -0.2511 0.8389 0.4274, -0.2545 0.839 0.4271, -0.2729 0.839 0.427, -0.2845 0.8474 0.3793, -0.28 0.8474 0.3796, -0.2729 0.8473 0.3797, -0.2424 0.8389 0.4274, -0.2424 0.839 0.4267, -0.2448 0.8392 0.426, -0.2448 0.8403 0.4197, -0.2344 0.8465 0.3847, -0.2398 0.8463 0.3856, -0.2424 0.8401 0.4206, -0.2424 0.8461 0.3868, -0.2443 0.8402 0.4199, -0.2446 0.8459 0.3877, -0.2335 0.8398 0.4225, -0.2152 0.8432 0.4032, -0.2394 0.8399 0.4218, -0.2309 0.8398 0.4224, -0.2268 0.84 0.4215, -0.2231 0.8403 0.4197, -0.2153 0.8436 0.4007, -0.2162 0.8444 0.3961, -0.2178 0.8451 0.3924, -0.2204 0.8407 0.4174, -0.2177 0.8413 0.4138, -0.2161 0.842 0.4097, -0.2198 0.8456 0.3897, -0.2208 0.8457 0.3887, -0.2239 0.8461 0.3865, -0.2273 0.8464 0.3852, -0.2321 0.8465 0.3846, -0.2335 0.8388 0.4281, -0.2335 0.8388 0.4281, -0.2424 0.8376 0.4347, -0.2398 0.8389 0.4275, -0.2403 0.8389 0.4274, -0.2123 0.8408 0.4168, -0.2158 0.84 0.4212, -0.2169 0.8398 0.4223, -0.2215 0.8393 0.4254, -0.2076 0.8389 0.4274, -0.2099 0.8417 0.4115, -0.2105 0.8415 0.4128, -0.2105 0.845 0.3928, -0.2096 0.8446 0.3951, -0.2076 0.8474 0.3793, -0.2087 0.8433 0.4029, -0.2088 0.8428 0.4053, -0.2105 0.8474 0.3793, -0.2147 0.8463 0.3857, -0.2115 0.8455 0.3902, -0.2283 0.8474 0.3793, -0.2231 0.8472 0.3804, -0.2186 0.8468 0.3825, -0.2424 0.8498 0.3658, -0.2312 0.8474 0.3792, -0.2287 0.8474 0.3793, -0.2445 0.847 0.3818, -0.2437 0.847 0.3814, -0.2424 0.8471 0.381, -0.1878 0.8389 0.4274, -0.1875 0.8463 0.3857, -0.2066 0.8463 0.3855, -0.2066 0.8473 0.3801, -0.1812 0.8472 0.3803, -0.3892 0.8376 0.4347, -0.5041 0.8524 0.3512, -0.5041 0.8858 0.1614, -0.574 0.8858 0.1614, -0.5041 0.8389 0.4274, -0.5277 0.8389 0.4274, -0.5041 0.8474 0.3793, -0.5362 0.8474 0.3793, -0.5041 0.8498 0.3658, -0.5386 0.8498 0.3658, -0.5041 0.8522 0.3521, -0.541 0.8522 0.3521, -0.5412 0.8524 0.3512, -0.5746 0.8858 0.1614, -0.248 0.8603 0.306, -0.2481 0.8593 0.3121, -0.2424 0.8524 0.3512, -0.2424 0.8858 0.1614, -0.2511 0.8858 0.1614, -0.2511 0.8605 0.3049, -0.2507 0.8595 0.3105, -0.2511 0.8596 0.3104, -0.2511 0.8573 0.3229, -0.2499 0.8571 0.3241, -0.2491 0.8569 0.3253, -0.2485 0.8566 0.3271, -0.2482 0.8562 0.3295, -0.2485 0.8558 0.3316, -0.2509 0.8573 0.3231, -0.2522 0.8606 0.3045, -0.2693 0.858 0.3194, -0.2704 0.8583 0.3178, -0.2697 0.8558 0.3319, -0.2521 0.8549 0.3366, -0.2536 0.8548 0.3375, -0.2511 0.8524 0.3512, -0.2492 0.8555 0.3335, -0.2503 0.8552 0.3351, -0.2511 0.8551 0.3357, -0.2569 0.8546 0.3387, -0.2617 0.8545 0.3393, -0.2729 0.8524 0.3512, -0.2659 0.8545 0.3389, -0.2698 0.8547 0.3377, -0.2713 0.859 0.3138, -0.271 0.8594 0.3114, -0.2729 0.8858 0.1614, -0.2702 0.8597 0.3096, -0.2691 0.86 0.308, -0.2628 0.8606 0.3045, -0.2573 0.8607 0.3039, -0.2673 0.8602 0.3065, -0.2659 0.8604 0.3057, -0.261 0.8553 0.3344, -0.2593 0.8553 0.3343, -0.2544 0.8561 0.3299, -0.2576 0.8554 0.3339, -0.2563 0.8555 0.3332, -0.2545 0.8563 0.3292, -0.2547 0.8564 0.3282, -0.2551 0.8566 0.3274, -0.2557 0.8567 0.3268, -0.2578 0.8569 0.3255, -0.2646 0.8554 0.3341, -0.2616 0.8572 0.3238, -0.268 0.8556 0.3329, -0.2639 0.8574 0.3229, -0.2679 0.8577 0.3207, -0.2554 0.8557 0.3324, -0.2549 0.8558 0.3317, -0.2546 0.8559 0.3309, -0.2545 0.8598 0.3091, -0.2573 0.8579 0.3196, -0.2537 0.8576 0.3212, -0.2579 0.8598 0.3088, -0.2582 0.8598 0.3088, -0.2612 0.8582 0.3179, -0.2613 0.8598 0.3091, -0.2651 0.859 0.3133, -0.265 0.8589 0.314, -0.2629 0.8597 0.3096, -0.2634 0.8596 0.3099, -0.2641 0.8595 0.3105, -0.2646 0.8594 0.3113, -0.2649 0.8592 0.3121, -0.2648 0.8588 0.3149, -0.2643 0.8586 0.3157, -0.2636 0.8585 0.3165, -0.2845 0.8563 0.329, -0.2901 0.8591 0.3129, -0.2917 0.8591 0.3128, -0.2845 0.8858 0.1614, -0.3296 0.8858 0.1614, -0.3137 0.8606 0.3043, -0.2889 0.8624 0.2942, -0.2867 0.8629 0.2916, -0.2908 0.8596 0.3101, -0.291 0.8596 0.3101, -0.2912 0.8594 0.3113, -0.2845 0.8524 0.3512, -0.3013 0.8547 0.3382, -0.3141 0.8524 0.3512, -0.3075 0.8547 0.3382, -0.2917 0.8615 0.2994, -0.2755 0.8633 0.2892, -0.2755 0.8624 0.2944, -0.2813 0.8546 0.3383, -0.2746 0.8546 0.3384, -0.271 0.8586 0.316, -0.2863 0.8629 0.2912, -0.2845 0.8631 0.29, -0.2841 0.8632 0.2898, -0.2845 0.8591 0.3129, -0.2827 0.8623 0.2951, -0.2839 0.862 0.2963, -0.2818 0.8633 0.2889, -0.2793 0.8634 0.2886, -0.278 0.8634 0.2887, -0.2767 0.8624 0.294, -0.2789 0.8625 0.2937, -0.2805 0.8625 0.2939, -0.2818 0.8624 0.2944, -0.2845 0.8618 0.2974, -0.2851 0.8617 0.2985, -0.2878 0.8606 0.3046, -0.3487 0.8607 0.3041, -0.3388 0.8533 0.346, -0.3201 0.8569 0.3256, -0.32 0.8597 0.3097, -0.3296 0.8569 0.3255, -0.3296 0.8597 0.3096, -0.3373 0.8569 0.3255, -0.3396 0.8597 0.3095, -0.3373 0.8559 0.3309, -0.3296 0.8559 0.3309, -0.3396 0.8607 0.3041, -0.3296 0.8606 0.3042, -0.3296 0.8533 0.3461, -0.3202 0.8533 0.3462, -0.3201 0.8559 0.331, -0.3296 0.8522 0.3521, -0.3296 0.8523 0.3515, -0.3141 0.8523 0.3516, -0.2845 0.8522 0.3521, -0.2134 0.858 0.319, -0.2146 0.8577 0.3209, -0.2158 0.856 0.3307, -0.2395 0.8558 0.3316, -0.24 0.8567 0.3266, -0.2399 0.8605 0.3048, -0.2105 0.8858 0.1614, -0.2338 0.8605 0.3049, -0.2159 0.855 0.3364, -0.2105 0.8524 0.3512, -0.2292 0.8553 0.3345, -0.2271 0.8553 0.3347, -0.2238 0.857 0.325, -0.2164 0.8574 0.3225, -0.2188 0.8572 0.3238, -0.22 0.8555 0.3332, -0.2238 0.8553 0.3344, -0.2277 0.8544 0.3395, -0.2216 0.8545 0.3388, -0.2171 0.8548 0.3371, -0.2319 0.8545 0.339, -0.2343 0.8547 0.3382, -0.2362 0.8549 0.337, -0.2372 0.8551 0.336, -0.2385 0.8554 0.3341, -0.2173 0.8604 0.3055, -0.2153 0.8602 0.3069, -0.2127 0.8584 0.3168, -0.2124 0.8589 0.3141, -0.2127 0.8594 0.3111, -0.234 0.8567 0.3264, -0.2338 0.8563 0.329, -0.2332 0.8559 0.3311, -0.2325 0.8557 0.3323, -0.2147 0.8601 0.3074, -0.2135 0.8598 0.3092, -0.2264 0.8606 0.3045, -0.2232 0.8607 0.3042, -0.2196 0.8606 0.3046, -0.2316 0.8555 0.3333, -0.2305 0.8554 0.334, -0.2339 0.8596 0.3101, -0.2337 0.8596 0.3101, -0.2326 0.8599 0.3085, -0.2307 0.8602 0.3066, -0.2288 0.8604 0.3054, -0.3973 0.8607 0.3037, -0.3904 0.8607 0.3038, -0.4091 0.8524 0.351, -0.4157 0.8524 0.3509, -0.4337 0.8608 0.3035, -0.4268 0.8608 0.3035, -0.422 0.8585 0.3165, -0.402 0.8585 0.3166, -0.2729 0.8522 0.3521, -0.2511 0.8522 0.3521, -0.2511 0.8498 0.3658, -0.2729 0.8498 0.3658, -0.2845 0.8498 0.3658, -0.1878 0.8389 0.4276, -0.2076 0.8376 0.4347, -0.1816 0.8389 0.4276, -0.1816 0.8389 0.4274, -0.3282 0.8437 0.4005, -0.327 0.8446 0.395, -0.3258 0.8412 0.4146, -0.3276 0.842 0.4101, -0.3296 0.8389 0.4274, -0.3283 0.8431 0.4035, -0.3246 0.8455 0.3901, -0.321 0.8462 0.386, -0.3159 0.8468 0.3825, -0.3031 0.839 0.4268, -0.3104 0.8392 0.4259, -0.3162 0.8396 0.4238, -0.3104 0.8472 0.3804, -0.3023 0.8474 0.3795, -0.289 0.8474 0.3796, -0.2894 0.839 0.4269, -0.3212 0.8402 0.4204, -0.3229 0.8405 0.4188, -0.2105 0.8376 0.4347, -0.3441 0.8376 0.4347, -0.3296 0.8376 0.4347, -0.2845 0.8376 0.4347, -0.2729 0.8376 0.4347, -0.2511 0.8376 0.4347, -0.3441 0.8152 0.562, -0.3296 0.8152 0.562, -0.2845 0.8152 0.562, -0.2729 0.8152 0.562, -0.2511 0.8152 0.562, -0.2424 0.8152 0.562, -0.2105 0.8152 0.562, -0.2076 0.8152 0.562, 0.3512 0.6713 0.0433, 0.3512 0.8465 0.0433, 0.3512 0.6713 0.1575, 0.3512 0.8465 0.1614, 0.3512 0.5098 0.1575, 0.3512 -0.8465 0.1614, 0.3512 -0.8465 0.0433, 0.3512 -0.6713 0.0433, 0.3512 -0.6713 0.1575, 0.3512 -0.5098 0.1575, 0.3512 0.0807 0.1575, 0.3512 0.0807 0.0433, 0.3512 0.5098 0.0433, 0.3512 -0.0807 0.1575, 0.3512 -0.0807 0.0433, 0.3512 -0.5098 0.0433, 0.2222 -0.6713 0.0039, 0.3118 -0.6713 0.0039, 0.3118 -0.8465 0.0039, 0.2222 -0.5098 0.0039, 0.1642 -0.2926 0.0039, 0.3118 -0.5098 0.0039, 0.1831 -0.2848 0.0039, 0.1993 -0.2723 0.0039, -0.574 -0.2613 0.0039, -0.4142 -0.2838 0.0039, -0.574 -0.8465 0.0039, -0.3322 -0.2924 0.0039, -0.2498 -0.2953 0.0039, 0.2118 -0.2561 0.0039, 0.2196 -0.2372 0.0039, 0.3118 -0.0807 0.0039, 0.2222 -0.2169 0.0039, 0.2222 -0.0807 0.0039, 0.1439 -0.2953 0.0039, 0.3118 0.8465 0.0039, 0.3118 0.6713 0.0039, 0.2222 0.6713 0.0039, -0.2498 0.2953 0.0039, -0.3322 0.2924 0.0039, -0.574 0.8465 0.0039, -0.4142 0.2838 0.0039, -0.574 0.2613 0.0039, 0.2196 0.2372 0.0039, 0.2118 0.2561 0.0039, 0.3118 0.5098 0.0039, 0.1993 0.2723 0.0039, 0.1831 0.2848 0.0039, 0.2222 0.5098 0.0039, 0.1642 0.2926 0.0039, 0.1439 0.2953 0.0039, 0.2222 0.2169 0.0039, 0.3118 0.0807 0.0039, 0.2222 0.0807 0.0039
            ]
        }
        coordIndex [
            0,1,2,-1,3,4,5,-1,6,7,8,-1,9,10,11,-1,9,12,13,-1,14,15,16,-1,17,18,19,-1,20,21,22,-1,23,24,25,-1,26,27,28,-1,29,30,31,-1,32,33,34,-1,34,33,0,-1,35,36,34,-1,34,36,37,-1,34,37,38,-1,38,39,34,-1,34,39,40,-1,34,40,32,-1,35,34,41,-1,41,34,42,-1,41,42,43,-1,31,30,44,-1,44,30,45,-1,44,45,46,-1,46,45,47,-1,46,47,48,-1,49,50,31,-1,31,50,51,-1,31,51,29,-1,52,53,49,-1,53,54,49,-1,49,54,55,-1,49,55,50,-1,50,55,56,-1,50,56,57,-1,57,56,58,-1,57,58,59,-1,28,27,60,-1,27,61,60,-1,60,61,62,-1,60,62,49,-1,49,62,63,-1,49,63,52,-1,26,28,64,-1,64,28,65,-1,64,65,66,-1,66,65,67,-1,66,67,68,-1,69,70,71,-1,72,73,74,-1,69,71,75,-1,70,76,71,-1,71,76,77,-1,71,77,78,-1,79,80,81,-1,81,80,82,-1,81,82,71,-1,71,82,83,-1,71,83,75,-1,74,73,84,-1,84,73,85,-1,84,85,67,-1,67,85,86,-1,67,86,68,-1,87,88,89,-1,89,88,90,-1,90,91,89,-1,89,91,92,-1,89,92,93,-1,93,92,79,-1,93,79,94,-1,94,79,81,-1,95,96,74,-1,74,96,97,-1,74,97,98,-1,99,100,71,-1,71,100,101,-1,71,101,102,-1,103,104,105,-1,105,104,106,-1,105,106,107,-1,108,109,105,-1,98,110,74,-1,74,110,111,-1,74,111,72,-1,78,112,71,-1,71,112,113,-1,71,113,114,-1,114,115,71,-1,71,115,116,-1,71,116,99,-1,107,117,105,-1,105,117,118,-1,105,118,119,-1,109,120,105,-1,105,120,121,-1,105,121,74,-1,74,121,122,-1,74,122,95,-1,108,105,123,-1,123,105,119,-1,123,119,89,-1,89,119,124,-1,89,124,87,-1,101,125,102,-1,102,125,126,-1,102,126,127,-1,127,126,128,-1,129,25,130,-1,130,25,131,-1,130,131,132,-1,132,131,133,-1,128,134,127,-1,127,134,135,-1,127,135,131,-1,131,135,136,-1,131,136,133,-1,23,137,24,-1,24,137,138,-1,24,138,139,-1,140,141,142,-1,142,141,143,-1,142,143,129,-1,129,143,144,-1,129,144,25,-1,25,144,145,-1,25,145,23,-1,146,147,142,-1,142,147,148,-1,142,148,140,-1,146,149,147,-1,147,149,150,-1,147,150,151,-1,152,153,154,-1,154,133,152,-1,152,133,136,-1,152,136,155,-1,155,136,156,-1,156,157,155,-1,155,157,158,-1,155,158,159,-1,160,161,162,-1,161,163,162,-1,162,163,164,-1,162,164,165,-1,166,162,167,-1,153,152,166,-1,166,152,168,-1,166,168,162,-1,162,168,169,-1,162,169,160,-1,167,170,166,-1,166,170,171,-1,166,171,172,-1,165,164,173,-1,173,164,174,-1,173,174,175,-1,175,174,176,-1,175,176,177,-1,178,179,172,-1,172,179,180,-1,172,180,166,-1,181,182,22,-1,22,182,183,-1,22,183,20,-1,184,1,185,-1,185,1,0,-1,185,0,186,-1,186,0,33,-1,187,188,189,-1,190,191,192,-1,192,191,193,-1,193,194,192,-1,192,194,195,-1,192,195,196,-1,197,198,192,-1,192,198,199,-1,192,199,190,-1,200,201,189,-1,189,201,202,-1,189,202,187,-1,203,204,205,-1,205,204,206,-1,205,206,207,-1,207,206,208,-1,207,208,189,-1,189,208,209,-1,189,209,200,-1,210,211,212,-1,213,214,105,-1,105,214,21,-1,105,21,103,-1,103,21,20,-1,215,216,217,-1,218,219,217,-1,217,219,220,-1,217,220,215,-1,215,220,213,-1,215,213,221,-1,221,213,105,-1,212,216,210,-1,210,216,215,-1,210,215,222,-1,222,215,223,-1,222,223,224,-1,224,223,225,-1,225,223,2,-1,225,2,226,-1,226,2,1,-1,226,1,227,-1,214,228,21,-1,21,228,227,-1,21,227,22,-1,22,227,1,-1,22,1,181,-1,181,1,184,-1,229,230,231,-1,232,233,234,-1,234,233,235,-1,232,236,237,-1,237,236,238,-1,237,238,239,-1,238,240,239,-1,239,240,241,-1,239,241,242,-1,243,241,244,-1,244,241,240,-1,244,240,245,-1,245,240,238,-1,245,238,246,-1,246,238,247,-1,246,247,248,-1,248,247,249,-1,248,249,231,-1,231,249,250,-1,231,250,229,-1,251,252,253,-1,253,252,254,-1,253,254,255,-1,255,254,256,-1,257,258,259,-1,259,258,260,-1,259,260,261,-1,261,260,262,-1,254,263,256,-1,256,263,264,-1,256,264,265,-1,266,267,268,-1,269,270,251,-1,251,270,271,-1,251,271,252,-1,255,261,253,-1,253,261,262,-1,253,262,272,-1,272,262,273,-1,272,273,268,-1,268,273,274,-1,268,274,266,-1,275,276,269,-1,269,276,277,-1,269,277,278,-1,279,280,281,-1,281,280,282,-1,281,282,283,-1,283,282,284,-1,283,284,278,-1,278,284,267,-1,278,267,269,-1,269,267,266,-1,269,266,270,-1,285,286,287,-1,287,286,281,-1,285,288,286,-1,286,288,289,-1,286,289,290,-1,286,291,281,-1,281,291,292,-1,281,292,293,-1,290,294,286,-1,286,294,295,-1,286,295,296,-1,293,297,281,-1,281,297,298,-1,281,298,299,-1,299,300,281,-1,281,300,301,-1,281,301,279,-1,302,303,304,-1,304,303,305,-1,304,305,306,-1,19,307,308,-1,308,309,19,-1,19,309,310,-1,19,310,17,-1,311,312,19,-1,19,312,313,-1,19,313,307,-1,314,315,316,-1,316,315,317,-1,316,317,311,-1,311,317,318,-1,311,318,312,-1,319,320,321,-1,322,323,319,-1,319,323,324,-1,319,324,320,-1,325,326,327,-1,322,319,327,-1,327,319,3,-1,327,3,325,-1,284,328,267,-1,267,328,329,-1,267,329,16,-1,16,329,330,-1,16,330,14,-1,331,332,311,-1,311,332,333,-1,311,333,316,-1,316,333,334,-1,316,334,335,-1,10,9,336,-1,337,338,339,-1,11,340,341,-1,341,340,342,-1,341,342,343,-1,343,342,344,-1,343,344,345,-1,345,344,346,-1,345,346,347,-1,347,346,337,-1,347,337,348,-1,348,337,339,-1,348,339,349,-1,350,351,352,-1,353,354,355,-1,356,357,358,-1,359,360,351,-1,351,360,361,-1,351,361,352,-1,352,361,362,-1,352,362,363,-1,356,358,351,-1,351,358,364,-1,351,364,359,-1,355,354,365,-1,366,367,368,-1,369,370,371,-1,363,372,352,-1,352,372,373,-1,352,373,371,-1,371,373,374,-1,371,374,369,-1,370,375,371,-1,371,375,376,-1,371,376,377,-1,376,378,377,-1,377,378,379,-1,377,379,368,-1,380,381,382,-1,382,381,383,-1,382,383,384,-1,382,385,354,-1,354,385,386,-1,354,386,365,-1,384,387,382,-1,382,387,388,-1,382,388,385,-1,389,390,391,-1,391,390,392,-1,391,392,393,-1,391,394,389,-1,389,394,395,-1,389,395,396,-1,396,397,389,-1,389,397,398,-1,389,398,399,-1,399,398,400,-1,399,400,401,-1,401,400,402,-1,401,402,368,-1,368,402,403,-1,368,403,366,-1,404,405,393,-1,393,405,406,-1,393,406,391,-1,407,408,357,-1,357,408,409,-1,357,409,358,-1,407,410,408,-1,408,410,411,-1,408,411,412,-1,412,411,413,-1,412,414,415,-1,413,416,412,-1,412,416,417,-1,412,417,418,-1,418,419,412,-1,412,419,420,-1,412,420,414,-1,415,421,412,-1,412,421,422,-1,412,422,423,-1,424,425,426,-1,427,428,429,-1,429,430,431,-1,432,433,425,-1,425,433,434,-1,425,434,426,-1,435,436,437,-1,437,436,438,-1,437,438,429,-1,429,438,439,-1,429,439,430,-1,440,441,377,-1,426,436,424,-1,424,436,435,-1,424,435,442,-1,442,435,443,-1,367,444,368,-1,368,444,380,-1,368,380,377,-1,377,380,382,-1,377,382,440,-1,431,445,429,-1,429,445,446,-1,429,446,427,-1,427,446,447,-1,448,449,450,-1,447,451,427,-1,427,451,452,-1,427,452,382,-1,382,452,453,-1,382,453,440,-1,435,377,443,-1,443,377,441,-1,443,441,448,-1,448,441,454,-1,448,454,455,-1,455,456,448,-1,448,456,457,-1,448,457,449,-1,450,458,448,-1,448,458,459,-1,448,459,460,-1,195,461,196,-1,196,461,8,-1,196,8,462,-1,462,8,7,-1,463,464,465,-1,465,464,466,-1,465,466,467,-1,467,466,468,-1,467,468,469,-1,470,469,462,-1,462,469,468,-1,462,468,196,-1,196,468,471,-1,196,471,428,-1,428,471,472,-1,428,472,429,-1,462,473,470,-1,470,473,474,-1,470,474,475,-1,461,203,8,-1,8,203,205,-1,8,205,6,-1,6,205,476,-1,6,476,477,-1,477,476,478,-1,478,476,479,-1,478,479,437,-1,480,481,482,-1,352,483,484,-1,353,485,486,-1,486,485,487,-1,482,488,489,-1,490,491,492,-1,355,350,353,-1,353,350,352,-1,353,352,485,-1,485,352,484,-1,481,493,482,-1,482,493,494,-1,482,494,495,-1,495,494,492,-1,495,492,496,-1,496,492,491,-1,497,352,498,-1,498,352,489,-1,498,489,499,-1,499,489,488,-1,497,500,352,-1,352,500,501,-1,352,501,502,-1,502,503,352,-1,352,503,504,-1,352,504,483,-1,486,505,506,-1,480,482,507,-1,507,482,489,-1,507,489,508,-1,508,489,486,-1,508,486,509,-1,510,511,492,-1,492,511,512,-1,492,512,513,-1,506,514,486,-1,486,514,515,-1,486,515,509,-1,516,517,486,-1,486,517,518,-1,486,518,505,-1,513,519,492,-1,492,519,520,-1,492,520,490,-1,487,521,522,-1,522,523,487,-1,487,523,524,-1,487,524,486,-1,486,524,525,-1,486,525,516,-1,526,527,192,-1,192,527,189,-1,192,189,197,-1,197,189,188,-1,528,529,337,-1,337,529,338,-1,338,529,530,-1,338,530,531,-1,532,533,531,-1,531,533,526,-1,531,526,338,-1,338,526,192,-1,437,479,435,-1,435,479,534,-1,435,534,377,-1,377,534,535,-1,377,535,371,-1,371,535,5,-1,371,5,352,-1,352,5,4,-1,352,4,489,-1,3,5,325,-1,325,5,535,-1,325,535,536,-1,536,535,534,-1,536,534,537,-1,537,534,479,-1,537,479,538,-1,538,479,476,-1,538,476,236,-1,236,476,205,-1,236,205,238,-1,238,205,207,-1,238,207,247,-1,539,540,541,-1,541,540,42,-1,541,42,542,-1,542,42,34,-1,542,34,335,-1,335,34,0,-1,335,0,316,-1,316,0,2,-1,221,486,215,-1,215,486,489,-1,215,489,223,-1,223,489,4,-1,223,4,2,-1,2,4,3,-1,2,3,316,-1,316,3,319,-1,316,319,314,-1,314,319,321,-1,232,234,236,-1,236,234,272,-1,236,272,538,-1,538,272,268,-1,538,268,537,-1,537,268,267,-1,537,267,536,-1,536,267,16,-1,536,16,325,-1,325,16,15,-1,325,15,326,-1,543,544,234,-1,545,546,547,-1,547,546,548,-1,544,549,234,-1,234,549,550,-1,234,550,551,-1,253,552,547,-1,547,552,553,-1,547,553,554,-1,551,555,234,-1,234,555,556,-1,234,556,272,-1,272,556,557,-1,272,557,253,-1,253,557,558,-1,253,558,552,-1,554,559,547,-1,547,559,560,-1,547,560,545,-1,230,229,235,-1,235,229,547,-1,235,547,234,-1,234,547,548,-1,234,548,543,-1,527,528,189,-1,189,528,337,-1,189,337,207,-1,207,337,346,-1,207,346,247,-1,247,346,344,-1,247,344,249,-1,249,344,342,-1,249,342,250,-1,250,342,340,-1,302,304,18,-1,18,304,561,-1,18,561,19,-1,19,561,540,-1,19,540,311,-1,311,540,539,-1,311,539,331,-1,11,10,340,-1,340,10,336,-1,340,336,250,-1,250,336,562,-1,250,562,229,-1,229,562,563,-1,229,563,547,-1,547,563,564,-1,547,564,253,-1,253,564,565,-1,253,565,251,-1,251,565,566,-1,251,566,269,-1,269,566,304,-1,269,304,275,-1,275,304,306,-1,275,306,276,-1,9,13,336,-1,336,13,567,-1,336,567,562,-1,562,567,568,-1,562,568,563,-1,563,568,569,-1,563,569,564,-1,564,569,570,-1,564,570,565,-1,565,570,571,-1,565,571,566,-1,566,571,572,-1,566,572,304,-1,304,572,573,-1,304,573,561,-1,561,573,574,-1,561,574,540,-1,540,574,46,-1,540,46,42,-1,42,46,48,-1,42,48,43,-1,575,576,577,-1,577,576,578,-1,577,578,579,-1,579,578,580,-1,581,582,580,-1,580,582,583,-1,580,583,584,-1,585,586,587,-1,587,579,585,-1,585,579,580,-1,585,580,588,-1,588,580,584,-1,588,584,589,-1,589,584,590,-1,591,592,593,-1,594,595,596,-1,596,595,597,-1,596,597,598,-1,599,600,601,-1,601,600,602,-1,601,602,603,-1,598,604,596,-1,596,604,605,-1,596,605,606,-1,606,605,607,-1,606,607,608,-1,593,601,591,-1,591,601,603,-1,591,603,594,-1,594,603,609,-1,594,609,595,-1,610,611,612,-1,613,614,615,-1,615,614,616,-1,615,616,617,-1,618,619,620,-1,619,621,620,-1,620,621,622,-1,620,622,623,-1,623,622,624,-1,624,625,623,-1,623,625,613,-1,623,613,612,-1,612,613,615,-1,612,615,610,-1,618,620,626,-1,626,620,627,-1,626,627,628,-1,
        ]
    }
}
Shape{
    appearance Appearance {
        material  Material 	{
            diffuseColor 0.8509803921568627 0.8509803921568627 0.8509803921568627
            specularColor 0.4235294117647059 0.4235294117647059 0.4235294117647059
            ambientIntensity 0.851
            transparency 0.0
            shininess 0.5
        }
    }
    geometry IndexedFaceSet {
        ccw TRUE
        solid FALSE
        coord DEF co Coordinate {
            point [
                0.322 0.0807 0.0053, 0.3315 0.0807 0.0092, 0.675 0.0807 0.0, 0.3397 0.0807 0.0155, 0.3459 0.0807 0.0236, 0.3118 0.0807 0.0039, 0.2222 0.0807 0.0, 0.2222 0.0807 0.0039, 0.3512 0.0807 0.1575, 0.675 0.0807 0.1575, 0.3512 0.0807 0.0433, 0.3498 0.0807 0.0331, 0.2222 0.2169 0.0, 0.2222 0.2169 0.0039, 0.2196 0.2372 0.0, 0.2196 0.2372 0.0039, 0.2118 0.2561 0.0, 0.2118 0.2561 0.0039, 0.1993 0.2723 0.0, 0.1993 0.2723 0.0039, 0.1831 0.2848 0.0, 0.1831 0.2848 0.0039, 0.1642 0.2926 0.0, 0.1642 0.2926 0.0039, 0.1439 0.2953 0.0, 0.1439 0.2953 0.0039, -0.2498 0.2953 0.0, -0.2498 0.2953 0.0039, -0.3322 0.2924 0.0, -0.3322 0.2924 0.0039, -0.4142 0.2838 0.0, -0.4142 0.2838 0.0039, -0.574 0.2613 0.0039, -0.8667 0.2202 0.0, -0.5842 0.2599 0.0053, -0.5937 0.2586 0.0092, -0.8667 0.2202 0.1575, -0.6134 0.2558 0.1575, -0.6134 0.2558 0.0433, -0.613 0.2558 0.0382, -0.612 0.256 0.0331, -0.6104 0.2562 0.0282, -0.6081 0.2565 0.0236, -0.6052 0.2569 0.0193, -0.6019 0.2574 0.0155, -0.5842 -0.2599 0.0053, -0.5937 -0.2586 0.0092, -0.8667 -0.2202 0.0, -0.6019 -0.2574 0.0155, -0.574 -0.2613 0.0039, -0.4142 -0.2838 0.0, -0.4142 -0.2838 0.0039, -0.6104 -0.2562 0.0282, -0.612 -0.256 0.0331, -0.6134 -0.2558 0.1575, -0.8667 -0.2202 0.1575, -0.6134 -0.2558 0.0433, -0.613 -0.2558 0.0382, -0.6052 -0.2569 0.0193, -0.6081 -0.2565 0.0236, -0.3322 -0.2924 0.0, -0.3322 -0.2924 0.0039, -0.2498 -0.2953 0.0, -0.2498 -0.2953 0.0039, 0.1439 -0.2953 0.0, 0.1439 -0.2953 0.0039, 0.1642 -0.2926 0.0, 0.1642 -0.2926 0.0039, 0.1831 -0.2848 0.0, 0.1831 -0.2848 0.0039, 0.1993 -0.2723 0.0, 0.1993 -0.2723 0.0039, 0.2118 -0.2561 0.0, 0.2118 -0.2561 0.0039, 0.2196 -0.2372 0.0, 0.2196 -0.2372 0.0039, 0.2222 -0.2169 0.0, 0.2222 -0.2169 0.0039, 0.2222 -0.0807 0.0, 0.2222 -0.0807 0.0039, 0.3498 -0.0807 0.0331, 0.3459 -0.0807 0.0236, 0.675 -0.0807 0.0, 0.3397 -0.0807 0.0155, 0.3315 -0.0807 0.0092, 0.675 -0.0807 0.1575, 0.3512 -0.0807 0.1575, 0.3512 -0.0807 0.0433, 0.322 -0.0807 0.0053, 0.3118 -0.0807 0.0039, -0.9202 0.1083 0.1575, -0.9233 0.1042 0.1575, -0.9321 -0.0991 0.1575, -0.9182 0.113 0.1575, -0.9372 0.0984 0.1575, -0.9372 -0.0984 0.1575, -0.9321 0.0991 0.1575, -0.9274 0.1011 0.1575, -0.9175 0.1181 0.1575, -0.9274 -0.1011 0.1575, -0.9233 -0.1042 0.1575, -0.9202 -0.1083 0.1575, -0.9182 -0.113 0.1575, -0.9175 -0.1181 0.1575, -0.9175 -0.1617 0.1575, -0.8803 -0.2166 0.1575, -0.9175 0.1617 0.1575, -0.8803 0.2166 0.1575, -0.8926 0.2099 0.1575, -0.903 0.2004 0.1575, -0.9109 0.1888 0.1575, -0.9158 0.1757 0.1575, -0.9158 -0.1757 0.1575, -0.9109 -0.1888 0.1575, -0.8926 -0.2099 0.1575, -0.903 -0.2004 0.1575, -0.8803 0.2166 0.0, -0.8926 0.2099 0.0, -0.903 0.2004 0.0, -0.9109 0.1888 0.0, -0.9158 0.1757 0.0, -0.9175 0.1617 0.0, -0.9175 0.1181 0.0, -0.9182 0.113 0.0, -0.9202 0.1083 0.0, -0.9233 0.1042 0.0, -0.9274 0.1011 0.0, -0.9321 0.0991 0.0, -0.9372 0.0984 0.0, -0.9372 -0.0984 0.0, -0.9321 -0.0991 0.0, -0.9274 -0.1011 0.0, -0.9233 -0.1042 0.0, -0.9202 -0.1083 0.0, -0.9182 -0.113 0.0, -0.9175 -0.1181 0.0, -0.9175 -0.1617 0.0, -0.9158 -0.1757 0.0, -0.9109 -0.1888 0.0, -0.903 -0.2004 0.0, -0.8926 -0.2099 0.0, -0.8803 -0.2166 0.0
            ]
        }
        coordIndex [
            0,1,2,-1,2,1,3,-1,2,3,4,-1,0,2,5,-1,5,2,6,-1,5,6,7,-1,8,9,10,-1,10,9,2,-1,10,2,11,-1,11,2,4,-1,6,12,7,-1,7,12,13,-1,13,12,14,-1,13,14,15,-1,15,14,16,-1,15,16,17,-1,17,16,18,-1,17,18,19,-1,19,18,20,-1,19,20,21,-1,21,20,22,-1,21,22,23,-1,23,22,24,-1,23,24,25,-1,24,26,25,-1,25,26,27,-1,27,26,28,-1,27,28,29,-1,29,28,30,-1,29,30,31,-1,31,30,32,-1,32,30,33,-1,32,33,34,-1,34,33,35,-1,36,37,33,-1,33,37,38,-1,33,38,39,-1,39,40,33,-1,33,40,41,-1,33,41,42,-1,42,43,33,-1,33,43,44,-1,33,44,35,-1,45,46,47,-1,47,46,48,-1,45,47,49,-1,49,47,50,-1,49,50,51,-1,52,53,47,-1,54,55,56,-1,56,55,47,-1,56,47,57,-1,57,47,53,-1,48,58,47,-1,47,58,59,-1,47,59,52,-1,51,50,60,-1,51,60,61,-1,61,60,62,-1,61,62,63,-1,62,64,63,-1,63,64,65,-1,65,64,66,-1,65,66,67,-1,67,66,68,-1,67,68,69,-1,69,68,70,-1,69,70,71,-1,71,70,72,-1,71,72,73,-1,73,72,74,-1,73,74,75,-1,75,74,76,-1,75,76,77,-1,76,78,77,-1,77,78,79,-1,80,81,82,-1,82,81,83,-1,82,83,84,-1,85,86,82,-1,82,86,87,-1,82,87,80,-1,84,88,82,-1,82,88,89,-1,82,89,78,-1,78,89,79,-1,86,85,8,-1,8,85,9,-1,90,91,92,-1,90,92,93,-1,94,95,96,-1,96,95,92,-1,96,92,97,-1,97,92,91,-1,98,93,36,-1,36,93,92,-1,36,92,37,-1,37,92,99,-1,37,99,100,-1,100,101,37,-1,37,101,102,-1,37,102,54,-1,54,102,103,-1,54,103,55,-1,55,103,104,-1,55,104,105,-1,98,36,106,-1,106,36,107,-1,106,107,108,-1,109,110,108,-1,108,110,111,-1,108,111,106,-1,104,112,105,-1,105,112,113,-1,105,113,114,-1,114,113,115,-1,9,85,2,-1,2,85,82,-1,36,33,116,-1,36,116,107,-1,107,116,117,-1,107,117,108,-1,108,117,118,-1,108,118,109,-1,109,118,119,-1,109,119,110,-1,110,119,120,-1,110,120,111,-1,111,120,121,-1,111,121,106,-1,98,106,122,-1,122,106,121,-1,98,122,93,-1,93,122,123,-1,93,123,90,-1,90,123,124,-1,90,124,91,-1,91,124,125,-1,91,125,97,-1,97,125,126,-1,97,126,96,-1,96,126,127,-1,96,127,94,-1,94,127,128,-1,95,94,129,-1,129,94,128,-1,95,129,92,-1,92,129,130,-1,92,130,99,-1,99,130,131,-1,99,131,100,-1,100,131,132,-1,100,132,101,-1,101,132,133,-1,101,133,102,-1,102,133,134,-1,102,134,103,-1,103,134,135,-1,104,103,136,-1,136,103,135,-1,104,136,137,-1,104,137,112,-1,112,137,138,-1,112,138,113,-1,113,138,139,-1,113,139,115,-1,115,139,140,-1,115,140,114,-1,114,140,141,-1,114,141,105,-1,105,141,47,-1,105,47,55,-1,116,33,121,-1,131,130,33,-1,2,82,6,-1,6,82,78,-1,126,125,130,-1,134,133,26,-1,135,134,78,-1,78,134,26,-1,78,26,6,-1,6,26,24,-1,6,24,12,-1,12,24,14,-1,131,33,132,-1,132,33,30,-1,132,30,133,-1,133,30,28,-1,133,28,26,-1,129,128,130,-1,130,128,127,-1,130,127,126,-1,22,20,18,-1,125,124,130,-1,130,124,123,-1,130,123,33,-1,33,123,122,-1,33,122,121,-1,22,18,24,-1,24,18,16,-1,24,16,14,-1,119,118,117,-1,62,60,78,-1,78,60,50,-1,78,50,135,-1,135,50,47,-1,135,47,136,-1,136,47,141,-1,136,141,137,-1,116,121,117,-1,117,121,120,-1,117,120,119,-1,62,78,64,-1,64,78,76,-1,64,76,74,-1,74,72,64,-1,64,72,70,-1,64,70,66,-1,66,70,68,-1,137,141,138,-1,138,141,140,-1,138,140,139,-1,
        ]
    }
}
Shape{
    appearance Appearance {
        material  Material 	{
            diffuseColor 0.2235294117647059 0.2235294117647059 0.2235294117647059
            specularColor 0.11372549019607843 0.11372549019607843 0.11372549019607843
            ambientIntensity 0.2235
            transparency 0.0
            shininess 0.5
        }
    }
    geometry IndexedFaceSet {
        ccw TRUE
        solid FALSE
        coord DEF co Coordinate {
            point [
                -0.6134 -0.2558 0.0433, -0.6134 -0.8465 0.0433, -0.6134 -0.2558 0.1575, -0.6134 -0.8465 0.1614, -0.6134 0.2558 0.1575, -0.6134 0.8465 0.1614, -0.6134 0.2558 0.0433, -0.6134 0.8465 0.0433, 0.3118 0.8858 0.0433, -0.574 0.8858 0.0433, 0.3118 0.8858 0.1614, -0.574 0.8858 0.1614, 0.3118 -0.8858 0.1614, -0.574 -0.8858 0.1614, 0.3118 -0.8858 0.0433, -0.574 -0.8858 0.0433, -0.504 0.7764 0.5945, -0.504 -0.7764 0.5945, 0.2418 0.7764 0.5945, 0.2418 -0.7764 0.5945
            ]
        }
        coordIndex [
            0,1,2,-1,2,1,3,-1,2,3,4,-1,4,3,5,-1,4,5,6,-1,6,5,7,-1,8,9,10,-1,10,9,11,-1,12,13,14,-1,14,13,15,-1,16,17,18,-1,18,17,19,-1,
        ]
    }
}
Shape{
    appearance Appearance {
        material  Material 	{
            diffuseColor 0.8509803921568627 0.8509803921568627 0.8509803921568627
            specularColor 0.4235294117647059 0.4235294117647059 0.4235294117647059
            ambientIntensity 0.851
            transparency 0.0
            shininess 0.5
        }
    }
    geometry IndexedFaceSet {
        ccw TRUE
        solid FALSE
        coord DEF co Coordinate {
            point [
                0.2222 0.6713 0.0039, 0.2222 0.6713 0.0, 0.2222 0.5098 0.0039, 0.2222 0.5098 0.0, 0.322 0.6713 0.0053, 0.3315 0.6713 0.0092, 0.675 0.6713 0.0, 0.3397 0.6713 0.0155, 0.3459 0.6713 0.0236, 0.3512 0.6713 0.1575, 0.675 0.6713 0.1575, 0.3512 0.6713 0.0433, 0.3498 0.6713 0.0331, 0.3118 0.6713 0.0039, 0.3498 0.5098 0.0331, 0.3459 0.5098 0.0236, 0.675 0.5098 0.0, 0.3397 0.5098 0.0155, 0.3315 0.5098 0.0092, 0.675 0.5098 0.1575, 0.3512 0.5098 0.1575, 0.3512 0.5098 0.0433, 0.322 0.5098 0.0053, 0.3118 0.5098 0.0039, 0.3512 -0.6713 0.1575, 0.675 -0.6713 0.1575, 0.3512 -0.5098 0.1575, 0.675 -0.5098 0.1575, 0.322 -0.5098 0.0053, 0.3315 -0.5098 0.0092, 0.675 -0.5098 0.0, 0.3397 -0.5098 0.0155, 0.3459 -0.5098 0.0236, 0.3512 -0.5098 0.0433, 0.3498 -0.5098 0.0331, 0.3118 -0.5098 0.0039, 0.2222 -0.5098 0.0, 0.2222 -0.5098 0.0039, 0.2222 -0.6713 0.0039, 0.2222 -0.6713 0.0, 0.3498 -0.6713 0.0331, 0.3459 -0.6713 0.0236, 0.675 -0.6713 0.0, 0.3397 -0.6713 0.0155, 0.3315 -0.6713 0.0092, 0.3512 -0.6713 0.0433, 0.322 -0.6713 0.0053, 0.3118 -0.6713 0.0039
            ]
        }
        coordIndex [
            0,1,2,-1,2,1,3,-1,4,5,6,-1,6,5,7,-1,6,7,8,-1,9,10,11,-1,11,10,6,-1,11,6,12,-1,12,6,8,-1,4,6,13,-1,13,6,1,-1,13,1,0,-1,14,15,16,-1,16,15,17,-1,16,17,18,-1,19,20,16,-1,16,20,21,-1,16,21,14,-1,18,22,16,-1,16,22,23,-1,16,23,3,-1,3,23,2,-1,19,10,20,-1,20,10,9,-1,10,19,6,-1,6,19,16,-1,3,1,16,-1,16,1,6,-1,24,25,26,-1,26,25,27,-1,28,29,30,-1,30,29,31,-1,30,31,32,-1,26,27,33,-1,33,27,30,-1,33,30,34,-1,34,30,32,-1,28,30,35,-1,35,30,36,-1,35,36,37,-1,37,36,38,-1,38,36,39,-1,40,41,42,-1,42,41,43,-1,42,43,44,-1,25,24,42,-1,42,24,45,-1,42,45,40,-1,44,46,42,-1,42,46,47,-1,42,47,39,-1,39,47,38,-1,27,25,30,-1,30,25,42,-1,39,36,42,-1,42,36,30,-1,
        ]
    }
}
Shape{
    appearance Appearance {
        material  Material 	{
            diffuseColor 0.2235294117647059 0.2235294117647059 0.2235294117647059
            specularColor 0.11372549019607843 0.11372549019607843 0.11372549019607843
            ambientIntensity 0.2235
            transparency 0.0
            shininess 0.5
        }
    }
    geometry IndexedFaceSet {
        ccw TRUE
        solid FALSE
        coord DEF co Coordinate {
            point [
                -0.6134 -0.8465 0.1614, -0.6134 -0.8471 0.1614, -0.5428 -0.7764 0.562, -0.6134 0.8465 0.1614, -0.5428 0.7764 0.562, -0.6134 0.8471 0.1614, 0.3512 0.8465 0.1614, 0.3512 0.8471 0.1614, 0.2806 0.7764 0.562, 0.3512 -0.8465 0.1614, 0.2806 -0.7764 0.562, 0.3512 -0.8471 0.1614, 0.3124 -0.8858 0.1614, 0.2418 -0.8152 0.562, 0.3118 -0.8858 0.1614, -0.504 -0.8152 0.562, -0.574 -0.8858 0.1614, -0.5746 -0.8858 0.1614, 0.3118 -0.8465 0.0039, 0.3118 -0.6713 0.0039, 0.322 -0.6713 0.0053, 0.322 -0.8465 0.0053, 0.3315 -0.6713 0.0092, 0.3315 -0.8465 0.0092, 0.3397 -0.6713 0.0155, 0.3397 -0.8465 0.0155, 0.3459 -0.6713 0.0236, 0.3459 -0.8465 0.0236, 0.3498 -0.6713 0.0331, 0.3498 -0.8465 0.0331, 0.3512 -0.6713 0.0433, 0.3512 -0.8465 0.0433, -0.574 -0.8465 0.0039, 0.3118 -0.8566 0.0053, -0.574 -0.8566 0.0053, 0.3118 -0.8661 0.0092, -0.574 -0.8661 0.0092, 0.3118 -0.8743 0.0155, -0.574 -0.8743 0.0155, 0.3118 -0.8806 0.0236, -0.574 -0.8806 0.0236, 0.3118 -0.8845 0.0331, -0.574 -0.8845 0.0331, 0.3118 -0.8858 0.0433, -0.574 -0.8858 0.0433, -0.574 -0.2613 0.0039, -0.5842 -0.8465 0.0053, -0.5842 -0.2599 0.0053, -0.5937 -0.8465 0.0092, -0.5937 -0.2586 0.0092, -0.6019 -0.8465 0.0155, -0.6019 -0.2574 0.0155, -0.6052 -0.2569 0.0193, -0.6081 -0.8465 0.0236, -0.6081 -0.2565 0.0236, -0.6104 -0.2562 0.0282, -0.612 -0.8465 0.0331, -0.612 -0.256 0.0331, -0.613 -0.2558 0.0382, -0.6134 -0.8465 0.0433, -0.6134 -0.2558 0.0433, 0.3497 -0.8566 0.0433, 0.3473 -0.8635 0.0433, 0.3461 -0.863 0.0331, 0.3457 -0.866 0.0433, 0.3426 -0.871 0.0433, 0.3415 -0.8702 0.0331, 0.3395 -0.8741 0.0433, 0.3364 -0.8772 0.0433, 0.3355 -0.8762 0.0331, 0.3241 -0.8618 0.0092, 0.3182 -0.8544 0.0053, 0.3198 -0.8528 0.0053, 0.3162 -0.8556 0.0053, 0.3204 -0.8642 0.0092, 0.3239 -0.8715 0.0155, 0.3141 -0.8564 0.0053, 0.3162 -0.8656 0.0092, 0.318 -0.8736 0.0155, 0.3194 -0.8797 0.0236, 0.3266 -0.8772 0.0236, 0.3283 -0.8807 0.0331, 0.3203 -0.8835 0.0331, 0.3314 -0.8804 0.0433, 0.3289 -0.8819 0.0433, 0.322 -0.8844 0.0433, 0.3206 -0.8848 0.0433, 0.3331 -0.8731 0.0236, 0.3292 -0.8682 0.0155, 0.3385 -0.8677 0.0236, 0.3336 -0.8638 0.0155, 0.3272 -0.8587 0.0092, 0.3425 -0.8612 0.0236, 0.3369 -0.8585 0.0155, 0.3295 -0.855 0.0092, 0.321 -0.8509 0.0053, 0.3502 -0.8552 0.0433, 0.3489 -0.8549 0.0331, 0.3451 -0.854 0.0236, 0.339 -0.8527 0.0155, 0.331 -0.8508 0.0092, 0.3217 -0.8487 0.0053, -0.5828 -0.8847 0.0433, -0.5842 -0.8845 0.0433, -0.5839 -0.8832 0.0331, -0.591 -0.8817 0.0433, -0.5937 -0.8806 0.0433, -0.593 -0.8794 0.0331, -0.5984 -0.877 0.0433, -0.6019 -0.8743 0.0433, -0.6009 -0.8733 0.0331, -0.6045 -0.8708 0.0433, -0.6081 -0.8661 0.0433, -0.6069 -0.8655 0.0331, -0.6092 -0.8634 0.0433, -0.612 -0.8566 0.0433, -0.6107 -0.8563 0.0331, -0.6122 -0.8552 0.0433, -0.6069 -0.8553 0.0236, -0.6009 -0.8537 0.0155, -0.593 -0.8516 0.0092, -0.5839 -0.8491 0.0053, -0.6035 -0.8635 0.0236, -0.5981 -0.8604 0.0155, -0.5911 -0.8563 0.0092, -0.5828 -0.8516 0.0053, -0.5981 -0.8706 0.0236, -0.5937 -0.8661 0.0155, -0.5879 -0.8604 0.0092, -0.5812 -0.8537 0.0053, -0.5911 -0.876 0.0236, -0.5879 -0.8706 0.0155, -0.5839 -0.8635 0.0092, -0.5791 -0.8553 0.0053, -0.5828 -0.8794 0.0236, -0.5812 -0.8733 0.0155, -0.5791 -0.8655 0.0092, -0.5767 -0.8563 0.0053, 0.3118 0.6713 0.0039, 0.3118 0.8465 0.0039, 0.322 0.8465 0.0053, 0.322 0.6713 0.0053, 0.3315 0.8465 0.0092, 0.3315 0.6713 0.0092, 0.3397 0.8465 0.0155, 0.3397 0.6713 0.0155, 0.3459 0.8465 0.0236, 0.3459 0.6713 0.0236, 0.3498 0.8465 0.0331, 0.3498 0.6713 0.0331, 0.3512 0.8465 0.0433, 0.3512 0.6713 0.0433, 0.322 -0.8844 0.1622, 0.3224 -0.8844 0.1622, 0.3315 -0.8805 0.1626, 0.3317 -0.8805 0.1626, 0.3397 -0.8743 0.1628, 0.3458 -0.8663 0.1626, 0.3459 -0.8661 0.1626, 0.3497 -0.857 0.1622, 0.3498 -0.8566 0.1622, -0.5827 -0.8846 0.162, -0.5846 -0.8844 0.1622, -0.591 -0.8817 0.1625, -0.5939 -0.8805 0.1626, -0.5984 -0.877 0.1627, -0.6019 -0.8743 0.1628, -0.6045 -0.8708 0.1627, -0.608 -0.8663 0.1626, -0.6092 -0.8634 0.1625, -0.6119 -0.857 0.1622, -0.6122 -0.8552 0.162, -0.6134 0.2558 0.0433, -0.6134 0.8465 0.0433, -0.613 0.2558 0.0382, -0.612 0.8465 0.0331, -0.612 0.256 0.0331, -0.6104 0.2562 0.0282, -0.6081 0.8465 0.0236, -0.6081 0.2565 0.0236, -0.6052 0.2569 0.0193, -0.6019 0.8465 0.0155, -0.6019 0.2574 0.0155, -0.5937 0.8465 0.0092, -0.5937 0.2586 0.0092, -0.5842 0.8465 0.0053, -0.5842 0.2599 0.0053, -0.574 0.8465 0.0039, -0.574 0.2613 0.0039, -0.574 0.8566 0.0053, 0.3118 0.8566 0.0053, -0.574 0.8661 0.0092, 0.3118 0.8661 0.0092, -0.574 0.8743 0.0155, 0.3118 0.8743 0.0155, -0.574 0.8806 0.0236, 0.3118 0.8806 0.0236, -0.574 0.8845 0.0331, 0.3118 0.8845 0.0331, -0.574 0.8858 0.0433, 0.3118 0.8858 0.0433, 0.3206 0.8847 0.0433, 0.322 0.8845 0.0433, 0.3217 0.8832 0.0331, 0.3288 0.8817 0.0433, 0.3315 0.8806 0.0433, 0.3308 0.8794 0.0331, 0.3362 0.877 0.0433, 0.3397 0.8743 0.0433, 0.3387 0.8733 0.0331, 0.3423 0.8708 0.0433, 0.3459 0.8661 0.0433, 0.3447 0.8655 0.0331, 0.347 0.8634 0.0433, 0.3498 0.8566 0.0433, 0.3485 0.8563 0.0331, 0.35 0.8552 0.0433, 0.3447 0.8553 0.0236, 0.3387 0.8537 0.0155, 0.3308 0.8516 0.0092, 0.3217 0.8491 0.0053, 0.3413 0.8635 0.0236, 0.3359 0.8604 0.0155, 0.3289 0.8563 0.0092, 0.3206 0.8516 0.0053, 0.3359 0.8706 0.0236, 0.3315 0.8661 0.0155, 0.3257 0.8604 0.0092, 0.319 0.8537 0.0053, 0.3289 0.876 0.0236, 0.3257 0.8706 0.0155, 0.3217 0.8635 0.0092, 0.3169 0.8553 0.0053, 0.3206 0.8794 0.0236, 0.319 0.8733 0.0155, 0.3169 0.8655 0.0092, 0.3145 0.8563 0.0053, 0.279 -0.7863 0.5634, 0.2789 -0.7864 0.5634, 0.275 -0.7955 0.5643, 0.2749 -0.7956 0.5643, 0.2688 -0.8034 0.5646, 0.2609 -0.8096 0.5643, 0.2608 -0.8096 0.5643, 0.2517 -0.8136 0.5634, 0.2516 -0.8136 0.5634, -0.504 -0.8127 0.5705, 0.2418 -0.8127 0.5705, -0.504 -0.8126 0.5707, 0.2418 -0.8126 0.5707, -0.504 -0.8081 0.5785, 0.2418 -0.8081 0.5785, -0.504 -0.808 0.5786, 0.2418 -0.808 0.5786, -0.504 -0.8019 0.5852, 0.2418 -0.8019 0.5852, -0.504 -0.8017 0.5853, 0.2418 -0.8017 0.5853, -0.504 -0.7942 0.5903, 0.2418 -0.7942 0.5903, -0.504 -0.7941 0.5903, 0.2418 -0.7941 0.5903, -0.504 -0.7856 0.5934, 0.2418 -0.7856 0.5934, -0.504 -0.7855 0.5934, 0.2418 -0.7855 0.5934, 0.2418 -0.7764 0.5945, -0.504 -0.7764 0.5945, -0.523 -0.8096 0.5643, -0.5138 -0.8136 0.5634, -0.5139 -0.8136 0.5634, -0.531 -0.8034 0.5646, -0.5231 -0.8096 0.5643, -0.5371 -0.7956 0.5643, -0.5372 -0.7955 0.5643, -0.5411 -0.7864 0.5634, -0.5412 -0.7863 0.5634, -0.5839 0.8832 0.0331, -0.5839 0.8635 0.0092, -0.5791 0.8553 0.0053, -0.5812 0.8537 0.0053, -0.5839 0.8491 0.0053, -0.5767 0.8563 0.0053, -0.5791 0.8655 0.0092, -0.5812 0.8733 0.0155, -0.5879 0.8604 0.0092, -0.5828 0.8516 0.0053, -0.5911 0.8563 0.0092, -0.593 0.8516 0.0092, -0.5879 0.8706 0.0155, -0.5937 0.8661 0.0155, -0.5981 0.8604 0.0155, -0.6009 0.8537 0.0155, -0.5828 0.8794 0.0236, -0.5911 0.876 0.0236, -0.5981 0.8706 0.0236, -0.6035 0.8635 0.0236, -0.6069 0.8553 0.0236, -0.593 0.8794 0.0331, -0.6009 0.8733 0.0331, -0.6069 0.8655 0.0331, -0.6107 0.8563 0.0331, -0.5842 0.8845 0.0433, -0.5937 0.8806 0.0433, -0.6019 0.8743 0.0433, -0.6081 0.8661 0.0433, -0.612 0.8566 0.0433, 0.3118 0.8858 0.1614, 0.3124 0.8858 0.1614, 0.3205 0.8846 0.162, 0.3224 0.8844 0.1622, 0.3288 0.8817 0.1625, 0.3317 0.8805 0.1626, 0.3362 0.877 0.1627, 0.3397 0.8743 0.1628, 0.3423 0.8708 0.1627, 0.3458 0.8663 0.1626, 0.347 0.8634 0.1625, 0.3497 0.857 0.1622, 0.35 0.8552 0.162, 0.2733 -0.7764 0.5786, 0.2672 -0.7764 0.5852, 0.2664 -0.783 0.5852, 0.2589 -0.781 0.5903, 0.2506 -0.7788 0.5934, 0.2497 -0.781 0.5934, 0.2464 -0.7843 0.5934, 0.2482 -0.7829 0.5934, 0.2441 -0.7853 0.5934, 0.2509 -0.7764 0.5934, 0.2768 -0.7858 0.5705, 0.2732 -0.7946 0.5705, 0.2674 -0.8021 0.5705, 0.2599 -0.8078 0.5705, 0.2512 -0.8115 0.5705, 0.2671 -0.7764 0.5853, 0.2596 -0.7764 0.5903, 0.2595 -0.7764 0.5903, 0.2509 -0.7764 0.5934, 0.2572 -0.7853 0.5903, 0.2543 -0.789 0.5903, 0.2507 -0.7918 0.5903, 0.2464 -0.7936 0.5903, 0.2638 -0.7891 0.5852, 0.2598 -0.7944 0.5852, 0.2545 -0.7985 0.5852, 0.2484 -0.801 0.5852, 0.2779 -0.7764 0.5707, 0.2735 -0.7764 0.5785, 0.2724 -0.7846 0.5785, 0.2692 -0.7923 0.5785, 0.2642 -0.7989 0.5785, 0.2576 -0.8039 0.5785, 0.25 -0.8071 0.5785, 0.278 -0.7764 0.5705, -0.5106 -0.801 0.5852, -0.5086 -0.7936 0.5903, -0.5063 -0.7853 0.5934, -0.5086 -0.7843 0.5934, -0.5119 -0.781 0.5934, -0.5104 -0.7829 0.5934, -0.5128 -0.7788 0.5934, -0.5134 -0.8115 0.5705, -0.5221 -0.8078 0.5705, -0.5296 -0.8021 0.5705, -0.5354 -0.7946 0.5705, -0.539 -0.7858 0.5705, -0.5402 -0.7764 0.5705, -0.5131 -0.7764 0.5934, -0.5129 -0.7918 0.5903, -0.5165 -0.789 0.5903, -0.5194 -0.7853 0.5903, -0.5211 -0.781 0.5903, -0.5131 -0.7764 0.5934, -0.5217 -0.7764 0.5903, -0.5218 -0.7764 0.5903, -0.5293 -0.7764 0.5853, -0.5167 -0.7985 0.5852, -0.522 -0.7944 0.5852, -0.526 -0.7891 0.5852, -0.5286 -0.783 0.5852, -0.5122 -0.8071 0.5785, -0.5198 -0.8039 0.5785, -0.5264 -0.7989 0.5785, -0.5314 -0.7923 0.5785, -0.5346 -0.7846 0.5785, -0.5294 -0.7764 0.5852, -0.5355 -0.7764 0.5786, -0.5357 -0.7764 0.5785, -0.5401 -0.7764 0.5707, -0.574 0.8858 0.1614, -0.5746 0.8858 0.1614, -0.5842 0.8844 0.1622, -0.5846 0.8844 0.1622, -0.5937 0.8805 0.1626, -0.5939 0.8805 0.1626, -0.6019 0.8743 0.1628, -0.608 0.8663 0.1626, -0.6081 0.8661 0.1626, -0.6119 0.857 0.1622, -0.612 0.8566 0.1622, 0.2418 0.8152 0.562, 0.2608 0.8096 0.5643, 0.2516 0.8136 0.5634, 0.2517 0.8136 0.5634, 0.2688 0.8034 0.5646, 0.2609 0.8096 0.5643, 0.2749 0.7956 0.5643, 0.275 0.7955 0.5643, 0.2789 0.7864 0.5634, 0.279 0.7863 0.5634, 0.278 0.7764 0.5705, 0.2779 0.7764 0.5707, 0.2735 0.7764 0.5785, 0.2733 0.7764 0.5786, 0.2672 0.7764 0.5852, 0.2671 0.7764 0.5853, 0.2596 0.7764 0.5903, 0.2595 0.7764 0.5903, 0.2509 0.7764 0.5934, 0.2509 0.7764 0.5934, 0.2418 0.7764 0.5945, -0.5402 0.7764 0.5705, -0.5401 0.7764 0.5707, -0.5357 0.7764 0.5785, -0.5355 0.7764 0.5786, -0.5294 0.7764 0.5852, -0.5293 0.7764 0.5853, -0.5218 0.7764 0.5903, -0.5217 0.7764 0.5903, -0.5131 0.7764 0.5934, -0.5131 0.7764 0.5934, -0.504 0.7764 0.5945, -0.5414 0.785 0.5632, -0.5412 0.7863 0.5634, -0.5383 0.793 0.5641, -0.5372 0.7955 0.5643, -0.5336 0.8001 0.5645, -0.504 0.8152 0.562, -0.5125 0.8138 0.5632, -0.5138 0.8136 0.5634, -0.5205 0.8107 0.5641, -0.523 0.8096 0.5643, -0.5276 0.8061 0.5645, -0.531 0.8034 0.5646, 0.2418 0.808 0.5786, 0.2418 0.8019 0.5852, 0.2484 0.801 0.5852, 0.2464 0.7936 0.5903, 0.2441 0.7853 0.5934, 0.2464 0.7843 0.5934, 0.2497 0.781 0.5934, 0.2482 0.7829 0.5934, 0.2506 0.7788 0.5934, 0.2418 0.7855 0.5934, 0.2512 0.8115 0.5705, 0.2599 0.8078 0.5705, 0.2674 0.8021 0.5705, 0.2732 0.7946 0.5705, 0.2768 0.7858 0.5705, 0.2418 0.8017 0.5853, 0.2418 0.7942 0.5903, 0.2418 0.7941 0.5903, 0.2418 0.7856 0.5934, 0.2507 0.7918 0.5903, 0.2543 0.789 0.5903, 0.2572 0.7853 0.5903, 0.2589 0.781 0.5903, 0.2545 0.7985 0.5852, 0.2598 0.7944 0.5852, 0.2638 0.7891 0.5852, 0.2664 0.783 0.5852, 0.2418 0.8126 0.5707, 0.2418 0.8081 0.5785, 0.25 0.8071 0.5785, 0.2576 0.8039 0.5785, 0.2642 0.7989 0.5785, 0.2692 0.7923 0.5785, 0.2724 0.7846 0.5785, 0.2418 0.8127 0.5705, -0.5349 0.7835 0.5785, -0.5288 0.7821 0.5852, -0.5213 0.7804 0.5903, -0.5129 0.7785 0.5934, -0.5122 0.7804 0.5934, -0.5079 0.7847 0.5934, -0.5097 0.7836 0.5934, -0.506 0.7853 0.5934, -0.5393 0.7845 0.5705, -0.5367 0.7922 0.5705, -0.5323 0.799 0.5705, -0.5266 0.8048 0.5705, -0.5197 0.8091 0.5705, -0.5121 0.8118 0.5705, -0.504 0.8127 0.5705, -0.504 0.7855 0.5934, -0.5179 0.7875 0.5903, -0.5151 0.7903 0.5903, -0.5117 0.7924 0.5903, -0.5079 0.7938 0.5903, -0.52 0.7841 0.5903, -0.5111 0.7821 0.5934, -0.504 0.7856 0.5934, -0.504 0.7941 0.5903, -0.504 0.7942 0.5903, -0.504 0.8017 0.5853, -0.5269 0.7875 0.5852, -0.5239 0.7923 0.5852, -0.5198 0.7963 0.5852, -0.515 0.7993 0.5852, -0.5096 0.8012 0.5852, -0.5326 0.7902 0.5785, -0.5288 0.7962 0.5785, -0.5238 0.8012 0.5785, -0.5177 0.805 0.5785, -0.511 0.8073 0.5785, -0.504 0.8019 0.5852, -0.504 0.808 0.5786, -0.504 0.8081 0.5785, -0.504 0.8126 0.5707, 0.3118 -0.5098 0.0039, 0.3118 -0.0807 0.0039, 0.322 -0.0807 0.0053, 0.322 -0.5098 0.0053, 0.3315 -0.0807 0.0092, 0.3315 -0.5098 0.0092, 0.3397 -0.0807 0.0155, 0.3397 -0.5098 0.0155, 0.3459 -0.0807 0.0236, 0.3459 -0.5098 0.0236, 0.3498 -0.0807 0.0331, 0.3498 -0.5098 0.0331, 0.3512 -0.0807 0.0433, 0.3512 -0.5098 0.0433, 0.3118 0.0807 0.0039, 0.3118 0.5098 0.0039, 0.322 0.5098 0.0053, 0.322 0.0807 0.0053, 0.3315 0.5098 0.0092, 0.3315 0.0807 0.0092, 0.3397 0.5098 0.0155, 0.3397 0.0807 0.0155, 0.3459 0.5098 0.0236, 0.3459 0.0807 0.0236, 0.3498 0.5098 0.0331, 0.3498 0.0807 0.0331, 0.3512 0.5098 0.0433, 0.3512 0.0807 0.0433
            ]
        }
        coordIndex [
            0,1,2,-1,0,2,3,-1,3,2,4,-1,3,4,5,-1,6,7,8,-1,6,8,9,-1,9,8,10,-1,9,10,11,-1,12,13,14,-1,14,13,15,-1,14,15,16,-1,16,15,17,-1,18,19,20,-1,18,20,21,-1,21,20,22,-1,21,22,23,-1,23,22,24,-1,23,24,25,-1,25,24,26,-1,25,26,27,-1,27,26,28,-1,27,28,29,-1,29,28,30,-1,29,30,31,-1,32,18,33,-1,32,33,34,-1,34,33,35,-1,34,35,36,-1,36,35,37,-1,36,37,38,-1,38,37,39,-1,38,39,40,-1,40,39,41,-1,40,41,42,-1,42,41,43,-1,42,43,44,-1,45,32,46,-1,45,46,47,-1,47,46,48,-1,47,48,49,-1,49,48,50,-1,49,50,51,-1,51,50,52,-1,52,50,53,-1,52,53,54,-1,54,53,55,-1,55,53,56,-1,55,56,57,-1,57,56,58,-1,58,56,59,-1,58,59,60,-1,61,62,63,-1,64,65,66,-1,67,68,69,-1,70,71,72,-1,72,71,18,-1,73,18,71,-1,73,71,74,-1,74,71,70,-1,74,70,75,-1,76,18,73,-1,76,73,77,-1,77,73,74,-1,77,74,78,-1,78,74,75,-1,78,75,79,-1,33,18,76,-1,33,76,35,-1,35,76,77,-1,35,77,37,-1,37,77,78,-1,37,78,39,-1,39,78,79,-1,39,79,41,-1,80,81,82,-1,83,84,81,-1,81,84,85,-1,81,85,82,-1,82,85,86,-1,82,86,43,-1,68,83,69,-1,69,83,81,-1,69,81,87,-1,87,81,80,-1,87,80,88,-1,65,67,66,-1,66,67,69,-1,66,69,89,-1,89,69,87,-1,89,87,90,-1,90,87,88,-1,90,88,91,-1,62,64,63,-1,63,64,66,-1,63,66,92,-1,92,66,89,-1,92,89,93,-1,93,89,90,-1,93,90,94,-1,94,90,91,-1,94,91,95,-1,96,61,97,-1,97,61,63,-1,97,63,98,-1,98,63,92,-1,98,92,99,-1,99,92,93,-1,99,93,100,-1,100,93,94,-1,100,94,101,-1,101,94,95,-1,31,96,29,-1,29,96,97,-1,29,97,27,-1,27,97,98,-1,27,98,25,-1,25,98,99,-1,25,99,23,-1,23,99,100,-1,23,100,21,-1,21,100,101,-1,21,101,18,-1,95,18,101,-1,43,41,82,-1,82,41,79,-1,82,79,80,-1,80,79,75,-1,80,75,88,-1,88,75,70,-1,88,70,91,-1,91,70,72,-1,91,72,95,-1,95,72,18,-1,102,103,104,-1,105,106,107,-1,108,109,110,-1,111,112,113,-1,114,115,116,-1,117,59,56,-1,115,117,116,-1,116,117,56,-1,116,56,118,-1,118,56,53,-1,118,53,119,-1,119,53,50,-1,119,50,120,-1,120,50,48,-1,120,48,121,-1,121,48,46,-1,121,46,32,-1,112,114,113,-1,113,114,116,-1,113,116,122,-1,122,116,118,-1,122,118,123,-1,123,118,119,-1,123,119,124,-1,124,119,120,-1,124,120,125,-1,125,120,121,-1,125,121,32,-1,109,111,110,-1,110,111,113,-1,110,113,126,-1,126,113,122,-1,126,122,127,-1,127,122,123,-1,127,123,128,-1,128,123,124,-1,128,124,129,-1,129,124,125,-1,129,125,32,-1,106,108,107,-1,107,108,110,-1,107,110,130,-1,130,110,126,-1,130,126,131,-1,131,126,127,-1,131,127,132,-1,132,127,128,-1,132,128,133,-1,133,128,129,-1,133,129,32,-1,103,105,104,-1,104,105,107,-1,104,107,134,-1,134,107,130,-1,134,130,135,-1,135,130,131,-1,135,131,136,-1,136,131,132,-1,136,132,137,-1,137,132,133,-1,137,133,32,-1,44,102,42,-1,42,102,104,-1,42,104,40,-1,40,104,134,-1,40,134,38,-1,38,134,135,-1,38,135,36,-1,36,135,136,-1,36,136,34,-1,34,136,137,-1,34,137,32,-1,138,139,140,-1,138,140,141,-1,141,140,142,-1,141,142,143,-1,143,142,144,-1,143,144,145,-1,145,144,146,-1,145,146,147,-1,147,146,148,-1,147,148,149,-1,149,148,150,-1,149,150,151,-1,14,43,12,-1,12,43,86,-1,12,86,152,-1,152,86,85,-1,152,85,153,-1,153,85,84,-1,153,84,154,-1,154,84,83,-1,154,83,155,-1,155,83,68,-1,155,68,156,-1,68,67,156,-1,156,67,65,-1,156,65,157,-1,157,65,64,-1,157,64,158,-1,158,64,62,-1,158,62,159,-1,159,62,61,-1,31,9,96,-1,96,9,11,-1,96,11,61,-1,61,11,160,-1,61,160,159,-1,0,59,1,-1,1,59,117,-1,102,44,16,-1,16,17,102,-1,102,17,161,-1,102,161,103,-1,103,161,162,-1,103,162,105,-1,105,162,163,-1,105,163,106,-1,106,163,164,-1,106,164,108,-1,108,164,165,-1,108,165,109,-1,109,165,166,-1,109,166,111,-1,111,166,167,-1,111,167,112,-1,112,167,168,-1,112,168,114,-1,114,168,169,-1,114,169,115,-1,115,169,170,-1,115,170,117,-1,117,170,171,-1,117,171,1,-1,172,173,174,-1,174,173,175,-1,174,175,176,-1,176,175,177,-1,177,175,178,-1,177,178,179,-1,179,178,180,-1,180,178,181,-1,180,181,182,-1,182,181,183,-1,182,183,184,-1,184,183,185,-1,184,185,186,-1,186,185,187,-1,186,187,188,-1,139,187,189,-1,139,189,190,-1,190,189,191,-1,190,191,192,-1,192,191,193,-1,192,193,194,-1,194,193,195,-1,194,195,196,-1,196,195,197,-1,196,197,198,-1,198,197,199,-1,198,199,200,-1,201,202,203,-1,204,205,206,-1,207,208,209,-1,210,211,212,-1,213,214,215,-1,216,150,148,-1,214,216,215,-1,215,216,148,-1,215,148,217,-1,217,148,146,-1,217,146,218,-1,218,146,144,-1,218,144,219,-1,219,144,142,-1,219,142,220,-1,220,142,140,-1,220,140,139,-1,211,213,212,-1,212,213,215,-1,212,215,221,-1,221,215,217,-1,221,217,222,-1,222,217,218,-1,222,218,223,-1,223,218,219,-1,223,219,224,-1,224,219,220,-1,224,220,139,-1,208,210,209,-1,209,210,212,-1,209,212,225,-1,225,212,221,-1,225,221,226,-1,226,221,222,-1,226,222,227,-1,227,222,223,-1,227,223,228,-1,228,223,224,-1,228,224,139,-1,205,207,206,-1,206,207,209,-1,206,209,229,-1,229,209,225,-1,229,225,230,-1,230,225,226,-1,230,226,231,-1,231,226,227,-1,231,227,232,-1,232,227,228,-1,232,228,139,-1,202,204,203,-1,203,204,206,-1,203,206,233,-1,233,206,229,-1,233,229,234,-1,234,229,230,-1,234,230,235,-1,235,230,231,-1,235,231,236,-1,236,231,232,-1,236,232,139,-1,200,201,198,-1,198,201,203,-1,198,203,196,-1,196,203,233,-1,196,233,194,-1,194,233,234,-1,194,234,192,-1,192,234,235,-1,192,235,190,-1,190,235,236,-1,190,236,139,-1,157,158,237,-1,237,158,159,-1,237,159,10,-1,10,159,160,-1,10,160,11,-1,237,238,157,-1,157,238,239,-1,157,239,156,-1,156,239,240,-1,240,241,156,-1,156,241,242,-1,156,242,155,-1,155,242,243,-1,155,243,154,-1,154,243,244,-1,154,244,153,-1,153,244,245,-1,153,245,152,-1,152,245,13,-1,152,13,12,-1,15,13,246,-1,246,13,247,-1,246,247,248,-1,248,247,249,-1,248,249,250,-1,250,249,251,-1,250,251,252,-1,252,251,253,-1,252,253,254,-1,254,253,255,-1,254,255,256,-1,256,255,257,-1,256,257,258,-1,258,257,259,-1,258,259,260,-1,260,259,261,-1,260,261,262,-1,262,261,263,-1,262,263,264,-1,263,265,264,-1,264,265,266,-1,264,266,267,-1,161,17,15,-1,268,164,163,-1,161,15,162,-1,162,15,269,-1,162,269,163,-1,163,269,270,-1,163,270,268,-1,271,166,165,-1,164,268,165,-1,165,268,272,-1,165,272,271,-1,166,271,167,-1,167,271,273,-1,167,273,168,-1,168,273,274,-1,168,274,169,-1,169,274,275,-1,169,275,170,-1,170,275,276,-1,170,276,171,-1,171,276,2,-1,171,2,1,-1,199,197,277,-1,278,279,280,-1,187,185,281,-1,280,279,187,-1,282,187,279,-1,282,279,283,-1,283,279,278,-1,283,278,284,-1,189,187,282,-1,285,286,287,-1,287,286,281,-1,287,281,288,-1,288,281,185,-1,288,185,183,-1,189,282,191,-1,191,282,283,-1,191,283,193,-1,193,283,284,-1,193,284,195,-1,289,285,290,-1,290,285,287,-1,290,287,291,-1,291,287,288,-1,291,288,292,-1,292,288,183,-1,292,183,181,-1,293,289,294,-1,294,289,290,-1,294,290,295,-1,295,290,291,-1,295,291,296,-1,296,291,292,-1,296,292,297,-1,297,292,181,-1,297,181,178,-1,197,293,277,-1,277,293,294,-1,277,294,298,-1,298,294,295,-1,298,295,299,-1,299,295,296,-1,299,296,300,-1,300,296,297,-1,300,297,301,-1,301,297,178,-1,301,178,175,-1,199,277,302,-1,302,277,298,-1,302,298,303,-1,303,298,299,-1,303,299,304,-1,304,299,300,-1,304,300,305,-1,305,300,301,-1,305,301,306,-1,306,301,175,-1,306,175,173,-1,286,187,281,-1,197,195,293,-1,293,195,284,-1,293,284,289,-1,289,284,278,-1,289,278,285,-1,285,278,280,-1,285,280,286,-1,286,280,187,-1,6,150,7,-1,7,150,216,-1,201,200,307,-1,307,308,201,-1,201,308,309,-1,201,309,202,-1,202,309,310,-1,202,310,204,-1,204,310,311,-1,204,311,205,-1,205,311,312,-1,205,312,207,-1,207,312,313,-1,207,313,208,-1,208,313,314,-1,208,314,210,-1,210,314,315,-1,210,315,211,-1,211,315,316,-1,211,316,213,-1,213,316,317,-1,213,317,214,-1,214,317,318,-1,214,318,216,-1,216,318,319,-1,216,319,7,-1,320,321,322,-1,323,324,325,-1,266,326,327,-1,328,326,266,-1,325,324,266,-1,329,266,324,-1,330,238,237,-1,238,330,239,-1,239,330,331,-1,239,331,240,-1,240,331,332,-1,240,332,241,-1,241,332,333,-1,241,333,242,-1,242,333,243,-1,243,333,334,-1,243,334,244,-1,244,334,245,-1,245,334,247,-1,245,247,13,-1,265,328,266,-1,335,336,323,-1,323,336,337,-1,323,337,324,-1,324,337,338,-1,324,338,329,-1,339,327,340,-1,340,327,326,-1,340,326,341,-1,341,326,328,-1,341,328,342,-1,265,263,328,-1,328,263,261,-1,328,261,342,-1,342,261,259,-1,342,259,257,-1,322,339,343,-1,343,339,340,-1,343,340,344,-1,344,340,341,-1,344,341,345,-1,345,341,342,-1,345,342,346,-1,346,342,257,-1,347,348,349,-1,349,348,320,-1,320,322,349,-1,349,322,343,-1,349,343,350,-1,350,343,344,-1,350,344,351,-1,351,344,345,-1,351,345,352,-1,352,345,346,-1,352,346,353,-1,321,335,322,-1,322,335,323,-1,322,323,339,-1,339,323,325,-1,339,325,327,-1,327,325,266,-1,347,330,354,-1,354,330,237,-1,354,237,10,-1,257,255,346,-1,346,255,253,-1,346,253,353,-1,353,253,251,-1,353,251,249,-1,347,349,330,-1,330,349,350,-1,330,350,331,-1,331,350,351,-1,331,351,332,-1,332,351,352,-1,332,352,333,-1,333,352,353,-1,333,353,334,-1,334,353,249,-1,334,249,247,-1,252,254,355,-1,356,357,358,-1,267,359,360,-1,361,359,267,-1,358,357,267,-1,264,267,357,-1,362,270,269,-1,270,362,268,-1,268,362,363,-1,268,363,272,-1,272,363,364,-1,272,364,271,-1,271,364,365,-1,271,365,273,-1,273,365,274,-1,274,365,366,-1,274,366,275,-1,275,366,276,-1,276,366,367,-1,276,367,2,-1,368,361,267,-1,256,258,356,-1,356,258,260,-1,356,260,357,-1,357,260,262,-1,357,262,264,-1,369,360,370,-1,370,360,359,-1,370,359,371,-1,371,359,361,-1,371,361,372,-1,368,373,361,-1,361,373,374,-1,361,374,372,-1,372,374,375,-1,372,375,376,-1,355,369,377,-1,377,369,370,-1,377,370,378,-1,378,370,371,-1,378,371,379,-1,379,371,372,-1,379,372,380,-1,380,372,376,-1,248,250,381,-1,381,250,252,-1,252,355,381,-1,381,355,377,-1,381,377,382,-1,382,377,378,-1,382,378,383,-1,383,378,379,-1,383,379,384,-1,384,379,380,-1,384,380,385,-1,254,256,355,-1,355,256,356,-1,355,356,369,-1,369,356,358,-1,369,358,360,-1,360,358,267,-1,248,362,246,-1,246,362,269,-1,246,269,15,-1,376,386,380,-1,380,386,387,-1,380,387,385,-1,385,387,388,-1,385,388,389,-1,248,381,362,-1,362,381,382,-1,362,382,363,-1,363,382,383,-1,363,383,364,-1,364,383,384,-1,364,384,365,-1,365,384,385,-1,365,385,366,-1,366,385,389,-1,366,389,367,-1,390,199,391,-1,391,199,302,-1,391,302,392,-1,392,302,393,-1,393,302,303,-1,393,303,394,-1,394,303,395,-1,395,303,304,-1,395,304,396,-1,396,304,397,-1,397,304,305,-1,397,305,398,-1,398,305,399,-1,399,305,306,-1,399,306,400,-1,173,3,306,-1,306,3,5,-1,306,5,400,-1,309,308,401,-1,402,312,311,-1,309,401,310,-1,310,401,403,-1,310,403,311,-1,311,403,404,-1,311,404,402,-1,405,314,313,-1,312,402,313,-1,313,402,406,-1,313,406,405,-1,314,405,315,-1,315,405,407,-1,315,407,316,-1,316,407,408,-1,316,408,317,-1,317,408,409,-1,317,409,318,-1,318,409,410,-1,318,410,319,-1,319,410,8,-1,319,8,7,-1,10,8,354,-1,354,8,411,-1,354,411,347,-1,347,411,412,-1,347,412,348,-1,348,412,413,-1,348,413,320,-1,320,413,414,-1,320,414,321,-1,321,414,415,-1,321,415,335,-1,335,415,416,-1,335,416,336,-1,336,416,417,-1,336,417,337,-1,337,417,418,-1,337,418,338,-1,338,418,419,-1,338,419,329,-1,419,420,329,-1,329,420,421,-1,329,421,266,-1,4,2,422,-1,422,2,367,-1,422,367,423,-1,423,367,389,-1,423,389,424,-1,424,389,388,-1,424,388,425,-1,425,388,387,-1,425,387,426,-1,426,387,386,-1,426,386,427,-1,427,386,376,-1,427,376,428,-1,428,376,375,-1,428,375,429,-1,429,375,374,-1,429,374,430,-1,430,374,373,-1,430,373,431,-1,373,368,431,-1,431,368,267,-1,431,267,432,-1,5,4,400,-1,400,4,433,-1,400,433,399,-1,399,433,434,-1,399,434,398,-1,398,434,435,-1,398,435,397,-1,435,436,397,-1,397,436,437,-1,397,437,396,-1,438,391,439,-1,439,391,392,-1,439,392,440,-1,440,392,393,-1,440,393,441,-1,441,393,394,-1,441,394,442,-1,442,394,395,-1,442,395,443,-1,443,395,396,-1,443,396,444,-1,444,396,437,-1,445,446,447,-1,448,449,450,-1,421,451,452,-1,453,451,421,-1,450,449,421,-1,454,421,449,-1,455,404,403,-1,404,455,402,-1,402,455,456,-1,402,456,406,-1,406,456,457,-1,406,457,405,-1,405,457,458,-1,405,458,407,-1,407,458,408,-1,408,458,459,-1,408,459,409,-1,409,459,410,-1,410,459,411,-1,410,411,8,-1,420,453,421,-1,460,461,448,-1,448,461,462,-1,448,462,449,-1,449,462,463,-1,449,463,454,-1,464,452,465,-1,465,452,451,-1,465,451,466,-1,466,451,453,-1,466,453,467,-1,420,419,453,-1,453,419,418,-1,453,418,467,-1,467,418,417,-1,467,417,416,-1,447,464,468,-1,468,464,465,-1,468,465,469,-1,469,465,466,-1,469,466,470,-1,470,466,467,-1,470,467,471,-1,471,467,416,-1,472,473,474,-1,474,473,445,-1,445,447,474,-1,474,447,468,-1,474,468,475,-1,475,468,469,-1,475,469,476,-1,476,469,470,-1,476,470,477,-1,477,470,471,-1,477,471,478,-1,446,460,447,-1,447,460,448,-1,447,448,464,-1,464,448,450,-1,464,450,452,-1,452,450,421,-1,472,455,479,-1,479,455,403,-1,479,403,401,-1,416,415,471,-1,471,415,414,-1,471,414,478,-1,478,414,413,-1,478,413,412,-1,472,474,455,-1,455,474,475,-1,455,475,456,-1,456,475,476,-1,456,476,457,-1,457,476,477,-1,457,477,458,-1,458,477,478,-1,458,478,459,-1,459,478,412,-1,459,412,411,-1,423,424,480,-1,425,426,481,-1,482,483,484,-1,432,485,486,-1,487,485,432,-1,484,483,432,-1,431,432,483,-1,433,488,434,-1,434,488,489,-1,434,489,435,-1,435,489,436,-1,436,489,490,-1,436,490,437,-1,437,490,444,-1,444,490,491,-1,444,491,443,-1,443,491,442,-1,442,491,492,-1,442,492,441,-1,441,492,440,-1,440,492,493,-1,440,493,439,-1,439,493,494,-1,439,494,438,-1,495,487,432,-1,427,428,482,-1,482,428,429,-1,482,429,483,-1,483,429,430,-1,483,430,431,-1,496,486,497,-1,497,486,485,-1,497,485,498,-1,498,485,487,-1,498,487,499,-1,426,427,481,-1,481,427,482,-1,481,482,500,-1,500,482,484,-1,500,484,501,-1,501,484,432,-1,495,502,487,-1,487,502,503,-1,487,503,499,-1,499,503,504,-1,499,504,505,-1,506,496,507,-1,507,496,497,-1,507,497,508,-1,508,497,498,-1,508,498,509,-1,509,498,499,-1,509,499,510,-1,510,499,505,-1,480,506,511,-1,511,506,507,-1,511,507,512,-1,512,507,508,-1,512,508,513,-1,513,508,509,-1,513,509,514,-1,514,509,510,-1,514,510,515,-1,424,425,480,-1,480,425,481,-1,480,481,506,-1,506,481,500,-1,506,500,496,-1,496,500,501,-1,496,501,486,-1,486,501,432,-1,433,4,488,-1,488,4,422,-1,488,422,423,-1,505,516,510,-1,510,516,517,-1,510,517,515,-1,515,517,518,-1,515,518,519,-1,423,480,488,-1,488,480,511,-1,488,511,489,-1,489,511,512,-1,489,512,490,-1,490,512,513,-1,490,513,491,-1,491,513,514,-1,491,514,492,-1,492,514,515,-1,492,515,493,-1,493,515,519,-1,493,519,494,-1,401,438,479,-1,479,438,494,-1,479,494,472,-1,472,494,519,-1,472,519,473,-1,473,519,518,-1,473,518,445,-1,445,518,517,-1,445,517,446,-1,446,517,516,-1,446,516,460,-1,460,516,505,-1,460,505,461,-1,461,505,504,-1,461,504,462,-1,462,504,503,-1,462,503,463,-1,463,503,502,-1,463,502,454,-1,502,495,454,-1,454,495,432,-1,454,432,421,-1,520,521,522,-1,520,522,523,-1,523,522,524,-1,523,524,525,-1,525,524,526,-1,525,526,527,-1,527,526,528,-1,527,528,529,-1,529,528,530,-1,529,530,531,-1,531,530,532,-1,531,532,533,-1,534,535,536,-1,534,536,537,-1,537,536,538,-1,537,538,539,-1,539,538,540,-1,539,540,541,-1,541,540,542,-1,541,542,543,-1,543,542,544,-1,543,544,545,-1,545,544,546,-1,545,546,547,-1,
        ]
    }
}
Shape{
    appearance Appearance {
        material  Material 	{
            diffuseColor 1.0 1.0 1.0
            specularColor 0.5019607843137255 0.5019607843137255 0.5019607843137255
            ambientIntensity 1.0
            transparency 0.0
            shininess 0.5
        }
    }
    geometry IndexedFaceSet {
        ccw TRUE
        solid FALSE
        coord DEF co Coordinate {
            point [
                -0.2066 0.8463 0.3855, -0.2066 0.8473 0.3801, -0.2066 0.8463 0.3855, -0.2066 0.8473 0.3801, -0.1875 0.8463 0.3857, -0.1875 0.8463 0.3857, -0.1878 0.8389 0.4276, -0.1878 0.8389 0.4276, -0.1878 0.8389 0.4274, -0.1816 0.8389 0.4276, -0.1816 0.8389 0.4276, -0.1812 0.8472 0.3803, -0.1812 0.8473 0.3803, -0.1816 0.8389 0.4274, -0.2445 0.847 0.3818, -0.2445 0.847 0.3818, -0.2437 0.8471 0.3814, -0.2312 0.8475 0.3792, -0.2312 0.8474 0.3792, -0.2327 0.8474 0.3793, -0.2385 0.8474 0.3798, -0.2385 0.8473 0.3798, -0.2424 0.8471 0.381, -0.2437 0.847 0.3814, -0.2446 0.846 0.3877, -0.2446 0.8459 0.3877, -0.2424 0.8461 0.3868, -0.2398 0.8463 0.3856, -0.2398 0.8463 0.3856, -0.2344 0.8465 0.3847, -0.2344 0.8465 0.3847, -0.2321 0.8465 0.3846, -0.2321 0.8465 0.3846, -0.2273 0.8464 0.3852, -0.2273 0.8464 0.3852, -0.2239 0.8461 0.3865, -0.2239 0.8462 0.3865, -0.2208 0.8457 0.3887, -0.2208 0.8458 0.3887, -0.2198 0.8456 0.3897, -0.2198 0.8456 0.3897, -0.2178 0.8451 0.3924, -0.2178 0.8451 0.3924, -0.2162 0.8444 0.3961, -0.2162 0.8445 0.3961, -0.2153 0.8436 0.4007, -0.2153 0.8437 0.4007, -0.2152 0.8432 0.4032, -0.2152 0.8432 0.4032, -0.2161 0.842 0.4097, -0.2161 0.8421 0.4097, -0.2177 0.8413 0.4138, -0.2177 0.8414 0.4138, -0.2204 0.8407 0.4174, -0.2204 0.8407 0.4174, -0.2231 0.8403 0.4197, -0.2231 0.8403 0.4197, -0.2268 0.84 0.4215, -0.2268 0.84 0.4215, -0.2309 0.8398 0.4224, -0.2309 0.8398 0.4224, -0.2335 0.8398 0.4225, -0.2335 0.8398 0.4225, -0.2448 0.8403 0.4197, -0.2448 0.8403 0.4197, -0.2443 0.8403 0.4199, -0.2394 0.8399 0.4218, -0.2394 0.84 0.4218, -0.2424 0.8401 0.4206, -0.2443 0.8402 0.4199, -0.2448 0.8392 0.426, -0.2448 0.8392 0.426, -0.2403 0.8389 0.4274, -0.2398 0.8389 0.4275, -0.2424 0.839 0.4267, -0.2398 0.8389 0.4275, -0.2335 0.8388 0.4281, -0.2335 0.8389 0.4281, -0.2335 0.8388 0.4281, -0.2335 0.8389 0.4281, -0.2265 0.839 0.4273, -0.2274 0.8389 0.4274, -0.2265 0.839 0.4273, -0.2215 0.8393 0.4254, -0.2215 0.8393 0.4254, -0.2169 0.8398 0.4223, -0.2169 0.8399 0.4223, -0.2158 0.84 0.4212, -0.2158 0.8401 0.4212, -0.2123 0.8408 0.4168, -0.2123 0.8408 0.4168, -0.2105 0.8415 0.4128, -0.2099 0.8418 0.4115, -0.2099 0.8417 0.4115, -0.2088 0.8428 0.4053, -0.2088 0.8429 0.4054, -0.2087 0.8433 0.4029, -0.2087 0.8433 0.4029, -0.2147 0.8463 0.3857, -0.2147 0.8463 0.3857, -0.2115 0.8455 0.3902, -0.2096 0.8446 0.3951, -0.2096 0.8447 0.3951, -0.2105 0.845 0.3928, -0.2115 0.8455 0.3902, -0.2287 0.8474 0.3793, -0.2283 0.8474 0.3793, -0.2283 0.8474 0.3793, -0.2231 0.8473 0.3804, -0.2231 0.8472 0.3804, -0.2186 0.8469 0.3826, -0.2186 0.8468 0.3825, -0.28 0.8464 0.385, -0.28 0.8474 0.3796, -0.28 0.8464 0.385, -0.28 0.8474 0.3796, -0.2604 0.8464 0.3851, -0.2604 0.8464 0.3852, -0.2729 0.8464 0.3851, -0.2605 0.8436 0.4011, -0.2605 0.8436 0.4011, -0.2777 0.8436 0.4009, -0.2777 0.8436 0.401, -0.2729 0.8436 0.401, -0.2777 0.8427 0.4064, -0.2777 0.8426 0.4064, -0.2605 0.8426 0.4065, -0.2605 0.8427 0.4065, -0.2729 0.8426 0.4064, -0.2606 0.84 0.4216, -0.2606 0.8399 0.4216, -0.2792 0.84 0.4215, -0.2792 0.84 0.4215, -0.2729 0.84 0.4215, -0.2792 0.839 0.4269, -0.2792 0.839 0.4269, -0.2545 0.839 0.4271, -0.2545 0.839 0.4271, -0.2729 0.839 0.427, -0.2541 0.8474 0.3798, -0.2541 0.8473 0.3798, -0.2729 0.8473 0.3797, -0.3187 0.8452 0.3922, -0.3166 0.8456 0.3897, -0.321 0.8463 0.386, -0.316 0.8457 0.3892, -0.3159 0.8469 0.3825, -0.3129 0.8461 0.3871, -0.3104 0.8473 0.3804, -0.309 0.8463 0.3856, -0.3023 0.8474 0.3795, -0.3023 0.8465 0.3849, -0.289 0.8474 0.3796, -0.2953 0.8465 0.3849, -0.2894 0.8391 0.4269, -0.2955 0.84 0.4214, -0.3031 0.8391 0.4268, -0.3028 0.84 0.4213, -0.3104 0.8392 0.4259, -0.309 0.8402 0.4206, -0.3162 0.8396 0.4238, -0.3131 0.8404 0.4191, -0.3212 0.8402 0.4204, -0.3166 0.8408 0.4168, -0.3229 0.8405 0.4188, -0.3179 0.8411 0.4155, -0.3258 0.8412 0.4146, -0.3198 0.8415 0.4128, -0.3276 0.842 0.4101, -0.3211 0.8421 0.4094, -0.3283 0.8432 0.4035, -0.3218 0.8432 0.4034, -0.3282 0.8437 0.4005, -0.3215 0.8438 0.3998, -0.327 0.8447 0.395, -0.3205 0.8446 0.3956, -0.3246 0.8455 0.3901, -0.3023 0.8474 0.3795, -0.289 0.8474 0.3796, -0.3104 0.8472 0.3804, -0.3159 0.8468 0.3825, -0.321 0.8462 0.386, -0.3246 0.8455 0.3901, -0.327 0.8446 0.395, -0.3282 0.8437 0.4005, -0.3283 0.8431 0.4035, -0.3276 0.842 0.4101, -0.3258 0.8412 0.4146, -0.3229 0.8405 0.4188, -0.3212 0.8402 0.4204, -0.3162 0.8396 0.4238, -0.3104 0.8392 0.4259, -0.3031 0.839 0.4268, -0.2894 0.839 0.4269, -0.3028 0.84 0.4213, -0.2955 0.84 0.4214, -0.2953 0.8464 0.3849, -0.3023 0.8464 0.3849, -0.3166 0.8456 0.3897, -0.316 0.8457 0.3892, -0.3129 0.846 0.3871, -0.309 0.8463 0.3856, -0.3218 0.8432 0.4034, -0.3215 0.8438 0.3998, -0.3205 0.8445 0.3956, -0.3187 0.8451 0.3922, -0.3166 0.8408 0.4168, -0.3179 0.841 0.4155, -0.3198 0.8415 0.4128, -0.3211 0.8421 0.4094, -0.309 0.8401 0.4206, -0.3131 0.8404 0.4191
            ]
        }
        coordIndex [
            0,1,2,-1,2,1,3,-1,4,0,5,-1,5,0,2,-1,6,7,8,-1,8,7,4,-1,8,4,5,-1,9,7,10,-1,10,7,6,-1,11,12,13,-1,13,12,9,-1,13,9,10,-1,1,12,3,-1,3,12,11,-1,7,9,4,-1,4,9,12,-1,4,12,0,-1,0,12,1,-1,14,15,16,-1,17,18,19,-1,17,19,20,-1,19,21,20,-1,20,21,22,-1,20,22,16,-1,16,22,23,-1,16,23,14,-1,24,15,25,-1,25,15,14,-1,24,25,26,-1,24,26,27,-1,26,28,27,-1,27,28,29,-1,27,29,30,-1,30,29,31,-1,30,31,32,-1,32,31,33,-1,32,33,34,-1,34,33,35,-1,34,35,36,-1,36,35,37,-1,36,37,38,-1,38,37,39,-1,38,39,40,-1,40,39,41,-1,40,41,42,-1,42,41,43,-1,42,43,44,-1,44,43,45,-1,44,45,46,-1,46,45,47,-1,46,47,48,-1,48,47,49,-1,48,49,50,-1,50,49,51,-1,50,51,52,-1,52,51,53,-1,52,53,54,-1,54,53,55,-1,54,55,56,-1,56,55,57,-1,56,57,58,-1,58,57,59,-1,58,59,60,-1,60,59,61,-1,60,61,62,-1,63,64,65,-1,62,61,66,-1,62,66,67,-1,67,66,68,-1,67,68,65,-1,65,68,69,-1,65,69,63,-1,70,64,71,-1,71,64,63,-1,72,73,74,-1,74,73,70,-1,74,70,71,-1,72,75,73,-1,73,75,76,-1,73,76,77,-1,77,76,78,-1,77,78,79,-1,80,79,81,-1,81,79,78,-1,81,82,80,-1,80,82,83,-1,80,83,84,-1,84,83,85,-1,84,85,86,-1,86,85,87,-1,86,87,88,-1,88,87,89,-1,88,89,90,-1,90,89,91,-1,90,91,92,-1,91,93,92,-1,92,93,94,-1,92,94,95,-1,95,94,96,-1,95,96,97,-1,98,99,100,-1,97,96,101,-1,97,101,102,-1,102,101,103,-1,102,103,100,-1,100,103,104,-1,100,104,98,-1,18,17,105,-1,105,17,106,-1,105,106,107,-1,107,106,108,-1,107,108,109,-1,109,108,110,-1,109,110,111,-1,111,110,99,-1,111,99,98,-1,65,64,70,-1,56,86,54,-1,54,86,88,-1,54,88,52,-1,52,88,90,-1,52,90,50,-1,97,48,95,-1,95,48,50,-1,95,50,92,-1,92,50,90,-1,65,70,67,-1,67,70,73,-1,67,73,62,-1,62,73,77,-1,62,77,60,-1,60,77,79,-1,60,79,58,-1,58,79,80,-1,58,80,56,-1,56,80,84,-1,56,84,86,-1,15,24,16,-1,16,24,27,-1,16,27,20,-1,20,27,30,-1,20,30,17,-1,17,30,32,-1,17,32,106,-1,106,32,34,-1,106,34,108,-1,108,34,36,-1,108,36,110,-1,110,36,38,-1,110,38,99,-1,99,38,40,-1,99,40,100,-1,100,40,42,-1,100,42,102,-1,102,42,44,-1,102,44,97,-1,97,44,46,-1,97,46,48,-1,112,113,114,-1,114,113,115,-1,116,117,118,-1,118,117,112,-1,118,112,114,-1,119,117,120,-1,120,117,116,-1,121,122,123,-1,123,122,119,-1,123,119,120,-1,124,122,125,-1,125,122,121,-1,126,127,128,-1,128,127,124,-1,128,124,125,-1,129,127,130,-1,130,127,126,-1,131,132,133,-1,133,132,129,-1,133,129,130,-1,134,132,135,-1,135,132,131,-1,136,137,138,-1,138,137,134,-1,138,134,135,-1,139,137,140,-1,140,137,136,-1,115,113,141,-1,141,113,139,-1,141,139,140,-1,132,134,129,-1,129,134,137,-1,129,137,127,-1,113,112,139,-1,139,112,117,-1,139,117,119,-1,122,124,119,-1,119,124,127,-1,119,127,139,-1,139,127,137,-1,142,143,144,-1,144,143,145,-1,144,145,146,-1,146,145,147,-1,146,147,148,-1,148,147,149,-1,148,149,150,-1,150,149,151,-1,150,151,152,-1,152,151,153,-1,152,153,154,-1,154,153,155,-1,154,155,156,-1,156,155,157,-1,156,157,158,-1,158,157,159,-1,158,159,160,-1,160,159,161,-1,160,161,162,-1,162,161,163,-1,162,163,164,-1,164,163,165,-1,164,165,166,-1,166,165,167,-1,166,167,168,-1,168,167,169,-1,168,169,170,-1,170,169,171,-1,170,171,172,-1,172,171,173,-1,172,173,174,-1,174,173,175,-1,174,175,176,-1,176,175,142,-1,176,142,144,-1,150,152,177,-1,177,152,178,-1,150,177,179,-1,150,179,148,-1,148,179,180,-1,148,180,146,-1,146,180,181,-1,146,181,144,-1,144,181,182,-1,144,182,176,-1,176,182,183,-1,176,183,174,-1,174,183,184,-1,174,184,172,-1,172,184,185,-1,172,185,170,-1,170,185,186,-1,170,186,168,-1,168,186,187,-1,168,187,166,-1,166,187,188,-1,166,188,164,-1,164,188,189,-1,164,189,162,-1,162,189,190,-1,162,190,160,-1,160,190,191,-1,160,191,158,-1,158,191,192,-1,158,192,156,-1,154,156,193,-1,193,156,192,-1,152,154,178,-1,178,154,193,-1,157,155,194,-1,194,155,195,-1,155,153,195,-1,195,153,196,-1,153,151,196,-1,196,151,197,-1,143,198,199,-1,143,199,145,-1,145,199,200,-1,145,200,147,-1,147,200,201,-1,147,201,149,-1,149,201,197,-1,149,197,151,-1,171,202,203,-1,171,203,173,-1,173,203,204,-1,173,204,175,-1,175,204,205,-1,175,205,142,-1,142,205,198,-1,142,198,143,-1,163,206,207,-1,163,207,165,-1,165,207,208,-1,165,208,167,-1,167,208,209,-1,167,209,169,-1,169,209,202,-1,169,202,171,-1,157,194,210,-1,157,210,159,-1,159,210,211,-1,159,211,161,-1,161,211,206,-1,161,206,163,-1,
        ]
    }
}
Shape{
    appearance Appearance {
        material  Material 	{
            diffuseColor 0.2235294117647059 0.2235294117647059 0.2235294117647059
            specularColor 0.11372549019607843 0.11372549019607843 0.11372549019607843
            ambientIntensity 0.2235
            transparency 0.0
            shininess 0.5
        }
    }
    geometry IndexedFaceSet {
        ccw TRUE
        solid FALSE
        coord DEF co Coordinate {
            point [
                -0.316 0.8457 0.3892, -0.3166 0.8456 0.3897, -0.3028 0.84 0.4213, -0.2955 0.84 0.4214, -0.2953 0.8464 0.3849, -0.3023 0.8464 0.3849, -0.309 0.8463 0.3856, -0.3129 0.846 0.3871, -0.3187 0.8451 0.3922, -0.3205 0.8445 0.3956, -0.3215 0.8438 0.3998, -0.3218 0.8432 0.4034, -0.3211 0.8421 0.4094, -0.3198 0.8415 0.4128, -0.3179 0.841 0.4155, -0.3166 0.8408 0.4168, -0.309 0.8401 0.4206, -0.3131 0.8404 0.4191
            ]
        }
        coordIndex [
            0,1,2,-1,3,4,2,-1,2,4,5,-1,5,6,2,-1,2,6,7,-1,2,7,0,-1,1,8,2,-1,2,8,9,-1,2,9,10,-1,10,11,2,-1,2,11,12,-1,2,12,13,-1,13,14,2,-1,2,14,15,-1,2,15,16,-1,16,15,17,-1,
        ]
    }
}
Shape{
    appearance Appearance {
        material  Material 	{
            diffuseColor 1.0 1.0 1.0
            specularColor 0.5019607843137255 0.5019607843137255 0.5019607843137255
            ambientIntensity 1.0
            transparency 0.0
            shininess 0.5
        }
    }
    geometry IndexedFaceSet {
        ccw TRUE
        solid FALSE
        coord DEF co Coordinate {
            point [
                -0.3444 0.8442 0.3975, -0.3517 0.8408 0.4171, -0.3495 0.8391 0.4265, -0.3308 0.8475 0.3793, -0.3377 0.8475 0.3792, -0.3424 0.8452 0.3921, -0.3521 0.8405 0.4185, -0.3525 0.8402 0.4204, -0.3561 0.8391 0.4264, -0.3527 0.8402 0.4204, -0.353 0.8406 0.4184, -0.3534 0.8408 0.4171, -0.3605 0.8443 0.3973, -0.374 0.8475 0.379, -0.3672 0.8475 0.379, -0.3624 0.8452 0.392, -0.3561 0.8391 0.4264, -0.3739 0.8474 0.3793, -0.374 0.8475 0.379, -0.3495 0.8391 0.4264, -0.3308 0.8474 0.3793, -0.3308 0.8474 0.3793, -0.3441 0.8415 0.413, -0.3377 0.8474 0.3792, -0.3424 0.8451 0.3921, -0.3377 0.8474 0.3793, -0.3624 0.8452 0.392, -0.3441 0.8451 0.3921, -0.3672 0.8475 0.379, -0.3671 0.8474 0.3793, -0.3444 0.8442 0.3975, -0.3605 0.8442 0.3973, -0.3534 0.8408 0.4171, -0.3527 0.8402 0.4204, -0.353 0.8405 0.4184, -0.3525 0.8402 0.4204, -0.3517 0.8407 0.4171, -0.3521 0.8405 0.4185
            ]
        }
        coordIndex [
            0,1,2,-1,3,4,5,-1,1,6,2,-1,2,6,7,-1,2,7,8,-1,8,7,9,-1,8,9,10,-1,10,11,8,-1,8,11,12,-1,8,12,13,-1,14,13,15,-1,15,13,12,-1,15,12,5,-1,5,12,0,-1,5,0,3,-1,3,0,2,-1,16,8,17,-1,17,8,13,-1,17,13,18,-1,2,8,19,-1,19,8,16,-1,20,21,3,-1,20,3,22,-1,22,3,2,-1,22,2,19,-1,4,3,23,-1,23,3,21,-1,24,5,25,-1,25,5,4,-1,25,4,23,-1,26,15,27,-1,27,15,5,-1,27,5,24,-1,28,14,29,-1,29,14,15,-1,29,15,26,-1,13,14,18,-1,18,14,28,-1,0,12,30,-1,30,12,31,-1,12,11,31,-1,31,11,32,-1,9,33,34,-1,9,34,10,-1,10,34,32,-1,10,32,11,-1,9,7,33,-1,33,7,35,-1,1,36,37,-1,1,37,6,-1,6,37,35,-1,6,35,7,-1,1,0,36,-1,36,0,30,-1,
        ]
    }
}
Shape{
    appearance Appearance {
        material  Material 	{
            diffuseColor 0.2235294117647059 0.2235294117647059 0.2235294117647059
            specularColor 0.11372549019607843 0.11372549019607843 0.11372549019607843
            ambientIntensity 0.2235
            transparency 0.0
            shininess 0.5
        }
    }
    geometry IndexedFaceSet {
        ccw TRUE
        solid FALSE
        coord DEF co Coordinate {
            point [
                -0.3527 0.8402 0.4204, -0.3525 0.8402 0.4204, -0.353 0.8405 0.4184, -0.3521 0.8405 0.4185, -0.3534 0.8408 0.4171, -0.3517 0.8407 0.4171, -0.3605 0.8442 0.3973, -0.3444 0.8442 0.3975
            ]
        }
        coordIndex [
            0,1,2,-1,2,1,3,-1,2,3,4,-1,4,3,5,-1,4,5,6,-1,6,5,7,-1,
        ]
    }
}
Shape{
    appearance Appearance {
        material  Material 	{
            diffuseColor 1.0 1.0 1.0
            specularColor 0.5019607843137255 0.5019607843137255 0.5019607843137255
            ambientIntensity 1.0
            transparency 0.0
            shininess 0.5
        }
    }
    geometry IndexedFaceSet {
        ccw TRUE
        solid FALSE
        coord DEF co Coordinate {
            point [
                -0.2066 0.8596 0.3105, -0.2065 0.8605 0.3051, -0.2066 0.8595 0.3105, -0.2065 0.8605 0.3051, -0.1869 0.8596 0.3106, -0.1869 0.8595 0.3106, -0.1871 0.8568 0.3265, -0.1871 0.8567 0.3265, -0.2042 0.8568 0.3264, -0.2042 0.8567 0.3264, -0.2043 0.8558 0.3318, -0.2043 0.8558 0.3318, -0.1871 0.8558 0.3319, -0.1871 0.8558 0.3319, -0.1872 0.8531 0.3471, -0.1872 0.8531 0.3471, -0.2057 0.8532 0.347, -0.2057 0.8531 0.3469, -0.2058 0.8524 0.3512, -0.2058 0.8522 0.3524, -0.2058 0.8522 0.3521, -0.2058 0.8522 0.3524, -0.181 0.8522 0.3526, -0.181 0.8521 0.3526, -0.1807 0.8605 0.3053, -0.1807 0.8605 0.3053, -0.181 0.8524 0.3512, -0.181 0.8522 0.3521, -0.2338 0.8606 0.3049, -0.2399 0.8606 0.3048, -0.2339 0.8596 0.3101, -0.24 0.8567 0.3266, -0.2337 0.8596 0.3101, -0.2306 0.8595 0.311, -0.2326 0.8599 0.3085, -0.2289 0.8597 0.3099, -0.2221 0.8579 0.32, -0.2259 0.8578 0.3208, -0.234 0.8576 0.3218, -0.2339 0.8582 0.3186, -0.2339 0.8582 0.3182, -0.2335 0.8587 0.3156, -0.2326 0.8591 0.3135, -0.2313 0.8594 0.3117, -0.2319 0.8545 0.339, -0.2305 0.8554 0.334, -0.2343 0.8547 0.3382, -0.2316 0.8556 0.3333, -0.2208 0.858 0.3193, -0.234 0.8568 0.3264, -0.2338 0.8563 0.329, -0.2395 0.8559 0.3316, -0.2332 0.8559 0.3311, -0.2385 0.8554 0.3341, -0.2325 0.8557 0.3323, -0.2372 0.8551 0.336, -0.2362 0.8549 0.337, -0.2159 0.855 0.3364, -0.2158 0.856 0.3307, -0.2171 0.8549 0.3371, -0.22 0.8556 0.3332, -0.2216 0.8546 0.3388, -0.2238 0.8554 0.3344, -0.2277 0.8545 0.3395, -0.2271 0.8553 0.3347, -0.2292 0.8554 0.3345, -0.2197 0.8595 0.3111, -0.2153 0.8602 0.3069, -0.2202 0.8596 0.3106, -0.2173 0.8605 0.3055, -0.2214 0.8597 0.3098, -0.2196 0.8606 0.3046, -0.2227 0.8598 0.3093, -0.2232 0.8607 0.3042, -0.2248 0.8598 0.309, -0.2264 0.8606 0.3045, -0.227 0.8598 0.3093, -0.2288 0.8605 0.3054, -0.2307 0.8603 0.3066, -0.2238 0.857 0.325, -0.2188 0.8572 0.3238, -0.2201 0.8581 0.3188, -0.2164 0.8575 0.3225, -0.2194 0.8583 0.3179, -0.2146 0.8577 0.3209, -0.2188 0.8585 0.3168, -0.2134 0.8581 0.319, -0.2185 0.8587 0.3155, -0.2127 0.8585 0.3168, -0.2185 0.8589 0.3145, -0.2124 0.8589 0.3141, -0.2186 0.8591 0.3132, -0.2127 0.8595 0.3111, -0.219 0.8593 0.3121, -0.2135 0.8598 0.3092, -0.2147 0.8601 0.3074, -0.2277 0.8544 0.3395, -0.2216 0.8545 0.3388, -0.2171 0.8548 0.3371, -0.2159 0.855 0.3364, -0.2158 0.856 0.3307, -0.22 0.8555 0.3332, -0.2238 0.8553 0.3344, -0.2271 0.8553 0.3347, -0.2292 0.8553 0.3345, -0.2305 0.8554 0.334, -0.2316 0.8555 0.3333, -0.2325 0.8557 0.3323, -0.2332 0.8559 0.3311, -0.2338 0.8563 0.329, -0.234 0.8567 0.3264, -0.2238 0.857 0.325, -0.2188 0.8572 0.3238, -0.2164 0.8574 0.3225, -0.2146 0.8577 0.3209, -0.2134 0.858 0.319, -0.2127 0.8584 0.3168, -0.2124 0.8589 0.3141, -0.2127 0.8594 0.3111, -0.2135 0.8598 0.3092, -0.2147 0.8601 0.3074, -0.2153 0.8602 0.3069, -0.2173 0.8604 0.3055, -0.2196 0.8606 0.3046, -0.2232 0.8607 0.3042, -0.2264 0.8606 0.3045, -0.2288 0.8604 0.3054, -0.2307 0.8602 0.3066, -0.2326 0.8599 0.3085, -0.2337 0.8596 0.3101, -0.2339 0.8596 0.3101, -0.2338 0.8605 0.3049, -0.2399 0.8605 0.3048, -0.24 0.8567 0.3266, -0.2395 0.8558 0.3316, -0.2385 0.8554 0.3341, -0.2372 0.8551 0.336, -0.2362 0.8549 0.337, -0.2343 0.8547 0.3382, -0.2319 0.8545 0.339, -0.2201 0.8581 0.3188, -0.2208 0.858 0.3193, -0.2221 0.8579 0.32, -0.2259 0.8577 0.3208, -0.2185 0.8588 0.3145, -0.2185 0.8587 0.3155, -0.2188 0.8584 0.3168, -0.2194 0.8582 0.3179, -0.2202 0.8595 0.3106, -0.2197 0.8594 0.3111, -0.219 0.8593 0.3121, -0.2186 0.8591 0.3132, -0.2248 0.8598 0.309, -0.2227 0.8598 0.3092, -0.2214 0.8597 0.3098, -0.2313 0.8593 0.3117, -0.2306 0.8595 0.311, -0.2289 0.8596 0.3099, -0.227 0.8598 0.3092, -0.2339 0.8581 0.3186, -0.2339 0.8582 0.3182, -0.2335 0.8586 0.3156, -0.2326 0.859 0.3135, -0.234 0.8575 0.3218
            ]
        }
        coordIndex [
            0,1,2,-1,2,1,3,-1,4,0,5,-1,5,0,2,-1,6,4,7,-1,7,4,5,-1,8,6,9,-1,9,6,7,-1,10,8,11,-1,11,8,9,-1,12,10,13,-1,13,10,11,-1,14,12,15,-1,15,12,13,-1,16,14,17,-1,17,14,15,-1,16,17,18,-1,16,18,19,-1,19,18,20,-1,19,20,21,-1,22,19,23,-1,23,19,21,-1,24,25,26,-1,26,25,22,-1,26,22,27,-1,27,22,23,-1,1,25,3,-1,3,25,24,-1,8,10,6,-1,6,10,12,-1,1,0,25,-1,25,0,4,-1,16,19,14,-1,14,19,22,-1,14,22,12,-1,12,22,25,-1,12,25,6,-1,6,25,4,-1,28,29,30,-1,30,29,31,-1,32,33,34,-1,34,33,35,-1,36,37,31,-1,31,37,38,-1,31,38,39,-1,39,40,31,-1,31,40,41,-1,31,41,30,-1,30,41,42,-1,30,42,32,-1,32,42,43,-1,32,43,33,-1,44,45,46,-1,46,45,47,-1,48,36,49,-1,49,36,31,-1,49,31,50,-1,50,31,51,-1,50,51,52,-1,52,51,53,-1,52,53,54,-1,54,53,55,-1,54,55,47,-1,47,55,56,-1,47,56,46,-1,57,58,59,-1,59,58,60,-1,59,60,61,-1,61,60,62,-1,61,62,63,-1,63,62,64,-1,63,64,44,-1,44,64,65,-1,44,65,45,-1,66,67,68,-1,68,67,69,-1,68,69,70,-1,70,69,71,-1,70,71,72,-1,72,71,73,-1,72,73,74,-1,74,73,75,-1,74,75,76,-1,76,75,77,-1,76,77,35,-1,35,77,78,-1,35,78,34,-1,49,79,48,-1,48,79,80,-1,48,80,81,-1,81,80,82,-1,81,82,83,-1,83,82,84,-1,83,84,85,-1,85,84,86,-1,85,86,87,-1,87,86,88,-1,87,88,89,-1,89,88,90,-1,89,90,91,-1,91,90,92,-1,91,92,93,-1,93,92,94,-1,93,94,66,-1,66,94,95,-1,66,95,67,-1,63,96,97,-1,63,97,61,-1,61,97,98,-1,61,98,59,-1,59,98,99,-1,59,99,57,-1,58,57,100,-1,100,57,99,-1,58,100,101,-1,58,101,60,-1,60,101,102,-1,60,102,62,-1,62,102,103,-1,62,103,64,-1,64,103,104,-1,64,104,65,-1,65,104,105,-1,65,105,45,-1,45,105,106,-1,45,106,47,-1,47,106,107,-1,47,107,54,-1,54,107,108,-1,54,108,52,-1,52,108,109,-1,52,109,50,-1,50,109,110,-1,50,110,49,-1,79,49,111,-1,111,49,110,-1,79,111,112,-1,79,112,80,-1,80,112,113,-1,80,113,82,-1,82,113,114,-1,82,114,84,-1,84,114,115,-1,84,115,86,-1,86,115,116,-1,86,116,88,-1,88,116,117,-1,88,117,90,-1,90,117,118,-1,90,118,92,-1,92,118,119,-1,92,119,94,-1,94,119,120,-1,94,120,95,-1,95,120,121,-1,95,121,67,-1,67,121,122,-1,67,122,69,-1,69,122,123,-1,69,123,71,-1,71,123,124,-1,71,124,73,-1,73,124,125,-1,73,125,75,-1,75,125,126,-1,75,126,77,-1,77,126,127,-1,77,127,78,-1,78,127,128,-1,78,128,34,-1,34,128,129,-1,34,129,32,-1,30,32,130,-1,130,32,129,-1,28,30,131,-1,131,30,130,-1,29,28,132,-1,132,28,131,-1,31,29,133,-1,133,29,132,-1,31,133,134,-1,31,134,51,-1,51,134,135,-1,51,135,53,-1,53,135,136,-1,53,136,55,-1,55,136,137,-1,55,137,56,-1,56,137,138,-1,56,138,46,-1,46,138,139,-1,46,139,44,-1,44,139,96,-1,44,96,63,-1,81,140,141,-1,81,141,48,-1,48,141,142,-1,48,142,36,-1,36,142,143,-1,36,143,37,-1,89,144,145,-1,89,145,87,-1,87,145,146,-1,87,146,85,-1,85,146,147,-1,85,147,83,-1,83,147,140,-1,83,140,81,-1,68,148,149,-1,68,149,66,-1,66,149,150,-1,66,150,93,-1,93,150,151,-1,93,151,91,-1,91,151,144,-1,91,144,89,-1,74,152,153,-1,74,153,72,-1,72,153,154,-1,72,154,70,-1,70,154,148,-1,70,148,68,-1,43,155,156,-1,43,156,33,-1,33,156,157,-1,33,157,35,-1,35,157,158,-1,35,158,76,-1,76,158,152,-1,76,152,74,-1,39,159,160,-1,39,160,40,-1,40,160,161,-1,40,161,41,-1,41,161,162,-1,41,162,42,-1,42,162,155,-1,42,155,43,-1,39,38,159,-1,159,38,163,-1,38,37,163,-1,163,37,143,-1,
        ]
    }
}
Shape{
    appearance Appearance {
        material  Material 	{
            diffuseColor 0.2235294117647059 0.2235294117647059 0.2235294117647059
            specularColor 0.11372549019607843 0.11372549019607843 0.11372549019607843
            ambientIntensity 0.2235
            transparency 0.0
            shininess 0.5
        }
    }
    geometry IndexedFaceSet {
        ccw TRUE
        solid FALSE
        coord DEF co Coordinate {
            point [
                -0.2339 0.8582 0.3182, -0.2339 0.8581 0.3186, -0.2201 0.8581 0.3188, -0.234 0.8575 0.3218, -0.2259 0.8577 0.3208, -0.2221 0.8579 0.32, -0.2208 0.858 0.3193, -0.2335 0.8586 0.3156, -0.2194 0.8582 0.3179, -0.2326 0.859 0.3135, -0.2197 0.8594 0.3111, -0.2202 0.8595 0.3106, -0.2306 0.8595 0.311, -0.219 0.8593 0.3121, -0.2289 0.8596 0.3099, -0.227 0.8598 0.3092, -0.2248 0.8598 0.309, -0.2188 0.8584 0.3168, -0.2185 0.8587 0.3155, -0.2313 0.8593 0.3117, -0.2185 0.8588 0.3145, -0.2186 0.8591 0.3132, -0.2214 0.8597 0.3098, -0.2227 0.8598 0.3092
            ]
        }
        coordIndex [
            0,1,2,-1,1,3,4,-1,4,5,1,-1,1,5,6,-1,1,6,2,-1,0,2,7,-1,7,2,8,-1,7,8,9,-1,10,11,12,-1,10,12,13,-1,14,12,15,-1,15,12,16,-1,8,17,9,-1,9,17,18,-1,9,18,19,-1,19,18,20,-1,19,20,12,-1,12,20,21,-1,12,21,13,-1,11,22,12,-1,12,22,23,-1,12,23,16,-1,
        ]
    }
}
Shape{
    appearance Appearance {
        material  Material 	{
            diffuseColor 1.0 1.0 1.0
            specularColor 0.5019607843137255 0.5019607843137255 0.5019607843137255
            ambientIntensity 1.0
            transparency 0.0
            shininess 0.5
        }
    }
    geometry IndexedFaceSet {
        ccw TRUE
        solid FALSE
        coord DEF co Coordinate {
            point [
                -0.2481 0.8593 0.3121, -0.2481 0.8593 0.3121, -0.2507 0.8596 0.3105, -0.2579 0.8599 0.3088, -0.2579 0.8598 0.3088, -0.2545 0.8598 0.3091, -0.2545 0.8598 0.3091, -0.2511 0.8596 0.3104, -0.2507 0.8595 0.3105, -0.248 0.8604 0.306, -0.248 0.8603 0.306, -0.2573 0.8607 0.3039, -0.2573 0.8607 0.3039, -0.2522 0.8606 0.3045, -0.2511 0.8605 0.3049, -0.2522 0.8606 0.3045, -0.2628 0.8606 0.3045, -0.2628 0.8606 0.3045, -0.2659 0.8604 0.3057, -0.2659 0.8604 0.3057, -0.2673 0.8602 0.3065, -0.2673 0.8603 0.3065, -0.2691 0.86 0.308, -0.2691 0.86 0.308, -0.2702 0.8597 0.3096, -0.2702 0.8597 0.3096, -0.271 0.8594 0.3114, -0.271 0.8594 0.3114, -0.2713 0.859 0.3138, -0.2713 0.859 0.3138, -0.271 0.8586 0.316, -0.271 0.8586 0.316, -0.2704 0.8583 0.3178, -0.2704 0.8583 0.3178, -0.2693 0.858 0.3194, -0.2693 0.858 0.3194, -0.2679 0.8577 0.3207, -0.2679 0.8578 0.3207, -0.2639 0.8574 0.3229, -0.2639 0.8574 0.3229, -0.2616 0.8572 0.3238, -0.2616 0.8572 0.3239, -0.2578 0.8569 0.3255, -0.2578 0.8569 0.3255, -0.2557 0.8567 0.3268, -0.2557 0.8567 0.3268, -0.2551 0.8566 0.3274, -0.2551 0.8566 0.3274, -0.2547 0.8564 0.3282, -0.2547 0.8565 0.3282, -0.2545 0.8563 0.3292, -0.2545 0.8563 0.3292, -0.2544 0.8561 0.3299, -0.2544 0.8562 0.33, -0.2546 0.8559 0.3309, -0.2546 0.856 0.3309, -0.2549 0.8558 0.3317, -0.2549 0.8558 0.3317, -0.2554 0.8557 0.3324, -0.2554 0.8557 0.3324, -0.2563 0.8555 0.3332, -0.2563 0.8556 0.3332, -0.2576 0.8554 0.3339, -0.2576 0.8554 0.3339, -0.2593 0.8553 0.3343, -0.2593 0.8554 0.3343, -0.261 0.8553 0.3344, -0.261 0.8554 0.3345, -0.2646 0.8554 0.3341, -0.2646 0.8554 0.3341, -0.268 0.8556 0.3329, -0.268 0.8556 0.3329, -0.2697 0.8558 0.3319, -0.2697 0.8558 0.3319, -0.2698 0.8548 0.3377, -0.2698 0.8547 0.3377, -0.2659 0.8545 0.3389, -0.2659 0.8546 0.3389, -0.2617 0.8545 0.3393, -0.2617 0.8545 0.3393, -0.2569 0.8546 0.3387, -0.2569 0.8546 0.3387, -0.2536 0.8548 0.3375, -0.2536 0.8548 0.3375, -0.2521 0.8549 0.3366, -0.2521 0.855 0.3366, -0.2503 0.8552 0.3351, -0.2511 0.8551 0.3357, -0.2503 0.8552 0.3351, -0.2492 0.8555 0.3335, -0.2492 0.8555 0.3335, -0.2485 0.8558 0.3316, -0.2485 0.8559 0.3316, -0.2482 0.8562 0.3295, -0.2482 0.8562 0.3295, -0.2485 0.8566 0.3271, -0.2485 0.8566 0.3272, -0.2491 0.8569 0.3253, -0.2491 0.857 0.3253, -0.2499 0.8571 0.3241, -0.2499 0.8572 0.3241, -0.2573 0.8579 0.3196, -0.2573 0.858 0.3196, -0.2537 0.8577 0.3212, -0.2509 0.8573 0.3231, -0.2509 0.8574 0.3231, -0.2511 0.8573 0.3229, -0.2537 0.8576 0.3212, -0.2612 0.8582 0.3179, -0.2612 0.8583 0.3179, -0.2636 0.8585 0.3165, -0.2636 0.8585 0.3165, -0.2643 0.8586 0.3157, -0.2643 0.8587 0.3157, -0.2648 0.8588 0.3149, -0.2648 0.8588 0.3149, -0.265 0.8589 0.314, -0.265 0.859 0.314, -0.2651 0.859 0.3133, -0.2651 0.8591 0.3133, -0.2649 0.8592 0.3121, -0.2649 0.8593 0.3122, -0.2646 0.8594 0.3113, -0.2646 0.8594 0.3113, -0.2641 0.8595 0.3105, -0.2641 0.8596 0.3106, -0.2634 0.8596 0.3099, -0.2634 0.8597 0.31, -0.2629 0.8597 0.3096, -0.2629 0.8597 0.3096, -0.2613 0.8598 0.3091, -0.2613 0.8598 0.3091, -0.2582 0.8598 0.3088, -0.2582 0.8599 0.3088, -0.3013 0.8547 0.3382, -0.3075 0.8547 0.3382, -0.3013 0.8547 0.3382, -0.3075 0.8547 0.3382, -0.2917 0.8592 0.3128, -0.2917 0.8591 0.3128, -0.2912 0.8594 0.3113, -0.2912 0.8594 0.3113, -0.291 0.8596 0.3101, -0.291 0.8596 0.3101, -0.2908 0.8596 0.3101, -0.2908 0.8596 0.3101, -0.2901 0.8592 0.3129, -0.2901 0.8591 0.3129, -0.2813 0.8546 0.3383, -0.2813 0.8547 0.3383, -0.2845 0.8563 0.329, -0.2746 0.8547 0.3384, -0.2746 0.8546 0.3384, -0.2878 0.8606 0.3046, -0.2878 0.8606 0.3046, -0.2845 0.8591 0.3129, -0.2851 0.8617 0.2985, -0.2851 0.8617 0.2985, -0.2845 0.8618 0.2974, -0.2839 0.8621 0.2963, -0.2839 0.862 0.2963, -0.2827 0.8623 0.2951, -0.2827 0.8623 0.2951, -0.2818 0.8624 0.2944, -0.2818 0.8624 0.2944, -0.2805 0.8625 0.2939, -0.2805 0.8625 0.2939, -0.2789 0.8625 0.2937, -0.2789 0.8625 0.2937, -0.2767 0.8624 0.294, -0.2767 0.8625 0.294, -0.2755 0.8624 0.2944, -0.2755 0.8624 0.2944, -0.2755 0.8633 0.2892, -0.2755 0.8633 0.2892, -0.278 0.8634 0.2887, -0.278 0.8634 0.2887, -0.2793 0.8634 0.2886, -0.2793 0.8634 0.2887, -0.2818 0.8633 0.2889, -0.2818 0.8634 0.2889, -0.2841 0.8632 0.2898, -0.2841 0.8632 0.2898, -0.2845 0.8631 0.29, -0.2863 0.863 0.2912, -0.2863 0.8629 0.2912, -0.2867 0.8629 0.2916, -0.2867 0.8629 0.2916, -0.2889 0.8624 0.2942, -0.2889 0.8625 0.2942, -0.2917 0.8615 0.2994, -0.2917 0.8615 0.2994, -0.3396 0.8597 0.3095, -0.3396 0.8607 0.3042, -0.3396 0.8597 0.3095, -0.3396 0.8607 0.3041, -0.32 0.8597 0.3097, -0.32 0.8597 0.3097, -0.3296 0.8597 0.3096, -0.3201 0.8569 0.3256, -0.3201 0.8569 0.3256, -0.3373 0.8569 0.3255, -0.3373 0.8569 0.3255, -0.3296 0.8569 0.3255, -0.3373 0.856 0.3309, -0.3373 0.8559 0.3309, -0.3201 0.8559 0.331, -0.3201 0.856 0.331, -0.3296 0.8559 0.3309, -0.3202 0.8533 0.3462, -0.3202 0.8533 0.3462, -0.3388 0.8533 0.346, -0.3388 0.8533 0.346, -0.3296 0.8533 0.3461, -0.3388 0.8523 0.3515, -0.3388 0.8524 0.3515, -0.3388 0.8524 0.3512, -0.3141 0.8523 0.3516, -0.3141 0.8523 0.3516, -0.3296 0.8523 0.3515, -0.3137 0.8606 0.3043, -0.3137 0.8607 0.3043, -0.3141 0.8524 0.3512, -0.3296 0.8606 0.3042, -0.3783 0.8585 0.3167, -0.3762 0.8589 0.3142, -0.3806 0.8596 0.3105, -0.3757 0.859 0.3137, -0.3756 0.8602 0.307, -0.3725 0.8594 0.3116, -0.3701 0.8606 0.3049, -0.3686 0.8596 0.3101, -0.3619 0.8607 0.304, -0.3619 0.8598 0.3094, -0.3487 0.8607 0.3041, -0.3549 0.8598 0.3094, -0.349 0.8524 0.3514, -0.3552 0.8533 0.3459, -0.3627 0.8524 0.3513, -0.3624 0.8533 0.3459, -0.37 0.8525 0.3505, -0.3686 0.8535 0.3451, -0.3758 0.8529 0.3483, -0.3727 0.8537 0.3436, -0.3808 0.8535 0.3449, -0.3763 0.8541 0.3413, -0.3825 0.8538 0.3433, -0.3776 0.8544 0.34, -0.3854 0.8545 0.3391, -0.3794 0.8548 0.3374, -0.3872 0.8553 0.3346, -0.3807 0.8555 0.3339, -0.3879 0.8565 0.3281, -0.3814 0.8565 0.328, -0.3878 0.857 0.3251, -0.3812 0.8571 0.3244, -0.3866 0.858 0.3195, -0.3801 0.8579 0.3202, -0.3842 0.8588 0.3147, -0.3619 0.8607 0.304, -0.3487 0.8607 0.3041, -0.3701 0.8605 0.3049, -0.3756 0.8602 0.307, -0.3806 0.8595 0.3105, -0.3842 0.8588 0.3147, -0.3866 0.8579 0.3195, -0.3878 0.857 0.3251, -0.3879 0.8564 0.3281, -0.3872 0.8553 0.3346, -0.3854 0.8545 0.3391, -0.3825 0.8538 0.3433, -0.3808 0.8535 0.3449, -0.3627 0.8523 0.3513, -0.3637 0.8524 0.3512, -0.37 0.8525 0.3504, -0.3758 0.8529 0.3483, -0.349 0.8523 0.3514, -0.349 0.8524 0.3512, -0.3624 0.8533 0.3459, -0.3552 0.8533 0.3459, -0.3549 0.8597 0.3094, -0.3619 0.8597 0.3094, -0.3762 0.8589 0.3142, -0.3757 0.859 0.3137, -0.3725 0.8593 0.3116, -0.3686 0.8596 0.3101, -0.3814 0.8565 0.3279, -0.3812 0.8571 0.3244, -0.3801 0.8578 0.3202, -0.3783 0.8584 0.3167, -0.3763 0.8541 0.3413, -0.3776 0.8543 0.34, -0.3794 0.8548 0.3374, -0.3807 0.8554 0.3339, -0.3686 0.8534 0.3451, -0.3727 0.8537 0.3436
            ]
        }
        coordIndex [
            0,1,2,-1,3,4,5,-1,3,5,6,-1,6,5,7,-1,6,7,2,-1,2,7,8,-1,2,8,0,-1,9,1,10,-1,10,1,0,-1,11,12,13,-1,9,10,14,-1,9,14,13,-1,13,14,15,-1,13,15,11,-1,12,11,16,-1,12,16,17,-1,17,16,18,-1,17,18,19,-1,19,18,20,-1,19,20,21,-1,21,20,22,-1,21,22,23,-1,23,22,24,-1,23,24,25,-1,25,24,26,-1,25,26,27,-1,27,26,28,-1,27,28,29,-1,29,28,30,-1,29,30,31,-1,31,30,32,-1,31,32,33,-1,33,32,34,-1,33,34,35,-1,35,34,36,-1,35,36,37,-1,37,36,38,-1,37,38,39,-1,39,38,40,-1,39,40,41,-1,41,40,42,-1,41,42,43,-1,43,42,44,-1,43,44,45,-1,45,44,46,-1,45,46,47,-1,47,46,48,-1,47,48,49,-1,49,48,50,-1,49,50,51,-1,51,50,52,-1,51,52,53,-1,53,52,54,-1,53,54,55,-1,55,54,56,-1,55,56,57,-1,57,56,58,-1,57,58,59,-1,59,58,60,-1,59,60,61,-1,61,60,62,-1,61,62,63,-1,63,62,64,-1,63,64,65,-1,65,64,66,-1,65,66,67,-1,67,66,68,-1,67,68,69,-1,69,68,70,-1,69,70,71,-1,71,70,72,-1,71,72,73,-1,74,73,75,-1,75,73,72,-1,74,75,76,-1,74,76,77,-1,77,76,78,-1,77,78,79,-1,79,78,80,-1,79,80,81,-1,81,80,82,-1,81,82,83,-1,83,82,84,-1,83,84,85,-1,86,85,87,-1,87,85,84,-1,87,88,86,-1,86,88,89,-1,86,89,90,-1,90,89,91,-1,90,91,92,-1,92,91,93,-1,92,93,94,-1,94,93,95,-1,94,95,96,-1,96,95,97,-1,96,97,98,-1,98,97,99,-1,98,99,100,-1,101,102,103,-1,100,99,104,-1,100,104,105,-1,105,104,106,-1,105,106,103,-1,103,106,107,-1,103,107,101,-1,102,101,108,-1,102,108,109,-1,109,108,110,-1,109,110,111,-1,111,110,112,-1,111,112,113,-1,113,112,114,-1,113,114,115,-1,115,114,116,-1,115,116,117,-1,117,116,118,-1,117,118,119,-1,119,118,120,-1,119,120,121,-1,121,120,122,-1,121,122,123,-1,123,122,124,-1,123,124,125,-1,125,124,126,-1,125,126,127,-1,127,126,128,-1,127,128,129,-1,129,128,130,-1,129,130,131,-1,131,130,132,-1,131,132,133,-1,133,132,4,-1,133,4,3,-1,59,61,83,-1,83,61,81,-1,109,41,102,-1,102,41,43,-1,19,21,125,-1,125,21,23,-1,125,23,123,-1,123,23,25,-1,123,25,121,-1,121,25,27,-1,121,27,119,-1,119,27,29,-1,119,29,117,-1,117,29,31,-1,117,31,115,-1,115,31,33,-1,115,33,113,-1,113,33,35,-1,113,35,111,-1,111,35,37,-1,111,37,109,-1,109,37,39,-1,109,39,41,-1,12,3,13,-1,13,3,6,-1,13,6,9,-1,9,6,2,-1,9,2,1,-1,61,63,81,-1,81,63,65,-1,81,65,79,-1,79,65,67,-1,79,67,77,-1,77,67,69,-1,77,69,74,-1,74,69,71,-1,74,71,73,-1,125,127,19,-1,19,127,129,-1,19,129,17,-1,17,129,131,-1,17,131,12,-1,12,131,133,-1,12,133,3,-1,83,85,59,-1,59,85,86,-1,59,86,57,-1,57,86,90,-1,57,90,55,-1,55,90,92,-1,55,92,53,-1,53,92,94,-1,53,94,51,-1,51,94,96,-1,51,96,49,-1,49,96,98,-1,49,98,47,-1,47,98,100,-1,47,100,45,-1,45,100,105,-1,45,105,43,-1,43,105,103,-1,43,103,102,-1,134,135,136,-1,136,135,137,-1,138,134,139,-1,139,134,136,-1,138,139,140,-1,138,140,141,-1,141,140,142,-1,141,142,143,-1,144,143,145,-1,145,143,142,-1,146,144,147,-1,147,144,145,-1,148,149,150,-1,150,149,146,-1,150,146,147,-1,151,149,152,-1,152,149,148,-1,153,154,155,-1,155,154,151,-1,155,151,152,-1,156,154,157,-1,157,154,153,-1,156,157,158,-1,156,158,159,-1,158,160,159,-1,159,160,161,-1,159,161,162,-1,162,161,163,-1,162,163,164,-1,164,163,165,-1,164,165,166,-1,166,165,167,-1,166,167,168,-1,168,167,169,-1,168,169,170,-1,170,169,171,-1,170,171,172,-1,173,172,174,-1,174,172,171,-1,173,174,175,-1,173,175,176,-1,176,175,177,-1,176,177,178,-1,178,177,179,-1,178,179,180,-1,180,179,181,-1,180,181,182,-1,182,181,183,-1,182,183,184,-1,183,185,184,-1,184,185,186,-1,184,186,187,-1,187,186,188,-1,187,188,189,-1,189,188,190,-1,189,190,191,-1,135,191,137,-1,137,191,190,-1,141,143,191,-1,135,134,191,-1,191,134,138,-1,191,138,141,-1,149,151,146,-1,146,151,154,-1,146,154,144,-1,172,173,170,-1,170,173,176,-1,170,176,168,-1,168,176,178,-1,168,178,166,-1,166,178,180,-1,166,180,164,-1,164,180,182,-1,164,182,162,-1,143,144,191,-1,191,144,154,-1,191,154,189,-1,154,156,189,-1,189,156,159,-1,189,159,187,-1,187,159,162,-1,187,162,184,-1,184,162,182,-1,192,193,194,-1,194,193,195,-1,196,197,198,-1,198,197,192,-1,198,192,194,-1,199,197,200,-1,200,197,196,-1,201,202,203,-1,203,202,199,-1,203,199,200,-1,204,202,205,-1,205,202,201,-1,206,207,208,-1,208,207,204,-1,208,204,205,-1,209,207,210,-1,210,207,206,-1,211,212,213,-1,213,212,209,-1,213,209,210,-1,214,215,216,-1,216,215,212,-1,216,212,211,-1,217,218,219,-1,219,218,215,-1,219,215,214,-1,220,221,222,-1,222,221,218,-1,222,218,217,-1,195,193,223,-1,223,193,221,-1,223,221,220,-1,221,193,192,-1,192,197,221,-1,221,197,199,-1,221,199,218,-1,212,215,209,-1,209,215,218,-1,209,218,207,-1,207,218,199,-1,207,199,204,-1,204,199,202,-1,224,225,226,-1,226,225,227,-1,226,227,228,-1,228,227,229,-1,228,229,230,-1,230,229,231,-1,230,231,232,-1,232,231,233,-1,232,233,234,-1,234,233,235,-1,234,235,236,-1,236,235,237,-1,236,237,238,-1,238,237,239,-1,238,239,240,-1,240,239,241,-1,240,241,242,-1,242,241,243,-1,242,243,244,-1,244,243,245,-1,244,245,246,-1,246,245,247,-1,246,247,248,-1,248,247,249,-1,248,249,250,-1,250,249,251,-1,250,251,252,-1,252,251,253,-1,252,253,254,-1,254,253,255,-1,254,255,256,-1,256,255,257,-1,256,257,258,-1,258,257,224,-1,258,224,226,-1,232,234,259,-1,259,234,260,-1,232,259,261,-1,232,261,230,-1,230,261,262,-1,230,262,228,-1,228,262,263,-1,228,263,226,-1,226,263,264,-1,226,264,258,-1,258,264,265,-1,258,265,256,-1,256,265,266,-1,256,266,254,-1,254,266,267,-1,254,267,252,-1,252,267,268,-1,252,268,250,-1,250,268,269,-1,250,269,248,-1,248,269,270,-1,248,270,246,-1,246,270,271,-1,246,271,244,-1,272,238,273,-1,273,238,240,-1,273,240,274,-1,274,240,242,-1,274,242,275,-1,275,242,244,-1,275,244,271,-1,236,238,276,-1,276,238,272,-1,260,234,277,-1,277,234,236,-1,277,236,276,-1,239,237,278,-1,278,237,279,-1,237,235,279,-1,279,235,280,-1,235,233,280,-1,280,233,281,-1,225,282,283,-1,225,283,227,-1,227,283,284,-1,227,284,229,-1,229,284,285,-1,229,285,231,-1,231,285,281,-1,231,281,233,-1,253,286,287,-1,253,287,255,-1,255,287,288,-1,255,288,257,-1,257,288,289,-1,257,289,224,-1,224,289,282,-1,224,282,225,-1,245,290,291,-1,245,291,247,-1,247,291,292,-1,247,292,249,-1,249,292,293,-1,249,293,251,-1,251,293,286,-1,251,286,253,-1,239,278,294,-1,239,294,241,-1,241,294,295,-1,241,295,243,-1,243,295,290,-1,243,290,245,-1,
        ]
    }
}
Shape{
    appearance Appearance {
        material  Material 	{
            diffuseColor 0.2235294117647059 0.2235294117647059 0.2235294117647059
            specularColor 0.11372549019607843 0.11372549019607843 0.11372549019607843
            ambientIntensity 0.2235
            transparency 0.0
            shininess 0.5
        }
    }
    geometry IndexedFaceSet {
        ccw TRUE
        solid FALSE
        coord DEF co Coordinate {
            point [
                -0.3757 0.859 0.3137, -0.3762 0.8589 0.3142, -0.3624 0.8533 0.3459, -0.3552 0.8533 0.3459, -0.3549 0.8597 0.3094, -0.3619 0.8597 0.3094, -0.3686 0.8596 0.3101, -0.3725 0.8593 0.3116, -0.3783 0.8584 0.3167, -0.3801 0.8578 0.3202, -0.3812 0.8571 0.3244, -0.3814 0.8565 0.3279, -0.3807 0.8554 0.3339, -0.3794 0.8548 0.3374, -0.3776 0.8543 0.34, -0.3763 0.8541 0.3413, -0.3686 0.8534 0.3451, -0.3727 0.8537 0.3436
            ]
        }
        coordIndex [
            0,1,2,-1,3,4,2,-1,2,4,5,-1,5,6,2,-1,2,6,7,-1,2,7,0,-1,1,8,2,-1,2,8,9,-1,2,9,10,-1,10,11,2,-1,2,11,12,-1,2,12,13,-1,13,14,2,-1,2,14,15,-1,2,15,16,-1,16,15,17,-1,
        ]
    }
}
Shape{
    appearance Appearance {
        material  Material 	{
            diffuseColor 1.0 1.0 1.0
            specularColor 0.5019607843137255 0.5019607843137255 0.5019607843137255
            ambientIntensity 1.0
            transparency 0.0
            shininess 0.5
        }
    }
    geometry IndexedFaceSet {
        ccw TRUE
        solid FALSE
        coord DEF co Coordinate {
            point [
                -0.404 0.8576 0.322, -0.4113 0.8541 0.3416, -0.4091 0.8524 0.351, -0.3904 0.8608 0.3038, -0.3973 0.8608 0.3037, -0.402 0.8585 0.3167, -0.4118 0.8538 0.343, -0.4121 0.8535 0.3449, -0.4157 0.8525 0.3509, -0.4123 0.8535 0.3449, -0.4127 0.8539 0.3429, -0.413 0.8541 0.3416, -0.4201 0.8576 0.3219, -0.4337 0.8608 0.3035, -0.4268 0.8608 0.3035, -0.422 0.8585 0.3165, -0.4157 0.8524 0.3509, -0.4337 0.8608 0.3035, -0.4091 0.8524 0.351, -0.3904 0.8607 0.3038, -0.3973 0.8607 0.3037, -0.402 0.8585 0.3166, -0.422 0.8585 0.3165, -0.4268 0.8608 0.3035, -0.404 0.8575 0.322, -0.4201 0.8575 0.3219, -0.413 0.8541 0.3416, -0.4123 0.8535 0.3449, -0.4127 0.8538 0.3429, -0.4121 0.8535 0.3449, -0.4113 0.8541 0.3416, -0.4118 0.8538 0.343
            ]
        }
        coordIndex [
            0,1,2,-1,3,4,5,-1,1,6,2,-1,2,6,7,-1,2,7,8,-1,8,7,9,-1,8,9,10,-1,10,11,8,-1,8,11,12,-1,8,12,13,-1,14,13,15,-1,15,13,12,-1,15,12,5,-1,5,12,0,-1,5,0,3,-1,3,0,2,-1,8,13,16,-1,16,13,17,-1,2,8,18,-1,18,8,16,-1,3,2,19,-1,19,2,18,-1,4,3,20,-1,20,3,19,-1,5,4,21,-1,21,4,20,-1,15,5,22,-1,22,5,21,-1,14,15,23,-1,23,15,22,-1,13,14,17,-1,17,14,23,-1,0,12,24,-1,24,12,25,-1,12,11,25,-1,25,11,26,-1,9,27,28,-1,9,28,10,-1,10,28,26,-1,10,26,11,-1,9,7,27,-1,27,7,29,-1,1,30,31,-1,1,31,6,-1,6,31,29,-1,6,29,7,-1,1,0,30,-1,30,0,24,-1,
        ]
    }
}
Shape{
    appearance Appearance {
        material  Material 	{
            diffuseColor 0.2235294117647059 0.2235294117647059 0.2235294117647059
            specularColor 0.11372549019607843 0.11372549019607843 0.11372549019607843
            ambientIntensity 0.2235
            transparency 0.0
            shininess 0.5
        }
    }
    geometry IndexedFaceSet {
        ccw TRUE
        solid FALSE
        coord DEF co Coordinate {
            point [
                -0.4123 0.8535 0.3449, -0.4121 0.8535 0.3449, -0.4127 0.8538 0.3429, -0.4118 0.8538 0.343, -0.413 0.8541 0.3416, -0.4113 0.8541 0.3416, -0.4201 0.8575 0.3219, -0.404 0.8575 0.322
            ]
        }
        coordIndex [
            0,1,2,-1,2,1,3,-1,2,3,4,-1,4,3,5,-1,4,5,6,-1,6,5,7,-1,
        ]
    }
}
Shape{
    appearance Appearance {
        material  Material 	{
            diffuseColor 1.0 1.0 1.0
            specularColor 0.5019607843137255 0.5019607843137255 0.5019607843137255
            ambientIntensity 1.0
            transparency 0.0
            shininess 0.5
        }
    }
    geometry IndexedFaceSet {
        ccw TRUE
        solid FALSE
        coord DEF co Coordinate {
            point [
                0.0315 0.8614 0.3, 0.0265 0.8625 0.2938, 0.0344 0.8562 0.3298, -0.0893 0.8459 0.3881, -0.0913 0.8476 0.3787, -0.1082 0.8444 0.3968, -0.0798 0.8534 0.3455, -0.0694 0.8503 0.3634, -0.0234 0.8543 0.3402, -0.0004 0.8561 0.3302, -0.0035 0.8563 0.3291, -0.0062 0.8566 0.3272, -0.0084 0.8571 0.3247, -0.0318 0.8577 0.3209, 0.0418 0.8554 0.3344, 0.0401 0.8599 0.3089, 0.0349 0.8601 0.3073, -0.0098 0.8576 0.322, -0.0105 0.8581 0.3188, -0.0318 0.8583 0.3176, -0.0105 0.8586 0.316, -0.0941 0.8476 0.3787, -0.1005 0.8477 0.3779, -0.1099 0.8445 0.3962, -0.1065 0.8481 0.3756, -0.12 0.8454 0.3911, -0.1292 0.8467 0.3834, -0.0201 0.8411 0.4152, -0.0025 0.8388 0.4285, -0.0108 0.8423 0.4087, 0.0055 0.84 0.4217, -0.0031 0.8438 0.3997, 0.0126 0.8414 0.4138, 0.0022 0.8457 0.3891, 0.0322 0.8452 0.3922, 0.0238 0.8448 0.3941, 0.0205 0.8412 0.4145, 0.0203 0.8448 0.3943, 0.0165 0.8413 0.4142, 0.0123 0.845 0.3933, 0.0047 0.8455 0.3905, 0.0112 0.8601 0.3074, 0.0085 0.8604 0.3057, 0.0198 0.8634 0.2888, 0.0053 0.8606 0.3046, 0.0056 0.8561 0.3303, 0.0103 0.8525 0.3509, 0.0086 0.8563 0.3292, 0.0178 0.853 0.3481, 0.0114 0.8566 0.3274, 0.0249 0.8538 0.3433, 0.0136 0.857 0.325, 0.0305 0.8549 0.337, 0.0152 0.8575 0.3221, 0.016 0.8581 0.3189, -0.1288 0.8578 0.3206, -0.113 0.8554 0.334, -0.1195 0.8592 0.3129, -0.1079 0.8561 0.33, -0.109 0.86 0.308, -0.1018 0.8566 0.3273, -0.0976 0.8604 0.3057, -0.0957 0.8568 0.3262, -0.0775 0.8604 0.3058, -0.0804 0.8568 0.3263, -0.0756 0.8603 0.3061, 0.0536 0.8493 0.369, 0.076 0.8501 0.3643, 0.0547 0.8507 0.3609, 0.0762 0.8508 0.3604, 0.0543 0.8516 0.3557, 0.0748 0.853 0.3479, 0.0519 0.8531 0.3475, 0.0702 0.8552 0.3353, 0.0479 0.8543 0.3406, 0.0621 0.8573 0.3236, 0.0523 0.8588 0.3151, -0.0103 0.8527 0.3494, -0.002 0.8523 0.3515, 0.0021 0.8523 0.3518, -0.1118 0.8488 0.3719, -0.1157 0.8495 0.3675, -0.1361 0.8484 0.3737, -0.1188 0.8506 0.3617, -0.1402 0.8502 0.3634, -0.1204 0.8517 0.3552, -0.1417 0.8522 0.3525, -0.1205 0.8522 0.3523, -0.14 0.8543 0.3405, -0.1196 0.8534 0.3457, -0.1357 0.8562 0.3298, -0.1173 0.8544 0.3398, -0.1135 0.8553 0.3345, 0.0332 0.8415 0.4131, 0.0459 0.8423 0.4086, 0.0399 0.8459 0.3883, 0.0569 0.8436 0.4013, 0.0458 0.8468 0.3832, 0.0598 0.844 0.3986, 0.0506 0.8479 0.3765, 0.0678 0.8458 0.3889, 0.0735 0.8479 0.3769, 0.0135 0.8597 0.3098, 0.015 0.8592 0.3125, 0.0159 0.8587 0.3156, -0.0841 0.844 0.3989, -0.1023 0.8422 0.4088, -0.0765 0.8424 0.4081, -0.0916 0.8399 0.4219, -0.0756 0.8422 0.4089, -0.0899 0.8397 0.4235, -0.0661 0.8411 0.4155, -0.0748 0.8379 0.4337, -0.0554 0.8403 0.4196, -0.0577 0.8368 0.4397, -0.0438 0.8401 0.4211, -0.0436 0.8365 0.4413, -0.0313 0.8403 0.4196, -0.0266 0.8369 0.4393, -0.0108 0.8379 0.4334, 0.0026 0.856 0.3306, -0.0175 0.8534 0.3456, -0.0786 0.8567 0.3266, -0.0703 0.8598 0.3094, -0.0711 0.8599 0.3086, -0.0797 0.8568 0.3264, -0.0733 0.8602 0.307, 0.012 0.864 0.2855, 0.0039 0.8642 0.2842, 0.0028 0.8607 0.3044, 0.0026 0.8642 0.2842, -0.0002 0.8606 0.3047, -0.0057 0.8641 0.2851, -0.0032 0.8604 0.3057, -0.0133 0.8636 0.2879, -0.0059 0.8601 0.3075, -0.0201 0.8627 0.2926, -0.0081 0.8597 0.3099, -0.0255 0.8617 0.2983, -0.0097 0.8592 0.3128, -0.0295 0.8604 0.3058, -0.0316 0.8589 0.3141, -0.0677 0.8586 0.3163, -0.068 0.859 0.3138, -0.0688 0.8594 0.3115, -0.0757 0.8568 0.3264, -0.0733 0.8569 0.3255, -0.0677 0.8583 0.3176, -0.0712 0.8572 0.324, -0.0698 0.8575 0.3225, -0.0684 0.8579 0.3202, -0.0783 0.8567 0.3267, -0.1417 0.8521 0.3525, -0.1402 0.8502 0.3634, -0.1321 0.8474 0.3793, -0.1393 0.8498 0.3658, -0.1361 0.8484 0.3737, -0.1292 0.8467 0.3834, -0.12 0.8453 0.3911, -0.1099 0.8444 0.3962, -0.1082 0.8443 0.3968, -0.1023 0.8422 0.4088, -0.0916 0.8399 0.4219, -0.0899 0.8396 0.4235, -0.0436 0.8365 0.4413, -0.0841 0.8389 0.4274, -0.0748 0.8378 0.4337, -0.0719 0.8376 0.4347, -0.0577 0.8368 0.4397, -0.0025 0.8387 0.4284, -0.0266 0.8368 0.4393, -0.0142 0.8376 0.4347, -0.0108 0.8379 0.4334, 0.0126 0.8413 0.4137, -0.0012 0.8389 0.4274, 0.0055 0.8399 0.4217, 0.0165 0.8412 0.4142, 0.0205 0.8412 0.4145, 0.0332 0.8414 0.4131, 0.0459 0.8423 0.4085, 0.0569 0.8435 0.4013, 0.0598 0.844 0.3986, 0.0762 0.8507 0.3604, 0.0678 0.8457 0.3889, 0.0723 0.8474 0.3793, 0.0735 0.8478 0.3769, 0.0757 0.8498 0.3658, 0.076 0.8501 0.3643, 0.0752 0.8524 0.3512, 0.0753 0.8522 0.3521, 0.0748 0.8529 0.3479, 0.0702 0.8552 0.3353, 0.0621 0.8572 0.3236, 0.0523 0.8587 0.3151, 0.0401 0.8598 0.3089, 0.0349 0.8601 0.3073, 0.0315 0.8614 0.3, 0.0265 0.8625 0.2938, 0.0198 0.8634 0.2888, 0.012 0.8639 0.2855, 0.0039 0.8642 0.2842, 0.0026 0.8642 0.2842, -0.0057 0.864 0.2851, -0.0133 0.8635 0.2879, -0.0201 0.8627 0.2925, -0.0255 0.8617 0.2983, -0.0295 0.8604 0.3058, -0.0316 0.8589 0.3141, -0.0318 0.8583 0.3176, -0.0318 0.8577 0.3209, -0.0798 0.8534 0.3455, -0.0694 0.8502 0.3634, -0.076 0.8522 0.3521, -0.0765 0.8524 0.3512, -0.0234 0.8543 0.3402, -0.0452 0.8524 0.3512, -0.047 0.8522 0.3521, 0.0021 0.8523 0.3518, -0.0175 0.8534 0.3456, -0.0103 0.8527 0.3494, -0.0033 0.8524 0.3512, -0.002 0.8523 0.3515, 0.0074 0.8524 0.3512, 0.0103 0.8524 0.3508, 0.0178 0.8529 0.3481, 0.0249 0.8537 0.3433, 0.0305 0.8549 0.337, 0.0344 0.8561 0.3298, 0.0532 0.8522 0.3521, 0.053 0.8524 0.3512, 0.0519 0.853 0.3475, 0.0479 0.8542 0.3406, 0.0418 0.8553 0.3344, 0.0543 0.8516 0.3557, 0.0547 0.8507 0.3609, 0.054 0.8498 0.3658, 0.0536 0.8492 0.369, 0.0506 0.8479 0.3765, 0.0486 0.8474 0.3793, 0.0458 0.8467 0.3832, 0.0399 0.8458 0.3883, 0.0322 0.8451 0.3922, 0.0238 0.8448 0.3941, 0.0203 0.8448 0.3943, 0.0123 0.8449 0.3933, 0.0047 0.8454 0.3905, 0.0022 0.8457 0.3891, -0.0031 0.8438 0.3997, -0.0108 0.8422 0.4087, -0.0201 0.8411 0.4152, -0.0313 0.8403 0.4196, -0.0438 0.84 0.4211, -0.0913 0.8475 0.3787, -0.0912 0.8474 0.3793, -0.0893 0.8459 0.3881, -0.0841 0.8439 0.3989, -0.0765 0.8423 0.4081, -0.0756 0.8422 0.4089, -0.0661 0.841 0.4155, -0.0554 0.8403 0.4196, -0.0941 0.8475 0.3787, -0.1005 0.8477 0.3779, -0.1065 0.8481 0.3756, -0.1118 0.8487 0.3719, -0.1157 0.8495 0.3675, -0.1166 0.8498 0.3658, -0.1188 0.8505 0.3617, -0.1204 0.8517 0.3552, -0.1205 0.8522 0.3523, -0.1205 0.8522 0.3521, -0.1204 0.8524 0.3512, -0.1196 0.8533 0.3457, -0.1173 0.8544 0.3398, -0.1135 0.8553 0.3345, -0.113 0.8554 0.334, -0.1079 0.8561 0.33, -0.1018 0.8566 0.3273, -0.0957 0.8568 0.3262, -0.0804 0.8568 0.3263, -0.0797 0.8567 0.3264, -0.0786 0.8567 0.3266, -0.0783 0.8567 0.3267, -0.0757 0.8567 0.3263, -0.0733 0.8569 0.3255, -0.0712 0.8572 0.324, -0.0698 0.8574 0.3225, -0.0684 0.8578 0.3202, -0.0677 0.8583 0.3176, -0.0677 0.8585 0.3163, -0.068 0.859 0.3138, -0.0688 0.8594 0.3115, -0.0703 0.8597 0.3094, -0.0711 0.8599 0.3086, -0.0733 0.8602 0.307, -0.0756 0.8603 0.3061, -0.0775 0.8604 0.3058, -0.0976 0.8604 0.3057, -0.109 0.86 0.308, -0.1195 0.8591 0.3129, -0.1288 0.8578 0.3206, -0.1357 0.8561 0.3298, -0.14 0.8543 0.3404, -0.1415 0.8524 0.3512, -0.1416 0.8522 0.3521, 0.0026 0.856 0.3306, -0.0004 0.8561 0.3302, -0.0035 0.8563 0.3291, -0.0062 0.8566 0.3272, -0.0084 0.857 0.3247, -0.0098 0.8575 0.322, -0.0105 0.8581 0.3188, -0.0105 0.8586 0.316, -0.0097 0.8591 0.3128, -0.0081 0.8597 0.3099, -0.0059 0.8601 0.3075, -0.0032 0.8604 0.3057, -0.0002 0.8606 0.3047, 0.0028 0.8606 0.3044, 0.0053 0.8606 0.3046, 0.0085 0.8604 0.3056, 0.0112 0.8601 0.3074, 0.0135 0.8597 0.3098, 0.015 0.8592 0.3125, 0.0159 0.8586 0.3156, 0.016 0.8581 0.3189, 0.0152 0.8575 0.3221, 0.0136 0.857 0.325, 0.0114 0.8566 0.3274, 0.0086 0.8562 0.3292, 0.0056 0.8561 0.3303
            ]
        }
        coordIndex [
            0,1,2,-1,3,4,5,-1,6,7,8,-1,9,10,6,-1,10,11,6,-1,6,11,12,-1,6,12,13,-1,14,15,2,-1,2,15,16,-1,2,16,0,-1,12,17,13,-1,13,17,18,-1,13,18,19,-1,19,18,20,-1,4,21,5,-1,5,21,22,-1,5,22,23,-1,23,22,24,-1,23,24,25,-1,25,24,26,-1,27,28,29,-1,29,28,30,-1,29,30,31,-1,31,30,32,-1,31,32,33,-1,34,35,36,-1,36,35,37,-1,36,37,38,-1,38,37,39,-1,38,39,32,-1,32,39,40,-1,32,40,33,-1,41,1,42,-1,42,1,43,-1,42,43,44,-1,45,46,47,-1,47,46,48,-1,47,48,49,-1,49,48,50,-1,49,50,51,-1,51,50,52,-1,51,52,53,-1,53,52,2,-1,53,2,54,-1,55,56,57,-1,57,56,58,-1,57,58,59,-1,59,58,60,-1,59,60,61,-1,61,60,62,-1,61,62,63,-1,63,62,64,-1,63,64,65,-1,66,67,68,-1,68,67,69,-1,68,69,70,-1,70,69,71,-1,70,71,72,-1,72,71,73,-1,72,73,74,-1,74,73,75,-1,74,75,14,-1,14,75,76,-1,14,76,15,-1,77,78,45,-1,45,78,79,-1,45,79,46,-1,24,80,26,-1,26,80,81,-1,26,81,82,-1,82,81,83,-1,82,83,84,-1,84,83,85,-1,84,85,86,-1,86,85,87,-1,86,87,88,-1,88,87,89,-1,88,89,90,-1,90,89,91,-1,90,91,55,-1,55,91,92,-1,55,92,56,-1,36,93,34,-1,34,93,94,-1,34,94,95,-1,95,94,96,-1,95,96,97,-1,97,96,98,-1,97,98,99,-1,99,98,100,-1,99,100,66,-1,66,100,101,-1,66,101,67,-1,41,102,1,-1,1,102,103,-1,1,103,2,-1,2,103,104,-1,2,104,54,-1,3,5,105,-1,105,5,106,-1,105,106,107,-1,107,106,108,-1,107,108,109,-1,109,108,110,-1,109,110,111,-1,111,110,112,-1,111,112,113,-1,113,112,114,-1,113,114,115,-1,115,114,116,-1,115,116,117,-1,117,116,118,-1,117,118,27,-1,27,118,119,-1,27,119,28,-1,9,6,120,-1,120,6,8,-1,120,8,45,-1,45,8,121,-1,45,121,77,-1,122,123,124,-1,64,125,65,-1,65,125,122,-1,65,122,126,-1,126,122,124,-1,43,127,44,-1,44,127,128,-1,44,128,129,-1,129,128,130,-1,129,130,131,-1,131,130,132,-1,131,132,133,-1,133,132,134,-1,133,134,135,-1,135,134,136,-1,135,136,137,-1,137,136,138,-1,137,138,139,-1,139,138,140,-1,139,140,20,-1,20,140,141,-1,20,141,19,-1,142,143,122,-1,122,143,144,-1,122,144,123,-1,145,146,147,-1,146,148,147,-1,147,148,149,-1,147,149,150,-1,142,122,147,-1,147,122,151,-1,147,151,145,-1,86,152,153,-1,154,26,82,-1,86,153,84,-1,84,153,155,-1,84,155,82,-1,82,155,156,-1,82,156,154,-1,154,157,26,-1,26,157,158,-1,26,158,25,-1,25,158,159,-1,25,159,23,-1,23,159,160,-1,23,160,5,-1,5,160,161,-1,5,161,106,-1,106,161,162,-1,106,162,108,-1,108,162,163,-1,108,163,110,-1,164,116,114,-1,110,163,165,-1,110,165,112,-1,165,166,112,-1,112,166,167,-1,112,167,114,-1,114,167,168,-1,114,168,164,-1,169,28,119,-1,116,164,170,-1,116,170,118,-1,118,170,171,-1,118,171,119,-1,119,171,172,-1,119,172,169,-1,173,32,30,-1,28,169,174,-1,28,174,30,-1,30,174,175,-1,30,175,173,-1,32,173,176,-1,32,176,38,-1,38,176,177,-1,38,177,36,-1,36,177,178,-1,36,178,93,-1,93,178,179,-1,93,179,94,-1,94,179,180,-1,94,180,96,-1,96,180,181,-1,96,181,98,-1,182,69,67,-1,98,181,183,-1,98,183,100,-1,100,183,184,-1,100,184,101,-1,184,185,101,-1,101,185,186,-1,101,186,67,-1,67,186,187,-1,67,187,182,-1,188,71,189,-1,189,71,69,-1,189,69,182,-1,188,190,71,-1,71,190,191,-1,71,191,73,-1,73,191,192,-1,73,192,75,-1,75,192,193,-1,75,193,76,-1,76,193,194,-1,76,194,15,-1,15,194,195,-1,15,195,16,-1,16,195,196,-1,16,196,0,-1,0,196,197,-1,0,197,1,-1,1,197,198,-1,1,198,43,-1,43,198,199,-1,43,199,127,-1,127,199,200,-1,127,200,128,-1,128,200,201,-1,128,201,130,-1,130,201,202,-1,130,202,132,-1,132,202,203,-1,132,203,134,-1,134,203,204,-1,134,204,136,-1,136,204,205,-1,136,205,138,-1,138,205,206,-1,138,206,140,-1,140,206,207,-1,140,207,141,-1,141,207,208,-1,141,208,19,-1,13,19,209,-1,209,19,208,-1,6,13,210,-1,210,13,209,-1,211,7,212,-1,212,7,6,-1,212,6,213,-1,213,6,210,-1,214,8,215,-1,215,8,7,-1,215,7,216,-1,216,7,211,-1,217,79,78,-1,8,214,218,-1,8,218,121,-1,121,218,219,-1,121,219,77,-1,77,219,220,-1,77,220,78,-1,78,220,221,-1,78,221,217,-1,46,79,222,-1,222,79,217,-1,222,223,46,-1,46,223,224,-1,46,224,48,-1,48,224,225,-1,48,225,50,-1,50,225,226,-1,50,226,52,-1,52,226,227,-1,52,227,2,-1,228,70,229,-1,229,70,72,-1,229,72,230,-1,230,72,74,-1,230,74,231,-1,231,74,14,-1,231,14,232,-1,232,14,2,-1,232,2,227,-1,228,233,70,-1,70,233,234,-1,70,234,68,-1,66,68,235,-1,235,68,234,-1,235,236,66,-1,66,236,237,-1,66,237,99,-1,99,237,238,-1,99,238,97,-1,238,239,97,-1,97,239,240,-1,97,240,95,-1,95,240,241,-1,95,241,34,-1,34,241,242,-1,34,242,35,-1,35,242,243,-1,35,243,37,-1,37,243,244,-1,37,244,39,-1,39,244,245,-1,39,245,40,-1,40,245,246,-1,40,246,33,-1,33,246,247,-1,33,247,31,-1,31,247,248,-1,31,248,29,-1,29,248,249,-1,29,249,27,-1,27,249,250,-1,27,250,117,-1,117,250,251,-1,117,251,115,-1,252,4,253,-1,253,4,3,-1,253,3,254,-1,254,3,105,-1,254,105,255,-1,255,105,107,-1,255,107,256,-1,256,107,109,-1,256,109,257,-1,257,109,111,-1,257,111,258,-1,258,111,113,-1,258,113,259,-1,259,113,115,-1,259,115,251,-1,21,4,260,-1,260,4,252,-1,21,260,261,-1,21,261,22,-1,22,261,262,-1,22,262,24,-1,24,262,263,-1,24,263,80,-1,80,263,264,-1,80,264,81,-1,81,264,265,-1,81,265,83,-1,265,266,83,-1,83,266,267,-1,83,267,85,-1,85,267,268,-1,85,268,87,-1,268,269,87,-1,87,269,270,-1,87,270,89,-1,270,271,89,-1,89,271,272,-1,89,272,91,-1,91,272,273,-1,91,273,92,-1,92,273,274,-1,92,274,56,-1,56,274,275,-1,56,275,58,-1,58,275,276,-1,58,276,60,-1,60,276,277,-1,60,277,62,-1,64,62,278,-1,278,62,277,-1,64,278,279,-1,64,279,125,-1,125,279,280,-1,125,280,122,-1,122,280,281,-1,122,281,151,-1,151,281,282,-1,151,282,145,-1,145,282,283,-1,145,283,146,-1,146,283,284,-1,146,284,148,-1,148,284,285,-1,148,285,149,-1,149,285,286,-1,149,286,150,-1,150,286,287,-1,150,287,147,-1,147,287,288,-1,147,288,142,-1,142,288,289,-1,142,289,143,-1,143,289,290,-1,143,290,144,-1,144,290,291,-1,144,291,123,-1,123,291,292,-1,123,292,124,-1,124,292,293,-1,124,293,126,-1,126,293,294,-1,126,294,65,-1,65,294,295,-1,65,295,63,-1,61,63,296,-1,296,63,295,-1,61,296,297,-1,61,297,59,-1,59,297,298,-1,59,298,57,-1,57,298,299,-1,57,299,55,-1,55,299,300,-1,55,300,90,-1,90,300,301,-1,90,301,88,-1,88,301,302,-1,88,302,86,-1,86,302,303,-1,86,303,152,-1,120,304,305,-1,120,305,9,-1,9,305,306,-1,9,306,10,-1,10,306,307,-1,10,307,11,-1,11,307,308,-1,11,308,12,-1,12,308,309,-1,12,309,17,-1,17,309,310,-1,17,310,18,-1,18,310,311,-1,18,311,20,-1,20,311,312,-1,20,312,139,-1,139,312,313,-1,139,313,137,-1,137,313,314,-1,137,314,135,-1,135,314,315,-1,135,315,133,-1,133,315,316,-1,133,316,131,-1,131,316,317,-1,131,317,129,-1,129,317,318,-1,129,318,44,-1,44,318,319,-1,44,319,42,-1,42,319,320,-1,42,320,41,-1,41,320,321,-1,41,321,102,-1,102,321,322,-1,102,322,103,-1,103,322,323,-1,103,323,104,-1,104,323,324,-1,104,324,54,-1,54,324,325,-1,54,325,53,-1,53,325,326,-1,53,326,51,-1,51,326,327,-1,51,327,49,-1,49,327,328,-1,49,328,47,-1,47,328,329,-1,47,329,45,-1,45,329,304,-1,45,304,120,-1,
        ]
    }
}
Shape{
    appearance Appearance {
        material  Material 	{
            diffuseColor 0.2235294117647059 0.2235294117647059 0.2235294117647059
            specularColor 0.11372549019607843 0.11372549019607843 0.11372549019607843
            ambientIntensity 0.2235
            transparency 0.0
            shininess 0.5
        }
    }
    geometry IndexedFaceSet {
        ccw TRUE
        solid FALSE
        coord DEF co Coordinate {
            point [
                0.0053 0.8606 0.3046, 0.0028 0.8606 0.3044, 0.0026 0.856 0.3306, -0.0105 0.8581 0.3188, -0.0105 0.8586 0.316, -0.0002 0.8606 0.3047, -0.0032 0.8604 0.3057, -0.0098 0.8575 0.322, -0.0084 0.857 0.3247, -0.0062 0.8566 0.3272, 0.0086 0.8562 0.3292, 0.0135 0.8597 0.3098, 0.0112 0.8601 0.3074, -0.0035 0.8563 0.3291, -0.0004 0.8561 0.3302, 0.015 0.8592 0.3125, 0.0114 0.8566 0.3274, 0.0159 0.8586 0.3156, 0.0056 0.8561 0.3303, 0.0085 0.8604 0.3056, -0.0059 0.8601 0.3075, -0.0081 0.8597 0.3099, -0.0097 0.8591 0.3128, 0.016 0.8581 0.3189, 0.0136 0.857 0.325, 0.0152 0.8575 0.3221
            ]
        }
        coordIndex [
            0,1,2,-1,3,1,4,-1,4,1,5,-1,4,5,6,-1,3,7,1,-1,1,7,8,-1,1,8,9,-1,10,11,12,-1,9,13,1,-1,1,13,14,-1,1,14,2,-1,11,10,15,-1,15,10,16,-1,15,16,17,-1,2,18,0,-1,0,18,10,-1,0,10,19,-1,19,10,12,-1,6,20,4,-1,4,20,21,-1,4,21,22,-1,17,16,23,-1,23,16,24,-1,23,24,25,-1,
        ]
    }
}