ISO-10303-21;
HEADER;
FILE_DESCRIPTION((''),'2;1');
FILE_NAME('PWP0014K_ASM','2023-06-01T07:46:55',('a0412086'),(''),
'CREO PARAMETRIC BY PTC INC, 2018500','CREO PARAMETRIC BY PTC INC, 2018500','');
FILE_SCHEMA(('CONFIG_CONTROL_DESIGN','SHAPE_APPEARANCE_LAYERS_GROUPS'));
ENDSEC;
DATA;
#29=DIRECTION('',(0.E0,0.E0,-1.E0));
#30=VECTOR('',#29,4.667997944025E0);
#31=CARTESIAN_POINT('',(-2.033998972012E0,-5.5E-1,2.333998972012E0));
#32=LINE('',#31,#30);
#33=DRAUGHTING_PRE_DEFINED_CURVE_FONT('continuous');
#34=CURVE_STYLE('',#33,POSITIVE_LENGTH_MEASURE(2.E-2),#3);
#35=PRESENTATION_STYLE_ASSIGNMENT((#34));
#36=STYLED_ITEM('',(#35),#32);
#37=DIRECTION('',(-1.E0,0.E0,0.E0));
#38=VECTOR('',#37,4.067997944025E0);
#39=CARTESIAN_POINT('',(2.033998972012E0,-5.5E-1,2.333998972012E0));
#40=LINE('',#39,#38);
#41=CURVE_STYLE('',#33,POSITIVE_LENGTH_MEASURE(2.E-2),#3);
#42=PRESENTATION_STYLE_ASSIGNMENT((#41));
#43=STYLED_ITEM('',(#42),#40);
#44=DIRECTION('',(0.E0,0.E0,1.E0));
#45=VECTOR('',#44,4.667997944025E0);
#46=CARTESIAN_POINT('',(2.033998972012E0,-5.5E-1,-2.333998972012E0));
#47=LINE('',#46,#45);
#48=CURVE_STYLE('',#33,POSITIVE_LENGTH_MEASURE(2.E-2),#3);
#49=PRESENTATION_STYLE_ASSIGNMENT((#48));
#50=STYLED_ITEM('',(#49),#47);
#51=DIRECTION('',(1.E0,0.E0,0.E0));
#52=VECTOR('',#51,4.067997944025E0);
#53=CARTESIAN_POINT('',(-2.033998972012E0,-5.5E-1,-2.333998972012E0));
#54=LINE('',#53,#52);
#55=CURVE_STYLE('',#33,POSITIVE_LENGTH_MEASURE(2.E-2),#3);
#56=PRESENTATION_STYLE_ASSIGNMENT((#55));
#57=STYLED_ITEM('',(#56),#54);
#58=DIRECTION('',(0.E0,0.E0,1.E0));
#59=VECTOR('',#58,2.24E0);
#60=CARTESIAN_POINT('',(-1.125E0,-5.5E-1,-1.12E0));
#61=LINE('',#60,#59);
#62=CURVE_STYLE('',#33,POSITIVE_LENGTH_MEASURE(2.E-2),#3);
#63=PRESENTATION_STYLE_ASSIGNMENT((#62));
#64=STYLED_ITEM('',(#63),#61);
#65=DIRECTION('',(-1.E0,0.E0,0.E0));
#66=VECTOR('',#65,8.25E-1);
#67=CARTESIAN_POINT('',(-3.E-1,-5.5E-1,-1.12E0));
#68=LINE('',#67,#66);
#69=CURVE_STYLE('',#33,POSITIVE_LENGTH_MEASURE(2.E-2),#3);
#70=PRESENTATION_STYLE_ASSIGNMENT((#69));
#71=STYLED_ITEM('',(#70),#68);
#72=DIRECTION('',(0.E0,0.E0,1.E0));
#73=VECTOR('',#72,1.3E-1);
#74=CARTESIAN_POINT('',(-3.E-1,-5.5E-1,-1.25E0));
#75=LINE('',#74,#73);
#76=CURVE_STYLE('',#33,POSITIVE_LENGTH_MEASURE(2.E-2),#3);
#77=PRESENTATION_STYLE_ASSIGNMENT((#76));
#78=STYLED_ITEM('',(#77),#75);
#79=DIRECTION('',(-1.E0,0.E0,0.E0));
#80=VECTOR('',#79,5.E-2);
#81=CARTESIAN_POINT('',(-2.5E-1,-5.5E-1,-1.25E0));
#82=LINE('',#81,#80);
#83=CURVE_STYLE('',#33,POSITIVE_LENGTH_MEASURE(2.E-2),#3);
#84=PRESENTATION_STYLE_ASSIGNMENT((#83));
#85=STYLED_ITEM('',(#84),#82);
#86=DIRECTION('',(0.E0,0.E0,1.E0));
#87=VECTOR('',#86,1.E-1);
#88=CARTESIAN_POINT('',(-2.5E-1,-5.5E-1,-1.35E0));
#89=LINE('',#88,#87);
#90=CURVE_STYLE('',#33,POSITIVE_LENGTH_MEASURE(2.E-2),#3);
#91=PRESENTATION_STYLE_ASSIGNMENT((#90));
#92=STYLED_ITEM('',(#91),#89);
#93=DIRECTION('',(-1.E0,0.E0,0.E0));
#94=VECTOR('',#93,5.E-2);
#95=CARTESIAN_POINT('',(-2.E-1,-5.5E-1,-1.35E0));
#96=LINE('',#95,#94);
#97=CURVE_STYLE('',#33,POSITIVE_LENGTH_MEASURE(2.E-2),#3);
#98=PRESENTATION_STYLE_ASSIGNMENT((#97));
#99=STYLED_ITEM('',(#98),#96);
#100=DIRECTION('',(0.E0,0.E0,1.E0));
#101=VECTOR('',#100,1.68E-1);
#102=CARTESIAN_POINT('',(-2.E-1,-5.5E-1,-1.518E0));
#103=LINE('',#102,#101);
#104=CURVE_STYLE('',#33,POSITIVE_LENGTH_MEASURE(2.E-2),#3);
#105=PRESENTATION_STYLE_ASSIGNMENT((#104));
#106=STYLED_ITEM('',(#105),#103);
#107=DIRECTION('',(-1.E0,0.E0,0.E0));
#108=VECTOR('',#107,4.E-1);
#109=CARTESIAN_POINT('',(2.E-1,-5.5E-1,-1.518E0));
#110=LINE('',#109,#108);
#111=CURVE_STYLE('',#33,POSITIVE_LENGTH_MEASURE(2.E-2),#3);
#112=PRESENTATION_STYLE_ASSIGNMENT((#111));
#113=STYLED_ITEM('',(#112),#110);
#114=DIRECTION('',(0.E0,0.E0,-1.E0));
#115=VECTOR('',#114,1.68E-1);
#116=CARTESIAN_POINT('',(2.E-1,-5.5E-1,-1.35E0));
#117=LINE('',#116,#115);
#118=CURVE_STYLE('',#33,POSITIVE_LENGTH_MEASURE(2.E-2),#3);
#119=PRESENTATION_STYLE_ASSIGNMENT((#118));
#120=STYLED_ITEM('',(#119),#117);
#121=DIRECTION('',(-1.E0,0.E0,0.E0));
#122=VECTOR('',#121,5.E-2);
#123=CARTESIAN_POINT('',(2.5E-1,-5.5E-1,-1.35E0));
#124=LINE('',#123,#122);
#125=CURVE_STYLE('',#33,POSITIVE_LENGTH_MEASURE(2.E-2),#3);
#126=PRESENTATION_STYLE_ASSIGNMENT((#125));
#127=STYLED_ITEM('',(#126),#124);
#128=DIRECTION('',(0.E0,0.E0,-1.E0));
#129=VECTOR('',#128,1.E-1);
#130=CARTESIAN_POINT('',(2.5E-1,-5.5E-1,-1.25E0));
#131=LINE('',#130,#129);
#132=CURVE_STYLE('',#33,POSITIVE_LENGTH_MEASURE(2.E-2),#3);
#133=PRESENTATION_STYLE_ASSIGNMENT((#132));
#134=STYLED_ITEM('',(#133),#131);
#135=DIRECTION('',(-1.E0,0.E0,0.E0));
#136=VECTOR('',#135,5.E-2);
#137=CARTESIAN_POINT('',(3.E-1,-5.5E-1,-1.25E0));
#138=LINE('',#137,#136);
#139=CURVE_STYLE('',#33,POSITIVE_LENGTH_MEASURE(2.E-2),#3);
#140=PRESENTATION_STYLE_ASSIGNMENT((#139));
#141=STYLED_ITEM('',(#140),#138);
#142=DIRECTION('',(0.E0,0.E0,-1.E0));
#143=VECTOR('',#142,1.3E-1);
#144=CARTESIAN_POINT('',(3.E-1,-5.5E-1,-1.12E0));
#145=LINE('',#144,#143);
#146=CURVE_STYLE('',#33,POSITIVE_LENGTH_MEASURE(2.E-2),#3);
#147=PRESENTATION_STYLE_ASSIGNMENT((#146));
#148=STYLED_ITEM('',(#147),#145);
#149=DIRECTION('',(-1.E0,0.E0,0.E0));
#150=VECTOR('',#149,8.25E-1);
#151=CARTESIAN_POINT('',(1.125E0,-5.5E-1,-1.12E0));
#152=LINE('',#151,#150);
#153=CURVE_STYLE('',#33,POSITIVE_LENGTH_MEASURE(2.E-2),#3);
#154=PRESENTATION_STYLE_ASSIGNMENT((#153));
#155=STYLED_ITEM('',(#154),#152);
#156=DIRECTION('',(0.E0,0.E0,-1.E0));
#157=VECTOR('',#156,2.24E0);
#158=CARTESIAN_POINT('',(1.125E0,-5.5E-1,1.12E0));
#159=LINE('',#158,#157);
#160=CURVE_STYLE('',#33,POSITIVE_LENGTH_MEASURE(2.E-2),#3);
#161=PRESENTATION_STYLE_ASSIGNMENT((#160));
#162=STYLED_ITEM('',(#161),#159);
#163=DIRECTION('',(1.E0,0.E0,0.E0));
#164=VECTOR('',#163,8.25E-1);
#165=CARTESIAN_POINT('',(3.E-1,-5.5E-1,1.12E0));
#166=LINE('',#165,#164);
#167=CURVE_STYLE('',#33,POSITIVE_LENGTH_MEASURE(2.E-2),#3);
#168=PRESENTATION_STYLE_ASSIGNMENT((#167));
#169=STYLED_ITEM('',(#168),#166);
#170=DIRECTION('',(0.E0,0.E0,-1.E0));
#171=VECTOR('',#170,1.3E-1);
#172=CARTESIAN_POINT('',(3.E-1,-5.5E-1,1.25E0));
#173=LINE('',#172,#171);
#174=CURVE_STYLE('',#33,POSITIVE_LENGTH_MEASURE(2.E-2),#3);
#175=PRESENTATION_STYLE_ASSIGNMENT((#174));
#176=STYLED_ITEM('',(#175),#173);
#177=DIRECTION('',(1.E0,0.E0,0.E0));
#178=VECTOR('',#177,5.E-2);
#179=CARTESIAN_POINT('',(2.5E-1,-5.5E-1,1.25E0));
#180=LINE('',#179,#178);
#181=CURVE_STYLE('',#33,POSITIVE_LENGTH_MEASURE(2.E-2),#3);
#182=PRESENTATION_STYLE_ASSIGNMENT((#181));
#183=STYLED_ITEM('',(#182),#180);
#184=DIRECTION('',(0.E0,0.E0,-1.E0));
#185=VECTOR('',#184,1.E-1);
#186=CARTESIAN_POINT('',(2.5E-1,-5.5E-1,1.35E0));
#187=LINE('',#186,#185);
#188=CURVE_STYLE('',#33,POSITIVE_LENGTH_MEASURE(2.E-2),#3);
#189=PRESENTATION_STYLE_ASSIGNMENT((#188));
#190=STYLED_ITEM('',(#189),#187);
#191=DIRECTION('',(1.E0,0.E0,0.E0));
#192=VECTOR('',#191,5.E-2);
#193=CARTESIAN_POINT('',(2.E-1,-5.5E-1,1.35E0));
#194=LINE('',#193,#192);
#195=CURVE_STYLE('',#33,POSITIVE_LENGTH_MEASURE(2.E-2),#3);
#196=PRESENTATION_STYLE_ASSIGNMENT((#195));
#197=STYLED_ITEM('',(#196),#194);
#198=DIRECTION('',(0.E0,0.E0,-1.E0));
#199=VECTOR('',#198,1.68E-1);
#200=CARTESIAN_POINT('',(2.E-1,-5.5E-1,1.518E0));
#201=LINE('',#200,#199);
#202=CURVE_STYLE('',#33,POSITIVE_LENGTH_MEASURE(2.E-2),#3);
#203=PRESENTATION_STYLE_ASSIGNMENT((#202));
#204=STYLED_ITEM('',(#203),#201);
#205=DIRECTION('',(1.E0,0.E0,0.E0));
#206=VECTOR('',#205,4.E-1);
#207=CARTESIAN_POINT('',(-2.E-1,-5.5E-1,1.518E0));
#208=LINE('',#207,#206);
#209=CURVE_STYLE('',#33,POSITIVE_LENGTH_MEASURE(2.E-2),#3);
#210=PRESENTATION_STYLE_ASSIGNMENT((#209));
#211=STYLED_ITEM('',(#210),#208);
#212=DIRECTION('',(0.E0,0.E0,1.E0));
#213=VECTOR('',#212,1.68E-1);
#214=CARTESIAN_POINT('',(-2.E-1,-5.5E-1,1.35E0));
#215=LINE('',#214,#213);
#216=CURVE_STYLE('',#33,POSITIVE_LENGTH_MEASURE(2.E-2),#3);
#217=PRESENTATION_STYLE_ASSIGNMENT((#216));
#218=STYLED_ITEM('',(#217),#215);
#219=DIRECTION('',(1.E0,0.E0,0.E0));
#220=VECTOR('',#219,5.E-2);
#221=CARTESIAN_POINT('',(-2.5E-1,-5.5E-1,1.35E0));
#222=LINE('',#221,#220);
#223=CURVE_STYLE('',#33,POSITIVE_LENGTH_MEASURE(2.E-2),#3);
#224=PRESENTATION_STYLE_ASSIGNMENT((#223));
#225=STYLED_ITEM('',(#224),#222);
#226=DIRECTION('',(0.E0,0.E0,1.E0));
#227=VECTOR('',#226,1.E-1);
#228=CARTESIAN_POINT('',(-2.5E-1,-5.5E-1,1.25E0));
#229=LINE('',#228,#227);
#230=CURVE_STYLE('',#33,POSITIVE_LENGTH_MEASURE(2.E-2),#3);
#231=PRESENTATION_STYLE_ASSIGNMENT((#230));
#232=STYLED_ITEM('',(#231),#229);
#233=DIRECTION('',(1.E0,0.E0,0.E0));
#234=VECTOR('',#233,5.E-2);
#235=CARTESIAN_POINT('',(-3.E-1,-5.5E-1,1.25E0));
#236=LINE('',#235,#234);
#237=CURVE_STYLE('',#33,POSITIVE_LENGTH_MEASURE(2.E-2),#3);
#238=PRESENTATION_STYLE_ASSIGNMENT((#237));
#239=STYLED_ITEM('',(#238),#236);
#240=DIRECTION('',(0.E0,0.E0,1.E0));
#241=VECTOR('',#240,1.3E-1);
#242=CARTESIAN_POINT('',(-3.E-1,-5.5E-1,1.12E0));
#243=LINE('',#242,#241);
#244=CURVE_STYLE('',#33,POSITIVE_LENGTH_MEASURE(2.E-2),#3);
#245=PRESENTATION_STYLE_ASSIGNMENT((#244));
#246=STYLED_ITEM('',(#245),#243);
#247=DIRECTION('',(1.E0,0.E0,0.E0));
#248=VECTOR('',#247,8.25E-1);
#249=CARTESIAN_POINT('',(-1.125E0,-5.5E-1,1.12E0));
#250=LINE('',#249,#248);
#251=CURVE_STYLE('',#33,POSITIVE_LENGTH_MEASURE(2.E-2),#3);
#252=PRESENTATION_STYLE_ASSIGNMENT((#251));
#253=STYLED_ITEM('',(#252),#250);
#254=DIRECTION('',(0.E0,0.E0,-1.E0));
#255=VECTOR('',#254,4.667997944025E0);
#256=CARTESIAN_POINT('',(-2.131813732086E0,-4.707911690818E-1,
2.333998972012E0));
#257=LINE('',#256,#255);
#258=CURVE_STYLE('',#33,POSITIVE_LENGTH_MEASURE(2.E-2),#3);
#259=PRESENTATION_STYLE_ASSIGNMENT((#258));
#260=STYLED_ITEM('',(#259),#257);
#261=DIRECTION('',(2.035585949528E-1,-9.576678948580E-1,2.035585949528E-1));
#262=VECTOR('',#261,3.348563926524E-1);
#263=CARTESIAN_POINT('',(-2.199976628885E0,-1.501099524506E-1,
-2.402161868812E0));
#264=LINE('',#263,#262);
#265=CURVE_STYLE('',#33,POSITIVE_LENGTH_MEASURE(2.E-2),#3);
#266=PRESENTATION_STYLE_ASSIGNMENT((#265));
#267=STYLED_ITEM('',(#266),#264);
#268=CARTESIAN_POINT('',(-2.2E0,-1.5E-1,-2.4E0));
#269=CARTESIAN_POINT('',(-2.2E0,-1.5E-1,-2.400722566200E0));
#270=CARTESIAN_POINT('',(-2.199992169645E0,-1.500368389259E-1,
-2.401443179163E0));
#271=CARTESIAN_POINT('',(-2.199976628885E0,-1.501099524506E-1,
-2.402161868812E0));
#273=CURVE_STYLE('',#33,POSITIVE_LENGTH_MEASURE(2.E-2),#3);
#274=PRESENTATION_STYLE_ASSIGNMENT((#273));
#275=STYLED_ITEM('',(#274),#272);
#276=CARTESIAN_POINT('',(-2.199976628885E0,-1.501099524506E-1,
2.402161868812E0));
#277=CARTESIAN_POINT('',(-2.199992169645E0,-1.500368389259E-1,
2.401443179163E0));
#278=CARTESIAN_POINT('',(-2.2E0,-1.5E-1,2.400722566200E0));
#279=CARTESIAN_POINT('',(-2.2E0,-1.5E-1,2.4E0));
#281=CURVE_STYLE('',#33,POSITIVE_LENGTH_MEASURE(2.E-2),#3);
#282=PRESENTATION_STYLE_ASSIGNMENT((#281));
#283=STYLED_ITEM('',(#282),#280);
#284=DIRECTION('',(2.035585949528E-1,-9.576678948580E-1,-2.035585949528E-1));
#285=VECTOR('',#284,3.348563926524E-1);
#286=CARTESIAN_POINT('',(-2.199976628885E0,-1.501099524506E-1,
2.402161868812E0));
#287=LINE('',#286,#285);
#288=CURVE_STYLE('',#33,POSITIVE_LENGTH_MEASURE(2.E-2),#3);
#289=PRESENTATION_STYLE_ASSIGNMENT((#288));
#290=STYLED_ITEM('',(#289),#287);
#291=DIRECTION('',(-2.035585949528E-1,-9.576678948580E-1,2.035585949528E-1));
#292=VECTOR('',#291,3.348563926524E-1);
#293=CARTESIAN_POINT('',(2.102161868812E0,-1.501099524506E-1,
-2.499976628885E0));
#294=LINE('',#293,#292);
#295=CURVE_STYLE('',#33,POSITIVE_LENGTH_MEASURE(2.E-2),#3);
#296=PRESENTATION_STYLE_ASSIGNMENT((#295));
#297=STYLED_ITEM('',(#296),#294);
#298=CARTESIAN_POINT('',(2.1E0,-1.5E-1,-2.5E0));
#299=CARTESIAN_POINT('',(2.100722566200E0,-1.5E-1,-2.5E0));
#300=CARTESIAN_POINT('',(2.101443179163E0,-1.500368389259E-1,
-2.499992169645E0));
#301=CARTESIAN_POINT('',(2.102161868812E0,-1.501099524506E-1,
-2.499976628885E0));
#303=CURVE_STYLE('',#33,POSITIVE_LENGTH_MEASURE(2.E-2),#3);
#304=PRESENTATION_STYLE_ASSIGNMENT((#303));
#305=STYLED_ITEM('',(#304),#302);
#306=CARTESIAN_POINT('',(-2.102161868812E0,-1.501099524506E-1,
-2.499976628885E0));
#307=CARTESIAN_POINT('',(-2.101443179163E0,-1.500368389259E-1,
-2.499992169645E0));
#308=CARTESIAN_POINT('',(-2.100722566200E0,-1.5E-1,-2.5E0));
#309=CARTESIAN_POINT('',(-2.1E0,-1.5E-1,-2.5E0));
#311=CURVE_STYLE('',#33,POSITIVE_LENGTH_MEASURE(2.E-2),#3);
#312=PRESENTATION_STYLE_ASSIGNMENT((#311));
#313=STYLED_ITEM('',(#312),#310);
#314=DIRECTION('',(2.035585949528E-1,-9.576678948580E-1,2.035585949528E-1));
#315=VECTOR('',#314,3.348563926524E-1);
#316=CARTESIAN_POINT('',(-2.102161868812E0,-1.501099524506E-1,
-2.499976628885E0));
#317=LINE('',#316,#315);
#318=CURVE_STYLE('',#33,POSITIVE_LENGTH_MEASURE(2.E-2),#3);
#319=PRESENTATION_STYLE_ASSIGNMENT((#318));
#320=STYLED_ITEM('',(#319),#317);
#321=DIRECTION('',(1.E0,0.E0,0.E0));
#322=VECTOR('',#321,4.067997944025E0);
#323=CARTESIAN_POINT('',(-2.033998972012E0,-4.707911690818E-1,
-2.431813732086E0));
#324=LINE('',#323,#322);
#325=CURVE_STYLE('',#33,POSITIVE_LENGTH_MEASURE(2.E-2),#3);
#326=PRESENTATION_STYLE_ASSIGNMENT((#325));
#327=STYLED_ITEM('',(#326),#324);
#328=DIRECTION('',(-2.035585949528E-1,-9.576678948580E-1,2.035585949528E-1));
#329=VECTOR('',#328,3.348563926524E-1);
#330=CARTESIAN_POINT('',(2.199976628885E0,-1.501099524506E-1,
-2.402161868812E0));
#331=LINE('',#330,#329);
#332=CURVE_STYLE('',#33,POSITIVE_LENGTH_MEASURE(2.E-2),#3);
#333=PRESENTATION_STYLE_ASSIGNMENT((#332));
#334=STYLED_ITEM('',(#333),#331);
#335=DIRECTION('',(0.E0,0.E0,1.E0));
#336=VECTOR('',#335,4.667997944025E0);
#337=CARTESIAN_POINT('',(2.131813732086E0,-4.707911690818E-1,
-2.333998972012E0));
#338=LINE('',#337,#336);
#339=CURVE_STYLE('',#33,POSITIVE_LENGTH_MEASURE(2.E-2),#3);
#340=PRESENTATION_STYLE_ASSIGNMENT((#339));
#341=STYLED_ITEM('',(#340),#338);
#342=DIRECTION('',(-2.035585949528E-1,-9.576678948580E-1,-2.035585949528E-1));
#343=VECTOR('',#342,3.348563926524E-1);
#344=CARTESIAN_POINT('',(2.199976628885E0,-1.501099524506E-1,2.402161868812E0));
#345=LINE('',#344,#343);
#346=CURVE_STYLE('',#33,POSITIVE_LENGTH_MEASURE(2.E-2),#3);
#347=PRESENTATION_STYLE_ASSIGNMENT((#346));
#348=STYLED_ITEM('',(#347),#345);
#349=CARTESIAN_POINT('',(2.2E0,-1.5E-1,2.4E0));
#350=CARTESIAN_POINT('',(2.2E0,-1.5E-1,2.400722566200E0));
#351=CARTESIAN_POINT('',(2.199992169645E0,-1.500368389259E-1,2.401443179163E0));
#352=CARTESIAN_POINT('',(2.199976628885E0,-1.501099524506E-1,2.402161868812E0));
#354=CURVE_STYLE('',#33,POSITIVE_LENGTH_MEASURE(2.E-2),#3);
#355=PRESENTATION_STYLE_ASSIGNMENT((#354));
#356=STYLED_ITEM('',(#355),#353);
#357=CARTESIAN_POINT('',(2.199976628885E0,-1.501099524506E-1,
-2.402161868812E0));
#358=CARTESIAN_POINT('',(2.199992169645E0,-1.500368389259E-1,
-2.401443179163E0));
#359=CARTESIAN_POINT('',(2.2E0,-1.5E-1,-2.400722566200E0));
#360=CARTESIAN_POINT('',(2.2E0,-1.5E-1,-2.4E0));
#362=CURVE_STYLE('',#33,POSITIVE_LENGTH_MEASURE(2.E-2),#3);
#363=PRESENTATION_STYLE_ASSIGNMENT((#362));
#364=STYLED_ITEM('',(#363),#361);
#365=CARTESIAN_POINT('',(2.033998972012E0,-4.5E-1,2.333998972012E0));
#366=DIRECTION('',(1.E0,0.E0,0.E0));
#367=DIRECTION('',(0.E0,-2.079116908178E-1,9.781476007338E-1));
#368=AXIS2_PLACEMENT_3D('',#365,#366,#367);
#370=CURVE_STYLE('',#33,POSITIVE_LENGTH_MEASURE(2.E-2),#3);
#371=PRESENTATION_STYLE_ASSIGNMENT((#370));
#372=STYLED_ITEM('',(#371),#369);
#373=CARTESIAN_POINT('',(2.033998972012E0,-4.5E-1,2.333998972012E0));
#374=DIRECTION('',(-2.035585949528E-1,-9.576678948580E-1,-2.035585949528E-1));
#375=DIRECTION('',(9.781476007338E-1,-2.079116908178E-1,0.E0));
#376=AXIS2_PLACEMENT_3D('',#373,#374,#375);
#378=CURVE_STYLE('',#33,POSITIVE_LENGTH_MEASURE(2.E-2),#3);
#379=PRESENTATION_STYLE_ASSIGNMENT((#378));
#380=STYLED_ITEM('',(#379),#377);
#381=CARTESIAN_POINT('',(2.033998972012E0,-4.5E-1,2.333998972012E0));
#382=DIRECTION('',(0.E0,0.E0,1.E0));
#383=DIRECTION('',(0.E0,-1.E0,0.E0));
#384=AXIS2_PLACEMENT_3D('',#381,#382,#383);
#386=CURVE_STYLE('',#33,POSITIVE_LENGTH_MEASURE(2.E-2),#3);
#387=PRESENTATION_STYLE_ASSIGNMENT((#386));
#388=STYLED_ITEM('',(#387),#385);
#389=CARTESIAN_POINT('',(-2.033998972012E0,-4.5E-1,2.333998972012E0));
#390=DIRECTION('',(-1.E0,0.E0,0.E0));
#391=DIRECTION('',(0.E0,-1.E0,0.E0));
#392=AXIS2_PLACEMENT_3D('',#389,#390,#391);
#394=CURVE_STYLE('',#33,POSITIVE_LENGTH_MEASURE(2.E-2),#3);
#395=PRESENTATION_STYLE_ASSIGNMENT((#394));
#396=STYLED_ITEM('',(#395),#393);
#397=CARTESIAN_POINT('',(-2.033998972012E0,-4.5E-1,2.333998972012E0));
#398=DIRECTION('',(0.E0,0.E0,1.E0));
#399=DIRECTION('',(-9.781476007338E-1,-2.079116908178E-1,0.E0));
#400=AXIS2_PLACEMENT_3D('',#397,#398,#399);
#402=CURVE_STYLE('',#33,POSITIVE_LENGTH_MEASURE(2.E-2),#3);
#403=PRESENTATION_STYLE_ASSIGNMENT((#402));
#404=STYLED_ITEM('',(#403),#401);
#405=CARTESIAN_POINT('',(-2.033998972012E0,-4.5E-1,2.333998972012E0));
#406=DIRECTION('',(2.035585949528E-1,-9.576678948580E-1,-2.035585949528E-1));
#407=DIRECTION('',(0.E0,-2.079116908178E-1,9.781476007338E-1));
#408=AXIS2_PLACEMENT_3D('',#405,#406,#407);
#410=CURVE_STYLE('',#33,POSITIVE_LENGTH_MEASURE(2.E-2),#3);
#411=PRESENTATION_STYLE_ASSIGNMENT((#410));
#412=STYLED_ITEM('',(#411),#409);
#413=CARTESIAN_POINT('',(-2.102161868812E0,-1.501099524506E-1,
2.499976628885E0));
#414=CARTESIAN_POINT('',(-2.110623505267E0,-1.509707691701E-1,
2.499793656643E0));
#415=CARTESIAN_POINT('',(-2.127513219859E0,-1.524648887998E-1,
2.497273220002E0));
#416=CARTESIAN_POINT('',(-2.151197636601E0,-1.538767279754E-1,
2.487166771938E0));
#417=CARTESIAN_POINT('',(-2.171474915043E0,-1.543535207806E-1,
2.471474915043E0));
#418=CARTESIAN_POINT('',(-2.187166771938E0,-1.538767279754E-1,
2.451197636601E0));
#419=CARTESIAN_POINT('',(-2.197273220002E0,-1.524648887998E-1,
2.427513219859E0));
#420=CARTESIAN_POINT('',(-2.199793656643E0,-1.509707691701E-1,
2.410623505267E0));
#421=CARTESIAN_POINT('',(-2.199976628885E0,-1.501099524506E-1,
2.402161868812E0));
#423=CURVE_STYLE('',#33,POSITIVE_LENGTH_MEASURE(2.E-2),#3);
#424=PRESENTATION_STYLE_ASSIGNMENT((#423));
#425=STYLED_ITEM('',(#424),#422);
#426=CARTESIAN_POINT('',(-2.199976628885E0,1.099524505772E-4,2.402161868812E0));
#427=CARTESIAN_POINT('',(-2.199793656643E0,9.707691701317E-4,2.410623505267E0));
#428=CARTESIAN_POINT('',(-2.197273220002E0,2.464888799839E-3,2.427513219859E0));
#429=CARTESIAN_POINT('',(-2.187166771938E0,3.876727975369E-3,2.451197636601E0));
#430=CARTESIAN_POINT('',(-2.171474915043E0,4.353520780588E-3,2.471474915043E0));
#431=CARTESIAN_POINT('',(-2.151197636601E0,3.876727975369E-3,2.487166771938E0));
#432=CARTESIAN_POINT('',(-2.127513219859E0,2.464888799839E-3,2.497273220002E0));
#433=CARTESIAN_POINT('',(-2.110623505267E0,9.707691701316E-4,2.499793656643E0));
#434=CARTESIAN_POINT('',(-2.102161868812E0,1.099524505770E-4,2.499976628885E0));
#436=CURVE_STYLE('',#33,POSITIVE_LENGTH_MEASURE(2.E-2),#3);
#437=PRESENTATION_STYLE_ASSIGNMENT((#436));
#438=STYLED_ITEM('',(#437),#435);
#439=DIRECTION('',(0.E0,-1.E0,0.E0));
#440=VECTOR('',#439,1.5E-1);
#441=CARTESIAN_POINT('',(2.1E0,0.E0,2.5E0));
#442=LINE('',#441,#440);
#443=CURVE_STYLE('',#33,POSITIVE_LENGTH_MEASURE(2.E-2),#3);
#444=PRESENTATION_STYLE_ASSIGNMENT((#443));
#445=STYLED_ITEM('',(#444),#442);
#446=DIRECTION('',(1.E0,0.E0,0.E0));
#447=VECTOR('',#446,4.2E0);
#448=CARTESIAN_POINT('',(-2.1E0,-1.5E-1,2.5E0));
#449=LINE('',#448,#447);
#450=CURVE_STYLE('',#33,POSITIVE_LENGTH_MEASURE(2.E-2),#3);
#451=PRESENTATION_STYLE_ASSIGNMENT((#450));
#452=STYLED_ITEM('',(#451),#449);
#453=DIRECTION('',(0.E0,-1.E0,0.E0));
#454=VECTOR('',#453,1.5E-1);
#455=CARTESIAN_POINT('',(-2.1E0,0.E0,2.5E0));
#456=LINE('',#455,#454);
#457=CURVE_STYLE('',#33,POSITIVE_LENGTH_MEASURE(2.E-2),#3);
#458=PRESENTATION_STYLE_ASSIGNMENT((#457));
#459=STYLED_ITEM('',(#458),#456);
#460=CARTESIAN_POINT('',(2.199976628885E0,-1.501099524506E-1,2.402161868812E0));
#461=CARTESIAN_POINT('',(2.199793656643E0,-1.509707691701E-1,2.410623505267E0));
#462=CARTESIAN_POINT('',(2.197273220002E0,-1.524648887998E-1,2.427513219859E0));
#463=CARTESIAN_POINT('',(2.187166771938E0,-1.538767279754E-1,2.451197636601E0));
#464=CARTESIAN_POINT('',(2.171474915043E0,-1.543535207806E-1,2.471474915043E0));
#465=CARTESIAN_POINT('',(2.151197636601E0,-1.538767279754E-1,2.487166771938E0));
#466=CARTESIAN_POINT('',(2.127513219859E0,-1.524648887998E-1,2.497273220002E0));
#467=CARTESIAN_POINT('',(2.110623505267E0,-1.509707691701E-1,2.499793656643E0));
#468=CARTESIAN_POINT('',(2.102161868812E0,-1.501099524506E-1,2.499976628885E0));
#470=CURVE_STYLE('',#33,POSITIVE_LENGTH_MEASURE(2.E-2),#3);
#471=PRESENTATION_STYLE_ASSIGNMENT((#470));
#472=STYLED_ITEM('',(#471),#469);
#473=CARTESIAN_POINT('',(2.102161868812E0,1.099524505771E-4,2.499976628885E0));
#474=CARTESIAN_POINT('',(2.110623505267E0,9.707691701318E-4,2.499793656643E0));
#475=CARTESIAN_POINT('',(2.127513219859E0,2.464888799839E-3,2.497273220002E0));
#476=CARTESIAN_POINT('',(2.151197636601E0,3.876727975368E-3,2.487166771938E0));
#477=CARTESIAN_POINT('',(2.171474915043E0,4.353520780586E-3,2.471474915043E0));
#478=CARTESIAN_POINT('',(2.187166771938E0,3.876727975372E-3,2.451197636601E0));
#479=CARTESIAN_POINT('',(2.197273220002E0,2.464888799840E-3,2.427513219859E0));
#480=CARTESIAN_POINT('',(2.199793656643E0,9.707691701324E-4,2.410623505267E0));
#481=CARTESIAN_POINT('',(2.199976628885E0,1.099524505779E-4,2.402161868812E0));
#483=CURVE_STYLE('',#33,POSITIVE_LENGTH_MEASURE(2.E-2),#3);
#484=PRESENTATION_STYLE_ASSIGNMENT((#483));
#485=STYLED_ITEM('',(#484),#482);
#486=DIRECTION('',(0.E0,-1.E0,0.E0));
#487=VECTOR('',#486,1.5E-1);
#488=CARTESIAN_POINT('',(2.2E0,0.E0,-2.4E0));
#489=LINE('',#488,#487);
#490=CURVE_STYLE('',#33,POSITIVE_LENGTH_MEASURE(2.E-2),#3);
#491=PRESENTATION_STYLE_ASSIGNMENT((#490));
#492=STYLED_ITEM('',(#491),#489);
#493=DIRECTION('',(0.E0,0.E0,-1.E0));
#494=VECTOR('',#493,4.8E0);
#495=CARTESIAN_POINT('',(2.2E0,-1.5E-1,2.4E0));
#496=LINE('',#495,#494);
#497=CURVE_STYLE('',#33,POSITIVE_LENGTH_MEASURE(2.E-2),#3);
#498=PRESENTATION_STYLE_ASSIGNMENT((#497));
#499=STYLED_ITEM('',(#498),#496);
#500=DIRECTION('',(0.E0,-1.E0,0.E0));
#501=VECTOR('',#500,1.5E-1);
#502=CARTESIAN_POINT('',(2.2E0,0.E0,2.4E0));
#503=LINE('',#502,#501);
#504=CURVE_STYLE('',#33,POSITIVE_LENGTH_MEASURE(2.E-2),#3);
#505=PRESENTATION_STYLE_ASSIGNMENT((#504));
#506=STYLED_ITEM('',(#505),#503);
#507=CARTESIAN_POINT('',(2.102161868812E0,-1.501099524506E-1,
-2.499976628885E0));
#508=CARTESIAN_POINT('',(2.110623505267E0,-1.509707691701E-1,
-2.499793656643E0));
#509=CARTESIAN_POINT('',(2.127513219859E0,-1.524648887998E-1,
-2.497273220002E0));
#510=CARTESIAN_POINT('',(2.151197636601E0,-1.538767279754E-1,
-2.487166771938E0));
#511=CARTESIAN_POINT('',(2.171474915043E0,-1.543535207806E-1,
-2.471474915043E0));
#512=CARTESIAN_POINT('',(2.187166771938E0,-1.538767279754E-1,
-2.451197636601E0));
#513=CARTESIAN_POINT('',(2.197273220002E0,-1.524648887998E-1,
-2.427513219859E0));
#514=CARTESIAN_POINT('',(2.199793656643E0,-1.509707691701E-1,
-2.410623505267E0));
#515=CARTESIAN_POINT('',(2.199976628885E0,-1.501099524506E-1,
-2.402161868812E0));
#517=CURVE_STYLE('',#33,POSITIVE_LENGTH_MEASURE(2.E-2),#3);
#518=PRESENTATION_STYLE_ASSIGNMENT((#517));
#519=STYLED_ITEM('',(#518),#516);
#520=CARTESIAN_POINT('',(2.199976628885E0,1.099524505772E-4,-2.402161868812E0));
#521=CARTESIAN_POINT('',(2.199793656643E0,9.707691701317E-4,-2.410623505267E0));
#522=CARTESIAN_POINT('',(2.197273220002E0,2.464888799839E-3,-2.427513219859E0));
#523=CARTESIAN_POINT('',(2.187166771938E0,3.876727975369E-3,-2.451197636601E0));
#524=CARTESIAN_POINT('',(2.171474915043E0,4.353520780588E-3,-2.471474915043E0));
#525=CARTESIAN_POINT('',(2.151197636601E0,3.876727975369E-3,-2.487166771938E0));
#526=CARTESIAN_POINT('',(2.127513219859E0,2.464888799839E-3,-2.497273220002E0));
#527=CARTESIAN_POINT('',(2.110623505267E0,9.707691701316E-4,-2.499793656643E0));
#528=CARTESIAN_POINT('',(2.102161868812E0,1.099524505770E-4,-2.499976628885E0));
#530=CURVE_STYLE('',#33,POSITIVE_LENGTH_MEASURE(2.E-2),#3);
#531=PRESENTATION_STYLE_ASSIGNMENT((#530));
#532=STYLED_ITEM('',(#531),#529);
#533=DIRECTION('',(0.E0,-1.E0,0.E0));
#534=VECTOR('',#533,1.5E-1);
#535=CARTESIAN_POINT('',(2.1E0,0.E0,-2.5E0));
#536=LINE('',#535,#534);
#537=CURVE_STYLE('',#33,POSITIVE_LENGTH_MEASURE(2.E-2),#3);
#538=PRESENTATION_STYLE_ASSIGNMENT((#537));
#539=STYLED_ITEM('',(#538),#536);
#540=DIRECTION('',(0.E0,-1.E0,0.E0));
#541=VECTOR('',#540,1.5E-1);
#542=CARTESIAN_POINT('',(-2.1E0,0.E0,-2.5E0));
#543=LINE('',#542,#541);
#544=CURVE_STYLE('',#33,POSITIVE_LENGTH_MEASURE(2.E-2),#3);
#545=PRESENTATION_STYLE_ASSIGNMENT((#544));
#546=STYLED_ITEM('',(#545),#543);
#547=DIRECTION('',(-1.E0,0.E0,0.E0));
#548=VECTOR('',#547,4.2E0);
#549=CARTESIAN_POINT('',(2.1E0,-1.5E-1,-2.5E0));
#550=LINE('',#549,#548);
#551=CURVE_STYLE('',#33,POSITIVE_LENGTH_MEASURE(2.E-2),#3);
#552=PRESENTATION_STYLE_ASSIGNMENT((#551));
#553=STYLED_ITEM('',(#552),#550);
#554=CARTESIAN_POINT('',(2.102161868812E0,1.099524505768E-4,-2.499976628885E0));
#555=CARTESIAN_POINT('',(2.101443179163E0,3.683892593640E-5,-2.499992169645E0));
#556=CARTESIAN_POINT('',(2.100722566200E0,0.E0,-2.5E0));
#557=CARTESIAN_POINT('',(2.1E0,0.E0,-2.5E0));
#559=CURVE_STYLE('',#33,POSITIVE_LENGTH_MEASURE(2.E-2),#3);
#560=PRESENTATION_STYLE_ASSIGNMENT((#559));
#561=STYLED_ITEM('',(#560),#558);
#562=DIRECTION('',(2.035585949528E-1,-9.576678948580E-1,-2.035585949528E-1));
#563=VECTOR('',#562,3.870665588995E-1);
#564=CARTESIAN_POINT('',(2.023371143929E0,3.707911690818E-1,-2.421185904002E0));
#565=LINE('',#564,#563);
#566=CURVE_STYLE('',#33,POSITIVE_LENGTH_MEASURE(2.E-2),#3);
#567=PRESENTATION_STYLE_ASSIGNMENT((#566));
#568=STYLED_ITEM('',(#567),#565);
#569=DIRECTION('',(-1.E0,0.E0,0.E0));
#570=VECTOR('',#569,4.046742287858E0);
#571=CARTESIAN_POINT('',(2.023371143929E0,3.707911690818E-1,-2.421185904002E0));
#572=LINE('',#571,#570);
#573=CURVE_STYLE('',#33,POSITIVE_LENGTH_MEASURE(2.E-2),#3);
#574=PRESENTATION_STYLE_ASSIGNMENT((#573));
#575=STYLED_ITEM('',(#574),#572);
#576=DIRECTION('',(-2.035585949528E-1,-9.576678948580E-1,-2.035585949528E-1));
#577=VECTOR('',#576,3.870665588995E-1);
#578=CARTESIAN_POINT('',(-2.023371143929E0,3.707911690818E-1,
-2.421185904002E0));
#579=LINE('',#578,#577);
#580=CURVE_STYLE('',#33,POSITIVE_LENGTH_MEASURE(2.E-2),#3);
#581=PRESENTATION_STYLE_ASSIGNMENT((#580));
#582=STYLED_ITEM('',(#581),#579);
#583=CARTESIAN_POINT('',(-2.1E0,0.E0,-2.5E0));
#584=CARTESIAN_POINT('',(-2.100722566200E0,0.E0,-2.5E0));
#585=CARTESIAN_POINT('',(-2.101443179163E0,3.683892593643E-5,
-2.499992169645E0));
#586=CARTESIAN_POINT('',(-2.102161868812E0,1.099524505769E-4,
-2.499976628885E0));
#588=CURVE_STYLE('',#33,POSITIVE_LENGTH_MEASURE(2.E-2),#3);
#589=PRESENTATION_STYLE_ASSIGNMENT((#588));
#590=STYLED_ITEM('',(#589),#587);
#591=DIRECTION('',(-1.E0,0.E0,0.E0));
#592=VECTOR('',#591,4.2E0);
#593=CARTESIAN_POINT('',(2.1E0,0.E0,-2.5E0));
#594=LINE('',#593,#592);
#595=CURVE_STYLE('',#33,POSITIVE_LENGTH_MEASURE(2.E-2),#3);
#596=PRESENTATION_STYLE_ASSIGNMENT((#595));
#597=STYLED_ITEM('',(#596),#594);
#598=DIRECTION('',(0.E0,0.E0,-1.E0));
#599=VECTOR('',#598,4.646742287858E0);
#600=CARTESIAN_POINT('',(2.121185904002E0,3.707911690818E-1,2.323371143929E0));
#601=LINE('',#600,#599);
#602=CURVE_STYLE('',#33,POSITIVE_LENGTH_MEASURE(2.E-2),#3);
#603=PRESENTATION_STYLE_ASSIGNMENT((#602));
#604=STYLED_ITEM('',(#603),#601);
#605=DIRECTION('',(2.035585949528E-1,-9.576678948580E-1,-2.035585949528E-1));
#606=VECTOR('',#605,3.870665588995E-1);
#607=CARTESIAN_POINT('',(2.121185904002E0,3.707911690818E-1,-2.323371143929E0));
#608=LINE('',#607,#606);
#609=CURVE_STYLE('',#33,POSITIVE_LENGTH_MEASURE(2.E-2),#3);
#610=PRESENTATION_STYLE_ASSIGNMENT((#609));
#611=STYLED_ITEM('',(#610),#608);
#612=CARTESIAN_POINT('',(2.2E0,0.E0,-2.4E0));
#613=CARTESIAN_POINT('',(2.2E0,0.E0,-2.400722566200E0));
#614=CARTESIAN_POINT('',(2.199992169645E0,3.683892593637E-5,-2.401443179163E0));
#615=CARTESIAN_POINT('',(2.199976628885E0,1.099524505768E-4,-2.402161868812E0));
#617=CURVE_STYLE('',#33,POSITIVE_LENGTH_MEASURE(2.E-2),#3);
#618=PRESENTATION_STYLE_ASSIGNMENT((#617));
#619=STYLED_ITEM('',(#618),#616);
#620=DIRECTION('',(0.E0,0.E0,-1.E0));
#621=VECTOR('',#620,4.8E0);
#622=CARTESIAN_POINT('',(2.2E0,0.E0,2.4E0));
#623=LINE('',#622,#621);
#624=CURVE_STYLE('',#33,POSITIVE_LENGTH_MEASURE(2.E-2),#3);
#625=PRESENTATION_STYLE_ASSIGNMENT((#624));
#626=STYLED_ITEM('',(#625),#623);
#627=CARTESIAN_POINT('',(2.199976628885E0,1.099524505767E-4,2.402161868812E0));
#628=CARTESIAN_POINT('',(2.199992169645E0,3.683892593635E-5,2.401443179163E0));
#629=CARTESIAN_POINT('',(2.2E0,0.E0,2.400722566200E0));
#630=CARTESIAN_POINT('',(2.2E0,0.E0,2.4E0));
#632=CURVE_STYLE('',#33,POSITIVE_LENGTH_MEASURE(2.E-2),#3);
#633=PRESENTATION_STYLE_ASSIGNMENT((#632));
#634=STYLED_ITEM('',(#633),#631);
#635=DIRECTION('',(2.035585949528E-1,-9.576678948580E-1,2.035585949528E-1));
#636=VECTOR('',#635,3.870665588995E-1);
#637=CARTESIAN_POINT('',(2.121185904002E0,3.707911690818E-1,2.323371143929E0));
#638=LINE('',#637,#636);
#639=CURVE_STYLE('',#33,POSITIVE_LENGTH_MEASURE(2.E-2),#3);
#640=PRESENTATION_STYLE_ASSIGNMENT((#639));
#641=STYLED_ITEM('',(#640),#638);
#642=CARTESIAN_POINT('',(2.023371143929E0,3.5E-1,2.323371143929E0));
#643=DIRECTION('',(1.E0,0.E0,0.E0));
#644=DIRECTION('',(0.E0,1.E0,0.E0));
#645=AXIS2_PLACEMENT_3D('',#642,#643,#644);
#647=CURVE_STYLE('',#33,POSITIVE_LENGTH_MEASURE(2.E-2),#3);
#648=PRESENTATION_STYLE_ASSIGNMENT((#647));
#649=STYLED_ITEM('',(#648),#646);
#650=CARTESIAN_POINT('',(2.023371143929E0,3.5E-1,2.323371143929E0));
#651=DIRECTION('',(0.E0,0.E0,1.E0));
#652=DIRECTION('',(9.781476007338E-1,2.079116908178E-1,0.E0));
#653=AXIS2_PLACEMENT_3D('',#650,#651,#652);
#655=CURVE_STYLE('',#33,POSITIVE_LENGTH_MEASURE(2.E-2),#3);
#656=PRESENTATION_STYLE_ASSIGNMENT((#655));
#657=STYLED_ITEM('',(#656),#654);
#658=CARTESIAN_POINT('',(2.023371143929E0,3.5E-1,2.323371143929E0));
#659=DIRECTION('',(-2.035585949528E-1,9.576678948580E-1,-2.035585949528E-1));
#660=DIRECTION('',(0.E0,2.079116908178E-1,9.781476007338E-1));
#661=AXIS2_PLACEMENT_3D('',#658,#659,#660);
#663=CURVE_STYLE('',#33,POSITIVE_LENGTH_MEASURE(2.E-2),#3);
#664=PRESENTATION_STYLE_ASSIGNMENT((#663));
#665=STYLED_ITEM('',(#664),#662);
#666=CARTESIAN_POINT('',(2.1E0,0.E0,2.5E0));
#667=CARTESIAN_POINT('',(2.100722566200E0,0.E0,2.5E0));
#668=CARTESIAN_POINT('',(2.101443179163E0,3.683892593643E-5,2.499992169645E0));
#669=CARTESIAN_POINT('',(2.102161868812E0,1.099524505769E-4,2.499976628885E0));
#671=CURVE_STYLE('',#33,POSITIVE_LENGTH_MEASURE(2.E-2),#3);
#672=PRESENTATION_STYLE_ASSIGNMENT((#671));
#673=STYLED_ITEM('',(#672),#670);
#674=DIRECTION('',(1.E0,0.E0,0.E0));
#675=VECTOR('',#674,4.2E0);
#676=CARTESIAN_POINT('',(-2.1E0,0.E0,2.5E0));
#677=LINE('',#676,#675);
#678=CURVE_STYLE('',#33,POSITIVE_LENGTH_MEASURE(2.E-2),#3);
#679=PRESENTATION_STYLE_ASSIGNMENT((#678));
#680=STYLED_ITEM('',(#679),#677);
#681=CARTESIAN_POINT('',(-2.102161868812E0,1.099524505768E-4,2.499976628885E0));
#682=CARTESIAN_POINT('',(-2.101443179163E0,3.683892593640E-5,2.499992169645E0));
#683=CARTESIAN_POINT('',(-2.100722566200E0,0.E0,2.5E0));
#684=CARTESIAN_POINT('',(-2.1E0,0.E0,2.5E0));
#686=CURVE_STYLE('',#33,POSITIVE_LENGTH_MEASURE(2.E-2),#3);
#687=PRESENTATION_STYLE_ASSIGNMENT((#686));
#688=STYLED_ITEM('',(#687),#685);
#689=DIRECTION('',(-2.035585949528E-1,-9.576678948580E-1,2.035585949528E-1));
#690=VECTOR('',#689,3.870665588995E-1);
#691=CARTESIAN_POINT('',(-2.023371143929E0,3.707911690818E-1,2.421185904002E0));
#692=LINE('',#691,#690);
#693=CURVE_STYLE('',#33,POSITIVE_LENGTH_MEASURE(2.E-2),#3);
#694=PRESENTATION_STYLE_ASSIGNMENT((#693));
#695=STYLED_ITEM('',(#694),#692);
#696=DIRECTION('',(1.E0,0.E0,0.E0));
#697=VECTOR('',#696,4.046742287858E0);
#698=CARTESIAN_POINT('',(-2.023371143929E0,3.707911690818E-1,2.421185904002E0));
#699=LINE('',#698,#697);
#700=CURVE_STYLE('',#33,POSITIVE_LENGTH_MEASURE(2.E-2),#3);
#701=PRESENTATION_STYLE_ASSIGNMENT((#700));
#702=STYLED_ITEM('',(#701),#699);
#703=DIRECTION('',(2.035585949528E-1,-9.576678948580E-1,2.035585949528E-1));
#704=VECTOR('',#703,3.870665588995E-1);
#705=CARTESIAN_POINT('',(2.023371143929E0,3.707911690818E-1,2.421185904002E0));
#706=LINE('',#705,#704);
#707=CURVE_STYLE('',#33,POSITIVE_LENGTH_MEASURE(2.E-2),#3);
#708=PRESENTATION_STYLE_ASSIGNMENT((#707));
#709=STYLED_ITEM('',(#708),#706);
#710=DIRECTION('',(0.E0,0.E0,1.E0));
#711=VECTOR('',#710,4.646742287858E0);
#712=CARTESIAN_POINT('',(-2.121185904002E0,3.707911690818E-1,
-2.323371143929E0));
#713=LINE('',#712,#711);
#714=CURVE_STYLE('',#33,POSITIVE_LENGTH_MEASURE(2.E-2),#3);
#715=PRESENTATION_STYLE_ASSIGNMENT((#714));
#716=STYLED_ITEM('',(#715),#713);
#717=DIRECTION('',(-2.035585949528E-1,-9.576678948580E-1,2.035585949528E-1));
#718=VECTOR('',#717,3.870665588995E-1);
#719=CARTESIAN_POINT('',(-2.121185904002E0,3.707911690818E-1,2.323371143929E0));
#720=LINE('',#719,#718);
#721=CURVE_STYLE('',#33,POSITIVE_LENGTH_MEASURE(2.E-2),#3);
#722=PRESENTATION_STYLE_ASSIGNMENT((#721));
#723=STYLED_ITEM('',(#722),#720);
#724=CARTESIAN_POINT('',(-2.2E0,0.E0,2.4E0));
#725=CARTESIAN_POINT('',(-2.2E0,0.E0,2.400722566200E0));
#726=CARTESIAN_POINT('',(-2.199992169645E0,3.683892593637E-5,2.401443179163E0));
#727=CARTESIAN_POINT('',(-2.199976628885E0,1.099524505768E-4,2.402161868812E0));
#729=CURVE_STYLE('',#33,POSITIVE_LENGTH_MEASURE(2.E-2),#3);
#730=PRESENTATION_STYLE_ASSIGNMENT((#729));
#731=STYLED_ITEM('',(#730),#728);
#732=DIRECTION('',(0.E0,0.E0,1.E0));
#733=VECTOR('',#732,4.8E0);
#734=CARTESIAN_POINT('',(-2.2E0,0.E0,-2.4E0));
#735=LINE('',#734,#733);
#736=CURVE_STYLE('',#33,POSITIVE_LENGTH_MEASURE(2.E-2),#3);
#737=PRESENTATION_STYLE_ASSIGNMENT((#736));
#738=STYLED_ITEM('',(#737),#735);
#739=CARTESIAN_POINT('',(-2.199976628885E0,1.099524505768E-4,
-2.402161868812E0));
#740=CARTESIAN_POINT('',(-2.199992169645E0,3.683892593636E-5,
-2.401443179163E0));
#741=CARTESIAN_POINT('',(-2.2E0,0.E0,-2.400722566200E0));
#742=CARTESIAN_POINT('',(-2.2E0,0.E0,-2.4E0));
#744=CURVE_STYLE('',#33,POSITIVE_LENGTH_MEASURE(2.E-2),#3);
#745=PRESENTATION_STYLE_ASSIGNMENT((#744));
#746=STYLED_ITEM('',(#745),#743);
#747=DIRECTION('',(-2.035585949528E-1,-9.576678948580E-1,-2.035585949528E-1));
#748=VECTOR('',#747,3.870665588995E-1);
#749=CARTESIAN_POINT('',(-2.121185904002E0,3.707911690818E-1,
-2.323371143929E0));
#750=LINE('',#749,#748);
#751=CURVE_STYLE('',#33,POSITIVE_LENGTH_MEASURE(2.E-2),#3);
#752=PRESENTATION_STYLE_ASSIGNMENT((#751));
#753=STYLED_ITEM('',(#752),#750);
#754=CARTESIAN_POINT('',(-2.023371143929E0,3.5E-1,-2.323371143929E0));
#755=DIRECTION('',(2.035585949528E-1,9.576678948580E-1,2.035585949528E-1));
#756=DIRECTION('',(0.E0,2.079116908178E-1,-9.781476007338E-1));
#757=AXIS2_PLACEMENT_3D('',#754,#755,#756);
#759=CURVE_STYLE('',#33,POSITIVE_LENGTH_MEASURE(2.E-2),#3);
#760=PRESENTATION_STYLE_ASSIGNMENT((#759));
#761=STYLED_ITEM('',(#760),#758);
#762=CARTESIAN_POINT('',(-2.023371143929E0,3.5E-1,-2.323371143929E0));
#763=DIRECTION('',(-1.E0,0.E0,0.E0));
#764=DIRECTION('',(0.E0,1.E0,0.E0));
#765=AXIS2_PLACEMENT_3D('',#762,#763,#764);
#767=CURVE_STYLE('',#33,POSITIVE_LENGTH_MEASURE(2.E-2),#3);
#768=PRESENTATION_STYLE_ASSIGNMENT((#767));
#769=STYLED_ITEM('',(#768),#766);
#770=CARTESIAN_POINT('',(-2.023371143929E0,3.5E-1,-2.323371143929E0));
#771=DIRECTION('',(0.E0,0.E0,-1.E0));
#772=DIRECTION('',(-9.781476007338E-1,2.079116908178E-1,0.E0));
#773=AXIS2_PLACEMENT_3D('',#770,#771,#772);
#775=CURVE_STYLE('',#33,POSITIVE_LENGTH_MEASURE(2.E-2),#3);
#776=PRESENTATION_STYLE_ASSIGNMENT((#775));
#777=STYLED_ITEM('',(#776),#774);
#778=CARTESIAN_POINT('',(-2.199976628885E0,-1.501099524506E-1,
-2.402161868812E0));
#779=CARTESIAN_POINT('',(-2.199793656643E0,-1.509707691701E-1,
-2.410623505267E0));
#780=CARTESIAN_POINT('',(-2.197273220002E0,-1.524648887998E-1,
-2.427513219859E0));
#781=CARTESIAN_POINT('',(-2.187166771938E0,-1.538767279754E-1,
-2.451197636601E0));
#782=CARTESIAN_POINT('',(-2.171474915043E0,-1.543535207806E-1,
-2.471474915043E0));
#783=CARTESIAN_POINT('',(-2.151197636601E0,-1.538767279754E-1,
-2.487166771938E0));
#784=CARTESIAN_POINT('',(-2.127513219859E0,-1.524648887998E-1,
-2.497273220002E0));
#785=CARTESIAN_POINT('',(-2.110623505267E0,-1.509707691701E-1,
-2.499793656643E0));
#786=CARTESIAN_POINT('',(-2.102161868812E0,-1.501099524506E-1,
-2.499976628885E0));
#788=CURVE_STYLE('',#33,POSITIVE_LENGTH_MEASURE(2.E-2),#3);
#789=PRESENTATION_STYLE_ASSIGNMENT((#788));
#790=STYLED_ITEM('',(#789),#787);
#791=CARTESIAN_POINT('',(-2.102161868812E0,1.099524505763E-4,
-2.499976628885E0));
#792=CARTESIAN_POINT('',(-2.110623505267E0,9.707691701310E-4,
-2.499793656643E0));
#793=CARTESIAN_POINT('',(-2.127513219859E0,2.464888799839E-3,
-2.497273220002E0));
#794=CARTESIAN_POINT('',(-2.151197636601E0,3.876727975368E-3,
-2.487166771938E0));
#795=CARTESIAN_POINT('',(-2.171474915043E0,4.353520780586E-3,
-2.471474915043E0));
#796=CARTESIAN_POINT('',(-2.187166771938E0,3.876727975369E-3,
-2.451197636601E0));
#797=CARTESIAN_POINT('',(-2.197273220002E0,2.464888799841E-3,
-2.427513219859E0));
#798=CARTESIAN_POINT('',(-2.199793656643E0,9.707691701322E-4,
-2.410623505267E0));
#799=CARTESIAN_POINT('',(-2.199976628885E0,1.099524505777E-4,
-2.402161868812E0));
#801=CURVE_STYLE('',#33,POSITIVE_LENGTH_MEASURE(2.E-2),#3);
#802=PRESENTATION_STYLE_ASSIGNMENT((#801));
#803=STYLED_ITEM('',(#802),#800);
#804=DIRECTION('',(0.E0,-1.E0,0.E0));
#805=VECTOR('',#804,1.5E-1);
#806=CARTESIAN_POINT('',(-2.2E0,0.E0,-2.4E0));
#807=LINE('',#806,#805);
#808=CURVE_STYLE('',#33,POSITIVE_LENGTH_MEASURE(2.E-2),#3);
#809=PRESENTATION_STYLE_ASSIGNMENT((#808));
#810=STYLED_ITEM('',(#809),#807);
#811=DIRECTION('',(0.E0,-1.E0,0.E0));
#812=VECTOR('',#811,1.5E-1);
#813=CARTESIAN_POINT('',(-2.2E0,0.E0,2.4E0));
#814=LINE('',#813,#812);
#815=CURVE_STYLE('',#33,POSITIVE_LENGTH_MEASURE(2.E-2),#3);
#816=PRESENTATION_STYLE_ASSIGNMENT((#815));
#817=STYLED_ITEM('',(#816),#814);
#818=DIRECTION('',(0.E0,0.E0,1.E0));
#819=VECTOR('',#818,4.8E0);
#820=CARTESIAN_POINT('',(-2.2E0,-1.5E-1,-2.4E0));
#821=LINE('',#820,#819);
#822=CURVE_STYLE('',#33,POSITIVE_LENGTH_MEASURE(2.E-2),#3);
#823=PRESENTATION_STYLE_ASSIGNMENT((#822));
#824=STYLED_ITEM('',(#823),#821);
#825=CARTESIAN_POINT('',(-1.4E0,4.5E-1,-1.7E0));
#826=DIRECTION('',(0.E0,-1.E0,0.E0));
#827=DIRECTION('',(1.E0,0.E0,0.E0));
#828=AXIS2_PLACEMENT_3D('',#825,#826,#827);
#830=CURVE_STYLE('',#33,POSITIVE_LENGTH_MEASURE(2.E-2),#3);
#831=PRESENTATION_STYLE_ASSIGNMENT((#830));
#832=STYLED_ITEM('',(#831),#829);
#833=CARTESIAN_POINT('',(-1.4E0,4.5E-1,-1.7E0));
#834=DIRECTION('',(0.E0,-1.E0,0.E0));
#835=DIRECTION('',(-1.E0,0.E0,0.E0));
#836=AXIS2_PLACEMENT_3D('',#833,#834,#835);
#838=CURVE_STYLE('',#33,POSITIVE_LENGTH_MEASURE(2.E-2),#3);
#839=PRESENTATION_STYLE_ASSIGNMENT((#838));
#840=STYLED_ITEM('',(#839),#837);
#841=DIRECTION('',(0.E0,0.E0,1.E0));
#842=VECTOR('',#841,4.646742287858E0);
#843=CARTESIAN_POINT('',(-2.023371143929E0,4.5E-1,-2.323371143929E0));
#844=LINE('',#843,#842);
#845=CURVE_STYLE('',#33,POSITIVE_LENGTH_MEASURE(2.E-2),#3);
#846=PRESENTATION_STYLE_ASSIGNMENT((#845));
#847=STYLED_ITEM('',(#846),#844);
#848=DIRECTION('',(-1.E0,0.E0,0.E0));
#849=VECTOR('',#848,4.046742287858E0);
#850=CARTESIAN_POINT('',(2.023371143929E0,4.5E-1,-2.323371143929E0));
#851=LINE('',#850,#849);
#852=CURVE_STYLE('',#33,POSITIVE_LENGTH_MEASURE(2.E-2),#3);
#853=PRESENTATION_STYLE_ASSIGNMENT((#852));
#854=STYLED_ITEM('',(#853),#851);
#855=DIRECTION('',(0.E0,0.E0,-1.E0));
#856=VECTOR('',#855,4.646742287858E0);
#857=CARTESIAN_POINT('',(2.023371143929E0,4.5E-1,2.323371143929E0));
#858=LINE('',#857,#856);
#859=CURVE_STYLE('',#33,POSITIVE_LENGTH_MEASURE(2.E-2),#3);
#860=PRESENTATION_STYLE_ASSIGNMENT((#859));
#861=STYLED_ITEM('',(#860),#858);
#862=DIRECTION('',(1.E0,0.E0,0.E0));
#863=VECTOR('',#862,4.046742287858E0);
#864=CARTESIAN_POINT('',(-2.023371143929E0,4.5E-1,2.323371143929E0));
#865=LINE('',#864,#863);
#866=CURVE_STYLE('',#33,POSITIVE_LENGTH_MEASURE(2.E-2),#3);
#867=PRESENTATION_STYLE_ASSIGNMENT((#866));
#868=STYLED_ITEM('',(#867),#865);
#869=DIRECTION('',(0.E0,-1.E0,0.E0));
#870=VECTOR('',#869,5.E-2);
#871=CARTESIAN_POINT('',(-1.E0,4.5E-1,-1.7E0));
#872=LINE('',#871,#870);
#873=CURVE_STYLE('',#33,POSITIVE_LENGTH_MEASURE(2.E-2),#3);
#874=PRESENTATION_STYLE_ASSIGNMENT((#873));
#875=STYLED_ITEM('',(#874),#872);
#876=DIRECTION('',(0.E0,-1.E0,0.E0));
#877=VECTOR('',#876,5.E-2);
#878=CARTESIAN_POINT('',(-1.8E0,4.5E-1,-1.7E0));
#879=LINE('',#878,#877);
#880=CURVE_STYLE('',#33,POSITIVE_LENGTH_MEASURE(2.E-2),#3);
#881=PRESENTATION_STYLE_ASSIGNMENT((#880));
#882=STYLED_ITEM('',(#881),#879);
#883=CARTESIAN_POINT('',(-1.4E0,4.E-1,-1.7E0));
#884=DIRECTION('',(0.E0,-1.E0,0.E0));
#885=DIRECTION('',(1.E0,0.E0,0.E0));
#886=AXIS2_PLACEMENT_3D('',#883,#884,#885);
#888=CURVE_STYLE('',#33,POSITIVE_LENGTH_MEASURE(2.E-2),#3);
#889=PRESENTATION_STYLE_ASSIGNMENT((#888));
#890=STYLED_ITEM('',(#889),#887);
#891=CARTESIAN_POINT('',(-1.4E0,4.E-1,-1.7E0));
#892=DIRECTION('',(0.E0,-1.E0,0.E0));
#893=DIRECTION('',(-1.E0,0.E0,0.E0));
#894=AXIS2_PLACEMENT_3D('',#891,#892,#893);
#896=CURVE_STYLE('',#33,POSITIVE_LENGTH_MEASURE(2.E-2),#3);
#897=PRESENTATION_STYLE_ASSIGNMENT((#896));
#898=STYLED_ITEM('',(#897),#895);
#899=CARTESIAN_POINT('',(2.023371143929E0,3.5E-1,-2.323371143929E0));
#900=DIRECTION('',(1.E0,0.E0,0.E0));
#901=DIRECTION('',(0.E0,2.079116908178E-1,-9.781476007338E-1));
#902=AXIS2_PLACEMENT_3D('',#899,#900,#901);
#904=CURVE_STYLE('',#33,POSITIVE_LENGTH_MEASURE(2.E-2),#3);
#905=PRESENTATION_STYLE_ASSIGNMENT((#904));
#906=STYLED_ITEM('',(#905),#903);
#907=CARTESIAN_POINT('',(2.023371143929E0,3.5E-1,-2.323371143929E0));
#908=DIRECTION('',(-2.035585949528E-1,9.576678948580E-1,2.035585949528E-1));
#909=DIRECTION('',(9.781476007338E-1,2.079116908178E-1,0.E0));
#910=AXIS2_PLACEMENT_3D('',#907,#908,#909);
#912=CURVE_STYLE('',#33,POSITIVE_LENGTH_MEASURE(2.E-2),#3);
#913=PRESENTATION_STYLE_ASSIGNMENT((#912));
#914=STYLED_ITEM('',(#913),#911);
#915=CARTESIAN_POINT('',(2.023371143929E0,3.5E-1,-2.323371143929E0));
#916=DIRECTION('',(0.E0,0.E0,-1.E0));
#917=DIRECTION('',(0.E0,1.E0,0.E0));
#918=AXIS2_PLACEMENT_3D('',#915,#916,#917);
#920=CURVE_STYLE('',#33,POSITIVE_LENGTH_MEASURE(2.E-2),#3);
#921=PRESENTATION_STYLE_ASSIGNMENT((#920));
#922=STYLED_ITEM('',(#921),#919);
#923=CARTESIAN_POINT('',(-2.023371143929E0,3.5E-1,2.323371143929E0));
#924=DIRECTION('',(2.035585949528E-1,9.576678948580E-1,-2.035585949528E-1));
#925=DIRECTION('',(-9.781476007338E-1,2.079116908178E-1,0.E0));
#926=AXIS2_PLACEMENT_3D('',#923,#924,#925);
#928=CURVE_STYLE('',#33,POSITIVE_LENGTH_MEASURE(2.E-2),#3);
#929=PRESENTATION_STYLE_ASSIGNMENT((#928));
#930=STYLED_ITEM('',(#929),#927);
#931=CARTESIAN_POINT('',(-2.023371143929E0,3.5E-1,2.323371143929E0));
#932=DIRECTION('',(0.E0,0.E0,1.E0));
#933=DIRECTION('',(0.E0,1.E0,0.E0));
#934=AXIS2_PLACEMENT_3D('',#931,#932,#933);
#936=CURVE_STYLE('',#33,POSITIVE_LENGTH_MEASURE(2.E-2),#3);
#937=PRESENTATION_STYLE_ASSIGNMENT((#936));
#938=STYLED_ITEM('',(#937),#935);
#939=CARTESIAN_POINT('',(-2.023371143929E0,3.5E-1,2.323371143929E0));
#940=DIRECTION('',(-1.E0,0.E0,0.E0));
#941=DIRECTION('',(0.E0,2.079116908178E-1,9.781476007338E-1));
#942=AXIS2_PLACEMENT_3D('',#939,#940,#941);
#944=CURVE_STYLE('',#33,POSITIVE_LENGTH_MEASURE(2.E-2),#3);
#945=PRESENTATION_STYLE_ASSIGNMENT((#944));
#946=STYLED_ITEM('',(#945),#943);
#947=DIRECTION('',(-2.035585949528E-1,-9.576678948580E-1,-2.035585949528E-1));
#948=VECTOR('',#947,3.348563926524E-1);
#949=CARTESIAN_POINT('',(2.102161868812E0,-1.501099524506E-1,2.499976628885E0));
#950=LINE('',#949,#948);
#951=CURVE_STYLE('',#33,POSITIVE_LENGTH_MEASURE(2.E-2),#3);
#952=PRESENTATION_STYLE_ASSIGNMENT((#951));
#953=STYLED_ITEM('',(#952),#950);
#954=DIRECTION('',(-1.E0,0.E0,0.E0));
#955=VECTOR('',#954,4.067997944025E0);
#956=CARTESIAN_POINT('',(2.033998972012E0,-4.707911690818E-1,2.431813732086E0));
#957=LINE('',#956,#955);
#958=CURVE_STYLE('',#33,POSITIVE_LENGTH_MEASURE(2.E-2),#3);
#959=PRESENTATION_STYLE_ASSIGNMENT((#958));
#960=STYLED_ITEM('',(#959),#957);
#961=DIRECTION('',(2.035585949528E-1,-9.576678948580E-1,-2.035585949528E-1));
#962=VECTOR('',#961,3.348563926524E-1);
#963=CARTESIAN_POINT('',(-2.102161868812E0,-1.501099524506E-1,
2.499976628885E0));
#964=LINE('',#963,#962);
#965=CURVE_STYLE('',#33,POSITIVE_LENGTH_MEASURE(2.E-2),#3);
#966=PRESENTATION_STYLE_ASSIGNMENT((#965));
#967=STYLED_ITEM('',(#966),#964);
#968=CARTESIAN_POINT('',(-2.1E0,-1.5E-1,2.5E0));
#969=CARTESIAN_POINT('',(-2.100722566200E0,-1.5E-1,2.5E0));
#970=CARTESIAN_POINT('',(-2.101443179163E0,-1.500368389259E-1,
2.499992169645E0));
#971=CARTESIAN_POINT('',(-2.102161868812E0,-1.501099524506E-1,
2.499976628885E0));
#973=CURVE_STYLE('',#33,POSITIVE_LENGTH_MEASURE(2.E-2),#3);
#974=PRESENTATION_STYLE_ASSIGNMENT((#973));
#975=STYLED_ITEM('',(#974),#972);
#976=CARTESIAN_POINT('',(2.102161868812E0,-1.501099524506E-1,2.499976628885E0));
#977=CARTESIAN_POINT('',(2.101443179163E0,-1.500368389259E-1,2.499992169645E0));
#978=CARTESIAN_POINT('',(2.100722566200E0,-1.5E-1,2.5E0));
#979=CARTESIAN_POINT('',(2.1E0,-1.5E-1,2.5E0));
#981=CURVE_STYLE('',#33,POSITIVE_LENGTH_MEASURE(2.E-2),#3);
#982=PRESENTATION_STYLE_ASSIGNMENT((#981));
#983=STYLED_ITEM('',(#982),#980);
#984=CARTESIAN_POINT('',(2.033998972012E0,-4.5E-1,-2.333998972012E0));
#985=DIRECTION('',(0.E0,0.E0,-1.E0));
#986=DIRECTION('',(9.781476007338E-1,-2.079116908178E-1,0.E0));
#987=AXIS2_PLACEMENT_3D('',#984,#985,#986);
#989=CURVE_STYLE('',#33,POSITIVE_LENGTH_MEASURE(2.E-2),#3);
#990=PRESENTATION_STYLE_ASSIGNMENT((#989));
#991=STYLED_ITEM('',(#990),#988);
#992=CARTESIAN_POINT('',(2.033998972012E0,-4.5E-1,-2.333998972012E0));
#993=DIRECTION('',(-2.035585949528E-1,-9.576678948580E-1,2.035585949528E-1));
#994=DIRECTION('',(0.E0,-2.079116908178E-1,-9.781476007338E-1));
#995=AXIS2_PLACEMENT_3D('',#992,#993,#994);
#997=CURVE_STYLE('',#33,POSITIVE_LENGTH_MEASURE(2.E-2),#3);
#998=PRESENTATION_STYLE_ASSIGNMENT((#997));
#999=STYLED_ITEM('',(#998),#996);
#1000=CARTESIAN_POINT('',(2.033998972012E0,-4.5E-1,-2.333998972012E0));
#1001=DIRECTION('',(1.E0,0.E0,0.E0));
#1002=DIRECTION('',(0.E0,-1.E0,0.E0));
#1003=AXIS2_PLACEMENT_3D('',#1000,#1001,#1002);
#1005=CURVE_STYLE('',#33,POSITIVE_LENGTH_MEASURE(2.E-2),#3);
#1006=PRESENTATION_STYLE_ASSIGNMENT((#1005));
#1007=STYLED_ITEM('',(#1006),#1004);
#1008=CARTESIAN_POINT('',(-2.033998972012E0,-4.5E-1,-2.333998972012E0));
#1009=DIRECTION('',(-1.E0,0.E0,0.E0));
#1010=DIRECTION('',(0.E0,-2.079116908178E-1,-9.781476007338E-1));
#1011=AXIS2_PLACEMENT_3D('',#1008,#1009,#1010);
#1013=CURVE_STYLE('',#33,POSITIVE_LENGTH_MEASURE(2.E-2),#3);
#1014=PRESENTATION_STYLE_ASSIGNMENT((#1013));
#1015=STYLED_ITEM('',(#1014),#1012);
#1016=CARTESIAN_POINT('',(-2.033998972012E0,-4.5E-1,-2.333998972012E0));
#1017=DIRECTION('',(2.035585949528E-1,-9.576678948580E-1,2.035585949528E-1));
#1018=DIRECTION('',(-9.781476007338E-1,-2.079116908178E-1,0.E0));
#1019=AXIS2_PLACEMENT_3D('',#1016,#1017,#1018);
#1021=CURVE_STYLE('',#33,POSITIVE_LENGTH_MEASURE(2.E-2),#3);
#1022=PRESENTATION_STYLE_ASSIGNMENT((#1021));
#1023=STYLED_ITEM('',(#1022),#1020);
#1024=CARTESIAN_POINT('',(-2.033998972012E0,-4.5E-1,-2.333998972012E0));
#1025=DIRECTION('',(0.E0,0.E0,-1.E0));
#1026=DIRECTION('',(0.E0,-1.E0,0.E0));
#1027=AXIS2_PLACEMENT_3D('',#1024,#1025,#1026);
#1029=CURVE_STYLE('',#33,POSITIVE_LENGTH_MEASURE(2.E-2),#3);
#1030=PRESENTATION_STYLE_ASSIGNMENT((#1029));
#1031=STYLED_ITEM('',(#1030),#1028);
#1032=DIRECTION('',(0.E0,1.E0,0.E0));
#1033=VECTOR('',#1032,1.5E-1);
#1034=CARTESIAN_POINT('',(-1.125E0,-5.5E-1,-1.12E0));
#1035=LINE('',#1034,#1033);
#1036=CURVE_STYLE('',#33,POSITIVE_LENGTH_MEASURE(2.E-2),#3);
#1037=PRESENTATION_STYLE_ASSIGNMENT((#1036));
#1038=STYLED_ITEM('',(#1037),#1035);
#1039=DIRECTION('',(0.E0,1.E0,0.E0));
#1040=VECTOR('',#1039,1.5E-1);
#1041=CARTESIAN_POINT('',(-3.E-1,-5.5E-1,1.12E0));
#1042=LINE('',#1041,#1040);
#1043=CURVE_STYLE('',#33,POSITIVE_LENGTH_MEASURE(2.E-2),#3);
#1044=PRESENTATION_STYLE_ASSIGNMENT((#1043));
#1045=STYLED_ITEM('',(#1044),#1042);
#1046=DIRECTION('',(0.E0,1.E0,0.E0));
#1047=VECTOR('',#1046,1.5E-1);
#1048=CARTESIAN_POINT('',(-1.125E0,-5.5E-1,1.12E0));
#1049=LINE('',#1048,#1047);
#1050=CURVE_STYLE('',#33,POSITIVE_LENGTH_MEASURE(2.E-2),#3);
#1051=PRESENTATION_STYLE_ASSIGNMENT((#1050));
#1052=STYLED_ITEM('',(#1051),#1049);
#1053=DIRECTION('',(0.E0,1.E0,0.E0));
#1054=VECTOR('',#1053,1.5E-1);
#1055=CARTESIAN_POINT('',(3.E-1,-5.5E-1,1.12E0));
#1056=LINE('',#1055,#1054);
#1057=CURVE_STYLE('',#33,POSITIVE_LENGTH_MEASURE(2.E-2),#3);
#1058=PRESENTATION_STYLE_ASSIGNMENT((#1057));
#1059=STYLED_ITEM('',(#1058),#1056);
#1060=DIRECTION('',(0.E0,1.E0,0.E0));
#1061=VECTOR('',#1060,1.5E-1);
#1062=CARTESIAN_POINT('',(-2.5E-1,-5.5E-1,1.25E0));
#1063=LINE('',#1062,#1061);
#1064=CURVE_STYLE('',#33,POSITIVE_LENGTH_MEASURE(2.E-2),#3);
#1065=PRESENTATION_STYLE_ASSIGNMENT((#1064));
#1066=STYLED_ITEM('',(#1065),#1063);
#1067=DIRECTION('',(0.E0,1.E0,0.E0));
#1068=VECTOR('',#1067,1.5E-1);
#1069=CARTESIAN_POINT('',(-3.E-1,-5.5E-1,1.25E0));
#1070=LINE('',#1069,#1068);
#1071=CURVE_STYLE('',#33,POSITIVE_LENGTH_MEASURE(2.E-2),#3);
#1072=PRESENTATION_STYLE_ASSIGNMENT((#1071));
#1073=STYLED_ITEM('',(#1072),#1070);
#1074=DIRECTION('',(0.E0,1.E0,0.E0));
#1075=VECTOR('',#1074,1.5E-1);
#1076=CARTESIAN_POINT('',(2.5E-1,-5.5E-1,1.25E0));
#1077=LINE('',#1076,#1075);
#1078=CURVE_STYLE('',#33,POSITIVE_LENGTH_MEASURE(2.E-2),#3);
#1079=PRESENTATION_STYLE_ASSIGNMENT((#1078));
#1080=STYLED_ITEM('',(#1079),#1077);
#1081=DIRECTION('',(0.E0,1.E0,0.E0));
#1082=VECTOR('',#1081,1.5E-1);
#1083=CARTESIAN_POINT('',(-2.5E-1,-5.5E-1,1.35E0));
#1084=LINE('',#1083,#1082);
#1085=CURVE_STYLE('',#33,POSITIVE_LENGTH_MEASURE(2.E-2),#3);
#1086=PRESENTATION_STYLE_ASSIGNMENT((#1085));
#1087=STYLED_ITEM('',(#1086),#1084);
#1088=DIRECTION('',(0.E0,1.E0,0.E0));
#1089=VECTOR('',#1088,1.5E-1);
#1090=CARTESIAN_POINT('',(-2.E-1,-5.5E-1,1.35E0));
#1091=LINE('',#1090,#1089);
#1092=CURVE_STYLE('',#33,POSITIVE_LENGTH_MEASURE(2.E-2),#3);
#1093=PRESENTATION_STYLE_ASSIGNMENT((#1092));
#1094=STYLED_ITEM('',(#1093),#1091);
#1095=DIRECTION('',(0.E0,1.E0,0.E0));
#1096=VECTOR('',#1095,1.5E-1);
#1097=CARTESIAN_POINT('',(-2.E-1,-5.5E-1,1.518E0));
#1098=LINE('',#1097,#1096);
#1099=CURVE_STYLE('',#33,POSITIVE_LENGTH_MEASURE(2.E-2),#3);
#1100=PRESENTATION_STYLE_ASSIGNMENT((#1099));
#1101=STYLED_ITEM('',(#1100),#1098);
#1102=DIRECTION('',(0.E0,1.E0,0.E0));
#1103=VECTOR('',#1102,1.5E-1);
#1104=CARTESIAN_POINT('',(2.E-1,-5.5E-1,1.518E0));
#1105=LINE('',#1104,#1103);
#1106=CURVE_STYLE('',#33,POSITIVE_LENGTH_MEASURE(2.E-2),#3);
#1107=PRESENTATION_STYLE_ASSIGNMENT((#1106));
#1108=STYLED_ITEM('',(#1107),#1105);
#1109=DIRECTION('',(0.E0,1.E0,0.E0));
#1110=VECTOR('',#1109,1.5E-1);
#1111=CARTESIAN_POINT('',(2.E-1,-5.5E-1,1.35E0));
#1112=LINE('',#1111,#1110);
#1113=CURVE_STYLE('',#33,POSITIVE_LENGTH_MEASURE(2.E-2),#3);
#1114=PRESENTATION_STYLE_ASSIGNMENT((#1113));
#1115=STYLED_ITEM('',(#1114),#1112);
#1116=DIRECTION('',(0.E0,1.E0,0.E0));
#1117=VECTOR('',#1116,1.5E-1);
#1118=CARTESIAN_POINT('',(2.5E-1,-5.5E-1,1.35E0));
#1119=LINE('',#1118,#1117);
#1120=CURVE_STYLE('',#33,POSITIVE_LENGTH_MEASURE(2.E-2),#3);
#1121=PRESENTATION_STYLE_ASSIGNMENT((#1120));
#1122=STYLED_ITEM('',(#1121),#1119);
#1123=DIRECTION('',(1.E0,0.E0,0.E0));
#1124=VECTOR('',#1123,5.E-2);
#1125=CARTESIAN_POINT('',(2.5E-1,-4.E-1,1.25E0));
#1126=LINE('',#1125,#1124);
#1127=CURVE_STYLE('',#33,POSITIVE_LENGTH_MEASURE(2.E-2),#3);
#1128=PRESENTATION_STYLE_ASSIGNMENT((#1127));
#1129=STYLED_ITEM('',(#1128),#1126);
#1130=DIRECTION('',(0.E0,0.E0,-1.E0));
#1131=VECTOR('',#1130,1.3E-1);
#1132=CARTESIAN_POINT('',(3.E-1,-4.E-1,1.25E0));
#1133=LINE('',#1132,#1131);
#1134=CURVE_STYLE('',#33,POSITIVE_LENGTH_MEASURE(2.E-2),#3);
#1135=PRESENTATION_STYLE_ASSIGNMENT((#1134));
#1136=STYLED_ITEM('',(#1135),#1133);
#1137=DIRECTION('',(1.E0,0.E0,0.E0));
#1138=VECTOR('',#1137,8.25E-1);
#1139=CARTESIAN_POINT('',(3.E-1,-4.E-1,1.12E0));
#1140=LINE('',#1139,#1138);
#1141=CURVE_STYLE('',#33,POSITIVE_LENGTH_MEASURE(2.E-2),#3);
#1142=PRESENTATION_STYLE_ASSIGNMENT((#1141));
#1143=STYLED_ITEM('',(#1142),#1140);
#1144=DIRECTION('',(0.E0,0.E0,-1.E0));
#1145=VECTOR('',#1144,2.24E0);
#1146=CARTESIAN_POINT('',(1.125E0,-4.E-1,1.12E0));
#1147=LINE('',#1146,#1145);
#1148=CURVE_STYLE('',#33,POSITIVE_LENGTH_MEASURE(2.E-2),#3);
#1149=PRESENTATION_STYLE_ASSIGNMENT((#1148));
#1150=STYLED_ITEM('',(#1149),#1147);
#1151=DIRECTION('',(-1.E0,0.E0,0.E0));
#1152=VECTOR('',#1151,8.25E-1);
#1153=CARTESIAN_POINT('',(1.125E0,-4.E-1,-1.12E0));
#1154=LINE('',#1153,#1152);
#1155=CURVE_STYLE('',#33,POSITIVE_LENGTH_MEASURE(2.E-2),#3);
#1156=PRESENTATION_STYLE_ASSIGNMENT((#1155));
#1157=STYLED_ITEM('',(#1156),#1154);
#1158=DIRECTION('',(0.E0,0.E0,-1.E0));
#1159=VECTOR('',#1158,1.3E-1);
#1160=CARTESIAN_POINT('',(3.E-1,-4.E-1,-1.12E0));
#1161=LINE('',#1160,#1159);
#1162=CURVE_STYLE('',#33,POSITIVE_LENGTH_MEASURE(2.E-2),#3);
#1163=PRESENTATION_STYLE_ASSIGNMENT((#1162));
#1164=STYLED_ITEM('',(#1163),#1161);
#1165=DIRECTION('',(-1.E0,0.E0,0.E0));
#1166=VECTOR('',#1165,5.E-2);
#1167=CARTESIAN_POINT('',(3.E-1,-4.E-1,-1.25E0));
#1168=LINE('',#1167,#1166);
#1169=CURVE_STYLE('',#33,POSITIVE_LENGTH_MEASURE(2.E-2),#3);
#1170=PRESENTATION_STYLE_ASSIGNMENT((#1169));
#1171=STYLED_ITEM('',(#1170),#1168);
#1172=DIRECTION('',(0.E0,0.E0,-1.E0));
#1173=VECTOR('',#1172,1.E-1);
#1174=CARTESIAN_POINT('',(2.5E-1,-4.E-1,-1.25E0));
#1175=LINE('',#1174,#1173);
#1176=CURVE_STYLE('',#33,POSITIVE_LENGTH_MEASURE(2.E-2),#3);
#1177=PRESENTATION_STYLE_ASSIGNMENT((#1176));
#1178=STYLED_ITEM('',(#1177),#1175);
#1179=DIRECTION('',(-1.E0,0.E0,0.E0));
#1180=VECTOR('',#1179,5.E-2);
#1181=CARTESIAN_POINT('',(2.5E-1,-4.E-1,-1.35E0));
#1182=LINE('',#1181,#1180);
#1183=CURVE_STYLE('',#33,POSITIVE_LENGTH_MEASURE(2.E-2),#3);
#1184=PRESENTATION_STYLE_ASSIGNMENT((#1183));
#1185=STYLED_ITEM('',(#1184),#1182);
#1186=DIRECTION('',(0.E0,0.E0,-1.E0));
#1187=VECTOR('',#1186,1.68E-1);
#1188=CARTESIAN_POINT('',(2.E-1,-4.E-1,-1.35E0));
#1189=LINE('',#1188,#1187);
#1190=CURVE_STYLE('',#33,POSITIVE_LENGTH_MEASURE(2.E-2),#3);
#1191=PRESENTATION_STYLE_ASSIGNMENT((#1190));
#1192=STYLED_ITEM('',(#1191),#1189);
#1193=DIRECTION('',(-1.E0,0.E0,0.E0));
#1194=VECTOR('',#1193,4.E-1);
#1195=CARTESIAN_POINT('',(2.E-1,-4.E-1,-1.518E0));
#1196=LINE('',#1195,#1194);
#1197=CURVE_STYLE('',#33,POSITIVE_LENGTH_MEASURE(2.E-2),#3);
#1198=PRESENTATION_STYLE_ASSIGNMENT((#1197));
#1199=STYLED_ITEM('',(#1198),#1196);
#1200=DIRECTION('',(0.E0,0.E0,1.E0));
#1201=VECTOR('',#1200,1.68E-1);
#1202=CARTESIAN_POINT('',(-2.E-1,-4.E-1,-1.518E0));
#1203=LINE('',#1202,#1201);
#1204=CURVE_STYLE('',#33,POSITIVE_LENGTH_MEASURE(2.E-2),#3);
#1205=PRESENTATION_STYLE_ASSIGNMENT((#1204));
#1206=STYLED_ITEM('',(#1205),#1203);
#1207=DIRECTION('',(-1.E0,0.E0,0.E0));
#1208=VECTOR('',#1207,5.E-2);
#1209=CARTESIAN_POINT('',(-2.E-1,-4.E-1,-1.35E0));
#1210=LINE('',#1209,#1208);
#1211=CURVE_STYLE('',#33,POSITIVE_LENGTH_MEASURE(2.E-2),#3);
#1212=PRESENTATION_STYLE_ASSIGNMENT((#1211));
#1213=STYLED_ITEM('',(#1212),#1210);
#1214=DIRECTION('',(0.E0,0.E0,1.E0));
#1215=VECTOR('',#1214,1.E-1);
#1216=CARTESIAN_POINT('',(-2.5E-1,-4.E-1,-1.35E0));
#1217=LINE('',#1216,#1215);
#1218=CURVE_STYLE('',#33,POSITIVE_LENGTH_MEASURE(2.E-2),#3);
#1219=PRESENTATION_STYLE_ASSIGNMENT((#1218));
#1220=STYLED_ITEM('',(#1219),#1217);
#1221=DIRECTION('',(-1.E0,0.E0,0.E0));
#1222=VECTOR('',#1221,5.E-2);
#1223=CARTESIAN_POINT('',(-2.5E-1,-4.E-1,-1.25E0));
#1224=LINE('',#1223,#1222);
#1225=CURVE_STYLE('',#33,POSITIVE_LENGTH_MEASURE(2.E-2),#3);
#1226=PRESENTATION_STYLE_ASSIGNMENT((#1225));
#1227=STYLED_ITEM('',(#1226),#1224);
#1228=DIRECTION('',(0.E0,0.E0,1.E0));
#1229=VECTOR('',#1228,1.3E-1);
#1230=CARTESIAN_POINT('',(-3.E-1,-4.E-1,-1.25E0));
#1231=LINE('',#1230,#1229);
#1232=CURVE_STYLE('',#33,POSITIVE_LENGTH_MEASURE(2.E-2),#3);
#1233=PRESENTATION_STYLE_ASSIGNMENT((#1232));
#1234=STYLED_ITEM('',(#1233),#1231);
#1235=DIRECTION('',(-1.E0,0.E0,0.E0));
#1236=VECTOR('',#1235,8.25E-1);
#1237=CARTESIAN_POINT('',(-3.E-1,-4.E-1,-1.12E0));
#1238=LINE('',#1237,#1236);
#1239=CURVE_STYLE('',#33,POSITIVE_LENGTH_MEASURE(2.E-2),#3);
#1240=PRESENTATION_STYLE_ASSIGNMENT((#1239));
#1241=STYLED_ITEM('',(#1240),#1238);
#1242=DIRECTION('',(0.E0,0.E0,1.E0));
#1243=VECTOR('',#1242,2.24E0);
#1244=CARTESIAN_POINT('',(-1.125E0,-4.E-1,-1.12E0));
#1245=LINE('',#1244,#1243);
#1246=CURVE_STYLE('',#33,POSITIVE_LENGTH_MEASURE(2.E-2),#3);
#1247=PRESENTATION_STYLE_ASSIGNMENT((#1246));
#1248=STYLED_ITEM('',(#1247),#1245);
#1249=DIRECTION('',(1.E0,0.E0,0.E0));
#1250=VECTOR('',#1249,8.25E-1);
#1251=CARTESIAN_POINT('',(-1.125E0,-4.E-1,1.12E0));
#1252=LINE('',#1251,#1250);
#1253=CURVE_STYLE('',#33,POSITIVE_LENGTH_MEASURE(2.E-2),#3);
#1254=PRESENTATION_STYLE_ASSIGNMENT((#1253));
#1255=STYLED_ITEM('',(#1254),#1252);
#1256=DIRECTION('',(0.E0,0.E0,1.E0));
#1257=VECTOR('',#1256,1.3E-1);
#1258=CARTESIAN_POINT('',(-3.E-1,-4.E-1,1.12E0));
#1259=LINE('',#1258,#1257);
#1260=CURVE_STYLE('',#33,POSITIVE_LENGTH_MEASURE(2.E-2),#3);
#1261=PRESENTATION_STYLE_ASSIGNMENT((#1260));
#1262=STYLED_ITEM('',(#1261),#1259);
#1263=DIRECTION('',(1.E0,0.E0,0.E0));
#1264=VECTOR('',#1263,5.E-2);
#1265=CARTESIAN_POINT('',(-3.E-1,-4.E-1,1.25E0));
#1266=LINE('',#1265,#1264);
#1267=CURVE_STYLE('',#33,POSITIVE_LENGTH_MEASURE(2.E-2),#3);
#1268=PRESENTATION_STYLE_ASSIGNMENT((#1267));
#1269=STYLED_ITEM('',(#1268),#1266);
#1270=DIRECTION('',(0.E0,0.E0,1.E0));
#1271=VECTOR('',#1270,1.E-1);
#1272=CARTESIAN_POINT('',(-2.5E-1,-4.E-1,1.25E0));
#1273=LINE('',#1272,#1271);
#1274=CURVE_STYLE('',#33,POSITIVE_LENGTH_MEASURE(2.E-2),#3);
#1275=PRESENTATION_STYLE_ASSIGNMENT((#1274));
#1276=STYLED_ITEM('',(#1275),#1273);
#1277=DIRECTION('',(1.E0,0.E0,0.E0));
#1278=VECTOR('',#1277,5.E-2);
#1279=CARTESIAN_POINT('',(-2.5E-1,-4.E-1,1.35E0));
#1280=LINE('',#1279,#1278);
#1281=CURVE_STYLE('',#33,POSITIVE_LENGTH_MEASURE(2.E-2),#3);
#1282=PRESENTATION_STYLE_ASSIGNMENT((#1281));
#1283=STYLED_ITEM('',(#1282),#1280);
#1284=DIRECTION('',(0.E0,0.E0,1.E0));
#1285=VECTOR('',#1284,1.68E-1);
#1286=CARTESIAN_POINT('',(-2.E-1,-4.E-1,1.35E0));
#1287=LINE('',#1286,#1285);
#1288=CURVE_STYLE('',#33,POSITIVE_LENGTH_MEASURE(2.E-2),#3);
#1289=PRESENTATION_STYLE_ASSIGNMENT((#1288));
#1290=STYLED_ITEM('',(#1289),#1287);
#1291=DIRECTION('',(1.E0,0.E0,0.E0));
#1292=VECTOR('',#1291,4.E-1);
#1293=CARTESIAN_POINT('',(-2.E-1,-4.E-1,1.518E0));
#1294=LINE('',#1293,#1292);
#1295=CURVE_STYLE('',#33,POSITIVE_LENGTH_MEASURE(2.E-2),#3);
#1296=PRESENTATION_STYLE_ASSIGNMENT((#1295));
#1297=STYLED_ITEM('',(#1296),#1294);
#1298=DIRECTION('',(0.E0,0.E0,-1.E0));
#1299=VECTOR('',#1298,1.68E-1);
#1300=CARTESIAN_POINT('',(2.E-1,-4.E-1,1.518E0));
#1301=LINE('',#1300,#1299);
#1302=CURVE_STYLE('',#33,POSITIVE_LENGTH_MEASURE(2.E-2),#3);
#1303=PRESENTATION_STYLE_ASSIGNMENT((#1302));
#1304=STYLED_ITEM('',(#1303),#1301);
#1305=DIRECTION('',(1.E0,0.E0,0.E0));
#1306=VECTOR('',#1305,5.E-2);
#1307=CARTESIAN_POINT('',(2.E-1,-4.E-1,1.35E0));
#1308=LINE('',#1307,#1306);
#1309=CURVE_STYLE('',#33,POSITIVE_LENGTH_MEASURE(2.E-2),#3);
#1310=PRESENTATION_STYLE_ASSIGNMENT((#1309));
#1311=STYLED_ITEM('',(#1310),#1308);
#1312=DIRECTION('',(0.E0,0.E0,-1.E0));
#1313=VECTOR('',#1312,1.E-1);
#1314=CARTESIAN_POINT('',(2.5E-1,-4.E-1,1.35E0));
#1315=LINE('',#1314,#1313);
#1316=CURVE_STYLE('',#33,POSITIVE_LENGTH_MEASURE(2.E-2),#3);
#1317=PRESENTATION_STYLE_ASSIGNMENT((#1316));
#1318=STYLED_ITEM('',(#1317),#1315);
#1319=DIRECTION('',(0.E0,1.E0,0.E0));
#1320=VECTOR('',#1319,1.5E-1);
#1321=CARTESIAN_POINT('',(3.E-1,-5.5E-1,1.25E0));
#1322=LINE('',#1321,#1320);
#1323=CURVE_STYLE('',#33,POSITIVE_LENGTH_MEASURE(2.E-2),#3);
#1324=PRESENTATION_STYLE_ASSIGNMENT((#1323));
#1325=STYLED_ITEM('',(#1324),#1322);
#1326=DIRECTION('',(0.E0,1.E0,0.E0));
#1327=VECTOR('',#1326,1.5E-1);
#1328=CARTESIAN_POINT('',(1.125E0,-5.5E-1,1.12E0));
#1329=LINE('',#1328,#1327);
#1330=CURVE_STYLE('',#33,POSITIVE_LENGTH_MEASURE(2.E-2),#3);
#1331=PRESENTATION_STYLE_ASSIGNMENT((#1330));
#1332=STYLED_ITEM('',(#1331),#1329);
#1333=DIRECTION('',(0.E0,1.E0,0.E0));
#1334=VECTOR('',#1333,1.5E-1);
#1335=CARTESIAN_POINT('',(3.E-1,-5.5E-1,-1.12E0));
#1336=LINE('',#1335,#1334);
#1337=CURVE_STYLE('',#33,POSITIVE_LENGTH_MEASURE(2.E-2),#3);
#1338=PRESENTATION_STYLE_ASSIGNMENT((#1337));
#1339=STYLED_ITEM('',(#1338),#1336);
#1340=DIRECTION('',(0.E0,1.E0,0.E0));
#1341=VECTOR('',#1340,1.5E-1);
#1342=CARTESIAN_POINT('',(1.125E0,-5.5E-1,-1.12E0));
#1343=LINE('',#1342,#1341);
#1344=CURVE_STYLE('',#33,POSITIVE_LENGTH_MEASURE(2.E-2),#3);
#1345=PRESENTATION_STYLE_ASSIGNMENT((#1344));
#1346=STYLED_ITEM('',(#1345),#1343);
#1347=DIRECTION('',(0.E0,1.E0,0.E0));
#1348=VECTOR('',#1347,1.5E-1);
#1349=CARTESIAN_POINT('',(-3.E-1,-5.5E-1,-1.12E0));
#1350=LINE('',#1349,#1348);
#1351=CURVE_STYLE('',#33,POSITIVE_LENGTH_MEASURE(2.E-2),#3);
#1352=PRESENTATION_STYLE_ASSIGNMENT((#1351));
#1353=STYLED_ITEM('',(#1352),#1350);
#1354=DIRECTION('',(0.E0,1.E0,0.E0));
#1355=VECTOR('',#1354,1.5E-1);
#1356=CARTESIAN_POINT('',(2.5E-1,-5.5E-1,-1.25E0));
#1357=LINE('',#1356,#1355);
#1358=CURVE_STYLE('',#33,POSITIVE_LENGTH_MEASURE(2.E-2),#3);
#1359=PRESENTATION_STYLE_ASSIGNMENT((#1358));
#1360=STYLED_ITEM('',(#1359),#1357);
#1361=DIRECTION('',(0.E0,1.E0,0.E0));
#1362=VECTOR('',#1361,1.5E-1);
#1363=CARTESIAN_POINT('',(3.E-1,-5.5E-1,-1.25E0));
#1364=LINE('',#1363,#1362);
#1365=CURVE_STYLE('',#33,POSITIVE_LENGTH_MEASURE(2.E-2),#3);
#1366=PRESENTATION_STYLE_ASSIGNMENT((#1365));
#1367=STYLED_ITEM('',(#1366),#1364);
#1368=DIRECTION('',(0.E0,1.E0,0.E0));
#1369=VECTOR('',#1368,1.5E-1);
#1370=CARTESIAN_POINT('',(-2.5E-1,-5.5E-1,-1.25E0));
#1371=LINE('',#1370,#1369);
#1372=CURVE_STYLE('',#33,POSITIVE_LENGTH_MEASURE(2.E-2),#3);
#1373=PRESENTATION_STYLE_ASSIGNMENT((#1372));
#1374=STYLED_ITEM('',(#1373),#1371);
#1375=DIRECTION('',(0.E0,1.E0,0.E0));
#1376=VECTOR('',#1375,1.5E-1);
#1377=CARTESIAN_POINT('',(2.5E-1,-5.5E-1,-1.35E0));
#1378=LINE('',#1377,#1376);
#1379=CURVE_STYLE('',#33,POSITIVE_LENGTH_MEASURE(2.E-2),#3);
#1380=PRESENTATION_STYLE_ASSIGNMENT((#1379));
#1381=STYLED_ITEM('',(#1380),#1378);
#1382=DIRECTION('',(0.E0,1.E0,0.E0));
#1383=VECTOR('',#1382,1.5E-1);
#1384=CARTESIAN_POINT('',(2.E-1,-5.5E-1,-1.35E0));
#1385=LINE('',#1384,#1383);
#1386=CURVE_STYLE('',#33,POSITIVE_LENGTH_MEASURE(2.E-2),#3);
#1387=PRESENTATION_STYLE_ASSIGNMENT((#1386));
#1388=STYLED_ITEM('',(#1387),#1385);
#1389=DIRECTION('',(0.E0,1.E0,0.E0));
#1390=VECTOR('',#1389,1.5E-1);
#1391=CARTESIAN_POINT('',(2.E-1,-5.5E-1,-1.518E0));
#1392=LINE('',#1391,#1390);
#1393=CURVE_STYLE('',#33,POSITIVE_LENGTH_MEASURE(2.E-2),#3);
#1394=PRESENTATION_STYLE_ASSIGNMENT((#1393));
#1395=STYLED_ITEM('',(#1394),#1392);
#1396=DIRECTION('',(0.E0,1.E0,0.E0));
#1397=VECTOR('',#1396,1.5E-1);
#1398=CARTESIAN_POINT('',(-2.E-1,-5.5E-1,-1.518E0));
#1399=LINE('',#1398,#1397);
#1400=CURVE_STYLE('',#33,POSITIVE_LENGTH_MEASURE(2.E-2),#3);
#1401=PRESENTATION_STYLE_ASSIGNMENT((#1400));
#1402=STYLED_ITEM('',(#1401),#1399);
#1403=DIRECTION('',(0.E0,1.E0,0.E0));
#1404=VECTOR('',#1403,1.5E-1);
#1405=CARTESIAN_POINT('',(-2.E-1,-5.5E-1,-1.35E0));
#1406=LINE('',#1405,#1404);
#1407=CURVE_STYLE('',#33,POSITIVE_LENGTH_MEASURE(2.E-2),#3);
#1408=PRESENTATION_STYLE_ASSIGNMENT((#1407));
#1409=STYLED_ITEM('',(#1408),#1406);
#1410=DIRECTION('',(0.E0,1.E0,0.E0));
#1411=VECTOR('',#1410,1.5E-1);
#1412=CARTESIAN_POINT('',(-2.5E-1,-5.5E-1,-1.35E0));
#1413=LINE('',#1412,#1411);
#1414=CURVE_STYLE('',#33,POSITIVE_LENGTH_MEASURE(2.E-2),#3);
#1415=PRESENTATION_STYLE_ASSIGNMENT((#1414));
#1416=STYLED_ITEM('',(#1415),#1413);
#1417=DIRECTION('',(0.E0,1.E0,0.E0));
#1418=VECTOR('',#1417,1.5E-1);
#1419=CARTESIAN_POINT('',(-3.E-1,-5.5E-1,-1.25E0));
#1420=LINE('',#1419,#1418);
#1421=CURVE_STYLE('',#33,POSITIVE_LENGTH_MEASURE(2.E-2),#3);
#1422=PRESENTATION_STYLE_ASSIGNMENT((#1421));
#1423=STYLED_ITEM('',(#1422),#1420);
#1424=CARTESIAN_POINT('',(-1.E0,4.E-1,-1.7E0));
#1425=CARTESIAN_POINT('',(-1.8E0,4.E-1,-1.7E0));
#1426=VERTEX_POINT('',#1424);
#1427=VERTEX_POINT('',#1425);
#1428=CARTESIAN_POINT('',(-1.E0,4.5E-1,-1.7E0));
#1429=CARTESIAN_POINT('',(-1.8E0,4.5E-1,-1.7E0));
#1430=VERTEX_POINT('',#1428);
#1431=VERTEX_POINT('',#1429);
#1432=CARTESIAN_POINT('',(-2.131813732086E0,-4.707911690818E-1,
2.333998972012E0));
#1433=CARTESIAN_POINT('',(-2.131813732086E0,-4.707911690818E-1,
-2.333998972012E0));
#1434=VERTEX_POINT('',#1432);
#1435=VERTEX_POINT('',#1433);
#1436=CARTESIAN_POINT('',(-2.033998972012E0,-5.5E-1,2.333998972012E0));
#1437=CARTESIAN_POINT('',(-2.033998972012E0,-5.5E-1,-2.333998972012E0));
#1438=VERTEX_POINT('',#1436);
#1439=VERTEX_POINT('',#1437);
#1440=CARTESIAN_POINT('',(-2.121185904002E0,3.707911690818E-1,
-2.323371143929E0));
#1441=CARTESIAN_POINT('',(-2.121185904002E0,3.707911690818E-1,
2.323371143929E0));
#1442=VERTEX_POINT('',#1440);
#1443=VERTEX_POINT('',#1441);
#1444=CARTESIAN_POINT('',(-2.023371143929E0,4.5E-1,-2.323371143929E0));
#1445=CARTESIAN_POINT('',(-2.023371143929E0,4.5E-1,2.323371143929E0));
#1446=VERTEX_POINT('',#1444);
#1447=VERTEX_POINT('',#1445);
#1448=CARTESIAN_POINT('',(2.121185904002E0,3.707911690818E-1,2.323371143929E0));
#1449=CARTESIAN_POINT('',(2.121185904002E0,3.707911690818E-1,
-2.323371143929E0));
#1450=VERTEX_POINT('',#1448);
#1451=VERTEX_POINT('',#1449);
#1452=CARTESIAN_POINT('',(2.023371143929E0,4.5E-1,2.323371143929E0));
#1453=CARTESIAN_POINT('',(2.023371143929E0,4.5E-1,-2.323371143929E0));
#1454=VERTEX_POINT('',#1452);
#1455=VERTEX_POINT('',#1453);
#1456=CARTESIAN_POINT('',(2.199976628885E0,-1.501099524506E-1,
-2.402161868812E0));
#1457=CARTESIAN_POINT('',(2.131813732086E0,-4.707911690818E-1,
-2.333998972012E0));
#1458=VERTEX_POINT('',#1456);
#1459=VERTEX_POINT('',#1457);
#1460=CARTESIAN_POINT('',(2.102161868812E0,-1.501099524506E-1,
-2.499976628885E0));
#1461=CARTESIAN_POINT('',(2.033998972012E0,-4.707911690818E-1,
-2.431813732086E0));
#1462=VERTEX_POINT('',#1460);
#1463=VERTEX_POINT('',#1461);
#1464=CARTESIAN_POINT('',(2.1E0,0.E0,-2.5E0));
#1465=CARTESIAN_POINT('',(2.1E0,-1.5E-1,-2.5E0));
#1466=VERTEX_POINT('',#1464);
#1467=VERTEX_POINT('',#1465);
#1468=VERTEX_POINT('',#360);
#1469=CARTESIAN_POINT('',(2.2E0,0.E0,-2.4E0));
#1470=VERTEX_POINT('',#1469);
#1471=VERTEX_POINT('',#615);
#1472=VERTEX_POINT('',#554);
#1473=CARTESIAN_POINT('',(2.023371143929E0,3.707911690818E-1,
-2.421185904002E0));
#1474=VERTEX_POINT('',#1473);
#1475=CARTESIAN_POINT('',(-2.023371143929E0,3.707911690818E-1,
-2.421185904002E0));
#1476=VERTEX_POINT('',#1475);
#1477=CARTESIAN_POINT('',(-2.199976628885E0,1.099524505777E-4,
-2.402161868812E0));
#1478=VERTEX_POINT('',#1477);
#1479=CARTESIAN_POINT('',(-2.102161868812E0,1.099524505763E-4,
-2.499976628885E0));
#1480=VERTEX_POINT('',#1479);
#1481=CARTESIAN_POINT('',(-2.2E0,0.E0,-2.4E0));
#1482=CARTESIAN_POINT('',(-2.2E0,-1.5E-1,-2.4E0));
#1483=VERTEX_POINT('',#1481);
#1484=VERTEX_POINT('',#1482);
#1485=VERTEX_POINT('',#271);
#1486=VERTEX_POINT('',#306);
#1487=VERTEX_POINT('',#309);
#1488=CARTESIAN_POINT('',(-2.1E0,0.E0,-2.5E0));
#1489=VERTEX_POINT('',#1488);
#1490=CARTESIAN_POINT('',(-2.033998972012E0,-4.707911690818E-1,
-2.431813732086E0));
#1491=VERTEX_POINT('',#1490);
#1492=CARTESIAN_POINT('',(2.033998972012E0,-5.5E-1,-2.333998972012E0));
#1493=VERTEX_POINT('',#1492);
#1494=CARTESIAN_POINT('',(2.033998972012E0,-5.5E-1,2.333998972012E0));
#1495=VERTEX_POINT('',#1494);
#1496=CARTESIAN_POINT('',(2.131813732086E0,-4.707911690818E-1,
2.333998972012E0));
#1497=VERTEX_POINT('',#1496);
#1498=CARTESIAN_POINT('',(2.102161868812E0,-1.501099524506E-1,
2.499976628885E0));
#1499=CARTESIAN_POINT('',(2.033998972012E0,-4.707911690818E-1,
2.431813732086E0));
#1500=VERTEX_POINT('',#1498);
#1501=VERTEX_POINT('',#1499);
#1502=CARTESIAN_POINT('',(2.199976628885E0,-1.501099524506E-1,
2.402161868812E0));
#1503=VERTEX_POINT('',#1502);
#1504=CARTESIAN_POINT('',(2.2E0,0.E0,2.4E0));
#1505=CARTESIAN_POINT('',(2.2E0,-1.5E-1,2.4E0));
#1506=VERTEX_POINT('',#1504);
#1507=VERTEX_POINT('',#1505);
#1508=VERTEX_POINT('',#979);
#1509=CARTESIAN_POINT('',(2.1E0,0.E0,2.5E0));
#1510=VERTEX_POINT('',#1509);
#1511=VERTEX_POINT('',#669);
#1512=VERTEX_POINT('',#627);
#1513=CARTESIAN_POINT('',(2.023371143929E0,3.707911690818E-1,2.421185904002E0));
#1514=VERTEX_POINT('',#1513);
#1515=CARTESIAN_POINT('',(-2.023371143929E0,3.707911690818E-1,
2.421185904002E0));
#1516=VERTEX_POINT('',#1515);
#1517=CARTESIAN_POINT('',(-2.102161868812E0,1.099524505770E-4,
2.499976628885E0));
#1518=VERTEX_POINT('',#1517);
#1519=CARTESIAN_POINT('',(-2.199976628885E0,1.099524505772E-4,
2.402161868812E0));
#1520=VERTEX_POINT('',#1519);
#1521=CARTESIAN_POINT('',(-2.1E0,0.E0,2.5E0));
#1522=CARTESIAN_POINT('',(-2.1E0,-1.5E-1,2.5E0));
#1523=VERTEX_POINT('',#1521);
#1524=VERTEX_POINT('',#1522);
#1525=VERTEX_POINT('',#971);
#1526=VERTEX_POINT('',#276);
#1527=VERTEX_POINT('',#279);
#1528=CARTESIAN_POINT('',(-2.2E0,0.E0,2.4E0));
#1529=VERTEX_POINT('',#1528);
#1530=CARTESIAN_POINT('',(-2.033998972012E0,-4.707911690818E-1,
2.431813732086E0));
#1531=VERTEX_POINT('',#1530);
#1532=CARTESIAN_POINT('',(-1.125E0,-4.E-1,-1.12E0));
#1533=CARTESIAN_POINT('',(-1.125E0,-4.E-1,1.12E0));
#1534=VERTEX_POINT('',#1532);
#1535=VERTEX_POINT('',#1533);
#1536=CARTESIAN_POINT('',(1.125E0,-4.E-1,1.12E0));
#1537=CARTESIAN_POINT('',(1.125E0,-4.E-1,-1.12E0));
#1538=VERTEX_POINT('',#1536);
#1539=VERTEX_POINT('',#1537);
#1540=CARTESIAN_POINT('',(-3.E-1,-4.E-1,1.12E0));
#1541=VERTEX_POINT('',#1540);
#1542=CARTESIAN_POINT('',(3.E-1,-4.E-1,1.12E0));
#1543=VERTEX_POINT('',#1542);
#1544=CARTESIAN_POINT('',(3.E-1,-4.E-1,-1.12E0));
#1545=VERTEX_POINT('',#1544);
#1546=CARTESIAN_POINT('',(-3.E-1,-4.E-1,-1.12E0));
#1547=VERTEX_POINT('',#1546);
#1548=CARTESIAN_POINT('',(3.E-1,-4.E-1,-1.25E0));
#1549=VERTEX_POINT('',#1548);
#1550=CARTESIAN_POINT('',(-3.E-1,-4.E-1,-1.25E0));
#1551=VERTEX_POINT('',#1550);
#1552=CARTESIAN_POINT('',(-3.E-1,-4.E-1,1.25E0));
#1553=VERTEX_POINT('',#1552);
#1554=CARTESIAN_POINT('',(3.E-1,-4.E-1,1.25E0));
#1555=VERTEX_POINT('',#1554);
#1556=CARTESIAN_POINT('',(-1.125E0,-5.5E-1,-1.12E0));
#1557=CARTESIAN_POINT('',(-1.125E0,-5.5E-1,1.12E0));
#1558=VERTEX_POINT('',#1556);
#1559=VERTEX_POINT('',#1557);
#1560=CARTESIAN_POINT('',(-3.E-1,-5.5E-1,1.12E0));
#1561=VERTEX_POINT('',#1560);
#1562=CARTESIAN_POINT('',(3.E-1,-5.5E-1,1.12E0));
#1563=CARTESIAN_POINT('',(1.125E0,-5.5E-1,1.12E0));
#1564=VERTEX_POINT('',#1562);
#1565=VERTEX_POINT('',#1563);
#1566=CARTESIAN_POINT('',(1.125E0,-5.5E-1,-1.12E0));
#1567=VERTEX_POINT('',#1566);
#1568=CARTESIAN_POINT('',(3.E-1,-5.5E-1,-1.12E0));
#1569=VERTEX_POINT('',#1568);
#1570=CARTESIAN_POINT('',(-3.E-1,-5.5E-1,-1.12E0));
#1571=VERTEX_POINT('',#1570);
#1572=CARTESIAN_POINT('',(3.E-1,-5.5E-1,-1.25E0));
#1573=VERTEX_POINT('',#1572);
#1574=CARTESIAN_POINT('',(2.5E-1,-5.5E-1,-1.25E0));
#1575=VERTEX_POINT('',#1574);
#1576=CARTESIAN_POINT('',(-3.E-1,-5.5E-1,-1.25E0));
#1577=VERTEX_POINT('',#1576);
#1578=CARTESIAN_POINT('',(-3.E-1,-5.5E-1,1.25E0));
#1579=VERTEX_POINT('',#1578);
#1580=CARTESIAN_POINT('',(-2.5E-1,-5.5E-1,1.25E0));
#1581=VERTEX_POINT('',#1580);
#1582=CARTESIAN_POINT('',(3.E-1,-5.5E-1,1.25E0));
#1583=VERTEX_POINT('',#1582);
#1584=CARTESIAN_POINT('',(2.5E-1,-4.E-1,-1.35E0));
#1585=CARTESIAN_POINT('',(2.E-1,-4.E-1,-1.35E0));
#1586=VERTEX_POINT('',#1584);
#1587=VERTEX_POINT('',#1585);
#1588=CARTESIAN_POINT('',(2.E-1,-4.E-1,-1.518E0));
#1589=VERTEX_POINT('',#1588);
#1590=CARTESIAN_POINT('',(-2.E-1,-4.E-1,-1.518E0));
#1591=VERTEX_POINT('',#1590);
#1592=CARTESIAN_POINT('',(-2.E-1,-4.E-1,-1.35E0));
#1593=VERTEX_POINT('',#1592);
#1594=CARTESIAN_POINT('',(-2.5E-1,-4.E-1,-1.35E0));
#1595=VERTEX_POINT('',#1594);
#1596=CARTESIAN_POINT('',(-2.5E-1,-4.E-1,1.35E0));
#1597=CARTESIAN_POINT('',(-2.E-1,-4.E-1,1.35E0));
#1598=VERTEX_POINT('',#1596);
#1599=VERTEX_POINT('',#1597);
#1600=CARTESIAN_POINT('',(-2.E-1,-4.E-1,1.518E0));
#1601=VERTEX_POINT('',#1600);
#1602=CARTESIAN_POINT('',(2.E-1,-4.E-1,1.518E0));
#1603=VERTEX_POINT('',#1602);
#1604=CARTESIAN_POINT('',(2.E-1,-4.E-1,1.35E0));
#1605=VERTEX_POINT('',#1604);
#1606=CARTESIAN_POINT('',(2.5E-1,-4.E-1,1.35E0));
#1607=VERTEX_POINT('',#1606);
#1608=CARTESIAN_POINT('',(2.5E-1,-4.E-1,-1.25E0));
#1609=VERTEX_POINT('',#1608);
#1610=CARTESIAN_POINT('',(-2.5E-1,-4.E-1,-1.25E0));
#1611=VERTEX_POINT('',#1610);
#1612=CARTESIAN_POINT('',(-2.5E-1,-4.E-1,1.25E0));
#1613=VERTEX_POINT('',#1612);
#1614=CARTESIAN_POINT('',(2.5E-1,-4.E-1,1.25E0));
#1615=VERTEX_POINT('',#1614);
#1616=CARTESIAN_POINT('',(-2.5E-1,-5.5E-1,-1.25E0));
#1617=VERTEX_POINT('',#1616);
#1618=CARTESIAN_POINT('',(2.5E-1,-5.5E-1,1.25E0));
#1619=VERTEX_POINT('',#1618);
#1620=CARTESIAN_POINT('',(2.5E-1,-5.5E-1,-1.35E0));
#1621=VERTEX_POINT('',#1620);
#1622=CARTESIAN_POINT('',(2.E-1,-5.5E-1,-1.35E0));
#1623=VERTEX_POINT('',#1622);
#1624=CARTESIAN_POINT('',(2.E-1,-5.5E-1,-1.518E0));
#1625=VERTEX_POINT('',#1624);
#1626=CARTESIAN_POINT('',(-2.E-1,-5.5E-1,-1.518E0));
#1627=VERTEX_POINT('',#1626);
#1628=CARTESIAN_POINT('',(-2.E-1,-5.5E-1,-1.35E0));
#1629=VERTEX_POINT('',#1628);
#1630=CARTESIAN_POINT('',(-2.5E-1,-5.5E-1,-1.35E0));
#1631=VERTEX_POINT('',#1630);
#1632=CARTESIAN_POINT('',(-2.5E-1,-5.5E-1,1.35E0));
#1633=VERTEX_POINT('',#1632);
#1634=CARTESIAN_POINT('',(-2.E-1,-5.5E-1,1.35E0));
#1635=VERTEX_POINT('',#1634);
#1636=CARTESIAN_POINT('',(-2.E-1,-5.5E-1,1.518E0));
#1637=VERTEX_POINT('',#1636);
#1638=CARTESIAN_POINT('',(2.E-1,-5.5E-1,1.518E0));
#1639=VERTEX_POINT('',#1638);
#1640=CARTESIAN_POINT('',(2.E-1,-5.5E-1,1.35E0));
#1641=VERTEX_POINT('',#1640);
#1642=CARTESIAN_POINT('',(2.5E-1,-5.5E-1,1.35E0));
#1643=VERTEX_POINT('',#1642);
#1644=CARTESIAN_POINT('',(0.E0,-5.5E-1,0.E0));
#1645=DIRECTION('',(0.E0,1.E0,0.E0));
#1646=DIRECTION('',(1.E0,0.E0,0.E0));
#1647=AXIS2_PLACEMENT_3D('',#1644,#1645,#1646);
#1648=PLANE('',#1647);
#1650=ORIENTED_EDGE('',*,*,#1649,.F.);
#1652=ORIENTED_EDGE('',*,*,#1651,.F.);
#1654=ORIENTED_EDGE('',*,*,#1653,.F.);
#1656=ORIENTED_EDGE('',*,*,#1655,.F.);
#1657=EDGE_LOOP('',(#1650,#1652,#1654,#1656));
#1658=FACE_OUTER_BOUND('',#1657,.F.);
#1660=ORIENTED_EDGE('',*,*,#1659,.F.);
#1662=ORIENTED_EDGE('',*,*,#1661,.F.);
#1664=ORIENTED_EDGE('',*,*,#1663,.F.);
#1666=ORIENTED_EDGE('',*,*,#1665,.F.);
#1668=ORIENTED_EDGE('',*,*,#1667,.F.);
#1670=ORIENTED_EDGE('',*,*,#1669,.F.);
#1672=ORIENTED_EDGE('',*,*,#1671,.F.);
#1674=ORIENTED_EDGE('',*,*,#1673,.F.);
#1676=ORIENTED_EDGE('',*,*,#1675,.F.);
#1678=ORIENTED_EDGE('',*,*,#1677,.F.);
#1680=ORIENTED_EDGE('',*,*,#1679,.F.);
#1682=ORIENTED_EDGE('',*,*,#1681,.F.);
#1684=ORIENTED_EDGE('',*,*,#1683,.F.);
#1686=ORIENTED_EDGE('',*,*,#1685,.F.);
#1688=ORIENTED_EDGE('',*,*,#1687,.F.);
#1690=ORIENTED_EDGE('',*,*,#1689,.F.);
#1692=ORIENTED_EDGE('',*,*,#1691,.F.);
#1694=ORIENTED_EDGE('',*,*,#1693,.F.);
#1696=ORIENTED_EDGE('',*,*,#1695,.F.);
#1698=ORIENTED_EDGE('',*,*,#1697,.F.);
#1700=ORIENTED_EDGE('',*,*,#1699,.F.);
#1702=ORIENTED_EDGE('',*,*,#1701,.F.);
#1704=ORIENTED_EDGE('',*,*,#1703,.F.);
#1706=ORIENTED_EDGE('',*,*,#1705,.F.);
#1708=ORIENTED_EDGE('',*,*,#1707,.F.);
#1710=ORIENTED_EDGE('',*,*,#1709,.F.);
#1712=ORIENTED_EDGE('',*,*,#1711,.F.);
#1714=ORIENTED_EDGE('',*,*,#1713,.F.);
#1715=EDGE_LOOP('',(#1660,#1662,#1664,#1666,#1668,#1670,#1672,#1674,#1676,#1678,
#1680,#1682,#1684,#1686,#1688,#1690,#1692,#1694,#1696,#1698,#1700,#1702,#1704,
#1706,#1708,#1710,#1712,#1714));
#1716=FACE_BOUND('',#1715,.F.);
#1717=ADVANCED_FACE('',(#1658,#1716),#1648,.F.);
#1718=CARTESIAN_POINT('',(-2.033998972012E0,-4.5E-1,9.018E0));
#1719=DIRECTION('',(0.E0,0.E0,-1.E0));
#1720=DIRECTION('',(0.E0,-1.E0,0.E0));
#1721=AXIS2_PLACEMENT_3D('',#1718,#1719,#1720);
#1722=CYLINDRICAL_SURFACE('',#1721,1.E-1);
#1724=ORIENTED_EDGE('',*,*,#1723,.F.);
#1726=ORIENTED_EDGE('',*,*,#1725,.T.);
#1727=ORIENTED_EDGE('',*,*,#1649,.T.);
#1729=ORIENTED_EDGE('',*,*,#1728,.T.);
#1730=EDGE_LOOP('',(#1724,#1726,#1727,#1729));
#1731=FACE_OUTER_BOUND('',#1730,.F.);
#1732=ADVANCED_FACE('',(#1731),#1722,.T.);
#1733=CARTESIAN_POINT('',(-2.2E0,-1.5E-1,-2.5E0));
#1734=DIRECTION('',(-9.781476007338E-1,-2.079116908178E-1,0.E0));
#1735=DIRECTION('',(0.E0,0.E0,1.E0));
#1736=AXIS2_PLACEMENT_3D('',#1733,#1734,#1735);
#1737=PLANE('',#1736);
#1738=ORIENTED_EDGE('',*,*,#1723,.T.);
#1740=ORIENTED_EDGE('',*,*,#1739,.F.);
#1742=ORIENTED_EDGE('',*,*,#1741,.F.);
#1744=ORIENTED_EDGE('',*,*,#1743,.T.);
#1746=ORIENTED_EDGE('',*,*,#1745,.F.);
#1748=ORIENTED_EDGE('',*,*,#1747,.T.);
#1749=EDGE_LOOP('',(#1738,#1740,#1742,#1744,#1746,#1748));
#1750=FACE_OUTER_BOUND('',#1749,.F.);
#1751=ADVANCED_FACE('',(#1750),#1737,.T.);
#1752=CARTESIAN_POINT('',(-2.502388611309E0,1.7536E0,-2.802388611309E0));
#1753=DIRECTION('',(2.035585949528E-1,-9.576678948580E-1,2.035585949528E-1));
#1754=DIRECTION('',(-9.781476007338E-1,-2.079116908178E-1,0.E0));
#1755=AXIS2_PLACEMENT_3D('',#1752,#1753,#1754);
#1756=CYLINDRICAL_SURFACE('',#1755,1.E-1);
#1758=ORIENTED_EDGE('',*,*,#1757,.F.);
#1760=ORIENTED_EDGE('',*,*,#1759,.F.);
#1761=ORIENTED_EDGE('',*,*,#1739,.T.);
#1763=ORIENTED_EDGE('',*,*,#1762,.T.);
#1764=EDGE_LOOP('',(#1758,#1760,#1761,#1763));
#1765=FACE_OUTER_BOUND('',#1764,.F.);
#1766=ADVANCED_FACE('',(#1765),#1756,.T.);
#1767=CARTESIAN_POINT('',(2.2E0,-1.5E-1,-2.5E0));
#1768=DIRECTION('',(0.E0,-2.079116908178E-1,-9.781476007338E-1));
#1769=DIRECTION('',(-1.E0,0.E0,0.E0));
#1770=AXIS2_PLACEMENT_3D('',#1767,#1768,#1769);
#1771=PLANE('',#1770);
#1773=ORIENTED_EDGE('',*,*,#1772,.F.);
#1775=ORIENTED_EDGE('',*,*,#1774,.F.);
#1777=ORIENTED_EDGE('',*,*,#1776,.T.);
#1779=ORIENTED_EDGE('',*,*,#1778,.F.);
#1780=ORIENTED_EDGE('',*,*,#1757,.T.);
#1782=ORIENTED_EDGE('',*,*,#1781,.T.);
#1783=EDGE_LOOP('',(#1773,#1775,#1777,#1779,#1780,#1782));
#1784=FACE_OUTER_BOUND('',#1783,.F.);
#1785=ADVANCED_FACE('',(#1784),#1771,.T.);
#1786=CARTESIAN_POINT('',(2.502388611309E0,1.7536E0,-2.802388611309E0));
#1787=DIRECTION('',(-2.035585949528E-1,-9.576678948580E-1,2.035585949528E-1));
#1788=DIRECTION('',(0.E0,-2.079116908178E-1,-9.781476007338E-1));
#1789=AXIS2_PLACEMENT_3D('',#1786,#1787,#1788);
#1790=CYLINDRICAL_SURFACE('',#1789,1.E-1);
#1792=ORIENTED_EDGE('',*,*,#1791,.F.);
#1794=ORIENTED_EDGE('',*,*,#1793,.F.);
#1795=ORIENTED_EDGE('',*,*,#1772,.T.);
#1797=ORIENTED_EDGE('',*,*,#1796,.T.);
#1798=EDGE_LOOP('',(#1792,#1794,#1795,#1797));
#1799=FACE_OUTER_BOUND('',#1798,.F.);
#1800=ADVANCED_FACE('',(#1799),#1790,.T.);
#1801=CARTESIAN_POINT('',(2.2E0,-1.5E-1,2.5E0));
#1802=DIRECTION('',(9.781476007338E-1,-2.079116908178E-1,0.E0));
#1803=DIRECTION('',(0.E0,0.E0,-1.E0));
#1804=AXIS2_PLACEMENT_3D('',#1801,#1802,#1803);
#1805=PLANE('',#1804);
#1806=ORIENTED_EDGE('',*,*,#1791,.T.);
#1808=ORIENTED_EDGE('',*,*,#1807,.T.);
#1810=ORIENTED_EDGE('',*,*,#1809,.F.);
#1812=ORIENTED_EDGE('',*,*,#1811,.F.);
#1814=ORIENTED_EDGE('',*,*,#1813,.T.);
#1816=ORIENTED_EDGE('',*,*,#1815,.F.);
#1817=EDGE_LOOP('',(#1806,#1808,#1810,#1812,#1814,#1816));
#1818=FACE_OUTER_BOUND('',#1817,.F.);
#1819=ADVANCED_FACE('',(#1818),#1805,.T.);
#1820=CARTESIAN_POINT('',(2.033998972012E0,-4.5E-1,-9.018E0));
#1821=DIRECTION('',(0.E0,0.E0,1.E0));
#1822=DIRECTION('',(0.E0,-1.E0,0.E0));
#1823=AXIS2_PLACEMENT_3D('',#1820,#1821,#1822);
#1824=CYLINDRICAL_SURFACE('',#1823,1.E-1);
#1825=ORIENTED_EDGE('',*,*,#1653,.T.);
#1827=ORIENTED_EDGE('',*,*,#1826,.T.);
#1828=ORIENTED_EDGE('',*,*,#1807,.F.);
#1830=ORIENTED_EDGE('',*,*,#1829,.T.);
#1831=EDGE_LOOP('',(#1825,#1827,#1828,#1830));
#1832=FACE_OUTER_BOUND('',#1831,.F.);
#1833=ADVANCED_FACE('',(#1832),#1824,.T.);
#1834=CARTESIAN_POINT('',(2.033998972012E0,-4.5E-1,2.333998972012E0));
#1835=DIRECTION('',(7.071067811865E-1,0.E0,-7.071067811865E-1));
#1836=DIRECTION('',(6.771734625787E-1,-2.878753257198E-1,6.771734625787E-1));
#1837=AXIS2_PLACEMENT_3D('',#1834,#1835,#1836);
#1838=SPHERICAL_SURFACE('',#1837,1.E-1);
#1840=ORIENTED_EDGE('',*,*,#1839,.F.);
#1842=ORIENTED_EDGE('',*,*,#1841,.F.);
#1843=ORIENTED_EDGE('',*,*,#1826,.F.);
#1844=EDGE_LOOP('',(#1840,#1842,#1843));
#1845=FACE_OUTER_BOUND('',#1844,.F.);
#1846=ADVANCED_FACE('',(#1845),#1838,.T.);
#1847=CARTESIAN_POINT('',(7.93584E0,-4.5E-1,2.333998972012E0));
#1848=DIRECTION('',(-1.E0,0.E0,0.E0));
#1849=DIRECTION('',(0.E0,-1.E0,0.E0));
#1850=AXIS2_PLACEMENT_3D('',#1847,#1848,#1849);
#1851=CYLINDRICAL_SURFACE('',#1850,1.E-1);
#1852=ORIENTED_EDGE('',*,*,#1651,.T.);
#1854=ORIENTED_EDGE('',*,*,#1853,.T.);
#1856=ORIENTED_EDGE('',*,*,#1855,.F.);
#1857=ORIENTED_EDGE('',*,*,#1839,.T.);
#1858=EDGE_LOOP('',(#1852,#1854,#1856,#1857));
#1859=FACE_OUTER_BOUND('',#1858,.F.);
#1860=ADVANCED_FACE('',(#1859),#1851,.T.);
#1861=CARTESIAN_POINT('',(-2.033998972012E0,-4.5E-1,2.333998972012E0));
#1862=DIRECTION('',(7.071067811865E-1,0.E0,7.071067811865E-1));
#1863=DIRECTION('',(-6.771734625787E-1,-2.878753257198E-1,6.771734625787E-1));
#1864=AXIS2_PLACEMENT_3D('',#1861,#1862,#1863);
#1865=SPHERICAL_SURFACE('',#1864,1.E-1);
#1866=ORIENTED_EDGE('',*,*,#1853,.F.);
#1867=ORIENTED_EDGE('',*,*,#1725,.F.);
#1869=ORIENTED_EDGE('',*,*,#1868,.F.);
#1870=EDGE_LOOP('',(#1866,#1867,#1869));
#1871=FACE_OUTER_BOUND('',#1870,.F.);
#1872=ADVANCED_FACE('',(#1871),#1865,.T.);
#1873=CARTESIAN_POINT('',(-2.502388611309E0,1.7536E0,2.802388611309E0));
#1874=DIRECTION('',(2.035585949528E-1,-9.576678948580E-1,-2.035585949528E-1));
#1875=DIRECTION('',(0.E0,-2.079116908178E-1,9.781476007338E-1));
#1876=AXIS2_PLACEMENT_3D('',#1873,#1874,#1875);
#1877=CYLINDRICAL_SURFACE('',#1876,1.E-1);
#1878=ORIENTED_EDGE('',*,*,#1747,.F.);
#1880=ORIENTED_EDGE('',*,*,#1879,.F.);
#1882=ORIENTED_EDGE('',*,*,#1881,.T.);
#1883=ORIENTED_EDGE('',*,*,#1868,.T.);
#1884=EDGE_LOOP('',(#1878,#1880,#1882,#1883));
#1885=FACE_OUTER_BOUND('',#1884,.F.);
#1886=ADVANCED_FACE('',(#1885),#1877,.T.);
#1887=CARTESIAN_POINT('',(-2.1E0,1.7536E0,2.4E0));
#1888=DIRECTION('',(0.E0,-1.E0,0.E0));
#1889=DIRECTION('',(0.E0,0.E0,1.E0));
#1890=AXIS2_PLACEMENT_3D('',#1887,#1888,#1889);
#1891=CYLINDRICAL_SURFACE('',#1890,1.E-1);
#1893=ORIENTED_EDGE('',*,*,#1892,.T.);
#1895=ORIENTED_EDGE('',*,*,#1894,.T.);
#1896=ORIENTED_EDGE('',*,*,#1879,.T.);
#1897=ORIENTED_EDGE('',*,*,#1745,.T.);
#1899=ORIENTED_EDGE('',*,*,#1898,.F.);
#1901=ORIENTED_EDGE('',*,*,#1900,.T.);
#1903=ORIENTED_EDGE('',*,*,#1902,.T.);
#1905=ORIENTED_EDGE('',*,*,#1904,.T.);
#1906=EDGE_LOOP('',(#1893,#1895,#1896,#1897,#1899,#1901,#1903,#1905));
#1907=FACE_OUTER_BOUND('',#1906,.F.);
#1908=ADVANCED_FACE('',(#1907),#1891,.T.);
#1909=CARTESIAN_POINT('',(-2.2E0,-5.5E-1,2.5E0));
#1910=DIRECTION('',(0.E0,0.E0,1.E0));
#1911=DIRECTION('',(1.E0,0.E0,0.E0));
#1912=AXIS2_PLACEMENT_3D('',#1909,#1910,#1911);
#1913=PLANE('',#1912);
#1915=ORIENTED_EDGE('',*,*,#1914,.T.);
#1917=ORIENTED_EDGE('',*,*,#1916,.F.);
#1918=ORIENTED_EDGE('',*,*,#1892,.F.);
#1920=ORIENTED_EDGE('',*,*,#1919,.T.);
#1921=EDGE_LOOP('',(#1915,#1917,#1918,#1920));
#1922=FACE_OUTER_BOUND('',#1921,.F.);
#1923=ADVANCED_FACE('',(#1922),#1913,.T.);
#1924=CARTESIAN_POINT('',(2.1E0,1.7536E0,2.4E0));
#1925=DIRECTION('',(0.E0,-1.E0,0.E0));
#1926=DIRECTION('',(1.E0,0.E0,0.E0));
#1927=AXIS2_PLACEMENT_3D('',#1924,#1925,#1926);
#1928=CYLINDRICAL_SURFACE('',#1927,1.E-1);
#1930=ORIENTED_EDGE('',*,*,#1929,.T.);
#1931=ORIENTED_EDGE('',*,*,#1811,.T.);
#1933=ORIENTED_EDGE('',*,*,#1932,.T.);
#1935=ORIENTED_EDGE('',*,*,#1934,.T.);
#1936=ORIENTED_EDGE('',*,*,#1914,.F.);
#1938=ORIENTED_EDGE('',*,*,#1937,.T.);
#1940=ORIENTED_EDGE('',*,*,#1939,.T.);
#1942=ORIENTED_EDGE('',*,*,#1941,.T.);
#1943=EDGE_LOOP('',(#1930,#1931,#1933,#1935,#1936,#1938,#1940,#1942));
#1944=FACE_OUTER_BOUND('',#1943,.F.);
#1945=ADVANCED_FACE('',(#1944),#1928,.T.);
#1946=CARTESIAN_POINT('',(2.2E0,-5.5E-1,2.5E0));
#1947=DIRECTION('',(1.E0,0.E0,0.E0));
#1948=DIRECTION('',(0.E0,0.E0,-1.E0));
#1949=AXIS2_PLACEMENT_3D('',#1946,#1947,#1948);
#1950=PLANE('',#1949);
#1952=ORIENTED_EDGE('',*,*,#1951,.T.);
#1953=ORIENTED_EDGE('',*,*,#1813,.F.);
#1954=ORIENTED_EDGE('',*,*,#1929,.F.);
#1956=ORIENTED_EDGE('',*,*,#1955,.T.);
#1957=EDGE_LOOP('',(#1952,#1953,#1954,#1956));
#1958=FACE_OUTER_BOUND('',#1957,.F.);
#1959=ADVANCED_FACE('',(#1958),#1950,.T.);
#1960=CARTESIAN_POINT('',(2.1E0,1.7536E0,-2.4E0));
#1961=DIRECTION('',(0.E0,-1.E0,0.E0));
#1962=DIRECTION('',(0.E0,0.E0,-1.E0));
#1963=AXIS2_PLACEMENT_3D('',#1960,#1961,#1962);
#1964=CYLINDRICAL_SURFACE('',#1963,1.E-1);
#1966=ORIENTED_EDGE('',*,*,#1965,.T.);
#1967=ORIENTED_EDGE('',*,*,#1774,.T.);
#1968=ORIENTED_EDGE('',*,*,#1793,.T.);
#1969=ORIENTED_EDGE('',*,*,#1815,.T.);
#1970=ORIENTED_EDGE('',*,*,#1951,.F.);
#1972=ORIENTED_EDGE('',*,*,#1971,.T.);
#1974=ORIENTED_EDGE('',*,*,#1973,.T.);
#1976=ORIENTED_EDGE('',*,*,#1975,.T.);
#1977=EDGE_LOOP('',(#1966,#1967,#1968,#1969,#1970,#1972,#1974,#1976));
#1978=FACE_OUTER_BOUND('',#1977,.F.);
#1979=ADVANCED_FACE('',(#1978),#1964,.T.);
#1980=CARTESIAN_POINT('',(2.2E0,-5.5E-1,-2.5E0));
#1981=DIRECTION('',(0.E0,0.E0,-1.E0));
#1982=DIRECTION('',(-1.E0,0.E0,0.E0));
#1983=AXIS2_PLACEMENT_3D('',#1980,#1981,#1982);
#1984=PLANE('',#1983);
#1985=ORIENTED_EDGE('',*,*,#1965,.F.);
#1987=ORIENTED_EDGE('',*,*,#1986,.T.);
#1989=ORIENTED_EDGE('',*,*,#1988,.T.);
#1990=ORIENTED_EDGE('',*,*,#1776,.F.);
#1991=EDGE_LOOP('',(#1985,#1987,#1989,#1990));
#1992=FACE_OUTER_BOUND('',#1991,.F.);
#1993=ADVANCED_FACE('',(#1992),#1984,.T.);
#1994=CARTESIAN_POINT('',(2.2E0,0.E0,-2.5E0));
#1995=DIRECTION('',(0.E0,2.079116908178E-1,-9.781476007338E-1));
#1996=DIRECTION('',(-1.E0,0.E0,0.E0));
#1997=AXIS2_PLACEMENT_3D('',#1994,#1995,#1996);
#1998=PLANE('',#1997);
#1999=ORIENTED_EDGE('',*,*,#1975,.F.);
#2001=ORIENTED_EDGE('',*,*,#2000,.F.);
#2003=ORIENTED_EDGE('',*,*,#2002,.T.);
#2005=ORIENTED_EDGE('',*,*,#2004,.T.);
#2007=ORIENTED_EDGE('',*,*,#2006,.F.);
#2008=ORIENTED_EDGE('',*,*,#1986,.F.);
#2009=EDGE_LOOP('',(#1999,#2001,#2003,#2005,#2007,#2008));
#2010=FACE_OUTER_BOUND('',#2009,.F.);
#2011=ADVANCED_FACE('',(#2010),#1998,.T.);
#2012=CARTESIAN_POINT('',(1.725026753969E0,1.7536E0,-2.025026753969E0));
#2013=DIRECTION('',(2.035585949528E-1,-9.576678948580E-1,-2.035585949528E-1));
#2014=DIRECTION('',(0.E0,2.079116908178E-1,-9.781476007338E-1));
#2015=AXIS2_PLACEMENT_3D('',#2012,#2013,#2014);
#2016=CYLINDRICAL_SURFACE('',#2015,1.E-1);
#2017=ORIENTED_EDGE('',*,*,#2000,.T.);
#2018=ORIENTED_EDGE('',*,*,#1973,.F.);
#2020=ORIENTED_EDGE('',*,*,#2019,.F.);
#2022=ORIENTED_EDGE('',*,*,#2021,.T.);
#2023=EDGE_LOOP('',(#2017,#2018,#2020,#2022));
#2024=FACE_OUTER_BOUND('',#2023,.F.);
#2025=ADVANCED_FACE('',(#2024),#2016,.T.);
#2026=CARTESIAN_POINT('',(2.2E0,0.E0,2.5E0));
#2027=DIRECTION('',(9.781476007338E-1,2.079116908178E-1,0.E0));
#2028=DIRECTION('',(0.E0,0.E0,-1.E0));
#2029=AXIS2_PLACEMENT_3D('',#2026,#2027,#2028);
#2030=PLANE('',#2029);
#2032=ORIENTED_EDGE('',*,*,#2031,.T.);
#2033=ORIENTED_EDGE('',*,*,#2019,.T.);
#2034=ORIENTED_EDGE('',*,*,#1971,.F.);
#2035=ORIENTED_EDGE('',*,*,#1955,.F.);
#2036=ORIENTED_EDGE('',*,*,#1941,.F.);
#2038=ORIENTED_EDGE('',*,*,#2037,.F.);
#2039=EDGE_LOOP('',(#2032,#2033,#2034,#2035,#2036,#2038));
#2040=FACE_OUTER_BOUND('',#2039,.F.);
#2041=ADVANCED_FACE('',(#2040),#2030,.T.);
#2042=CARTESIAN_POINT('',(2.023371143929E0,3.5E-1,9.018E0));
#2043=DIRECTION('',(0.E0,0.E0,-1.E0));
#2044=DIRECTION('',(0.E0,1.E0,0.E0));
#2045=AXIS2_PLACEMENT_3D('',#2042,#2043,#2044);
#2046=CYLINDRICAL_SURFACE('',#2045,1.E-1);
#2047=ORIENTED_EDGE('',*,*,#2031,.F.);
#2049=ORIENTED_EDGE('',*,*,#2048,.T.);
#2051=ORIENTED_EDGE('',*,*,#2050,.T.);
#2053=ORIENTED_EDGE('',*,*,#2052,.T.);
#2054=EDGE_LOOP('',(#2047,#2049,#2051,#2053));
#2055=FACE_OUTER_BOUND('',#2054,.F.);
#2056=ADVANCED_FACE('',(#2055),#2046,.T.);
#2057=CARTESIAN_POINT('',(2.023371143929E0,3.5E-1,2.323371143929E0));
#2058=DIRECTION('',(7.771459614570E-1,-6.293203910498E-1,0.E0));
#2059=DIRECTION('',(6.293203910498E-1,7.771459614570E-1,0.E0));
#2060=AXIS2_PLACEMENT_3D('',#2057,#2058,#2059);
#2061=SPHERICAL_SURFACE('',#2060,1.E-1);
#2063=ORIENTED_EDGE('',*,*,#2062,.F.);
#2064=ORIENTED_EDGE('',*,*,#2048,.F.);
#2066=ORIENTED_EDGE('',*,*,#2065,.F.);
#2067=EDGE_LOOP('',(#2063,#2064,#2066));
#2068=FACE_OUTER_BOUND('',#2067,.F.);
#2069=ADVANCED_FACE('',(#2068),#2061,.T.);
#2070=CARTESIAN_POINT('',(-7.93584E0,3.5E-1,2.323371143929E0));
#2071=DIRECTION('',(1.E0,0.E0,0.E0));
#2072=DIRECTION('',(0.E0,1.E0,0.E0));
#2073=AXIS2_PLACEMENT_3D('',#2070,#2071,#2072);
#2074=CYLINDRICAL_SURFACE('',#2073,1.E-1);
#2076=ORIENTED_EDGE('',*,*,#2075,.F.);
#2078=ORIENTED_EDGE('',*,*,#2077,.T.);
#2080=ORIENTED_EDGE('',*,*,#2079,.T.);
#2081=ORIENTED_EDGE('',*,*,#2062,.T.);
#2082=EDGE_LOOP('',(#2076,#2078,#2080,#2081));
#2083=FACE_OUTER_BOUND('',#2082,.F.);
#2084=ADVANCED_FACE('',(#2083),#2074,.T.);
#2085=CARTESIAN_POINT('',(-2.2E0,0.E0,2.5E0));
#2086=DIRECTION('',(0.E0,2.079116908178E-1,9.781476007338E-1));
#2087=DIRECTION('',(1.E0,0.E0,0.E0));
#2088=AXIS2_PLACEMENT_3D('',#2085,#2086,#2087);
#2089=PLANE('',#2088);
#2090=ORIENTED_EDGE('',*,*,#1937,.F.);
#2091=ORIENTED_EDGE('',*,*,#1919,.F.);
#2092=ORIENTED_EDGE('',*,*,#1904,.F.);
#2094=ORIENTED_EDGE('',*,*,#2093,.F.);
#2095=ORIENTED_EDGE('',*,*,#2075,.T.);
#2097=ORIENTED_EDGE('',*,*,#2096,.T.);
#2098=EDGE_LOOP('',(#2090,#2091,#2092,#2094,#2095,#2097));
#2099=FACE_OUTER_BOUND('',#2098,.F.);
#2100=ADVANCED_FACE('',(#2099),#2089,.T.);
#2101=CARTESIAN_POINT('',(-1.725026753969E0,1.7536E0,2.025026753969E0));
#2102=DIRECTION('',(-2.035585949528E-1,-9.576678948580E-1,2.035585949528E-1));
#2103=DIRECTION('',(0.E0,2.079116908178E-1,9.781476007338E-1));
#2104=AXIS2_PLACEMENT_3D('',#2101,#2102,#2103);
#2105=CYLINDRICAL_SURFACE('',#2104,1.E-1);
#2106=ORIENTED_EDGE('',*,*,#2093,.T.);
#2107=ORIENTED_EDGE('',*,*,#1902,.F.);
#2109=ORIENTED_EDGE('',*,*,#2108,.F.);
#2111=ORIENTED_EDGE('',*,*,#2110,.T.);
#2112=EDGE_LOOP('',(#2106,#2107,#2109,#2111));
#2113=FACE_OUTER_BOUND('',#2112,.F.);
#2114=ADVANCED_FACE('',(#2113),#2105,.T.);
#2115=CARTESIAN_POINT('',(-2.2E0,0.E0,-2.5E0));
#2116=DIRECTION('',(-9.781476007338E-1,2.079116908178E-1,0.E0));
#2117=DIRECTION('',(0.E0,0.E0,1.E0));
#2118=AXIS2_PLACEMENT_3D('',#2115,#2116,#2117);
#2119=PLANE('',#2118);
#2121=ORIENTED_EDGE('',*,*,#2120,.T.);
#2122=ORIENTED_EDGE('',*,*,#2108,.T.);
#2123=ORIENTED_EDGE('',*,*,#1900,.F.);
#2125=ORIENTED_EDGE('',*,*,#2124,.F.);
#2127=ORIENTED_EDGE('',*,*,#2126,.F.);
#2129=ORIENTED_EDGE('',*,*,#2128,.F.);
#2130=EDGE_LOOP('',(#2121,#2122,#2123,#2125,#2127,#2129));
#2131=FACE_OUTER_BOUND('',#2130,.F.);
#2132=ADVANCED_FACE('',(#2131),#2119,.T.);
#2133=CARTESIAN_POINT('',(-2.023371143929E0,3.5E-1,-9.018E0));
#2134=DIRECTION('',(0.E0,0.E0,1.E0));
#2135=DIRECTION('',(0.E0,1.E0,0.E0));
#2136=AXIS2_PLACEMENT_3D('',#2133,#2134,#2135);
#2137=CYLINDRICAL_SURFACE('',#2136,1.E-1);
#2138=ORIENTED_EDGE('',*,*,#2120,.F.);
#2140=ORIENTED_EDGE('',*,*,#2139,.T.);
#2142=ORIENTED_EDGE('',*,*,#2141,.T.);
#2144=ORIENTED_EDGE('',*,*,#2143,.T.);
#2145=EDGE_LOOP('',(#2138,#2140,#2142,#2144));
#2146=FACE_OUTER_BOUND('',#2145,.F.);
#2147=ADVANCED_FACE('',(#2146),#2137,.T.);
#2148=CARTESIAN_POINT('',(-2.023371143929E0,3.5E-1,-2.323371143929E0));
#2149=DIRECTION('',(7.071067811865E-1,0.E0,-7.071067811865E-1));
#2150=DIRECTION('',(-6.771734625787E-1,2.878753257198E-1,-6.771734625787E-1));
#2151=AXIS2_PLACEMENT_3D('',#2148,#2149,#2150);
#2152=SPHERICAL_SURFACE('',#2151,1.E-1);
#2154=ORIENTED_EDGE('',*,*,#2153,.F.);
#2156=ORIENTED_EDGE('',*,*,#2155,.F.);
#2157=ORIENTED_EDGE('',*,*,#2139,.F.);
#2158=EDGE_LOOP('',(#2154,#2156,#2157));
#2159=FACE_OUTER_BOUND('',#2158,.F.);
#2160=ADVANCED_FACE('',(#2159),#2152,.T.);
#2161=CARTESIAN_POINT('',(-1.725026753969E0,1.7536E0,-2.025026753969E0));
#2162=DIRECTION('',(-2.035585949528E-1,-9.576678948580E-1,-2.035585949528E-1));
#2163=DIRECTION('',(-9.781476007338E-1,2.079116908178E-1,0.E0));
#2164=AXIS2_PLACEMENT_3D('',#2161,#2162,#2163);
#2165=CYLINDRICAL_SURFACE('',#2164,1.E-1);
#2166=ORIENTED_EDGE('',*,*,#2128,.T.);
#2168=ORIENTED_EDGE('',*,*,#2167,.F.);
#2169=ORIENTED_EDGE('',*,*,#2004,.F.);
#2170=ORIENTED_EDGE('',*,*,#2153,.T.);
#2171=EDGE_LOOP('',(#2166,#2168,#2169,#2170));
#2172=FACE_OUTER_BOUND('',#2171,.F.);
#2173=ADVANCED_FACE('',(#2172),#2165,.T.);
#2174=CARTESIAN_POINT('',(-2.1E0,1.7536E0,-2.4E0));
#2175=DIRECTION('',(0.E0,-1.E0,0.E0));
#2176=DIRECTION('',(-1.E0,0.E0,0.E0));
#2177=AXIS2_PLACEMENT_3D('',#2174,#2175,#2176);
#2178=CYLINDRICAL_SURFACE('',#2177,1.E-1);
#2180=ORIENTED_EDGE('',*,*,#2179,.T.);
#2181=ORIENTED_EDGE('',*,*,#1741,.T.);
#2182=ORIENTED_EDGE('',*,*,#1759,.T.);
#2183=ORIENTED_EDGE('',*,*,#1778,.T.);
#2184=ORIENTED_EDGE('',*,*,#1988,.F.);
#2185=ORIENTED_EDGE('',*,*,#2006,.T.);
#2186=ORIENTED_EDGE('',*,*,#2167,.T.);
#2187=ORIENTED_EDGE('',*,*,#2126,.T.);
#2188=EDGE_LOOP('',(#2180,#2181,#2182,#2183,#2184,#2185,#2186,#2187));
#2189=FACE_OUTER_BOUND('',#2188,.F.);
#2190=ADVANCED_FACE('',(#2189),#2178,.T.);
#2191=CARTESIAN_POINT('',(-2.2E0,-5.5E-1,-2.5E0));
#2192=DIRECTION('',(-1.E0,0.E0,0.E0));
#2193=DIRECTION('',(0.E0,0.E0,1.E0));
#2194=AXIS2_PLACEMENT_3D('',#2191,#2192,#2193);
#2195=PLANE('',#2194);
#2196=ORIENTED_EDGE('',*,*,#2179,.F.);
#2197=ORIENTED_EDGE('',*,*,#2124,.T.);
#2198=ORIENTED_EDGE('',*,*,#1898,.T.);
#2199=ORIENTED_EDGE('',*,*,#1743,.F.);
#2200=EDGE_LOOP('',(#2196,#2197,#2198,#2199));
#2201=FACE_OUTER_BOUND('',#2200,.F.);
#2202=ADVANCED_FACE('',(#2201),#2195,.T.);
#2203=CARTESIAN_POINT('',(7.93584E0,3.5E-1,-2.323371143929E0));
#2204=DIRECTION('',(-1.E0,0.E0,0.E0));
#2205=DIRECTION('',(0.E0,1.E0,0.E0));
#2206=AXIS2_PLACEMENT_3D('',#2203,#2204,#2205);
#2207=CYLINDRICAL_SURFACE('',#2206,1.E-1);
#2209=ORIENTED_EDGE('',*,*,#2208,.T.);
#2210=ORIENTED_EDGE('',*,*,#2155,.T.);
#2211=ORIENTED_EDGE('',*,*,#2002,.F.);
#2213=ORIENTED_EDGE('',*,*,#2212,.T.);
#2214=EDGE_LOOP('',(#2209,#2210,#2211,#2213));
#2215=FACE_OUTER_BOUND('',#2214,.F.);
#2216=ADVANCED_FACE('',(#2215),#2207,.T.);
#2217=CARTESIAN_POINT('',(0.E0,4.5E-1,0.E0));
#2218=DIRECTION('',(0.E0,1.E0,0.E0));
#2219=DIRECTION('',(1.E0,0.E0,0.E0));
#2220=AXIS2_PLACEMENT_3D('',#2217,#2218,#2219);
#2221=PLANE('',#2220);
#2222=ORIENTED_EDGE('',*,*,#2141,.F.);
#2223=ORIENTED_EDGE('',*,*,#2208,.F.);
#2224=ORIENTED_EDGE('',*,*,#2050,.F.);
#2225=ORIENTED_EDGE('',*,*,#2079,.F.);
#2226=EDGE_LOOP('',(#2222,#2223,#2224,#2225));
#2227=FACE_OUTER_BOUND('',#2226,.F.);
#2229=ORIENTED_EDGE('',*,*,#2228,.F.);
#2231=ORIENTED_EDGE('',*,*,#2230,.F.);
#2232=EDGE_LOOP('',(#2229,#2231));
#2233=FACE_BOUND('',#2232,.F.);
#2234=ADVANCED_FACE('',(#2227,#2233),#2221,.T.);
#2235=CARTESIAN_POINT('',(-1.4E0,4.5E-1,-1.7E0));
#2236=DIRECTION('',(0.E0,-1.E0,0.E0));
#2237=DIRECTION('',(1.E0,0.E0,0.E0));
#2238=AXIS2_PLACEMENT_3D('',#2235,#2236,#2237);
#2239=CYLINDRICAL_SURFACE('',#2238,4.E-1);
#2240=ORIENTED_EDGE('',*,*,#2228,.T.);
#2242=ORIENTED_EDGE('',*,*,#2241,.T.);
#2244=ORIENTED_EDGE('',*,*,#2243,.F.);
#2246=ORIENTED_EDGE('',*,*,#2245,.F.);
#2247=EDGE_LOOP('',(#2240,#2242,#2244,#2246));
#2248=FACE_OUTER_BOUND('',#2247,.F.);
#2249=ADVANCED_FACE('',(#2248),#2239,.F.);
#2250=CARTESIAN_POINT('',(-1.4E0,4.5E-1,-1.7E0));
#2251=DIRECTION('',(0.E0,-1.E0,0.E0));
#2252=DIRECTION('',(1.E0,0.E0,0.E0));
#2253=AXIS2_PLACEMENT_3D('',#2250,#2251,#2252);
#2254=CYLINDRICAL_SURFACE('',#2253,4.E-1);
#2255=ORIENTED_EDGE('',*,*,#2230,.T.);
#2256=ORIENTED_EDGE('',*,*,#2245,.T.);
#2258=ORIENTED_EDGE('',*,*,#2257,.F.);
#2259=ORIENTED_EDGE('',*,*,#2241,.F.);
#2260=EDGE_LOOP('',(#2255,#2256,#2258,#2259));
#2261=FACE_OUTER_BOUND('',#2260,.F.);
#2262=ADVANCED_FACE('',(#2261),#2254,.F.);
#2263=CARTESIAN_POINT('',(-1.4E0,4.E-1,-1.7E0));
#2264=DIRECTION('',(0.E0,-1.E0,0.E0));
#2265=DIRECTION('',(1.E0,0.E0,0.E0));
#2266=AXIS2_PLACEMENT_3D('',#2263,#2264,#2265);
#2267=PLANE('',#2266);
#2268=ORIENTED_EDGE('',*,*,#2243,.T.);
#2269=ORIENTED_EDGE('',*,*,#2257,.T.);
#2270=EDGE_LOOP('',(#2268,#2269));
#2271=FACE_OUTER_BOUND('',#2270,.F.);
#2272=ADVANCED_FACE('',(#2271),#2267,.F.);
#2273=CARTESIAN_POINT('',(2.023371143929E0,3.5E-1,-2.323371143929E0));
#2274=DIRECTION('',(0.E0,-6.293203910498E-1,-7.771459614570E-1));
#2275=DIRECTION('',(0.E0,7.771459614570E-1,-6.293203910498E-1));
#2276=AXIS2_PLACEMENT_3D('',#2273,#2274,#2275);
#2277=SPHERICAL_SURFACE('',#2276,1.E-1);
#2278=ORIENTED_EDGE('',*,*,#2212,.F.);
#2279=ORIENTED_EDGE('',*,*,#2021,.F.);
#2280=ORIENTED_EDGE('',*,*,#2052,.F.);
#2281=EDGE_LOOP('',(#2278,#2279,#2280));
#2282=FACE_OUTER_BOUND('',#2281,.F.);
#2283=ADVANCED_FACE('',(#2282),#2277,.T.);
#2284=CARTESIAN_POINT('',(-2.023371143929E0,3.5E-1,2.323371143929E0));
#2285=DIRECTION('',(0.E0,-6.293203910498E-1,7.771459614570E-1));
#2286=DIRECTION('',(0.E0,7.771459614570E-1,6.293203910498E-1));
#2287=AXIS2_PLACEMENT_3D('',#2284,#2285,#2286);
#2288=SPHERICAL_SURFACE('',#2287,1.E-1);
#2289=ORIENTED_EDGE('',*,*,#2110,.F.);
#2290=ORIENTED_EDGE('',*,*,#2143,.F.);
#2291=ORIENTED_EDGE('',*,*,#2077,.F.);
#2292=EDGE_LOOP('',(#2289,#2290,#2291));
#2293=FACE_OUTER_BOUND('',#2292,.F.);
#2294=ADVANCED_FACE('',(#2293),#2288,.T.);
#2295=CARTESIAN_POINT('',(1.725026753969E0,1.7536E0,2.025026753969E0));
#2296=DIRECTION('',(2.035585949528E-1,-9.576678948580E-1,2.035585949528E-1));
#2297=DIRECTION('',(9.781476007338E-1,2.079116908178E-1,0.E0));
#2298=AXIS2_PLACEMENT_3D('',#2295,#2296,#2297);
#2299=CYLINDRICAL_SURFACE('',#2298,1.E-1);
#2300=ORIENTED_EDGE('',*,*,#2037,.T.);
#2301=ORIENTED_EDGE('',*,*,#1939,.F.);
#2302=ORIENTED_EDGE('',*,*,#2096,.F.);
#2303=ORIENTED_EDGE('',*,*,#2065,.T.);
#2304=EDGE_LOOP('',(#2300,#2301,#2302,#2303));
#2305=FACE_OUTER_BOUND('',#2304,.F.);
#2306=ADVANCED_FACE('',(#2305),#2299,.T.);
#2307=CARTESIAN_POINT('',(2.502388611309E0,1.7536E0,2.802388611309E0));
#2308=DIRECTION('',(-2.035585949528E-1,-9.576678948580E-1,-2.035585949528E-1));
#2309=DIRECTION('',(9.781476007338E-1,-2.079116908178E-1,0.E0));
#2310=AXIS2_PLACEMENT_3D('',#2307,#2308,#2309);
#2311=CYLINDRICAL_SURFACE('',#2310,1.E-1);
#2313=ORIENTED_EDGE('',*,*,#2312,.F.);
#2314=ORIENTED_EDGE('',*,*,#1932,.F.);
#2315=ORIENTED_EDGE('',*,*,#1809,.T.);
#2316=ORIENTED_EDGE('',*,*,#1841,.T.);
#2317=EDGE_LOOP('',(#2313,#2314,#2315,#2316));
#2318=FACE_OUTER_BOUND('',#2317,.F.);
#2319=ADVANCED_FACE('',(#2318),#2311,.T.);
#2320=CARTESIAN_POINT('',(-2.2E0,-1.5E-1,2.5E0));
#2321=DIRECTION('',(0.E0,-2.079116908178E-1,9.781476007338E-1));
#2322=DIRECTION('',(1.E0,0.E0,0.E0));
#2323=AXIS2_PLACEMENT_3D('',#2320,#2321,#2322);
#2324=PLANE('',#2323);
#2325=ORIENTED_EDGE('',*,*,#2312,.T.);
#2326=ORIENTED_EDGE('',*,*,#1855,.T.);
#2327=ORIENTED_EDGE('',*,*,#1881,.F.);
#2328=ORIENTED_EDGE('',*,*,#1894,.F.);
#2329=ORIENTED_EDGE('',*,*,#1916,.T.);
#2330=ORIENTED_EDGE('',*,*,#1934,.F.);
#2331=EDGE_LOOP('',(#2325,#2326,#2327,#2328,#2329,#2330));
#2332=FACE_OUTER_BOUND('',#2331,.F.);
#2333=ADVANCED_FACE('',(#2332),#2324,.T.);
#2334=CARTESIAN_POINT('',(2.033998972012E0,-4.5E-1,-2.333998972012E0));
#2335=DIRECTION('',(-7.071067811865E-1,0.E0,-7.071067811865E-1));
#2336=DIRECTION('',(6.771734625787E-1,-2.878753257198E-1,-6.771734625787E-1));
#2337=AXIS2_PLACEMENT_3D('',#2334,#2335,#2336);
#2338=SPHERICAL_SURFACE('',#2337,1.E-1);
#2339=ORIENTED_EDGE('',*,*,#1829,.F.);
#2340=ORIENTED_EDGE('',*,*,#1796,.F.);
#2342=ORIENTED_EDGE('',*,*,#2341,.F.);
#2343=EDGE_LOOP('',(#2339,#2340,#2342));
#2344=FACE_OUTER_BOUND('',#2343,.F.);
#2345=ADVANCED_FACE('',(#2344),#2338,.T.);
#2346=CARTESIAN_POINT('',(-7.93584E0,-4.5E-1,-2.333998972012E0));
#2347=DIRECTION('',(1.E0,0.E0,0.E0));
#2348=DIRECTION('',(0.E0,-1.E0,0.E0));
#2349=AXIS2_PLACEMENT_3D('',#2346,#2347,#2348);
#2350=CYLINDRICAL_SURFACE('',#2349,1.E-1);
#2351=ORIENTED_EDGE('',*,*,#1781,.F.);
#2353=ORIENTED_EDGE('',*,*,#2352,.T.);
#2354=ORIENTED_EDGE('',*,*,#1655,.T.);
#2355=ORIENTED_EDGE('',*,*,#2341,.T.);
#2356=EDGE_LOOP('',(#2351,#2353,#2354,#2355));
#2357=FACE_OUTER_BOUND('',#2356,.F.);
#2358=ADVANCED_FACE('',(#2357),#2350,.T.);
#2359=CARTESIAN_POINT('',(-2.033998972012E0,-4.5E-1,-2.333998972012E0));
#2360=DIRECTION('',(0.E0,6.293203910498E-1,-7.771459614570E-1));
#2361=DIRECTION('',(0.E0,-7.771459614570E-1,-6.293203910498E-1));
#2362=AXIS2_PLACEMENT_3D('',#2359,#2360,#2361);
#2363=SPHERICAL_SURFACE('',#2362,1.E-1);
#2364=ORIENTED_EDGE('',*,*,#2352,.F.);
#2365=ORIENTED_EDGE('',*,*,#1762,.F.);
#2366=ORIENTED_EDGE('',*,*,#1728,.F.);
#2367=EDGE_LOOP('',(#2364,#2365,#2366));
#2368=FACE_OUTER_BOUND('',#2367,.F.);
#2369=ADVANCED_FACE('',(#2368),#2363,.T.);
#2370=CARTESIAN_POINT('',(-1.125E0,-5.5E-1,-1.12E0));
#2371=DIRECTION('',(-1.E0,0.E0,0.E0));
#2372=DIRECTION('',(0.E0,0.E0,1.E0));
#2373=AXIS2_PLACEMENT_3D('',#2370,#2371,#2372);
#2374=PLANE('',#2373);
#2375=ORIENTED_EDGE('',*,*,#1659,.T.);
#2377=ORIENTED_EDGE('',*,*,#2376,.T.);
#2379=ORIENTED_EDGE('',*,*,#2378,.F.);
#2381=ORIENTED_EDGE('',*,*,#2380,.F.);
#2382=EDGE_LOOP('',(#2375,#2377,#2379,#2381));
#2383=FACE_OUTER_BOUND('',#2382,.F.);
#2384=ADVANCED_FACE('',(#2383),#2374,.F.);
#2385=CARTESIAN_POINT('',(-1.125E0,-5.5E-1,1.12E0));
#2386=DIRECTION('',(0.E0,0.E0,1.E0));
#2387=DIRECTION('',(1.E0,0.E0,0.E0));
#2388=AXIS2_PLACEMENT_3D('',#2385,#2386,#2387);
#2389=PLANE('',#2388);
#2390=ORIENTED_EDGE('',*,*,#1713,.T.);
#2392=ORIENTED_EDGE('',*,*,#2391,.T.);
#2394=ORIENTED_EDGE('',*,*,#2393,.F.);
#2395=ORIENTED_EDGE('',*,*,#2376,.F.);
#2396=EDGE_LOOP('',(#2390,#2392,#2394,#2395));
#2397=FACE_OUTER_BOUND('',#2396,.F.);
#2398=ADVANCED_FACE('',(#2397),#2389,.F.);
#2399=CARTESIAN_POINT('',(-1.125E0,-5.5E-1,1.12E0));
#2400=DIRECTION('',(0.E0,0.E0,1.E0));
#2401=DIRECTION('',(1.E0,0.E0,0.E0));
#2402=AXIS2_PLACEMENT_3D('',#2399,#2400,#2401);
#2403=PLANE('',#2402);
#2404=ORIENTED_EDGE('',*,*,#1689,.T.);
#2406=ORIENTED_EDGE('',*,*,#2405,.T.);
#2408=ORIENTED_EDGE('',*,*,#2407,.F.);
#2410=ORIENTED_EDGE('',*,*,#2409,.F.);
#2411=EDGE_LOOP('',(#2404,#2406,#2408,#2410));
#2412=FACE_OUTER_BOUND('',#2411,.F.);
#2413=ADVANCED_FACE('',(#2412),#2403,.F.);
#2414=CARTESIAN_POINT('',(-3.E-1,-5.5E-1,1.12E0));
#2415=DIRECTION('',(-1.E0,0.E0,0.E0));
#2416=DIRECTION('',(0.E0,0.E0,1.E0));
#2417=AXIS2_PLACEMENT_3D('',#2414,#2415,#2416);
#2418=PLANE('',#2417);
#2419=ORIENTED_EDGE('',*,*,#1711,.T.);
#2421=ORIENTED_EDGE('',*,*,#2420,.T.);
#2423=ORIENTED_EDGE('',*,*,#2422,.F.);
#2424=ORIENTED_EDGE('',*,*,#2391,.F.);
#2425=EDGE_LOOP('',(#2419,#2421,#2423,#2424));
#2426=FACE_OUTER_BOUND('',#2425,.F.);
#2427=ADVANCED_FACE('',(#2426),#2418,.F.);
#2428=CARTESIAN_POINT('',(-3.E-1,-5.5E-1,1.25E0));
#2429=DIRECTION('',(0.E0,0.E0,1.E0));
#2430=DIRECTION('',(1.E0,0.E0,0.E0));
#2431=AXIS2_PLACEMENT_3D('',#2428,#2429,#2430);
#2432=PLANE('',#2431);
#2433=ORIENTED_EDGE('',*,*,#1709,.T.);
#2435=ORIENTED_EDGE('',*,*,#2434,.T.);
#2437=ORIENTED_EDGE('',*,*,#2436,.F.);
#2438=ORIENTED_EDGE('',*,*,#2420,.F.);
#2439=EDGE_LOOP('',(#2433,#2435,#2437,#2438));
#2440=FACE_OUTER_BOUND('',#2439,.F.);
#2441=ADVANCED_FACE('',(#2440),#2432,.F.);
#2442=CARTESIAN_POINT('',(-3.E-1,-5.5E-1,1.25E0));
#2443=DIRECTION('',(0.E0,0.E0,1.E0));
#2444=DIRECTION('',(1.E0,0.E0,0.E0));
#2445=AXIS2_PLACEMENT_3D('',#2442,#2443,#2444);
#2446=PLANE('',#2445);
#2448=ORIENTED_EDGE('',*,*,#2447,.T.);
#2450=ORIENTED_EDGE('',*,*,#2449,.F.);
#2452=ORIENTED_EDGE('',*,*,#2451,.F.);
#2453=ORIENTED_EDGE('',*,*,#1693,.T.);
#2454=EDGE_LOOP('',(#2448,#2450,#2452,#2453));
#2455=FACE_OUTER_BOUND('',#2454,.F.);
#2456=ADVANCED_FACE('',(#2455),#2446,.F.);
#2457=CARTESIAN_POINT('',(-2.5E-1,-5.5E-1,1.25E0));
#2458=DIRECTION('',(-1.E0,0.E0,0.E0));
#2459=DIRECTION('',(0.E0,0.E0,1.E0));
#2460=AXIS2_PLACEMENT_3D('',#2457,#2458,#2459);
#2461=PLANE('',#2460);
#2462=ORIENTED_EDGE('',*,*,#1707,.T.);
#2464=ORIENTED_EDGE('',*,*,#2463,.T.);
#2466=ORIENTED_EDGE('',*,*,#2465,.F.);
#2467=ORIENTED_EDGE('',*,*,#2434,.F.);
#2468=EDGE_LOOP('',(#2462,#2464,#2466,#2467));
#2469=FACE_OUTER_BOUND('',#2468,.F.);
#2470=ADVANCED_FACE('',(#2469),#2461,.F.);
#2471=CARTESIAN_POINT('',(-2.5E-1,-5.5E-1,1.35E0));
#2472=DIRECTION('',(0.E0,0.E0,1.E0));
#2473=DIRECTION('',(1.E0,0.E0,0.E0));
#2474=AXIS2_PLACEMENT_3D('',#2471,#2472,#2473);
#2475=PLANE('',#2474);
#2476=ORIENTED_EDGE('',*,*,#1705,.T.);
#2478=ORIENTED_EDGE('',*,*,#2477,.T.);
#2480=ORIENTED_EDGE('',*,*,#2479,.F.);
#2481=ORIENTED_EDGE('',*,*,#2463,.F.);
#2482=EDGE_LOOP('',(#2476,#2478,#2480,#2481));
#2483=FACE_OUTER_BOUND('',#2482,.F.);
#2484=ADVANCED_FACE('',(#2483),#2475,.F.);
#2485=CARTESIAN_POINT('',(-2.E-1,-5.5E-1,1.35E0));
#2486=DIRECTION('',(-1.E0,0.E0,0.E0));
#2487=DIRECTION('',(0.E0,0.E0,1.E0));
#2488=AXIS2_PLACEMENT_3D('',#2485,#2486,#2487);
#2489=PLANE('',#2488);
#2490=ORIENTED_EDGE('',*,*,#1703,.T.);
#2492=ORIENTED_EDGE('',*,*,#2491,.T.);
#2494=ORIENTED_EDGE('',*,*,#2493,.F.);
#2495=ORIENTED_EDGE('',*,*,#2477,.F.);
#2496=EDGE_LOOP('',(#2490,#2492,#2494,#2495));
#2497=FACE_OUTER_BOUND('',#2496,.F.);
#2498=ADVANCED_FACE('',(#2497),#2489,.F.);
#2499=CARTESIAN_POINT('',(-2.E-1,-5.5E-1,1.518E0));
#2500=DIRECTION('',(0.E0,0.E0,1.E0));
#2501=DIRECTION('',(1.E0,0.E0,0.E0));
#2502=AXIS2_PLACEMENT_3D('',#2499,#2500,#2501);
#2503=PLANE('',#2502);
#2504=ORIENTED_EDGE('',*,*,#1701,.T.);
#2506=ORIENTED_EDGE('',*,*,#2505,.T.);
#2508=ORIENTED_EDGE('',*,*,#2507,.F.);
#2509=ORIENTED_EDGE('',*,*,#2491,.F.);
#2510=EDGE_LOOP('',(#2504,#2506,#2508,#2509));
#2511=FACE_OUTER_BOUND('',#2510,.F.);
#2512=ADVANCED_FACE('',(#2511),#2503,.F.);
#2513=CARTESIAN_POINT('',(2.E-1,-5.5E-1,1.518E0));
#2514=DIRECTION('',(1.E0,0.E0,0.E0));
#2515=DIRECTION('',(0.E0,0.E0,-1.E0));
#2516=AXIS2_PLACEMENT_3D('',#2513,#2514,#2515);
#2517=PLANE('',#2516);
#2518=ORIENTED_EDGE('',*,*,#1699,.T.);
#2520=ORIENTED_EDGE('',*,*,#2519,.T.);
#2522=ORIENTED_EDGE('',*,*,#2521,.F.);
#2523=ORIENTED_EDGE('',*,*,#2505,.F.);
#2524=EDGE_LOOP('',(#2518,#2520,#2522,#2523));
#2525=FACE_OUTER_BOUND('',#2524,.F.);
#2526=ADVANCED_FACE('',(#2525),#2517,.F.);
#2527=CARTESIAN_POINT('',(2.E-1,-5.5E-1,1.35E0));
#2528=DIRECTION('',(0.E0,0.E0,1.E0));
#2529=DIRECTION('',(1.E0,0.E0,0.E0));
#2530=AXIS2_PLACEMENT_3D('',#2527,#2528,#2529);
#2531=PLANE('',#2530);
#2532=ORIENTED_EDGE('',*,*,#1697,.T.);
#2534=ORIENTED_EDGE('',*,*,#2533,.T.);
#2536=ORIENTED_EDGE('',*,*,#2535,.F.);
#2537=ORIENTED_EDGE('',*,*,#2519,.F.);
#2538=EDGE_LOOP('',(#2532,#2534,#2536,#2537));
#2539=FACE_OUTER_BOUND('',#2538,.F.);
#2540=ADVANCED_FACE('',(#2539),#2531,.F.);
#2541=CARTESIAN_POINT('',(2.5E-1,-5.5E-1,1.35E0));
#2542=DIRECTION('',(1.E0,0.E0,0.E0));
#2543=DIRECTION('',(0.E0,0.E0,-1.E0));
#2544=AXIS2_PLACEMENT_3D('',#2541,#2542,#2543);
#2545=PLANE('',#2544);
#2546=ORIENTED_EDGE('',*,*,#1695,.T.);
#2547=ORIENTED_EDGE('',*,*,#2451,.T.);
#2549=ORIENTED_EDGE('',*,*,#2548,.F.);
#2550=ORIENTED_EDGE('',*,*,#2533,.F.);
#2551=EDGE_LOOP('',(#2546,#2547,#2549,#2550));
#2552=FACE_OUTER_BOUND('',#2551,.F.);
#2553=ADVANCED_FACE('',(#2552),#2545,.F.);
#2554=CARTESIAN_POINT('',(0.E0,-4.E-1,0.E0));
#2555=DIRECTION('',(0.E0,1.E0,0.E0));
#2556=DIRECTION('',(1.E0,0.E0,0.E0));
#2557=AXIS2_PLACEMENT_3D('',#2554,#2555,#2556);
#2558=PLANE('',#2557);
#2559=ORIENTED_EDGE('',*,*,#2449,.T.);
#2561=ORIENTED_EDGE('',*,*,#2560,.T.);
#2562=ORIENTED_EDGE('',*,*,#2407,.T.);
#2564=ORIENTED_EDGE('',*,*,#2563,.T.);
#2566=ORIENTED_EDGE('',*,*,#2565,.T.);
#2568=ORIENTED_EDGE('',*,*,#2567,.T.);
#2570=ORIENTED_EDGE('',*,*,#2569,.T.);
#2572=ORIENTED_EDGE('',*,*,#2571,.T.);
#2574=ORIENTED_EDGE('',*,*,#2573,.T.);
#2576=ORIENTED_EDGE('',*,*,#2575,.T.);
#2578=ORIENTED_EDGE('',*,*,#2577,.T.);
#2580=ORIENTED_EDGE('',*,*,#2579,.T.);
#2582=ORIENTED_EDGE('',*,*,#2581,.T.);
#2584=ORIENTED_EDGE('',*,*,#2583,.T.);
#2586=ORIENTED_EDGE('',*,*,#2585,.T.);
#2588=ORIENTED_EDGE('',*,*,#2587,.T.);
#2590=ORIENTED_EDGE('',*,*,#2589,.T.);
#2591=ORIENTED_EDGE('',*,*,#2378,.T.);
#2592=ORIENTED_EDGE('',*,*,#2393,.T.);
#2593=ORIENTED_EDGE('',*,*,#2422,.T.);
#2594=ORIENTED_EDGE('',*,*,#2436,.T.);
#2595=ORIENTED_EDGE('',*,*,#2465,.T.);
#2596=ORIENTED_EDGE('',*,*,#2479,.T.);
#2597=ORIENTED_EDGE('',*,*,#2493,.T.);
#2598=ORIENTED_EDGE('',*,*,#2507,.T.);
#2599=ORIENTED_EDGE('',*,*,#2521,.T.);
#2600=ORIENTED_EDGE('',*,*,#2535,.T.);
#2601=ORIENTED_EDGE('',*,*,#2548,.T.);
#2602=EDGE_LOOP('',(#2559,#2561,#2562,#2564,#2566,#2568,#2570,#2572,#2574,#2576,
#2578,#2580,#2582,#2584,#2586,#2588,#2590,#2591,#2592,#2593,#2594,#2595,#2596,
#2597,#2598,#2599,#2600,#2601));
#2603=FACE_OUTER_BOUND('',#2602,.F.);
#2604=ADVANCED_FACE('',(#2603),#2558,.F.);
#2605=CARTESIAN_POINT('',(3.E-1,-5.5E-1,1.25E0));
#2606=DIRECTION('',(1.E0,0.E0,0.E0));
#2607=DIRECTION('',(0.E0,0.E0,-1.E0));
#2608=AXIS2_PLACEMENT_3D('',#2605,#2606,#2607);
#2609=PLANE('',#2608);
#2610=ORIENTED_EDGE('',*,*,#1691,.T.);
#2611=ORIENTED_EDGE('',*,*,#2409,.T.);
#2612=ORIENTED_EDGE('',*,*,#2560,.F.);
#2613=ORIENTED_EDGE('',*,*,#2447,.F.);
#2614=EDGE_LOOP('',(#2610,#2611,#2612,#2613));
#2615=FACE_OUTER_BOUND('',#2614,.F.);
#2616=ADVANCED_FACE('',(#2615),#2609,.F.);
#2617=CARTESIAN_POINT('',(1.125E0,-5.5E-1,1.12E0));
#2618=DIRECTION('',(1.E0,0.E0,0.E0));
#2619=DIRECTION('',(0.E0,0.E0,-1.E0));
#2620=AXIS2_PLACEMENT_3D('',#2617,#2618,#2619);
#2621=PLANE('',#2620);
#2622=ORIENTED_EDGE('',*,*,#1687,.T.);
#2624=ORIENTED_EDGE('',*,*,#2623,.T.);
#2625=ORIENTED_EDGE('',*,*,#2563,.F.);
#2626=ORIENTED_EDGE('',*,*,#2405,.F.);
#2627=EDGE_LOOP('',(#2622,#2624,#2625,#2626));
#2628=FACE_OUTER_BOUND('',#2627,.F.);
#2629=ADVANCED_FACE('',(#2628),#2621,.F.);
#2630=CARTESIAN_POINT('',(1.125E0,-5.5E-1,-1.12E0));
#2631=DIRECTION('',(0.E0,0.E0,-1.E0));
#2632=DIRECTION('',(-1.E0,0.E0,0.E0));
#2633=AXIS2_PLACEMENT_3D('',#2630,#2631,#2632);
#2634=PLANE('',#2633);
#2635=ORIENTED_EDGE('',*,*,#1685,.T.);
#2637=ORIENTED_EDGE('',*,*,#2636,.T.);
#2638=ORIENTED_EDGE('',*,*,#2565,.F.);
#2639=ORIENTED_EDGE('',*,*,#2623,.F.);
#2640=EDGE_LOOP('',(#2635,#2637,#2638,#2639));
#2641=FACE_OUTER_BOUND('',#2640,.F.);
#2642=ADVANCED_FACE('',(#2641),#2634,.F.);
#2643=CARTESIAN_POINT('',(1.125E0,-5.5E-1,-1.12E0));
#2644=DIRECTION('',(0.E0,0.E0,-1.E0));
#2645=DIRECTION('',(-1.E0,0.E0,0.E0));
#2646=AXIS2_PLACEMENT_3D('',#2643,#2644,#2645);
#2647=PLANE('',#2646);
#2648=ORIENTED_EDGE('',*,*,#1661,.T.);
#2649=ORIENTED_EDGE('',*,*,#2380,.T.);
#2650=ORIENTED_EDGE('',*,*,#2589,.F.);
#2652=ORIENTED_EDGE('',*,*,#2651,.F.);
#2653=EDGE_LOOP('',(#2648,#2649,#2650,#2652));
#2654=FACE_OUTER_BOUND('',#2653,.F.);
#2655=ADVANCED_FACE('',(#2654),#2647,.F.);
#2656=CARTESIAN_POINT('',(3.E-1,-5.5E-1,-1.12E0));
#2657=DIRECTION('',(1.E0,0.E0,0.E0));
#2658=DIRECTION('',(0.E0,0.E0,-1.E0));
#2659=AXIS2_PLACEMENT_3D('',#2656,#2657,#2658);
#2660=PLANE('',#2659);
#2661=ORIENTED_EDGE('',*,*,#1683,.T.);
#2663=ORIENTED_EDGE('',*,*,#2662,.T.);
#2664=ORIENTED_EDGE('',*,*,#2567,.F.);
#2665=ORIENTED_EDGE('',*,*,#2636,.F.);
#2666=EDGE_LOOP('',(#2661,#2663,#2664,#2665));
#2667=FACE_OUTER_BOUND('',#2666,.F.);
#2668=ADVANCED_FACE('',(#2667),#2660,.F.);
#2669=CARTESIAN_POINT('',(3.E-1,-5.5E-1,-1.25E0));
#2670=DIRECTION('',(0.E0,0.E0,-1.E0));
#2671=DIRECTION('',(-1.E0,0.E0,0.E0));
#2672=AXIS2_PLACEMENT_3D('',#2669,#2670,#2671);
#2673=PLANE('',#2672);
#2674=ORIENTED_EDGE('',*,*,#1681,.T.);
#2676=ORIENTED_EDGE('',*,*,#2675,.T.);
#2677=ORIENTED_EDGE('',*,*,#2569,.F.);
#2678=ORIENTED_EDGE('',*,*,#2662,.F.);
#2679=EDGE_LOOP('',(#2674,#2676,#2677,#2678));
#2680=FACE_OUTER_BOUND('',#2679,.F.);
#2681=ADVANCED_FACE('',(#2680),#2673,.F.);
#2682=CARTESIAN_POINT('',(3.E-1,-5.5E-1,-1.25E0));
#2683=DIRECTION('',(0.E0,0.E0,-1.E0));
#2684=DIRECTION('',(-1.E0,0.E0,0.E0));
#2685=AXIS2_PLACEMENT_3D('',#2682,#2683,#2684);
#2686=PLANE('',#2685);
#2688=ORIENTED_EDGE('',*,*,#2687,.T.);
#2689=ORIENTED_EDGE('',*,*,#2585,.F.);
#2691=ORIENTED_EDGE('',*,*,#2690,.F.);
#2692=ORIENTED_EDGE('',*,*,#1665,.T.);
#2693=EDGE_LOOP('',(#2688,#2689,#2691,#2692));
#2694=FACE_OUTER_BOUND('',#2693,.F.);
#2695=ADVANCED_FACE('',(#2694),#2686,.F.);
#2696=CARTESIAN_POINT('',(2.5E-1,-5.5E-1,-1.25E0));
#2697=DIRECTION('',(1.E0,0.E0,0.E0));
#2698=DIRECTION('',(0.E0,0.E0,-1.E0));
#2699=AXIS2_PLACEMENT_3D('',#2696,#2697,#2698);
#2700=PLANE('',#2699);
#2701=ORIENTED_EDGE('',*,*,#1679,.T.);
#2703=ORIENTED_EDGE('',*,*,#2702,.T.);
#2704=ORIENTED_EDGE('',*,*,#2571,.F.);
#2705=ORIENTED_EDGE('',*,*,#2675,.F.);
#2706=EDGE_LOOP('',(#2701,#2703,#2704,#2705));
#2707=FACE_OUTER_BOUND('',#2706,.F.);
#2708=ADVANCED_FACE('',(#2707),#2700,.F.);
#2709=CARTESIAN_POINT('',(2.5E-1,-5.5E-1,-1.35E0));
#2710=DIRECTION('',(0.E0,0.E0,-1.E0));
#2711=DIRECTION('',(-1.E0,0.E0,0.E0));
#2712=AXIS2_PLACEMENT_3D('',#2709,#2710,#2711);
#2713=PLANE('',#2712);
#2714=ORIENTED_EDGE('',*,*,#1677,.T.);
#2716=ORIENTED_EDGE('',*,*,#2715,.T.);
#2717=ORIENTED_EDGE('',*,*,#2573,.F.);
#2718=ORIENTED_EDGE('',*,*,#2702,.F.);
#2719=EDGE_LOOP('',(#2714,#2716,#2717,#2718));
#2720=FACE_OUTER_BOUND('',#2719,.F.);
#2721=ADVANCED_FACE('',(#2720),#2713,.F.);
#2722=CARTESIAN_POINT('',(2.E-1,-5.5E-1,-1.35E0));
#2723=DIRECTION('',(1.E0,0.E0,0.E0));
#2724=DIRECTION('',(0.E0,0.E0,-1.E0));
#2725=AXIS2_PLACEMENT_3D('',#2722,#2723,#2724);
#2726=PLANE('',#2725);
#2727=ORIENTED_EDGE('',*,*,#1675,.T.);
#2729=ORIENTED_EDGE('',*,*,#2728,.T.);
#2730=ORIENTED_EDGE('',*,*,#2575,.F.);
#2731=ORIENTED_EDGE('',*,*,#2715,.F.);
#2732=EDGE_LOOP('',(#2727,#2729,#2730,#2731));
#2733=FACE_OUTER_BOUND('',#2732,.F.);
#2734=ADVANCED_FACE('',(#2733),#2726,.F.);
#2735=CARTESIAN_POINT('',(2.E-1,-5.5E-1,-1.518E0));
#2736=DIRECTION('',(0.E0,0.E0,-1.E0));
#2737=DIRECTION('',(-1.E0,0.E0,0.E0));
#2738=AXIS2_PLACEMENT_3D('',#2735,#2736,#2737);
#2739=PLANE('',#2738);
#2740=ORIENTED_EDGE('',*,*,#1673,.T.);
#2742=ORIENTED_EDGE('',*,*,#2741,.T.);
#2743=ORIENTED_EDGE('',*,*,#2577,.F.);
#2744=ORIENTED_EDGE('',*,*,#2728,.F.);
#2745=EDGE_LOOP('',(#2740,#2742,#2743,#2744));
#2746=FACE_OUTER_BOUND('',#2745,.F.);
#2747=ADVANCED_FACE('',(#2746),#2739,.F.);
#2748=CARTESIAN_POINT('',(-2.E-1,-5.5E-1,-1.518E0));
#2749=DIRECTION('',(-1.E0,0.E0,0.E0));
#2750=DIRECTION('',(0.E0,0.E0,1.E0));
#2751=AXIS2_PLACEMENT_3D('',#2748,#2749,#2750);
#2752=PLANE('',#2751);
#2753=ORIENTED_EDGE('',*,*,#1671,.T.);
#2755=ORIENTED_EDGE('',*,*,#2754,.T.);
#2756=ORIENTED_EDGE('',*,*,#2579,.F.);
#2757=ORIENTED_EDGE('',*,*,#2741,.F.);
#2758=EDGE_LOOP('',(#2753,#2755,#2756,#2757));
#2759=FACE_OUTER_BOUND('',#2758,.F.);
#2760=ADVANCED_FACE('',(#2759),#2752,.F.);
#2761=CARTESIAN_POINT('',(-2.E-1,-5.5E-1,-1.35E0));
#2762=DIRECTION('',(0.E0,0.E0,-1.E0));
#2763=DIRECTION('',(-1.E0,0.E0,0.E0));
#2764=AXIS2_PLACEMENT_3D('',#2761,#2762,#2763);
#2765=PLANE('',#2764);
#2766=ORIENTED_EDGE('',*,*,#1669,.T.);
#2768=ORIENTED_EDGE('',*,*,#2767,.T.);
#2769=ORIENTED_EDGE('',*,*,#2581,.F.);
#2770=ORIENTED_EDGE('',*,*,#2754,.F.);
#2771=EDGE_LOOP('',(#2766,#2768,#2769,#2770));
#2772=FACE_OUTER_BOUND('',#2771,.F.);
#2773=ADVANCED_FACE('',(#2772),#2765,.F.);
#2774=CARTESIAN_POINT('',(-2.5E-1,-5.5E-1,-1.35E0));
#2775=DIRECTION('',(-1.E0,0.E0,0.E0));
#2776=DIRECTION('',(0.E0,0.E0,1.E0));
#2777=AXIS2_PLACEMENT_3D('',#2774,#2775,#2776);
#2778=PLANE('',#2777);
#2779=ORIENTED_EDGE('',*,*,#1667,.T.);
#2780=ORIENTED_EDGE('',*,*,#2690,.T.);
#2781=ORIENTED_EDGE('',*,*,#2583,.F.);
#2782=ORIENTED_EDGE('',*,*,#2767,.F.);
#2783=EDGE_LOOP('',(#2779,#2780,#2781,#2782));
#2784=FACE_OUTER_BOUND('',#2783,.F.);
#2785=ADVANCED_FACE('',(#2784),#2778,.F.);
#2786=CARTESIAN_POINT('',(-3.E-1,-5.5E-1,-1.25E0));
#2787=DIRECTION('',(-1.E0,0.E0,0.E0));
#2788=DIRECTION('',(0.E0,0.E0,1.E0));
#2789=AXIS2_PLACEMENT_3D('',#2786,#2787,#2788);
#2790=PLANE('',#2789);
#2791=ORIENTED_EDGE('',*,*,#1663,.T.);
#2792=ORIENTED_EDGE('',*,*,#2651,.T.);
#2793=ORIENTED_EDGE('',*,*,#2587,.F.);
#2794=ORIENTED_EDGE('',*,*,#2687,.F.);
#2795=EDGE_LOOP('',(#2791,#2792,#2793,#2794));
#2796=FACE_OUTER_BOUND('',#2795,.F.);
#2797=ADVANCED_FACE('',(#2796),#2790,.F.);
#2798=CLOSED_SHELL('',(#1717,#1732,#1751,#1766,#1785,#1800,#1819,#1833,#1846,
#1860,#1872,#1886,#1908,#1923,#1945,#1959,#1979,#1993,#2011,#2025,#2041,#2056,
#2069,#2084,#2100,#2114,#2132,#2147,#2160,#2173,#2190,#2202,#2216,#2234,#2249,
#2262,#2272,#2283,#2294,#2306,#2319,#2333,#2345,#2358,#2369,#2384,#2398,#2413,
#2427,#2441,#2456,#2470,#2484,#2498,#2512,#2526,#2540,#2553,#2604,#2616,#2629,
#2642,#2655,#2668,#2681,#2695,#2708,#2721,#2734,#2747,#2760,#2773,#2785,#2797));
#2799=MANIFOLD_SOLID_BREP('',#2798);
#2800=FILL_AREA_STYLE_COLOUR('',#3);
#2801=FILL_AREA_STYLE('',(#2800));
#2802=SURFACE_STYLE_FILL_AREA(#2801);
#2803=SURFACE_SIDE_STYLE('',(#2802));
#2804=SURFACE_STYLE_USAGE(.BOTH.,#2803);
#2805=PRESENTATION_STYLE_ASSIGNMENT((#2804));
#28=STYLED_ITEM('',(#2805),#2799);
#2807=DIMENSIONAL_EXPONENTS(0.E0,0.E0,0.E0,0.E0,0.E0,0.E0,0.E0);
#2809=PLANE_ANGLE_MEASURE_WITH_UNIT(PLANE_ANGLE_MEASURE(1.745329251994E-2),
#2808);
#2810=(CONVERSION_BASED_UNIT('DEGREE',#2809)NAMED_UNIT(*)PLANE_ANGLE_UNIT());
#2812=UNCERTAINTY_MEASURE_WITH_UNIT(LENGTH_MEASURE(7.326070299818E-4),#2806,
'closure',
'Maximum model space distance between geometric entities at asserted connectivities');
#2813=(GEOMETRIC_REPRESENTATION_CONTEXT(3)GLOBAL_UNCERTAINTY_ASSIGNED_CONTEXT((
#2812))GLOBAL_UNIT_ASSIGNED_CONTEXT((#2806,#2810,#2811))REPRESENTATION_CONTEXT(
'ID1','3'));
#2814=CARTESIAN_POINT('',(0.E0,0.E0,0.E0));
#2815=DIRECTION('',(0.E0,0.E0,1.E0));
#2816=DIRECTION('',(1.E0,0.E0,0.E0));
#2819=APPLICATION_CONTEXT(
'CONFIGURATION CONTROLLED 3D DESIGNS OF MECHANICAL PARTS AND ASSEMBLIES');
#2820=APPLICATION_PROTOCOL_DEFINITION('international standard',
'config_control_design',1994,#2819);
#2821=DESIGN_CONTEXT('',#2819,'design');
#2822=MECHANICAL_CONTEXT('',#2819,'mechanical');
#2823=PRODUCT('PWP0014K_BODY','PWP0014K_BODY','NOT SPECIFIED',(#2822));
#2824=PRODUCT_DEFINITION_FORMATION_WITH_SPECIFIED_SOURCE('27','LAST_VERSION',
#2823,.MADE.);
#2833=CARTESIAN_POINT('',(0.E0,0.E0,6.8E-1));
#2834=DIRECTION('',(0.E0,-1.E0,0.E0));
#2835=DIRECTION('',(1.E0,0.E0,0.E0));
#2836=AXIS2_PLACEMENT_3D('',#2833,#2834,#2835);
#2837=ITEM_DEFINED_TRANSFORMATION('','',#2817,#2836);
#2838=(REPRESENTATION_RELATIONSHIP('','',#2818,#2830)REPRESENTATION_RELATIONSHIP_WITH_TRANSFORMATION(#2837)SHAPE_REPRESENTATION_RELATIONSHIP());
#2839=CONTEXT_DEPENDENT_SHAPE_REPRESENTATION(#2838,#2832);
#2841=CARTESIAN_POINT('',(-1.225E-1,1.3E-1,-1.724597461104E-1));
#2842=DIRECTION('',(-1.E0,0.E0,0.E0));
#2843=DIRECTION('',(0.E0,1.564344650402E-1,9.876883405951E-1));
#2844=AXIS2_PLACEMENT_3D('',#2841,#2842,#2843);
#2846=CURVE_STYLE('',#33,POSITIVE_LENGTH_MEASURE(2.E-2),#22);
#2847=PRESENTATION_STYLE_ASSIGNMENT((#2846));
#2848=STYLED_ITEM('',(#2847),#2845);
#2849=DIRECTION('',(0.E0,-9.876883405951E-1,1.564344650402E-1));
#2850=VECTOR('',#2849,1.287028749020E-1);
#2851=CARTESIAN_POINT('',(-1.225E-1,1.769303395121E-1,1.238467560682E-1));
#2852=LINE('',#2851,#2850);
#2853=CURVE_STYLE('',#33,POSITIVE_LENGTH_MEASURE(2.E-2),#22);
#2854=PRESENTATION_STYLE_ASSIGNMENT((#2853));
#2855=STYLED_ITEM('',(#2854),#2852);
#2856=DIRECTION('',(0.E0,-6.975647374413E-2,9.975640502598E-1));
#2857=VECTOR('',#2856,3.441682751402E-1);
#2858=CARTESIAN_POINT('',(-1.225E-1,-7.635742721265E-2,2.816701014802E-1));
#2859=LINE('',#2858,#2857);
#2860=CURVE_STYLE('',#33,POSITIVE_LENGTH_MEASURE(2.E-2),#22);
#2861=PRESENTATION_STYLE_ASSIGNMENT((#2860));
#2862=STYLED_ITEM('',(#2861),#2859);
#2863=DIRECTION('',(0.E0,-9.975640502598E-1,-6.975647374412E-2));
#2864=VECTOR('',#2863,1.5E-1);
#2865=CARTESIAN_POINT('',(-1.225E-1,-1.003653924610E-1,6.25E-1));
#2866=LINE('',#2865,#2864);
#2867=CURVE_STYLE('',#33,POSITIVE_LENGTH_MEASURE(2.E-2),#22);
#2868=PRESENTATION_STYLE_ASSIGNMENT((#2867));
#2869=STYLED_ITEM('',(#2868),#2866);
#2870=DIRECTION('',(0.E0,6.975647374413E-2,-9.975640502598E-1));
#2871=VECTOR('',#2870,3.441682751402E-1);
#2872=CARTESIAN_POINT('',(-1.225E-1,-2.5E-1,6.145365289384E-1));
#2873=LINE('',#2872,#2871);
#2874=CURVE_STYLE('',#33,POSITIVE_LENGTH_MEASURE(2.E-2),#22);
#2875=PRESENTATION_STYLE_ASSIGNMENT((#2874));
#2876=STYLED_ITEM('',(#2875),#2873);
#2877=CARTESIAN_POINT('',(-1.225E-1,7.327718032632E-2,2.921335725419E-1));
#2878=DIRECTION('',(-1.E0,0.E0,0.E0));
#2879=DIRECTION('',(0.E0,-1.564344650402E-1,-9.876883405951E-1));
#2880=AXIS2_PLACEMENT_3D('',#2877,#2878,#2879);
#2882=CURVE_STYLE('',#33,POSITIVE_LENGTH_MEASURE(2.E-2),#22);
#2883=PRESENTATION_STYLE_ASSIGNMENT((#2882));
#2884=STYLED_ITEM('',(#2883),#2881);
#2885=DIRECTION('',(0.E0,9.876883405951E-1,-1.564344650402E-1));
#2886=VECTOR('',#2885,1.287028749020E-1);
#2887=CARTESIAN_POINT('',(-1.225E-1,2.634684081425E-2,-4.172929636685E-3));
#2888=LINE('',#2887,#2886);
#2889=CURVE_STYLE('',#33,POSITIVE_LENGTH_MEASURE(2.E-2),#22);
#2890=PRESENTATION_STYLE_ASSIGNMENT((#2889));
#2891=STYLED_ITEM('',(#2890),#2888);
#2892=DIRECTION('',(0.E0,0.E0,-1.E0));
#2893=VECTOR('',#2892,2.025402538896E-1);
#2894=CARTESIAN_POINT('',(-1.225E-1,2.8E-1,-1.724597461104E-1));
#2895=LINE('',#2894,#2893);
#2896=CURVE_STYLE('',#33,POSITIVE_LENGTH_MEASURE(2.E-2),#22);
#2897=PRESENTATION_STYLE_ASSIGNMENT((#2896));
#2898=STYLED_ITEM('',(#2897),#2895);
#2899=DIRECTION('',(0.E0,1.E0,0.E0));
#2900=VECTOR('',#2899,1.5E-1);
#2901=CARTESIAN_POINT('',(-1.225E-1,2.8E-1,-3.75E-1));
#2902=LINE('',#2901,#2900);
#2903=CURVE_STYLE('',#33,POSITIVE_LENGTH_MEASURE(2.E-2),#22);
#2904=PRESENTATION_STYLE_ASSIGNMENT((#2903));
#2905=STYLED_ITEM('',(#2904),#2902);
#2906=DIRECTION('',(0.E0,0.E0,1.E0));
#2907=VECTOR('',#2906,2.025402538896E-1);
#2908=CARTESIAN_POINT('',(-1.225E-1,4.3E-1,-3.75E-1));
#2909=LINE('',#2908,#2907);
#2910=CURVE_STYLE('',#33,POSITIVE_LENGTH_MEASURE(2.E-2),#22);
#2911=PRESENTATION_STYLE_ASSIGNMENT((#2910));
#2912=STYLED_ITEM('',(#2911),#2909);
#2913=DIRECTION('',(-1.E0,0.E0,0.E0));
#2914=VECTOR('',#2913,2.45E-1);
#2915=CARTESIAN_POINT('',(1.225E-1,4.3E-1,-1.724597461104E-1));
#2916=LINE('',#2915,#2914);
#2917=CURVE_STYLE('',#33,POSITIVE_LENGTH_MEASURE(2.E-2),#22);
#2918=PRESENTATION_STYLE_ASSIGNMENT((#2917));
#2919=STYLED_ITEM('',(#2918),#2916);
#2920=DIRECTION('',(1.E0,0.E0,0.E0));
#2921=VECTOR('',#2920,2.45E-1);
#2922=CARTESIAN_POINT('',(-1.225E-1,4.3E-1,-3.75E-1));
#2923=LINE('',#2922,#2921);
#2924=CURVE_STYLE('',#33,POSITIVE_LENGTH_MEASURE(2.E-2),#22);
#2925=PRESENTATION_STYLE_ASSIGNMENT((#2924));
#2926=STYLED_ITEM('',(#2925),#2923);
#2927=DIRECTION('',(1.E0,0.E0,0.E0));
#2928=VECTOR('',#2927,2.45E-1);
#2929=CARTESIAN_POINT('',(-1.225E-1,2.8E-1,-3.75E-1));
#2930=LINE('',#2929,#2928);
#2931=CURVE_STYLE('',#33,POSITIVE_LENGTH_MEASURE(2.E-2),#22);
#2932=PRESENTATION_STYLE_ASSIGNMENT((#2931));
#2933=STYLED_ITEM('',(#2932),#2930);
#2934=DIRECTION('',(1.E0,0.E0,0.E0));
#2935=VECTOR('',#2934,2.45E-1);
#2936=CARTESIAN_POINT('',(-1.225E-1,2.8E-1,-1.724597461104E-1));
#2937=LINE('',#2936,#2935);
#2938=CURVE_STYLE('',#33,POSITIVE_LENGTH_MEASURE(2.E-2),#22);
#2939=PRESENTATION_STYLE_ASSIGNMENT((#2938));
#2940=STYLED_ITEM('',(#2939),#2937);
#2941=CARTESIAN_POINT('',(-1.225E-1,1.3E-1,-1.724597461104E-1));
#2942=DIRECTION('',(1.E0,0.E0,0.E0));
#2943=DIRECTION('',(0.E0,1.E0,0.E0));
#2944=AXIS2_PLACEMENT_3D('',#2941,#2942,#2943);
#2946=CURVE_STYLE('',#33,POSITIVE_LENGTH_MEASURE(2.E-2),#22);
#2947=PRESENTATION_STYLE_ASSIGNMENT((#2946));
#2948=STYLED_ITEM('',(#2947),#2945);
#2949=CARTESIAN_POINT('',(1.225E-1,1.3E-1,-1.724597461104E-1));
#2950=DIRECTION('',(-1.E0,0.E0,0.E0));
#2951=DIRECTION('',(0.E0,1.564344650402E-1,9.876883405951E-1));
#2952=AXIS2_PLACEMENT_3D('',#2949,#2950,#2951);
#2954=CURVE_STYLE('',#33,POSITIVE_LENGTH_MEASURE(2.E-2),#22);
#2955=PRESENTATION_STYLE_ASSIGNMENT((#2954));
#2956=STYLED_ITEM('',(#2955),#2953);
#2957=DIRECTION('',(-1.E0,0.E0,0.E0));
#2958=VECTOR('',#2957,2.45E-1);
#2959=CARTESIAN_POINT('',(1.225E-1,2.634684081425E-2,-4.172929636685E-3));
#2960=LINE('',#2959,#2958);
#2961=CURVE_STYLE('',#33,POSITIVE_LENGTH_MEASURE(2.E-2),#22);
#2962=PRESENTATION_STYLE_ASSIGNMENT((#2961));
#2963=STYLED_ITEM('',(#2962),#2960);
#2964=DIRECTION('',(1.E0,0.E0,0.E0));
#2965=VECTOR('',#2964,2.45E-1);
#2966=CARTESIAN_POINT('',(-1.225E-1,1.534651697560E-1,-2.430649502112E-2));
#2967=LINE('',#2966,#2965);
#2968=CURVE_STYLE('',#33,POSITIVE_LENGTH_MEASURE(2.E-2),#22);
#2969=PRESENTATION_STYLE_ASSIGNMENT((#2968));
#2970=STYLED_ITEM('',(#2969),#2967);
#2971=DIRECTION('',(-1.E0,0.E0,0.E0));
#2972=VECTOR('',#2971,2.45E-1);
#2973=CARTESIAN_POINT('',(1.225E-1,-2.259920347516E-1,2.712066304186E-1));
#2974=LINE('',#2973,#2972);
#2975=CURVE_STYLE('',#33,POSITIVE_LENGTH_MEASURE(2.E-2),#22);
#2976=PRESENTATION_STYLE_ASSIGNMENT((#2975));
#2977=STYLED_ITEM('',(#2976),#2974);
#2978=DIRECTION('',(1.E0,0.E0,0.E0));
#2979=VECTOR('',#2978,2.45E-1);
#2980=CARTESIAN_POINT('',(-1.225E-1,-2.5E-1,6.145365289384E-1));
#2981=LINE('',#2980,#2979);
#2982=CURVE_STYLE('',#33,POSITIVE_LENGTH_MEASURE(2.E-2),#22);
#2983=PRESENTATION_STYLE_ASSIGNMENT((#2982));
#2984=STYLED_ITEM('',(#2983),#2981);
#2985=DIRECTION('',(1.E0,0.E0,0.E0));
#2986=VECTOR('',#2985,2.45E-1);
#2987=CARTESIAN_POINT('',(-1.225E-1,-1.003653924610E-1,6.25E-1));
#2988=LINE('',#2987,#2986);
#2989=CURVE_STYLE('',#33,POSITIVE_LENGTH_MEASURE(2.E-2),#22);
#2990=PRESENTATION_STYLE_ASSIGNMENT((#2989));
#2991=STYLED_ITEM('',(#2990),#2988);
#2992=DIRECTION('',(1.E0,0.E0,0.E0));
#2993=VECTOR('',#2992,2.45E-1);
#2994=CARTESIAN_POINT('',(-1.225E-1,-7.635742721265E-2,2.816701014802E-1));
#2995=LINE('',#2994,#2993);
#2996=CURVE_STYLE('',#33,POSITIVE_LENGTH_MEASURE(2.E-2),#22);
#2997=PRESENTATION_STYLE_ASSIGNMENT((#2996));
#2998=STYLED_ITEM('',(#2997),#2995);
#2999=CARTESIAN_POINT('',(-1.225E-1,7.327718032632E-2,2.921335725419E-1));
#3000=DIRECTION('',(1.E0,0.E0,0.E0));
#3001=DIRECTION('',(0.E0,-9.975640502598E-1,-6.975647374412E-2));
#3002=AXIS2_PLACEMENT_3D('',#2999,#3000,#3001);
#3004=CURVE_STYLE('',#33,POSITIVE_LENGTH_MEASURE(2.E-2),#22);
#3005=PRESENTATION_STYLE_ASSIGNMENT((#3004));
#3006=STYLED_ITEM('',(#3005),#3003);
#3007=CARTESIAN_POINT('',(1.225E-1,7.327718032632E-2,2.921335725419E-1));
#3008=DIRECTION('',(-1.E0,0.E0,0.E0));
#3009=DIRECTION('',(0.E0,-1.564344650402E-1,-9.876883405951E-1));
#3010=AXIS2_PLACEMENT_3D('',#3007,#3008,#3009);
#3012=CURVE_STYLE('',#33,POSITIVE_LENGTH_MEASURE(2.E-2),#22);
#3013=PRESENTATION_STYLE_ASSIGNMENT((#3012));
#3014=STYLED_ITEM('',(#3013),#3011);
#3015=DIRECTION('',(-1.E0,0.E0,0.E0));
#3016=VECTOR('',#3015,2.45E-1);
#3017=CARTESIAN_POINT('',(1.225E-1,1.769303395121E-1,1.238467560682E-1));
#3018=LINE('',#3017,#3016);
#3019=CURVE_STYLE('',#33,POSITIVE_LENGTH_MEASURE(2.E-2),#22);
#3020=PRESENTATION_STYLE_ASSIGNMENT((#3019));
#3021=STYLED_ITEM('',(#3020),#3018);
#3022=DIRECTION('',(1.E0,0.E0,0.E0));
#3023=VECTOR('',#3022,2.45E-1);
#3024=CARTESIAN_POINT('',(-1.225E-1,4.981201057029E-2,1.439803214526E-1));
#3025=LINE('',#3024,#3023);
#3026=CURVE_STYLE('',#33,POSITIVE_LENGTH_MEASURE(2.E-2),#22);
#3027=PRESENTATION_STYLE_ASSIGNMENT((#3026));
#3028=STYLED_ITEM('',(#3027),#3025);
#3029=CARTESIAN_POINT('',(1.225E-1,1.3E-1,-1.724597461104E-1));
#3030=DIRECTION('',(1.E0,0.E0,0.E0));
#3031=DIRECTION('',(0.E0,1.E0,0.E0));
#3032=AXIS2_PLACEMENT_3D('',#3029,#3030,#3031);
#3034=CURVE_STYLE('',#33,POSITIVE_LENGTH_MEASURE(2.E-2),#22);
#3035=PRESENTATION_STYLE_ASSIGNMENT((#3034));
#3036=STYLED_ITEM('',(#3035),#3033);
#3037=DIRECTION('',(0.E0,0.E0,1.E0));
#3038=VECTOR('',#3037,2.025402538896E-1);
#3039=CARTESIAN_POINT('',(1.225E-1,4.3E-1,-3.75E-1));
#3040=LINE('',#3039,#3038);
#3041=CURVE_STYLE('',#33,POSITIVE_LENGTH_MEASURE(2.E-2),#22);
#3042=PRESENTATION_STYLE_ASSIGNMENT((#3041));
#3043=STYLED_ITEM('',(#3042),#3040);
#3044=DIRECTION('',(0.E0,1.E0,0.E0));
#3045=VECTOR('',#3044,1.5E-1);
#3046=CARTESIAN_POINT('',(1.225E-1,2.8E-1,-3.75E-1));
#3047=LINE('',#3046,#3045);
#3048=CURVE_STYLE('',#33,POSITIVE_LENGTH_MEASURE(2.E-2),#22);
#3049=PRESENTATION_STYLE_ASSIGNMENT((#3048));
#3050=STYLED_ITEM('',(#3049),#3047);
#3051=DIRECTION('',(0.E0,0.E0,-1.E0));
#3052=VECTOR('',#3051,2.025402538896E-1);
#3053=CARTESIAN_POINT('',(1.225E-1,2.8E-1,-1.724597461104E-1));
#3054=LINE('',#3053,#3052);
#3055=CURVE_STYLE('',#33,POSITIVE_LENGTH_MEASURE(2.E-2),#22);
#3056=PRESENTATION_STYLE_ASSIGNMENT((#3055));
#3057=STYLED_ITEM('',(#3056),#3054);
#3058=DIRECTION('',(0.E0,-9.876883405951E-1,1.564344650402E-1));
#3059=VECTOR('',#3058,1.287028749020E-1);
#3060=CARTESIAN_POINT('',(1.225E-1,1.534651697560E-1,-2.430649502112E-2));
#3061=LINE('',#3060,#3059);
#3062=CURVE_STYLE('',#33,POSITIVE_LENGTH_MEASURE(2.E-2),#22);
#3063=PRESENTATION_STYLE_ASSIGNMENT((#3062));
#3064=STYLED_ITEM('',(#3063),#3061);
#3065=CARTESIAN_POINT('',(1.225E-1,7.327718032632E-2,2.921335725419E-1));
#3066=DIRECTION('',(1.E0,0.E0,0.E0));
#3067=DIRECTION('',(0.E0,-9.975640502598E-1,-6.975647374413E-2));
#3068=AXIS2_PLACEMENT_3D('',#3065,#3066,#3067);
#3070=CURVE_STYLE('',#33,POSITIVE_LENGTH_MEASURE(2.E-2),#22);
#3071=PRESENTATION_STYLE_ASSIGNMENT((#3070));
#3072=STYLED_ITEM('',(#3071),#3069);
#3073=DIRECTION('',(0.E0,6.975647374413E-2,-9.975640502598E-1));
#3074=VECTOR('',#3073,3.441682751402E-1);
#3075=CARTESIAN_POINT('',(1.225E-1,-2.5E-1,6.145365289384E-1));
#3076=LINE('',#3075,#3074);
#3077=CURVE_STYLE('',#33,POSITIVE_LENGTH_MEASURE(2.E-2),#22);
#3078=PRESENTATION_STYLE_ASSIGNMENT((#3077));
#3079=STYLED_ITEM('',(#3078),#3076);
#3080=DIRECTION('',(0.E0,-9.975640502598E-1,-6.975647374412E-2));
#3081=VECTOR('',#3080,1.5E-1);
#3082=CARTESIAN_POINT('',(1.225E-1,-1.003653924610E-1,6.25E-1));
#3083=LINE('',#3082,#3081);
#3084=CURVE_STYLE('',#33,POSITIVE_LENGTH_MEASURE(2.E-2),#22);
#3085=PRESENTATION_STYLE_ASSIGNMENT((#3084));
#3086=STYLED_ITEM('',(#3085),#3083);
#3087=DIRECTION('',(0.E0,-6.975647374413E-2,9.975640502598E-1));
#3088=VECTOR('',#3087,3.441682751402E-1);
#3089=CARTESIAN_POINT('',(1.225E-1,-7.635742721265E-2,2.816701014802E-1));
#3090=LINE('',#3089,#3088);
#3091=CURVE_STYLE('',#33,POSITIVE_LENGTH_MEASURE(2.E-2),#22);
#3092=PRESENTATION_STYLE_ASSIGNMENT((#3091));
#3093=STYLED_ITEM('',(#3092),#3090);
#3094=DIRECTION('',(0.E0,9.876883405951E-1,-1.564344650402E-1));
#3095=VECTOR('',#3094,1.287028749020E-1);
#3096=CARTESIAN_POINT('',(1.225E-1,4.981201057029E-2,1.439803214526E-1));
#3097=LINE('',#3096,#3095);
#3098=CURVE_STYLE('',#33,POSITIVE_LENGTH_MEASURE(2.E-2),#22);
#3099=PRESENTATION_STYLE_ASSIGNMENT((#3098));
#3100=STYLED_ITEM('',(#3099),#3097);
#3101=CARTESIAN_POINT('',(-1.225E-1,-1.003653924610E-1,6.25E-1));
#3102=CARTESIAN_POINT('',(-1.225E-1,-2.5E-1,6.145365289384E-1));
#3103=VERTEX_POINT('',#3101);
#3104=VERTEX_POINT('',#3102);
#3105=CARTESIAN_POINT('',(1.225E-1,-1.003653924610E-1,6.25E-1));
#3106=CARTESIAN_POINT('',(1.225E-1,-2.5E-1,6.145365289384E-1));
#3107=VERTEX_POINT('',#3105);
#3108=VERTEX_POINT('',#3106);
#3109=CARTESIAN_POINT('',(-1.225E-1,2.8E-1,-3.75E-1));
#3110=CARTESIAN_POINT('',(-1.225E-1,4.3E-1,-3.75E-1));
#3111=VERTEX_POINT('',#3109);
#3112=VERTEX_POINT('',#3110);
#3113=CARTESIAN_POINT('',(1.225E-1,2.8E-1,-3.75E-1));
#3114=CARTESIAN_POINT('',(1.225E-1,4.3E-1,-3.75E-1));
#3115=VERTEX_POINT('',#3113);
#3116=VERTEX_POINT('',#3114);
#3117=CARTESIAN_POINT('',(-1.225E-1,-7.635742721265E-2,2.816701014802E-1));
#3118=CARTESIAN_POINT('',(1.225E-1,-7.635742721265E-2,2.816701014802E-1));
#3119=VERTEX_POINT('',#3117);
#3120=VERTEX_POINT('',#3118);
#3121=CARTESIAN_POINT('',(-1.225E-1,4.981201057029E-2,1.439803214526E-1));
#3122=CARTESIAN_POINT('',(1.225E-1,4.981201057029E-2,1.439803214526E-1));
#3123=VERTEX_POINT('',#3121);
#3124=VERTEX_POINT('',#3122);
#3125=CARTESIAN_POINT('',(-1.225E-1,2.8E-1,-1.724597461104E-1));
#3126=CARTESIAN_POINT('',(1.225E-1,2.8E-1,-1.724597461104E-1));
#3127=VERTEX_POINT('',#3125);
#3128=VERTEX_POINT('',#3126);
#3129=CARTESIAN_POINT('',(-1.225E-1,1.534651697560E-1,-2.430649502112E-2));
#3130=CARTESIAN_POINT('',(1.225E-1,1.534651697560E-1,-2.430649502112E-2));
#3131=VERTEX_POINT('',#3129);
#3132=VERTEX_POINT('',#3130);
#3133=CARTESIAN_POINT('',(-1.225E-1,1.769303395121E-1,1.238467560682E-1));
#3134=CARTESIAN_POINT('',(-1.225E-1,4.3E-1,-1.724597461104E-1));
#3135=VERTEX_POINT('',#3133);
#3136=VERTEX_POINT('',#3134);
#3137=CARTESIAN_POINT('',(1.225E-1,4.3E-1,-1.724597461104E-1));
#3138=VERTEX_POINT('',#3137);
#3139=CARTESIAN_POINT('',(1.225E-1,1.769303395121E-1,1.238467560682E-1));
#3140=VERTEX_POINT('',#3139);
#3141=CARTESIAN_POINT('',(-1.225E-1,2.634684081425E-2,-4.172929636685E-3));
#3142=CARTESIAN_POINT('',(-1.225E-1,-2.259920347516E-1,2.712066304186E-1));
#3143=VERTEX_POINT('',#3141);
#3144=VERTEX_POINT('',#3142);
#3145=CARTESIAN_POINT('',(1.225E-1,-2.259920347516E-1,2.712066304186E-1));
#3146=VERTEX_POINT('',#3145);
#3147=CARTESIAN_POINT('',(1.225E-1,2.634684081425E-2,-4.172929636685E-3));
#3148=VERTEX_POINT('',#3147);
#3149=CARTESIAN_POINT('',(-1.225E-1,0.E0,0.E0));
#3150=DIRECTION('',(1.E0,0.E0,0.E0));
#3151=DIRECTION('',(0.E0,0.E0,-1.E0));
#3152=AXIS2_PLACEMENT_3D('',#3149,#3150,#3151);
#3153=PLANE('',#3152);
#3155=ORIENTED_EDGE('',*,*,#3154,.F.);
#3157=ORIENTED_EDGE('',*,*,#3156,.T.);
#3159=ORIENTED_EDGE('',*,*,#3158,.F.);
#3161=ORIENTED_EDGE('',*,*,#3160,.T.);
#3163=ORIENTED_EDGE('',*,*,#3162,.T.);
#3165=ORIENTED_EDGE('',*,*,#3164,.T.);
#3167=ORIENTED_EDGE('',*,*,#3166,.F.);
#3169=ORIENTED_EDGE('',*,*,#3168,.T.);
#3171=ORIENTED_EDGE('',*,*,#3170,.F.);
#3173=ORIENTED_EDGE('',*,*,#3172,.T.);
#3175=ORIENTED_EDGE('',*,*,#3174,.T.);
#3177=ORIENTED_EDGE('',*,*,#3176,.T.);
#3178=EDGE_LOOP('',(#3155,#3157,#3159,#3161,#3163,#3165,#3167,#3169,#3171,#3173,
#3175,#3177));
#3179=FACE_OUTER_BOUND('',#3178,.F.);
#3180=ADVANCED_FACE('',(#3179),#3153,.F.);
#3181=CARTESIAN_POINT('',(5.08014E-1,1.3E-1,-1.724597461104E-1));
#3182=DIRECTION('',(-1.E0,0.E0,0.E0));
#3183=DIRECTION('',(0.E0,1.564344650402E-1,9.876883405951E-1));
#3184=AXIS2_PLACEMENT_3D('',#3181,#3182,#3183);
#3185=CYLINDRICAL_SURFACE('',#3184,3.E-1);
#3186=ORIENTED_EDGE('',*,*,#3154,.T.);
#3188=ORIENTED_EDGE('',*,*,#3187,.F.);
#3190=ORIENTED_EDGE('',*,*,#3189,.T.);
#3192=ORIENTED_EDGE('',*,*,#3191,.T.);
#3193=EDGE_LOOP('',(#3186,#3188,#3190,#3192));
#3194=FACE_OUTER_BOUND('',#3193,.F.);
#3195=ADVANCED_FACE('',(#3194),#3185,.T.);
#3196=CARTESIAN_POINT('',(-1.225E-1,4.3E-1,-3.75E-1));
#3197=DIRECTION('',(0.E0,1.E0,0.E0));
#3198=DIRECTION('',(0.E0,0.E0,1.E0));
#3199=AXIS2_PLACEMENT_3D('',#3196,#3197,#3198);
#3200=PLANE('',#3199);
#3201=ORIENTED_EDGE('',*,*,#3187,.T.);
#3202=ORIENTED_EDGE('',*,*,#3176,.F.);
#3204=ORIENTED_EDGE('',*,*,#3203,.T.);
#3206=ORIENTED_EDGE('',*,*,#3205,.T.);
#3207=EDGE_LOOP('',(#3201,#3202,#3204,#3206));
#3208=FACE_OUTER_BOUND('',#3207,.F.);
#3209=ADVANCED_FACE('',(#3208),#3200,.T.);
#3210=CARTESIAN_POINT('',(-1.225E-1,2.8E-1,-3.75E-1));
#3211=DIRECTION('',(0.E0,0.E0,-1.E0));
#3212=DIRECTION('',(0.E0,1.E0,0.E0));
#3213=AXIS2_PLACEMENT_3D('',#3210,#3211,#3212);
#3214=PLANE('',#3213);
#3215=ORIENTED_EDGE('',*,*,#3174,.F.);
#3217=ORIENTED_EDGE('',*,*,#3216,.T.);
#3219=ORIENTED_EDGE('',*,*,#3218,.T.);
#3220=ORIENTED_EDGE('',*,*,#3203,.F.);
#3221=EDGE_LOOP('',(#3215,#3217,#3219,#3220));
#3222=FACE_OUTER_BOUND('',#3221,.F.);
#3223=ADVANCED_FACE('',(#3222),#3214,.T.);
#3224=CARTESIAN_POINT('',(-1.225E-1,2.8E-1,-4.434764329087E-2));
#3225=DIRECTION('',(0.E0,-1.E0,0.E0));
#3226=DIRECTION('',(0.E0,0.E0,-1.E0));
#3227=AXIS2_PLACEMENT_3D('',#3224,#3225,#3226);
#3228=PLANE('',#3227);
#3230=ORIENTED_EDGE('',*,*,#3229,.T.);
#3232=ORIENTED_EDGE('',*,*,#3231,.T.);
#3233=ORIENTED_EDGE('',*,*,#3216,.F.);
#3234=ORIENTED_EDGE('',*,*,#3172,.F.);
#3235=EDGE_LOOP('',(#3230,#3232,#3233,#3234));
#3236=FACE_OUTER_BOUND('',#3235,.F.);
#3237=ADVANCED_FACE('',(#3236),#3228,.T.);
#3238=CARTESIAN_POINT('',(-4.41882E-1,1.3E-1,-1.724597461104E-1));
#3239=DIRECTION('',(1.E0,0.E0,0.E0));
#3240=DIRECTION('',(0.E0,1.E0,0.E0));
#3241=AXIS2_PLACEMENT_3D('',#3238,#3239,#3240);
#3242=CYLINDRICAL_SURFACE('',#3241,1.5E-1);
#3243=ORIENTED_EDGE('',*,*,#3229,.F.);
#3244=ORIENTED_EDGE('',*,*,#3170,.T.);
#3246=ORIENTED_EDGE('',*,*,#3245,.T.);
#3248=ORIENTED_EDGE('',*,*,#3247,.T.);
#3249=EDGE_LOOP('',(#3243,#3244,#3246,#3248));
#3250=FACE_OUTER_BOUND('',#3249,.F.);
#3251=ADVANCED_FACE('',(#3250),#3242,.F.);
#3252=CARTESIAN_POINT('',(-1.225E-1,-2.093459933608E-1,3.315714799263E-2));
#3253=DIRECTION('',(0.E0,-1.564344650402E-1,-9.876883405951E-1));
#3254=DIRECTION('',(0.E0,9.876883405951E-1,-1.564344650402E-1));
#3255=AXIS2_PLACEMENT_3D('',#3252,#3253,#3254);
#3256=PLANE('',#3255);
#3258=ORIENTED_EDGE('',*,*,#3257,.F.);
#3260=ORIENTED_EDGE('',*,*,#3259,.F.);
#3261=ORIENTED_EDGE('',*,*,#3245,.F.);
#3262=ORIENTED_EDGE('',*,*,#3168,.F.);
#3263=EDGE_LOOP('',(#3258,#3260,#3261,#3262));
#3264=FACE_OUTER_BOUND('',#3263,.F.);
#3265=ADVANCED_FACE('',(#3264),#3256,.T.);
#3266=CARTESIAN_POINT('',(5.08014E-1,7.327718032632E-2,2.921335725419E-1));
#3267=DIRECTION('',(-1.E0,0.E0,0.E0));
#3268=DIRECTION('',(0.E0,-1.564344650402E-1,-9.876883405951E-1));
#3269=AXIS2_PLACEMENT_3D('',#3266,#3267,#3268);
#3270=CYLINDRICAL_SURFACE('',#3269,3.E-1);
#3271=ORIENTED_EDGE('',*,*,#3166,.T.);
#3273=ORIENTED_EDGE('',*,*,#3272,.F.);
#3275=ORIENTED_EDGE('',*,*,#3274,.T.);
#3276=ORIENTED_EDGE('',*,*,#3257,.T.);
#3277=EDGE_LOOP('',(#3271,#3273,#3275,#3276));
#3278=FACE_OUTER_BOUND('',#3277,.F.);
#3279=ADVANCED_FACE('',(#3278),#3270,.T.);
#3280=CARTESIAN_POINT('',(-1.225E-1,-2.5E-1,6.145365289384E-1));
#3281=DIRECTION('',(0.E0,-9.975640502598E-1,-6.975647374413E-2));
#3282=DIRECTION('',(0.E0,6.975647374413E-2,-9.975640502598E-1));
#3283=AXIS2_PLACEMENT_3D('',#3280,#3281,#3282);
#3284=PLANE('',#3283);
#3285=ORIENTED_EDGE('',*,*,#3272,.T.);
#3286=ORIENTED_EDGE('',*,*,#3164,.F.);
#3288=ORIENTED_EDGE('',*,*,#3287,.T.);
#3290=ORIENTED_EDGE('',*,*,#3289,.T.);
#3291=EDGE_LOOP('',(#3285,#3286,#3288,#3290));
#3292=FACE_OUTER_BOUND('',#3291,.F.);
#3293=ADVANCED_FACE('',(#3292),#3284,.T.);
#3294=CARTESIAN_POINT('',(-1.225E-1,-1.003653924610E-1,6.25E-1));
#3295=DIRECTION('',(0.E0,-6.975647374412E-2,9.975640502598E-1));
#3296=DIRECTION('',(0.E0,-9.975640502598E-1,-6.975647374412E-2));
#3297=AXIS2_PLACEMENT_3D('',#3294,#3295,#3296);
#3298=PLANE('',#3297);
#3299=ORIENTED_EDGE('',*,*,#3162,.F.);
#3301=ORIENTED_EDGE('',*,*,#3300,.T.);
#3303=ORIENTED_EDGE('',*,*,#3302,.T.);
#3304=ORIENTED_EDGE('',*,*,#3287,.F.);
#3305=EDGE_LOOP('',(#3299,#3301,#3303,#3304));
#3306=FACE_OUTER_BOUND('',#3305,.F.);
#3307=ADVANCED_FACE('',(#3306),#3298,.T.);
#3308=CARTESIAN_POINT('',(-1.225E-1,-6.803440651722E-2,1.626453602672E-1));
#3309=DIRECTION('',(0.E0,9.975640502598E-1,6.975647374413E-2));
#3310=DIRECTION('',(0.E0,-6.975647374413E-2,9.975640502598E-1));
#3311=AXIS2_PLACEMENT_3D('',#3308,#3309,#3310);
#3312=PLANE('',#3311);
#3314=ORIENTED_EDGE('',*,*,#3313,.T.);
#3316=ORIENTED_EDGE('',*,*,#3315,.T.);
#3317=ORIENTED_EDGE('',*,*,#3300,.F.);
#3318=ORIENTED_EDGE('',*,*,#3160,.F.);
#3319=EDGE_LOOP('',(#3314,#3316,#3317,#3318));
#3320=FACE_OUTER_BOUND('',#3319,.F.);
#3321=ADVANCED_FACE('',(#3320),#3312,.T.);
#3322=CARTESIAN_POINT('',(-4.41882E-1,7.327718032632E-2,2.921335725419E-1));
#3323=DIRECTION('',(1.E0,0.E0,0.E0));
#3324=DIRECTION('',(0.E0,-9.975640502598E-1,-6.975647374413E-2));
#3325=AXIS2_PLACEMENT_3D('',#3322,#3323,#3324);
#3326=CYLINDRICAL_SURFACE('',#3325,1.5E-1);
#3327=ORIENTED_EDGE('',*,*,#3313,.F.);
#3328=ORIENTED_EDGE('',*,*,#3158,.T.);
#3330=ORIENTED_EDGE('',*,*,#3329,.T.);
#3332=ORIENTED_EDGE('',*,*,#3331,.T.);
#3333=EDGE_LOOP('',(#3327,#3328,#3330,#3332));
#3334=FACE_OUTER_BOUND('',#3333,.F.);
#3335=ADVANCED_FACE('',(#3334),#3326,.F.);
#3336=CARTESIAN_POINT('',(-1.225E-1,2.346516975603E-2,1.481532510893E-1));
#3337=DIRECTION('',(0.E0,1.564344650402E-1,9.876883405951E-1));
#3338=DIRECTION('',(0.E0,-9.876883405951E-1,1.564344650402E-1));
#3339=AXIS2_PLACEMENT_3D('',#3336,#3337,#3338);
#3340=PLANE('',#3339);
#3341=ORIENTED_EDGE('',*,*,#3191,.F.);
#3343=ORIENTED_EDGE('',*,*,#3342,.F.);
#3344=ORIENTED_EDGE('',*,*,#3329,.F.);
#3345=ORIENTED_EDGE('',*,*,#3156,.F.);
#3346=EDGE_LOOP('',(#3341,#3343,#3344,#3345));
#3347=FACE_OUTER_BOUND('',#3346,.F.);
#3348=ADVANCED_FACE('',(#3347),#3340,.T.);
#3349=CARTESIAN_POINT('',(1.225E-1,0.E0,0.E0));
#3350=DIRECTION('',(1.E0,0.E0,0.E0));
#3351=DIRECTION('',(0.E0,0.E0,-1.E0));
#3352=AXIS2_PLACEMENT_3D('',#3349,#3350,#3351);
#3353=PLANE('',#3352);
#3354=ORIENTED_EDGE('',*,*,#3189,.F.);
#3355=ORIENTED_EDGE('',*,*,#3205,.F.);
#3356=ORIENTED_EDGE('',*,*,#3218,.F.);
#3357=ORIENTED_EDGE('',*,*,#3231,.F.);
#3358=ORIENTED_EDGE('',*,*,#3247,.F.);
#3359=ORIENTED_EDGE('',*,*,#3259,.T.);
#3360=ORIENTED_EDGE('',*,*,#3274,.F.);
#3361=ORIENTED_EDGE('',*,*,#3289,.F.);
#3362=ORIENTED_EDGE('',*,*,#3302,.F.);
#3363=ORIENTED_EDGE('',*,*,#3315,.F.);
#3364=ORIENTED_EDGE('',*,*,#3331,.F.);
#3365=ORIENTED_EDGE('',*,*,#3342,.T.);
#3366=EDGE_LOOP('',(#3354,#3355,#3356,#3357,#3358,#3359,#3360,#3361,#3362,#3363,
#3364,#3365));
#3367=FACE_OUTER_BOUND('',#3366,.F.);
#3368=ADVANCED_FACE('',(#3367),#3353,.T.);
#3369=CLOSED_SHELL('',(#3180,#3195,#3209,#3223,#3237,#3251,#3265,#3279,#3293,
#3307,#3321,#3335,#3348,#3368));
#3370=MANIFOLD_SOLID_BREP('',#3369);
#3371=FILL_AREA_STYLE_COLOUR('',#22);
#3372=FILL_AREA_STYLE('',(#3371));
#3373=SURFACE_STYLE_FILL_AREA(#3372);
#3374=SURFACE_SIDE_STYLE('',(#3373));
#3375=SURFACE_STYLE_USAGE(.BOTH.,#3374);
#3376=PRESENTATION_STYLE_ASSIGNMENT((#3375));
#2840=STYLED_ITEM('',(#3376),#3370);
#3378=DIMENSIONAL_EXPONENTS(0.E0,0.E0,0.E0,0.E0,0.E0,0.E0,0.E0);
#3380=PLANE_ANGLE_MEASURE_WITH_UNIT(PLANE_ANGLE_MEASURE(1.745329251994E-2),
#3379);
#3381=(CONVERSION_BASED_UNIT('DEGREE',#3380)NAMED_UNIT(*)PLANE_ANGLE_UNIT());
#3383=UNCERTAINTY_MEASURE_WITH_UNIT(LENGTH_MEASURE(1.233816521382E-4),#3377,
'closure',
'Maximum model space distance between geometric entities at asserted connectivities');
#3384=(GEOMETRIC_REPRESENTATION_CONTEXT(3)GLOBAL_UNCERTAINTY_ASSIGNED_CONTEXT((
#3383))GLOBAL_UNIT_ASSIGNED_CONTEXT((#3377,#3381,#3382))REPRESENTATION_CONTEXT(
'ID2','3'));
#3385=CARTESIAN_POINT('',(0.E0,0.E0,0.E0));
#3386=DIRECTION('',(0.E0,0.E0,1.E0));
#3387=DIRECTION('',(1.E0,0.E0,0.E0));
#3390=MECHANICAL_CONTEXT('',#2819,'mechanical');
#3391=PRODUCT('PWP0014K_LEAD','PWP0014K_LEAD','NOT SPECIFIED',(#3390));
#3392=PRODUCT_DEFINITION_FORMATION_WITH_SPECIFIED_SOURCE('10','LAST_VERSION',
#3391,.MADE.);
#3398=CARTESIAN_POINT('',(-2.575E0,1.95E0,2.5E-1));
#3399=DIRECTION('',(-1.E0,0.E0,0.E0));
#3400=DIRECTION('',(0.E0,-1.E0,0.E0));
#3401=AXIS2_PLACEMENT_3D('',#3398,#3399,#3400);
#3402=ITEM_DEFINED_TRANSFORMATION('','',#3388,#3401);
#3403=(REPRESENTATION_RELATIONSHIP('','',#3389,#2830)REPRESENTATION_RELATIONSHIP_WITH_TRANSFORMATION(#3402)SHAPE_REPRESENTATION_RELATIONSHIP());
#3404=CONTEXT_DEPENDENT_SHAPE_REPRESENTATION(#3403,#3397);
#3407=CARTESIAN_POINT('',(-2.575E0,1.3E0,2.5E-1));
#3408=DIRECTION('',(-1.E0,0.E0,0.E0));
#3409=DIRECTION('',(0.E0,-1.E0,0.E0));
#3410=AXIS2_PLACEMENT_3D('',#3407,#3408,#3409);
#3411=ITEM_DEFINED_TRANSFORMATION('','',#3388,#3410);
#3412=(REPRESENTATION_RELATIONSHIP('','',#3389,#2830)REPRESENTATION_RELATIONSHIP_WITH_TRANSFORMATION(#3411)SHAPE_REPRESENTATION_RELATIONSHIP());
#3413=CONTEXT_DEPENDENT_SHAPE_REPRESENTATION(#3412,#3406);
#3416=CARTESIAN_POINT('',(-2.575E0,6.5E-1,2.5E-1));
#3417=DIRECTION('',(-1.E0,0.E0,0.E0));
#3418=DIRECTION('',(0.E0,-1.E0,0.E0));
#3419=AXIS2_PLACEMENT_3D('',#3416,#3417,#3418);
#3420=ITEM_DEFINED_TRANSFORMATION('','',#3388,#3419);
#3421=(REPRESENTATION_RELATIONSHIP('','',#3389,#2830)REPRESENTATION_RELATIONSHIP_WITH_TRANSFORMATION(#3420)SHAPE_REPRESENTATION_RELATIONSHIP());
#3422=CONTEXT_DEPENDENT_SHAPE_REPRESENTATION(#3421,#3415);
#3425=CARTESIAN_POINT('',(-2.575E0,0.E0,2.5E-1));
#3426=DIRECTION('',(-1.E0,0.E0,0.E0));
#3427=DIRECTION('',(0.E0,-1.E0,0.E0));
#3428=AXIS2_PLACEMENT_3D('',#3425,#3426,#3427);
#3429=ITEM_DEFINED_TRANSFORMATION('','',#3388,#3428);
#3430=(REPRESENTATION_RELATIONSHIP('','',#3389,#2830)REPRESENTATION_RELATIONSHIP_WITH_TRANSFORMATION(#3429)SHAPE_REPRESENTATION_RELATIONSHIP());
#3431=CONTEXT_DEPENDENT_SHAPE_REPRESENTATION(#3430,#3424);
#3434=CARTESIAN_POINT('',(-2.575E0,-6.5E-1,2.5E-1));
#3435=DIRECTION('',(-1.E0,0.E0,0.E0));
#3436=DIRECTION('',(0.E0,-1.E0,0.E0));
#3437=AXIS2_PLACEMENT_3D('',#3434,#3435,#3436);
#3438=ITEM_DEFINED_TRANSFORMATION('','',#3388,#3437);
#3439=(REPRESENTATION_RELATIONSHIP('','',#3389,#2830)REPRESENTATION_RELATIONSHIP_WITH_TRANSFORMATION(#3438)SHAPE_REPRESENTATION_RELATIONSHIP());
#3440=CONTEXT_DEPENDENT_SHAPE_REPRESENTATION(#3439,#3433);
#3443=CARTESIAN_POINT('',(-2.575E0,-1.3E0,2.5E-1));
#3444=DIRECTION('',(-1.E0,0.E0,0.E0));
#3445=DIRECTION('',(0.E0,-1.E0,0.E0));
#3446=AXIS2_PLACEMENT_3D('',#3443,#3444,#3445);
#3447=ITEM_DEFINED_TRANSFORMATION('','',#3388,#3446);
#3448=(REPRESENTATION_RELATIONSHIP('','',#3389,#2830)REPRESENTATION_RELATIONSHIP_WITH_TRANSFORMATION(#3447)SHAPE_REPRESENTATION_RELATIONSHIP());
#3449=CONTEXT_DEPENDENT_SHAPE_REPRESENTATION(#3448,#3442);
#3452=CARTESIAN_POINT('',(-2.575E0,-1.95E0,2.5E-1));
#3453=DIRECTION('',(-1.E0,0.E0,0.E0));
#3454=DIRECTION('',(0.E0,-1.E0,0.E0));
#3455=AXIS2_PLACEMENT_3D('',#3452,#3453,#3454);
#3456=ITEM_DEFINED_TRANSFORMATION('','',#3388,#3455);
#3457=(REPRESENTATION_RELATIONSHIP('','',#3389,#2830)REPRESENTATION_RELATIONSHIP_WITH_TRANSFORMATION(#3456)SHAPE_REPRESENTATION_RELATIONSHIP());
#3458=CONTEXT_DEPENDENT_SHAPE_REPRESENTATION(#3457,#3451);
#3461=CARTESIAN_POINT('',(2.575E0,-1.95E0,2.5E-1));
#3462=DIRECTION('',(1.E0,0.E0,0.E0));
#3463=DIRECTION('',(0.E0,1.E0,0.E0));
#3464=AXIS2_PLACEMENT_3D('',#3461,#3462,#3463);
#3465=ITEM_DEFINED_TRANSFORMATION('','',#3388,#3464);
#3466=(REPRESENTATION_RELATIONSHIP('','',#3389,#2830)REPRESENTATION_RELATIONSHIP_WITH_TRANSFORMATION(#3465)SHAPE_REPRESENTATION_RELATIONSHIP());
#3467=CONTEXT_DEPENDENT_SHAPE_REPRESENTATION(#3466,#3460);
#3470=CARTESIAN_POINT('',(2.575E0,-1.3E0,2.5E-1));
#3471=DIRECTION('',(1.E0,0.E0,0.E0));
#3472=DIRECTION('',(0.E0,1.E0,0.E0));
#3473=AXIS2_PLACEMENT_3D('',#3470,#3471,#3472);
#3474=ITEM_DEFINED_TRANSFORMATION('','',#3388,#3473);
#3475=(REPRESENTATION_RELATIONSHIP('','',#3389,#2830)REPRESENTATION_RELATIONSHIP_WITH_TRANSFORMATION(#3474)SHAPE_REPRESENTATION_RELATIONSHIP());
#3476=CONTEXT_DEPENDENT_SHAPE_REPRESENTATION(#3475,#3469);
#3479=CARTESIAN_POINT('',(2.575E0,-6.5E-1,2.5E-1));
#3480=DIRECTION('',(1.E0,0.E0,0.E0));
#3481=DIRECTION('',(0.E0,1.E0,0.E0));
#3482=AXIS2_PLACEMENT_3D('',#3479,#3480,#3481);
#3483=ITEM_DEFINED_TRANSFORMATION('','',#3388,#3482);
#3484=(REPRESENTATION_RELATIONSHIP('','',#3389,#2830)REPRESENTATION_RELATIONSHIP_WITH_TRANSFORMATION(#3483)SHAPE_REPRESENTATION_RELATIONSHIP());
#3485=CONTEXT_DEPENDENT_SHAPE_REPRESENTATION(#3484,#3478);
#3488=CARTESIAN_POINT('',(2.575E0,0.E0,2.5E-1));
#3489=DIRECTION('',(1.E0,0.E0,0.E0));
#3490=DIRECTION('',(0.E0,1.E0,0.E0));
#3491=AXIS2_PLACEMENT_3D('',#3488,#3489,#3490);
#3492=ITEM_DEFINED_TRANSFORMATION('','',#3388,#3491);
#3493=(REPRESENTATION_RELATIONSHIP('','',#3389,#2830)REPRESENTATION_RELATIONSHIP_WITH_TRANSFORMATION(#3492)SHAPE_REPRESENTATION_RELATIONSHIP());
#3494=CONTEXT_DEPENDENT_SHAPE_REPRESENTATION(#3493,#3487);
#3497=CARTESIAN_POINT('',(2.575E0,6.5E-1,2.5E-1));
#3498=DIRECTION('',(1.E0,0.E0,0.E0));
#3499=DIRECTION('',(0.E0,1.E0,0.E0));
#3500=AXIS2_PLACEMENT_3D('',#3497,#3498,#3499);
#3501=ITEM_DEFINED_TRANSFORMATION('','',#3388,#3500);
#3502=(REPRESENTATION_RELATIONSHIP('','',#3389,#2830)REPRESENTATION_RELATIONSHIP_WITH_TRANSFORMATION(#3501)SHAPE_REPRESENTATION_RELATIONSHIP());
#3503=CONTEXT_DEPENDENT_SHAPE_REPRESENTATION(#3502,#3496);
#3506=CARTESIAN_POINT('',(2.575E0,1.3E0,2.5E-1));
#3507=DIRECTION('',(1.E0,0.E0,0.E0));
#3508=DIRECTION('',(0.E0,1.E0,0.E0));
#3509=AXIS2_PLACEMENT_3D('',#3506,#3507,#3508);
#3510=ITEM_DEFINED_TRANSFORMATION('','',#3388,#3509);
#3511=(REPRESENTATION_RELATIONSHIP('','',#3389,#2830)REPRESENTATION_RELATIONSHIP_WITH_TRANSFORMATION(#3510)SHAPE_REPRESENTATION_RELATIONSHIP());
#3512=CONTEXT_DEPENDENT_SHAPE_REPRESENTATION(#3511,#3505);
#3515=CARTESIAN_POINT('',(2.575E0,1.95E0,2.5E-1));
#3516=DIRECTION('',(1.E0,0.E0,0.E0));
#3517=DIRECTION('',(0.E0,1.E0,0.E0));
#3518=AXIS2_PLACEMENT_3D('',#3515,#3516,#3517);
#3519=ITEM_DEFINED_TRANSFORMATION('','',#3388,#3518);
#3520=(REPRESENTATION_RELATIONSHIP('','',#3389,#2830)REPRESENTATION_RELATIONSHIP_WITH_TRANSFORMATION(#3519)SHAPE_REPRESENTATION_RELATIONSHIP());
#3521=CONTEXT_DEPENDENT_SHAPE_REPRESENTATION(#3520,#3514);
#3523=DIMENSIONAL_EXPONENTS(0.E0,0.E0,0.E0,0.E0,0.E0,0.E0,0.E0);
#3525=PLANE_ANGLE_MEASURE_WITH_UNIT(PLANE_ANGLE_MEASURE(1.745329251994E-2),
#3524);
#3526=(CONVERSION_BASED_UNIT('DEGREE',#3525)NAMED_UNIT(*)PLANE_ANGLE_UNIT());
#3528=UNCERTAINTY_MEASURE_WITH_UNIT(LENGTH_MEASURE(2.597972288305E-4),#3522,
'closure',
'Maximum model space distance between geometric entities at asserted connectivities');
#3529=(GEOMETRIC_REPRESENTATION_CONTEXT(3)GLOBAL_UNCERTAINTY_ASSIGNED_CONTEXT((
#3528))GLOBAL_UNIT_ASSIGNED_CONTEXT((#3522,#3526,#3527))REPRESENTATION_CONTEXT(
'ID3','3'));
#3530=CARTESIAN_POINT('',(0.E0,0.E0,0.E0));
#3531=DIRECTION('',(0.E0,0.E0,1.E0));
#3532=DIRECTION('',(1.E0,0.E0,0.E0));
#3535=DESIGN_CONTEXT('',#2819,'design');
#3536=MECHANICAL_CONTEXT('',#2819,'mechanical');
#3537=PRODUCT('PWP0014K_PIN1','PWP0014K_PIN1','NOT SPECIFIED',(#3536));
#3538=PRODUCT_DEFINITION_FORMATION_WITH_SPECIFIED_SOURCE('12','LAST_VERSION',
#3537,.MADE.);
#3544=CARTESIAN_POINT('',(0.E0,0.E0,1.13E0));
#3545=DIRECTION('',(0.E0,-1.E0,0.E0));
#3546=DIRECTION('',(1.E0,0.E0,0.E0));
#3547=AXIS2_PLACEMENT_3D('',#3544,#3545,#3546);
#3548=ITEM_DEFINED_TRANSFORMATION('','',#3533,#3547);
#3549=(REPRESENTATION_RELATIONSHIP('','',#3534,#2830)REPRESENTATION_RELATIONSHIP_WITH_TRANSFORMATION(#3548)SHAPE_REPRESENTATION_RELATIONSHIP());
#3550=CONTEXT_DEPENDENT_SHAPE_REPRESENTATION(#3549,#3543);
#3552=DIRECTION('',(1.E0,0.E0,0.E0));
#3553=VECTOR('',#3552,5.E-2);
#3554=CARTESIAN_POINT('',(-3.E-1,0.E0,1.25E0));
#3555=LINE('',#3554,#3553);
#3556=CURVE_STYLE('',#33,POSITIVE_LENGTH_MEASURE(2.E-2),#22);
#3557=PRESENTATION_STYLE_ASSIGNMENT((#3556));
#3558=STYLED_ITEM('',(#3557),#3555);
#3559=DIRECTION('',(0.E0,0.E0,1.E0));
#3560=VECTOR('',#3559,1.E-1);
#3561=CARTESIAN_POINT('',(-2.5E-1,0.E0,1.25E0));
#3562=LINE('',#3561,#3560);
#3563=CURVE_STYLE('',#33,POSITIVE_LENGTH_MEASURE(2.E-2),#22);
#3564=PRESENTATION_STYLE_ASSIGNMENT((#3563));
#3565=STYLED_ITEM('',(#3564),#3562);
#3566=DIRECTION('',(1.E0,0.E0,0.E0));
#3567=VECTOR('',#3566,5.E-2);
#3568=CARTESIAN_POINT('',(-2.5E-1,0.E0,1.35E0));
#3569=LINE('',#3568,#3567);
#3570=CURVE_STYLE('',#33,POSITIVE_LENGTH_MEASURE(2.E-2),#22);
#3571=PRESENTATION_STYLE_ASSIGNMENT((#3570));
#3572=STYLED_ITEM('',(#3571),#3569);
#3573=DIRECTION('',(0.E0,0.E0,1.E0));
#3574=VECTOR('',#3573,1.68E-1);
#3575=CARTESIAN_POINT('',(-2.E-1,0.E0,1.35E0));
#3576=LINE('',#3575,#3574);
#3577=CURVE_STYLE('',#33,POSITIVE_LENGTH_MEASURE(2.E-2),#22);
#3578=PRESENTATION_STYLE_ASSIGNMENT((#3577));
#3579=STYLED_ITEM('',(#3578),#3576);
#3580=DIRECTION('',(1.E0,0.E0,0.E0));
#3581=VECTOR('',#3580,4.E-1);
#3582=CARTESIAN_POINT('',(-2.E-1,0.E0,1.518E0));
#3583=LINE('',#3582,#3581);
#3584=CURVE_STYLE('',#33,POSITIVE_LENGTH_MEASURE(2.E-2),#22);
#3585=PRESENTATION_STYLE_ASSIGNMENT((#3584));
#3586=STYLED_ITEM('',(#3585),#3583);
#3587=DIRECTION('',(0.E0,0.E0,-1.E0));
#3588=VECTOR('',#3587,1.68E-1);
#3589=CARTESIAN_POINT('',(2.E-1,0.E0,1.518E0));
#3590=LINE('',#3589,#3588);
#3591=CURVE_STYLE('',#33,POSITIVE_LENGTH_MEASURE(2.E-2),#22);
#3592=PRESENTATION_STYLE_ASSIGNMENT((#3591));
#3593=STYLED_ITEM('',(#3592),#3590);
#3594=DIRECTION('',(1.E0,0.E0,0.E0));
#3595=VECTOR('',#3594,5.E-2);
#3596=CARTESIAN_POINT('',(2.E-1,0.E0,1.35E0));
#3597=LINE('',#3596,#3595);
#3598=CURVE_STYLE('',#33,POSITIVE_LENGTH_MEASURE(2.E-2),#22);
#3599=PRESENTATION_STYLE_ASSIGNMENT((#3598));
#3600=STYLED_ITEM('',(#3599),#3597);
#3601=DIRECTION('',(0.E0,0.E0,-1.E0));
#3602=VECTOR('',#3601,1.E-1);
#3603=CARTESIAN_POINT('',(2.5E-1,0.E0,1.35E0));
#3604=LINE('',#3603,#3602);
#3605=CURVE_STYLE('',#33,POSITIVE_LENGTH_MEASURE(2.E-2),#22);
#3606=PRESENTATION_STYLE_ASSIGNMENT((#3605));
#3607=STYLED_ITEM('',(#3606),#3604);
#3608=DIRECTION('',(1.E0,0.E0,0.E0));
#3609=VECTOR('',#3608,5.E-2);
#3610=CARTESIAN_POINT('',(2.5E-1,0.E0,1.25E0));
#3611=LINE('',#3610,#3609);
#3612=CURVE_STYLE('',#33,POSITIVE_LENGTH_MEASURE(2.E-2),#22);
#3613=PRESENTATION_STYLE_ASSIGNMENT((#3612));
#3614=STYLED_ITEM('',(#3613),#3611);
#3615=DIRECTION('',(0.E0,0.E0,-1.E0));
#3616=VECTOR('',#3615,1.3E-1);
#3617=CARTESIAN_POINT('',(3.E-1,0.E0,1.25E0));
#3618=LINE('',#3617,#3616);
#3619=CURVE_STYLE('',#33,POSITIVE_LENGTH_MEASURE(2.E-2),#22);
#3620=PRESENTATION_STYLE_ASSIGNMENT((#3619));
#3621=STYLED_ITEM('',(#3620),#3618);
#3622=DIRECTION('',(1.E0,0.E0,0.E0));
#3623=VECTOR('',#3622,8.25E-1);
#3624=CARTESIAN_POINT('',(3.E-1,0.E0,1.12E0));
#3625=LINE('',#3624,#3623);
#3626=CURVE_STYLE('',#33,POSITIVE_LENGTH_MEASURE(2.E-2),#22);
#3627=PRESENTATION_STYLE_ASSIGNMENT((#3626));
#3628=STYLED_ITEM('',(#3627),#3625);
#3629=DIRECTION('',(0.E0,0.E0,-1.E0));
#3630=VECTOR('',#3629,2.24E0);
#3631=CARTESIAN_POINT('',(1.125E0,0.E0,1.12E0));
#3632=LINE('',#3631,#3630);
#3633=CURVE_STYLE('',#33,POSITIVE_LENGTH_MEASURE(2.E-2),#22);
#3634=PRESENTATION_STYLE_ASSIGNMENT((#3633));
#3635=STYLED_ITEM('',(#3634),#3632);
#3636=DIRECTION('',(-1.E0,0.E0,0.E0));
#3637=VECTOR('',#3636,8.25E-1);
#3638=CARTESIAN_POINT('',(1.125E0,0.E0,-1.12E0));
#3639=LINE('',#3638,#3637);
#3640=CURVE_STYLE('',#33,POSITIVE_LENGTH_MEASURE(2.E-2),#22);
#3641=PRESENTATION_STYLE_ASSIGNMENT((#3640));
#3642=STYLED_ITEM('',(#3641),#3639);
#3643=DIRECTION('',(0.E0,0.E0,-1.E0));
#3644=VECTOR('',#3643,1.3E-1);
#3645=CARTESIAN_POINT('',(3.E-1,0.E0,-1.12E0));
#3646=LINE('',#3645,#3644);
#3647=CURVE_STYLE('',#33,POSITIVE_LENGTH_MEASURE(2.E-2),#22);
#3648=PRESENTATION_STYLE_ASSIGNMENT((#3647));
#3649=STYLED_ITEM('',(#3648),#3646);
#3650=DIRECTION('',(-1.E0,0.E0,0.E0));
#3651=VECTOR('',#3650,5.E-2);
#3652=CARTESIAN_POINT('',(3.E-1,0.E0,-1.25E0));
#3653=LINE('',#3652,#3651);
#3654=CURVE_STYLE('',#33,POSITIVE_LENGTH_MEASURE(2.E-2),#22);
#3655=PRESENTATION_STYLE_ASSIGNMENT((#3654));
#3656=STYLED_ITEM('',(#3655),#3653);
#3657=DIRECTION('',(0.E0,0.E0,-1.E0));
#3658=VECTOR('',#3657,1.E-1);
#3659=CARTESIAN_POINT('',(2.5E-1,0.E0,-1.25E0));
#3660=LINE('',#3659,#3658);
#3661=CURVE_STYLE('',#33,POSITIVE_LENGTH_MEASURE(2.E-2),#22);
#3662=PRESENTATION_STYLE_ASSIGNMENT((#3661));
#3663=STYLED_ITEM('',(#3662),#3660);
#3664=DIRECTION('',(-1.E0,0.E0,0.E0));
#3665=VECTOR('',#3664,5.E-2);
#3666=CARTESIAN_POINT('',(2.5E-1,0.E0,-1.35E0));
#3667=LINE('',#3666,#3665);
#3668=CURVE_STYLE('',#33,POSITIVE_LENGTH_MEASURE(2.E-2),#22);
#3669=PRESENTATION_STYLE_ASSIGNMENT((#3668));
#3670=STYLED_ITEM('',(#3669),#3667);
#3671=DIRECTION('',(0.E0,0.E0,-1.E0));
#3672=VECTOR('',#3671,1.68E-1);
#3673=CARTESIAN_POINT('',(2.E-1,0.E0,-1.35E0));
#3674=LINE('',#3673,#3672);
#3675=CURVE_STYLE('',#33,POSITIVE_LENGTH_MEASURE(2.E-2),#22);
#3676=PRESENTATION_STYLE_ASSIGNMENT((#3675));
#3677=STYLED_ITEM('',(#3676),#3674);
#3678=DIRECTION('',(-1.E0,0.E0,0.E0));
#3679=VECTOR('',#3678,4.E-1);
#3680=CARTESIAN_POINT('',(2.E-1,0.E0,-1.518E0));
#3681=LINE('',#3680,#3679);
#3682=CURVE_STYLE('',#33,POSITIVE_LENGTH_MEASURE(2.E-2),#22);
#3683=PRESENTATION_STYLE_ASSIGNMENT((#3682));
#3684=STYLED_ITEM('',(#3683),#3681);
#3685=DIRECTION('',(0.E0,0.E0,1.E0));
#3686=VECTOR('',#3685,1.68E-1);
#3687=CARTESIAN_POINT('',(-2.E-1,0.E0,-1.518E0));
#3688=LINE('',#3687,#3686);
#3689=CURVE_STYLE('',#33,POSITIVE_LENGTH_MEASURE(2.E-2),#22);
#3690=PRESENTATION_STYLE_ASSIGNMENT((#3689));
#3691=STYLED_ITEM('',(#3690),#3688);
#3692=DIRECTION('',(-1.E0,0.E0,0.E0));
#3693=VECTOR('',#3692,5.E-2);
#3694=CARTESIAN_POINT('',(-2.E-1,0.E0,-1.35E0));
#3695=LINE('',#3694,#3693);
#3696=CURVE_STYLE('',#33,POSITIVE_LENGTH_MEASURE(2.E-2),#22);
#3697=PRESENTATION_STYLE_ASSIGNMENT((#3696));
#3698=STYLED_ITEM('',(#3697),#3695);
#3699=DIRECTION('',(0.E0,0.E0,1.E0));
#3700=VECTOR('',#3699,1.E-1);
#3701=CARTESIAN_POINT('',(-2.5E-1,0.E0,-1.35E0));
#3702=LINE('',#3701,#3700);
#3703=CURVE_STYLE('',#33,POSITIVE_LENGTH_MEASURE(2.E-2),#22);
#3704=PRESENTATION_STYLE_ASSIGNMENT((#3703));
#3705=STYLED_ITEM('',(#3704),#3702);
#3706=DIRECTION('',(-1.E0,0.E0,0.E0));
#3707=VECTOR('',#3706,5.E-2);
#3708=CARTESIAN_POINT('',(-2.5E-1,0.E0,-1.25E0));
#3709=LINE('',#3708,#3707);
#3710=CURVE_STYLE('',#33,POSITIVE_LENGTH_MEASURE(2.E-2),#22);
#3711=PRESENTATION_STYLE_ASSIGNMENT((#3710));
#3712=STYLED_ITEM('',(#3711),#3709);
#3713=DIRECTION('',(0.E0,0.E0,1.E0));
#3714=VECTOR('',#3713,1.3E-1);
#3715=CARTESIAN_POINT('',(-3.E-1,0.E0,-1.25E0));
#3716=LINE('',#3715,#3714);
#3717=CURVE_STYLE('',#33,POSITIVE_LENGTH_MEASURE(2.E-2),#22);
#3718=PRESENTATION_STYLE_ASSIGNMENT((#3717));
#3719=STYLED_ITEM('',(#3718),#3716);
#3720=DIRECTION('',(-1.E0,0.E0,0.E0));
#3721=VECTOR('',#3720,8.25E-1);
#3722=CARTESIAN_POINT('',(-3.E-1,0.E0,-1.12E0));
#3723=LINE('',#3722,#3721);
#3724=CURVE_STYLE('',#33,POSITIVE_LENGTH_MEASURE(2.E-2),#22);
#3725=PRESENTATION_STYLE_ASSIGNMENT((#3724));
#3726=STYLED_ITEM('',(#3725),#3723);
#3727=DIRECTION('',(0.E0,0.E0,1.E0));
#3728=VECTOR('',#3727,2.24E0);
#3729=CARTESIAN_POINT('',(-1.125E0,0.E0,-1.12E0));
#3730=LINE('',#3729,#3728);
#3731=CURVE_STYLE('',#33,POSITIVE_LENGTH_MEASURE(2.E-2),#22);
#3732=PRESENTATION_STYLE_ASSIGNMENT((#3731));
#3733=STYLED_ITEM('',(#3732),#3730);
#3734=DIRECTION('',(1.E0,0.E0,0.E0));
#3735=VECTOR('',#3734,8.25E-1);
#3736=CARTESIAN_POINT('',(-1.125E0,0.E0,1.12E0));
#3737=LINE('',#3736,#3735);
#3738=CURVE_STYLE('',#33,POSITIVE_LENGTH_MEASURE(2.E-2),#22);
#3739=PRESENTATION_STYLE_ASSIGNMENT((#3738));
#3740=STYLED_ITEM('',(#3739),#3737);
#3741=DIRECTION('',(0.E0,0.E0,1.E0));
#3742=VECTOR('',#3741,1.3E-1);
#3743=CARTESIAN_POINT('',(-3.E-1,0.E0,1.12E0));
#3744=LINE('',#3743,#3742);
#3745=CURVE_STYLE('',#33,POSITIVE_LENGTH_MEASURE(2.E-2),#22);
#3746=PRESENTATION_STYLE_ASSIGNMENT((#3745));
#3747=STYLED_ITEM('',(#3746),#3744);
#3748=DIRECTION('',(0.E0,1.E0,0.E0));
#3749=VECTOR('',#3748,1.5E-1);
#3750=CARTESIAN_POINT('',(-2.5E-1,0.E0,1.25E0));
#3751=LINE('',#3750,#3749);
#3752=CURVE_STYLE('',#33,POSITIVE_LENGTH_MEASURE(2.E-2),#22);
#3753=PRESENTATION_STYLE_ASSIGNMENT((#3752));
#3754=STYLED_ITEM('',(#3753),#3751);
#3755=DIRECTION('',(0.E0,1.E0,0.E0));
#3756=VECTOR('',#3755,1.5E-1);
#3757=CARTESIAN_POINT('',(-3.E-1,0.E0,1.25E0));
#3758=LINE('',#3757,#3756);
#3759=CURVE_STYLE('',#33,POSITIVE_LENGTH_MEASURE(2.E-2),#22);
#3760=PRESENTATION_STYLE_ASSIGNMENT((#3759));
#3761=STYLED_ITEM('',(#3760),#3758);
#3762=DIRECTION('',(0.E0,1.E0,0.E0));
#3763=VECTOR('',#3762,1.5E-1);
#3764=CARTESIAN_POINT('',(2.5E-1,0.E0,1.25E0));
#3765=LINE('',#3764,#3763);
#3766=CURVE_STYLE('',#33,POSITIVE_LENGTH_MEASURE(2.E-2),#22);
#3767=PRESENTATION_STYLE_ASSIGNMENT((#3766));
#3768=STYLED_ITEM('',(#3767),#3765);
#3769=DIRECTION('',(1.E0,0.E0,0.E0));
#3770=VECTOR('',#3769,5.E-2);
#3771=CARTESIAN_POINT('',(2.5E-1,1.5E-1,1.25E0));
#3772=LINE('',#3771,#3770);
#3773=CURVE_STYLE('',#33,POSITIVE_LENGTH_MEASURE(2.E-2),#22);
#3774=PRESENTATION_STYLE_ASSIGNMENT((#3773));
#3775=STYLED_ITEM('',(#3774),#3772);
#3776=DIRECTION('',(0.E0,0.E0,-1.E0));
#3777=VECTOR('',#3776,1.E-1);
#3778=CARTESIAN_POINT('',(2.5E-1,1.5E-1,1.35E0));
#3779=LINE('',#3778,#3777);
#3780=CURVE_STYLE('',#33,POSITIVE_LENGTH_MEASURE(2.E-2),#22);
#3781=PRESENTATION_STYLE_ASSIGNMENT((#3780));
#3782=STYLED_ITEM('',(#3781),#3779);
#3783=DIRECTION('',(1.E0,0.E0,0.E0));
#3784=VECTOR('',#3783,5.E-2);
#3785=CARTESIAN_POINT('',(2.E-1,1.5E-1,1.35E0));
#3786=LINE('',#3785,#3784);
#3787=CURVE_STYLE('',#33,POSITIVE_LENGTH_MEASURE(2.E-2),#22);
#3788=PRESENTATION_STYLE_ASSIGNMENT((#3787));
#3789=STYLED_ITEM('',(#3788),#3786);
#3790=DIRECTION('',(0.E0,0.E0,-1.E0));
#3791=VECTOR('',#3790,1.68E-1);
#3792=CARTESIAN_POINT('',(2.E-1,1.5E-1,1.518E0));
#3793=LINE('',#3792,#3791);
#3794=CURVE_STYLE('',#33,POSITIVE_LENGTH_MEASURE(2.E-2),#22);
#3795=PRESENTATION_STYLE_ASSIGNMENT((#3794));
#3796=STYLED_ITEM('',(#3795),#3793);
#3797=DIRECTION('',(1.E0,0.E0,0.E0));
#3798=VECTOR('',#3797,4.E-1);
#3799=CARTESIAN_POINT('',(-2.E-1,1.5E-1,1.518E0));
#3800=LINE('',#3799,#3798);
#3801=CURVE_STYLE('',#33,POSITIVE_LENGTH_MEASURE(2.E-2),#22);
#3802=PRESENTATION_STYLE_ASSIGNMENT((#3801));
#3803=STYLED_ITEM('',(#3802),#3800);
#3804=DIRECTION('',(0.E0,0.E0,1.E0));
#3805=VECTOR('',#3804,1.68E-1);
#3806=CARTESIAN_POINT('',(-2.E-1,1.5E-1,1.35E0));
#3807=LINE('',#3806,#3805);
#3808=CURVE_STYLE('',#33,POSITIVE_LENGTH_MEASURE(2.E-2),#22);
#3809=PRESENTATION_STYLE_ASSIGNMENT((#3808));
#3810=STYLED_ITEM('',(#3809),#3807);
#3811=DIRECTION('',(1.E0,0.E0,0.E0));
#3812=VECTOR('',#3811,5.E-2);
#3813=CARTESIAN_POINT('',(-2.5E-1,1.5E-1,1.35E0));
#3814=LINE('',#3813,#3812);
#3815=CURVE_STYLE('',#33,POSITIVE_LENGTH_MEASURE(2.E-2),#22);
#3816=PRESENTATION_STYLE_ASSIGNMENT((#3815));
#3817=STYLED_ITEM('',(#3816),#3814);
#3818=DIRECTION('',(0.E0,0.E0,1.E0));
#3819=VECTOR('',#3818,1.E-1);
#3820=CARTESIAN_POINT('',(-2.5E-1,1.5E-1,1.25E0));
#3821=LINE('',#3820,#3819);
#3822=CURVE_STYLE('',#33,POSITIVE_LENGTH_MEASURE(2.E-2),#22);
#3823=PRESENTATION_STYLE_ASSIGNMENT((#3822));
#3824=STYLED_ITEM('',(#3823),#3821);
#3825=DIRECTION('',(1.E0,0.E0,0.E0));
#3826=VECTOR('',#3825,5.E-2);
#3827=CARTESIAN_POINT('',(-3.E-1,1.5E-1,1.25E0));
#3828=LINE('',#3827,#3826);
#3829=CURVE_STYLE('',#33,POSITIVE_LENGTH_MEASURE(2.E-2),#22);
#3830=PRESENTATION_STYLE_ASSIGNMENT((#3829));
#3831=STYLED_ITEM('',(#3830),#3828);
#3832=DIRECTION('',(0.E0,0.E0,1.E0));
#3833=VECTOR('',#3832,1.3E-1);
#3834=CARTESIAN_POINT('',(-3.E-1,1.5E-1,1.12E0));
#3835=LINE('',#3834,#3833);
#3836=CURVE_STYLE('',#33,POSITIVE_LENGTH_MEASURE(2.E-2),#22);
#3837=PRESENTATION_STYLE_ASSIGNMENT((#3836));
#3838=STYLED_ITEM('',(#3837),#3835);
#3839=DIRECTION('',(1.E0,0.E0,0.E0));
#3840=VECTOR('',#3839,8.25E-1);
#3841=CARTESIAN_POINT('',(-1.125E0,1.5E-1,1.12E0));
#3842=LINE('',#3841,#3840);
#3843=CURVE_STYLE('',#33,POSITIVE_LENGTH_MEASURE(2.E-2),#22);
#3844=PRESENTATION_STYLE_ASSIGNMENT((#3843));
#3845=STYLED_ITEM('',(#3844),#3842);
#3846=DIRECTION('',(0.E0,0.E0,1.E0));
#3847=VECTOR('',#3846,2.24E0);
#3848=CARTESIAN_POINT('',(-1.125E0,1.5E-1,-1.12E0));
#3849=LINE('',#3848,#3847);
#3850=CURVE_STYLE('',#33,POSITIVE_LENGTH_MEASURE(2.E-2),#22);
#3851=PRESENTATION_STYLE_ASSIGNMENT((#3850));
#3852=STYLED_ITEM('',(#3851),#3849);
#3853=DIRECTION('',(-1.E0,0.E0,0.E0));
#3854=VECTOR('',#3853,8.25E-1);
#3855=CARTESIAN_POINT('',(-3.E-1,1.5E-1,-1.12E0));
#3856=LINE('',#3855,#3854);
#3857=CURVE_STYLE('',#33,POSITIVE_LENGTH_MEASURE(2.E-2),#22);
#3858=PRESENTATION_STYLE_ASSIGNMENT((#3857));
#3859=STYLED_ITEM('',(#3858),#3856);
#3860=DIRECTION('',(0.E0,0.E0,1.E0));
#3861=VECTOR('',#3860,1.3E-1);
#3862=CARTESIAN_POINT('',(-3.E-1,1.5E-1,-1.25E0));
#3863=LINE('',#3862,#3861);
#3864=CURVE_STYLE('',#33,POSITIVE_LENGTH_MEASURE(2.E-2),#22);
#3865=PRESENTATION_STYLE_ASSIGNMENT((#3864));
#3866=STYLED_ITEM('',(#3865),#3863);
#3867=DIRECTION('',(-1.E0,0.E0,0.E0));
#3868=VECTOR('',#3867,5.E-2);
#3869=CARTESIAN_POINT('',(-2.5E-1,1.5E-1,-1.25E0));
#3870=LINE('',#3869,#3868);
#3871=CURVE_STYLE('',#33,POSITIVE_LENGTH_MEASURE(2.E-2),#22);
#3872=PRESENTATION_STYLE_ASSIGNMENT((#3871));
#3873=STYLED_ITEM('',(#3872),#3870);
#3874=DIRECTION('',(0.E0,0.E0,1.E0));
#3875=VECTOR('',#3874,1.E-1);
#3876=CARTESIAN_POINT('',(-2.5E-1,1.5E-1,-1.35E0));
#3877=LINE('',#3876,#3875);
#3878=CURVE_STYLE('',#33,POSITIVE_LENGTH_MEASURE(2.E-2),#22);
#3879=PRESENTATION_STYLE_ASSIGNMENT((#3878));
#3880=STYLED_ITEM('',(#3879),#3877);
#3881=DIRECTION('',(-1.E0,0.E0,0.E0));
#3882=VECTOR('',#3881,5.E-2);
#3883=CARTESIAN_POINT('',(-2.E-1,1.5E-1,-1.35E0));
#3884=LINE('',#3883,#3882);
#3885=CURVE_STYLE('',#33,POSITIVE_LENGTH_MEASURE(2.E-2),#22);
#3886=PRESENTATION_STYLE_ASSIGNMENT((#3885));
#3887=STYLED_ITEM('',(#3886),#3884);
#3888=DIRECTION('',(0.E0,0.E0,1.E0));
#3889=VECTOR('',#3888,1.68E-1);
#3890=CARTESIAN_POINT('',(-2.E-1,1.5E-1,-1.518E0));
#3891=LINE('',#3890,#3889);
#3892=CURVE_STYLE('',#33,POSITIVE_LENGTH_MEASURE(2.E-2),#22);
#3893=PRESENTATION_STYLE_ASSIGNMENT((#3892));
#3894=STYLED_ITEM('',(#3893),#3891);
#3895=DIRECTION('',(-1.E0,0.E0,0.E0));
#3896=VECTOR('',#3895,4.E-1);
#3897=CARTESIAN_POINT('',(2.E-1,1.5E-1,-1.518E0));
#3898=LINE('',#3897,#3896);
#3899=CURVE_STYLE('',#33,POSITIVE_LENGTH_MEASURE(2.E-2),#22);
#3900=PRESENTATION_STYLE_ASSIGNMENT((#3899));
#3901=STYLED_ITEM('',(#3900),#3898);
#3902=DIRECTION('',(0.E0,0.E0,-1.E0));
#3903=VECTOR('',#3902,1.68E-1);
#3904=CARTESIAN_POINT('',(2.E-1,1.5E-1,-1.35E0));
#3905=LINE('',#3904,#3903);
#3906=CURVE_STYLE('',#33,POSITIVE_LENGTH_MEASURE(2.E-2),#22);
#3907=PRESENTATION_STYLE_ASSIGNMENT((#3906));
#3908=STYLED_ITEM('',(#3907),#3905);
#3909=DIRECTION('',(-1.E0,0.E0,0.E0));
#3910=VECTOR('',#3909,5.E-2);
#3911=CARTESIAN_POINT('',(2.5E-1,1.5E-1,-1.35E0));
#3912=LINE('',#3911,#3910);
#3913=CURVE_STYLE('',#33,POSITIVE_LENGTH_MEASURE(2.E-2),#22);
#3914=PRESENTATION_STYLE_ASSIGNMENT((#3913));
#3915=STYLED_ITEM('',(#3914),#3912);
#3916=DIRECTION('',(0.E0,0.E0,-1.E0));
#3917=VECTOR('',#3916,1.E-1);
#3918=CARTESIAN_POINT('',(2.5E-1,1.5E-1,-1.25E0));
#3919=LINE('',#3918,#3917);
#3920=CURVE_STYLE('',#33,POSITIVE_LENGTH_MEASURE(2.E-2),#22);
#3921=PRESENTATION_STYLE_ASSIGNMENT((#3920));
#3922=STYLED_ITEM('',(#3921),#3919);
#3923=DIRECTION('',(-1.E0,0.E0,0.E0));
#3924=VECTOR('',#3923,5.E-2);
#3925=CARTESIAN_POINT('',(3.E-1,1.5E-1,-1.25E0));
#3926=LINE('',#3925,#3924);
#3927=CURVE_STYLE('',#33,POSITIVE_LENGTH_MEASURE(2.E-2),#22);
#3928=PRESENTATION_STYLE_ASSIGNMENT((#3927));
#3929=STYLED_ITEM('',(#3928),#3926);
#3930=DIRECTION('',(0.E0,0.E0,-1.E0));
#3931=VECTOR('',#3930,1.3E-1);
#3932=CARTESIAN_POINT('',(3.E-1,1.5E-1,-1.12E0));
#3933=LINE('',#3932,#3931);
#3934=CURVE_STYLE('',#33,POSITIVE_LENGTH_MEASURE(2.E-2),#22);
#3935=PRESENTATION_STYLE_ASSIGNMENT((#3934));
#3936=STYLED_ITEM('',(#3935),#3933);
#3937=DIRECTION('',(-1.E0,0.E0,0.E0));
#3938=VECTOR('',#3937,8.25E-1);
#3939=CARTESIAN_POINT('',(1.125E0,1.5E-1,-1.12E0));
#3940=LINE('',#3939,#3938);
#3941=CURVE_STYLE('',#33,POSITIVE_LENGTH_MEASURE(2.E-2),#22);
#3942=PRESENTATION_STYLE_ASSIGNMENT((#3941));
#3943=STYLED_ITEM('',(#3942),#3940);
#3944=DIRECTION('',(0.E0,0.E0,-1.E0));
#3945=VECTOR('',#3944,2.24E0);
#3946=CARTESIAN_POINT('',(1.125E0,1.5E-1,1.12E0));
#3947=LINE('',#3946,#3945);
#3948=CURVE_STYLE('',#33,POSITIVE_LENGTH_MEASURE(2.E-2),#22);
#3949=PRESENTATION_STYLE_ASSIGNMENT((#3948));
#3950=STYLED_ITEM('',(#3949),#3947);
#3951=DIRECTION('',(1.E0,0.E0,0.E0));
#3952=VECTOR('',#3951,8.25E-1);
#3953=CARTESIAN_POINT('',(3.E-1,1.5E-1,1.12E0));
#3954=LINE('',#3953,#3952);
#3955=CURVE_STYLE('',#33,POSITIVE_LENGTH_MEASURE(2.E-2),#22);
#3956=PRESENTATION_STYLE_ASSIGNMENT((#3955));
#3957=STYLED_ITEM('',(#3956),#3954);
#3958=DIRECTION('',(0.E0,0.E0,-1.E0));
#3959=VECTOR('',#3958,1.3E-1);
#3960=CARTESIAN_POINT('',(3.E-1,1.5E-1,1.25E0));
#3961=LINE('',#3960,#3959);
#3962=CURVE_STYLE('',#33,POSITIVE_LENGTH_MEASURE(2.E-2),#22);
#3963=PRESENTATION_STYLE_ASSIGNMENT((#3962));
#3964=STYLED_ITEM('',(#3963),#3961);
#3965=DIRECTION('',(0.E0,1.E0,0.E0));
#3966=VECTOR('',#3965,1.5E-1);
#3967=CARTESIAN_POINT('',(2.5E-1,0.E0,1.35E0));
#3968=LINE('',#3967,#3966);
#3969=CURVE_STYLE('',#33,POSITIVE_LENGTH_MEASURE(2.E-2),#22);
#3970=PRESENTATION_STYLE_ASSIGNMENT((#3969));
#3971=STYLED_ITEM('',(#3970),#3968);
#3972=DIRECTION('',(0.E0,1.E0,0.E0));
#3973=VECTOR('',#3972,1.5E-1);
#3974=CARTESIAN_POINT('',(2.E-1,0.E0,1.35E0));
#3975=LINE('',#3974,#3973);
#3976=CURVE_STYLE('',#33,POSITIVE_LENGTH_MEASURE(2.E-2),#22);
#3977=PRESENTATION_STYLE_ASSIGNMENT((#3976));
#3978=STYLED_ITEM('',(#3977),#3975);
#3979=DIRECTION('',(0.E0,1.E0,0.E0));
#3980=VECTOR('',#3979,1.5E-1);
#3981=CARTESIAN_POINT('',(2.E-1,0.E0,1.518E0));
#3982=LINE('',#3981,#3980);
#3983=CURVE_STYLE('',#33,POSITIVE_LENGTH_MEASURE(2.E-2),#22);
#3984=PRESENTATION_STYLE_ASSIGNMENT((#3983));
#3985=STYLED_ITEM('',(#3984),#3982);
#3986=DIRECTION('',(0.E0,1.E0,0.E0));
#3987=VECTOR('',#3986,1.5E-1);
#3988=CARTESIAN_POINT('',(-2.E-1,0.E0,1.518E0));
#3989=LINE('',#3988,#3987);
#3990=CURVE_STYLE('',#33,POSITIVE_LENGTH_MEASURE(2.E-2),#22);
#3991=PRESENTATION_STYLE_ASSIGNMENT((#3990));
#3992=STYLED_ITEM('',(#3991),#3989);
#3993=DIRECTION('',(0.E0,1.E0,0.E0));
#3994=VECTOR('',#3993,1.5E-1);
#3995=CARTESIAN_POINT('',(-2.E-1,0.E0,1.35E0));
#3996=LINE('',#3995,#3994);
#3997=CURVE_STYLE('',#33,POSITIVE_LENGTH_MEASURE(2.E-2),#22);
#3998=PRESENTATION_STYLE_ASSIGNMENT((#3997));
#3999=STYLED_ITEM('',(#3998),#3996);
#4000=DIRECTION('',(0.E0,1.E0,0.E0));
#4001=VECTOR('',#4000,1.5E-1);
#4002=CARTESIAN_POINT('',(-2.5E-1,0.E0,1.35E0));
#4003=LINE('',#4002,#4001);
#4004=CURVE_STYLE('',#33,POSITIVE_LENGTH_MEASURE(2.E-2),#22);
#4005=PRESENTATION_STYLE_ASSIGNMENT((#4004));
#4006=STYLED_ITEM('',(#4005),#4003);
#4007=DIRECTION('',(0.E0,1.E0,0.E0));
#4008=VECTOR('',#4007,1.5E-1);
#4009=CARTESIAN_POINT('',(-3.E-1,0.E0,1.12E0));
#4010=LINE('',#4009,#4008);
#4011=CURVE_STYLE('',#33,POSITIVE_LENGTH_MEASURE(2.E-2),#22);
#4012=PRESENTATION_STYLE_ASSIGNMENT((#4011));
#4013=STYLED_ITEM('',(#4012),#4010);
#4014=DIRECTION('',(0.E0,1.E0,0.E0));
#4015=VECTOR('',#4014,1.5E-1);
#4016=CARTESIAN_POINT('',(-1.125E0,0.E0,1.12E0));
#4017=LINE('',#4016,#4015);
#4018=CURVE_STYLE('',#33,POSITIVE_LENGTH_MEASURE(2.E-2),#22);
#4019=PRESENTATION_STYLE_ASSIGNMENT((#4018));
#4020=STYLED_ITEM('',(#4019),#4017);
#4021=DIRECTION('',(0.E0,1.E0,0.E0));
#4022=VECTOR('',#4021,1.5E-1);
#4023=CARTESIAN_POINT('',(3.E-1,0.E0,1.12E0));
#4024=LINE('',#4023,#4022);
#4025=CURVE_STYLE('',#33,POSITIVE_LENGTH_MEASURE(2.E-2),#22);
#4026=PRESENTATION_STYLE_ASSIGNMENT((#4025));
#4027=STYLED_ITEM('',(#4026),#4024);
#4028=DIRECTION('',(0.E0,1.E0,0.E0));
#4029=VECTOR('',#4028,1.5E-1);
#4030=CARTESIAN_POINT('',(-1.125E0,0.E0,-1.12E0));
#4031=LINE('',#4030,#4029);
#4032=CURVE_STYLE('',#33,POSITIVE_LENGTH_MEASURE(2.E-2),#22);
#4033=PRESENTATION_STYLE_ASSIGNMENT((#4032));
#4034=STYLED_ITEM('',(#4033),#4031);
#4035=DIRECTION('',(0.E0,1.E0,0.E0));
#4036=VECTOR('',#4035,1.5E-1);
#4037=CARTESIAN_POINT('',(3.E-1,0.E0,-1.12E0));
#4038=LINE('',#4037,#4036);
#4039=CURVE_STYLE('',#33,POSITIVE_LENGTH_MEASURE(2.E-2),#22);
#4040=PRESENTATION_STYLE_ASSIGNMENT((#4039));
#4041=STYLED_ITEM('',(#4040),#4038);
#4042=DIRECTION('',(0.E0,1.E0,0.E0));
#4043=VECTOR('',#4042,1.5E-1);
#4044=CARTESIAN_POINT('',(1.125E0,0.E0,-1.12E0));
#4045=LINE('',#4044,#4043);
#4046=CURVE_STYLE('',#33,POSITIVE_LENGTH_MEASURE(2.E-2),#22);
#4047=PRESENTATION_STYLE_ASSIGNMENT((#4046));
#4048=STYLED_ITEM('',(#4047),#4045);
#4049=DIRECTION('',(0.E0,1.E0,0.E0));
#4050=VECTOR('',#4049,1.5E-1);
#4051=CARTESIAN_POINT('',(-3.E-1,0.E0,-1.12E0));
#4052=LINE('',#4051,#4050);
#4053=CURVE_STYLE('',#33,POSITIVE_LENGTH_MEASURE(2.E-2),#22);
#4054=PRESENTATION_STYLE_ASSIGNMENT((#4053));
#4055=STYLED_ITEM('',(#4054),#4052);
#4056=DIRECTION('',(0.E0,1.E0,0.E0));
#4057=VECTOR('',#4056,1.5E-1);
#4058=CARTESIAN_POINT('',(2.5E-1,0.E0,-1.25E0));
#4059=LINE('',#4058,#4057);
#4060=CURVE_STYLE('',#33,POSITIVE_LENGTH_MEASURE(2.E-2),#22);
#4061=PRESENTATION_STYLE_ASSIGNMENT((#4060));
#4062=STYLED_ITEM('',(#4061),#4059);
#4063=DIRECTION('',(0.E0,1.E0,0.E0));
#4064=VECTOR('',#4063,1.5E-1);
#4065=CARTESIAN_POINT('',(3.E-1,0.E0,-1.25E0));
#4066=LINE('',#4065,#4064);
#4067=CURVE_STYLE('',#33,POSITIVE_LENGTH_MEASURE(2.E-2),#22);
#4068=PRESENTATION_STYLE_ASSIGNMENT((#4067));
#4069=STYLED_ITEM('',(#4068),#4066);
#4070=DIRECTION('',(0.E0,1.E0,0.E0));
#4071=VECTOR('',#4070,1.5E-1);
#4072=CARTESIAN_POINT('',(-2.5E-1,0.E0,-1.25E0));
#4073=LINE('',#4072,#4071);
#4074=CURVE_STYLE('',#33,POSITIVE_LENGTH_MEASURE(2.E-2),#22);
#4075=PRESENTATION_STYLE_ASSIGNMENT((#4074));
#4076=STYLED_ITEM('',(#4075),#4073);
#4077=DIRECTION('',(0.E0,1.E0,0.E0));
#4078=VECTOR('',#4077,1.5E-1);
#4079=CARTESIAN_POINT('',(2.5E-1,0.E0,-1.35E0));
#4080=LINE('',#4079,#4078);
#4081=CURVE_STYLE('',#33,POSITIVE_LENGTH_MEASURE(2.E-2),#22);
#4082=PRESENTATION_STYLE_ASSIGNMENT((#4081));
#4083=STYLED_ITEM('',(#4082),#4080);
#4084=DIRECTION('',(0.E0,1.E0,0.E0));
#4085=VECTOR('',#4084,1.5E-1);
#4086=CARTESIAN_POINT('',(2.E-1,0.E0,-1.35E0));
#4087=LINE('',#4086,#4085);
#4088=CURVE_STYLE('',#33,POSITIVE_LENGTH_MEASURE(2.E-2),#22);
#4089=PRESENTATION_STYLE_ASSIGNMENT((#4088));
#4090=STYLED_ITEM('',(#4089),#4087);
#4091=DIRECTION('',(0.E0,1.E0,0.E0));
#4092=VECTOR('',#4091,1.5E-1);
#4093=CARTESIAN_POINT('',(2.E-1,0.E0,-1.518E0));
#4094=LINE('',#4093,#4092);
#4095=CURVE_STYLE('',#33,POSITIVE_LENGTH_MEASURE(2.E-2),#22);
#4096=PRESENTATION_STYLE_ASSIGNMENT((#4095));
#4097=STYLED_ITEM('',(#4096),#4094);
#4098=DIRECTION('',(0.E0,1.E0,0.E0));
#4099=VECTOR('',#4098,1.5E-1);
#4100=CARTESIAN_POINT('',(-2.E-1,0.E0,-1.518E0));
#4101=LINE('',#4100,#4099);
#4102=CURVE_STYLE('',#33,POSITIVE_LENGTH_MEASURE(2.E-2),#22);
#4103=PRESENTATION_STYLE_ASSIGNMENT((#4102));
#4104=STYLED_ITEM('',(#4103),#4101);
#4105=DIRECTION('',(0.E0,1.E0,0.E0));
#4106=VECTOR('',#4105,1.5E-1);
#4107=CARTESIAN_POINT('',(-2.E-1,0.E0,-1.35E0));
#4108=LINE('',#4107,#4106);
#4109=CURVE_STYLE('',#33,POSITIVE_LENGTH_MEASURE(2.E-2),#22);
#4110=PRESENTATION_STYLE_ASSIGNMENT((#4109));
#4111=STYLED_ITEM('',(#4110),#4108);
#4112=DIRECTION('',(0.E0,1.E0,0.E0));
#4113=VECTOR('',#4112,1.5E-1);
#4114=CARTESIAN_POINT('',(-2.5E-1,0.E0,-1.35E0));
#4115=LINE('',#4114,#4113);
#4116=CURVE_STYLE('',#33,POSITIVE_LENGTH_MEASURE(2.E-2),#22);
#4117=PRESENTATION_STYLE_ASSIGNMENT((#4116));
#4118=STYLED_ITEM('',(#4117),#4115);
#4119=DIRECTION('',(0.E0,1.E0,0.E0));
#4120=VECTOR('',#4119,1.5E-1);
#4121=CARTESIAN_POINT('',(-3.E-1,0.E0,-1.25E0));
#4122=LINE('',#4121,#4120);
#4123=CURVE_STYLE('',#33,POSITIVE_LENGTH_MEASURE(2.E-2),#22);
#4124=PRESENTATION_STYLE_ASSIGNMENT((#4123));
#4125=STYLED_ITEM('',(#4124),#4122);
#4126=DIRECTION('',(0.E0,1.E0,0.E0));
#4127=VECTOR('',#4126,1.5E-1);
#4128=CARTESIAN_POINT('',(1.125E0,0.E0,1.12E0));
#4129=LINE('',#4128,#4127);
#4130=CURVE_STYLE('',#33,POSITIVE_LENGTH_MEASURE(2.E-2),#22);
#4131=PRESENTATION_STYLE_ASSIGNMENT((#4130));
#4132=STYLED_ITEM('',(#4131),#4129);
#4133=DIRECTION('',(0.E0,1.E0,0.E0));
#4134=VECTOR('',#4133,1.5E-1);
#4135=CARTESIAN_POINT('',(3.E-1,0.E0,1.25E0));
#4136=LINE('',#4135,#4134);
#4137=CURVE_STYLE('',#33,POSITIVE_LENGTH_MEASURE(2.E-2),#22);
#4138=PRESENTATION_STYLE_ASSIGNMENT((#4137));
#4139=STYLED_ITEM('',(#4138),#4136);
#4140=CARTESIAN_POINT('',(-1.125E0,0.E0,-1.12E0));
#4141=CARTESIAN_POINT('',(-1.125E0,0.E0,1.12E0));
#4142=VERTEX_POINT('',#4140);
#4143=VERTEX_POINT('',#4141);
#4144=CARTESIAN_POINT('',(1.125E0,0.E0,1.12E0));
#4145=CARTESIAN_POINT('',(1.125E0,0.E0,-1.12E0));
#4146=VERTEX_POINT('',#4144);
#4147=VERTEX_POINT('',#4145);
#4148=CARTESIAN_POINT('',(-1.125E0,1.5E-1,-1.12E0));
#4149=CARTESIAN_POINT('',(-1.125E0,1.5E-1,1.12E0));
#4150=VERTEX_POINT('',#4148);
#4151=VERTEX_POINT('',#4149);
#4152=CARTESIAN_POINT('',(1.125E0,1.5E-1,1.12E0));
#4153=CARTESIAN_POINT('',(1.125E0,1.5E-1,-1.12E0));
#4154=VERTEX_POINT('',#4152);
#4155=VERTEX_POINT('',#4153);
#4156=CARTESIAN_POINT('',(3.E-1,0.E0,-1.25E0));
#4157=CARTESIAN_POINT('',(3.E-1,1.5E-1,-1.25E0));
#4158=VERTEX_POINT('',#4156);
#4159=VERTEX_POINT('',#4157);
#4160=CARTESIAN_POINT('',(-3.E-1,0.E0,-1.25E0));
#4161=CARTESIAN_POINT('',(-3.E-1,1.5E-1,-1.25E0));
#4162=VERTEX_POINT('',#4160);
#4163=VERTEX_POINT('',#4161);
#4164=CARTESIAN_POINT('',(-3.E-1,0.E0,1.25E0));
#4165=CARTESIAN_POINT('',(-3.E-1,1.5E-1,1.25E0));
#4166=VERTEX_POINT('',#4164);
#4167=VERTEX_POINT('',#4165);
#4168=CARTESIAN_POINT('',(3.E-1,0.E0,1.25E0));
#4169=CARTESIAN_POINT('',(3.E-1,1.5E-1,1.25E0));
#4170=VERTEX_POINT('',#4168);
#4171=VERTEX_POINT('',#4169);
#4172=CARTESIAN_POINT('',(-3.E-1,0.E0,1.12E0));
#4173=CARTESIAN_POINT('',(-3.E-1,1.5E-1,1.12E0));
#4174=VERTEX_POINT('',#4172);
#4175=VERTEX_POINT('',#4173);
#4176=CARTESIAN_POINT('',(3.E-1,0.E0,1.12E0));
#4177=CARTESIAN_POINT('',(3.E-1,1.5E-1,1.12E0));
#4178=VERTEX_POINT('',#4176);
#4179=VERTEX_POINT('',#4177);
#4180=CARTESIAN_POINT('',(3.E-1,0.E0,-1.12E0));
#4181=CARTESIAN_POINT('',(3.E-1,1.5E-1,-1.12E0));
#4182=VERTEX_POINT('',#4180);
#4183=VERTEX_POINT('',#4181);
#4184=CARTESIAN_POINT('',(-3.E-1,0.E0,-1.12E0));
#4185=CARTESIAN_POINT('',(-3.E-1,1.5E-1,-1.12E0));
#4186=VERTEX_POINT('',#4184);
#4187=VERTEX_POINT('',#4185);
#4188=CARTESIAN_POINT('',(2.5E-1,0.E0,-1.35E0));
#4189=CARTESIAN_POINT('',(2.E-1,0.E0,-1.35E0));
#4190=VERTEX_POINT('',#4188);
#4191=VERTEX_POINT('',#4189);
#4192=CARTESIAN_POINT('',(2.E-1,0.E0,-1.518E0));
#4193=VERTEX_POINT('',#4192);
#4194=CARTESIAN_POINT('',(-2.E-1,0.E0,-1.518E0));
#4195=VERTEX_POINT('',#4194);
#4196=CARTESIAN_POINT('',(-2.E-1,0.E0,-1.35E0));
#4197=VERTEX_POINT('',#4196);
#4198=CARTESIAN_POINT('',(-2.5E-1,0.E0,-1.35E0));
#4199=VERTEX_POINT('',#4198);
#4200=CARTESIAN_POINT('',(-2.5E-1,0.E0,1.35E0));
#4201=CARTESIAN_POINT('',(-2.E-1,0.E0,1.35E0));
#4202=VERTEX_POINT('',#4200);
#4203=VERTEX_POINT('',#4201);
#4204=CARTESIAN_POINT('',(-2.E-1,0.E0,1.518E0));
#4205=VERTEX_POINT('',#4204);
#4206=CARTESIAN_POINT('',(2.E-1,0.E0,1.518E0));
#4207=VERTEX_POINT('',#4206);
#4208=CARTESIAN_POINT('',(2.E-1,0.E0,1.35E0));
#4209=VERTEX_POINT('',#4208);
#4210=CARTESIAN_POINT('',(2.5E-1,0.E0,1.35E0));
#4211=VERTEX_POINT('',#4210);
#4212=CARTESIAN_POINT('',(2.5E-1,1.5E-1,-1.35E0));
#4213=CARTESIAN_POINT('',(2.E-1,1.5E-1,-1.35E0));
#4214=VERTEX_POINT('',#4212);
#4215=VERTEX_POINT('',#4213);
#4216=CARTESIAN_POINT('',(2.E-1,1.5E-1,-1.518E0));
#4217=VERTEX_POINT('',#4216);
#4218=CARTESIAN_POINT('',(-2.E-1,1.5E-1,-1.518E0));
#4219=VERTEX_POINT('',#4218);
#4220=CARTESIAN_POINT('',(-2.E-1,1.5E-1,-1.35E0));
#4221=VERTEX_POINT('',#4220);
#4222=CARTESIAN_POINT('',(-2.5E-1,1.5E-1,-1.35E0));
#4223=VERTEX_POINT('',#4222);
#4224=CARTESIAN_POINT('',(-2.5E-1,1.5E-1,1.35E0));
#4225=CARTESIAN_POINT('',(-2.E-1,1.5E-1,1.35E0));
#4226=VERTEX_POINT('',#4224);
#4227=VERTEX_POINT('',#4225);
#4228=CARTESIAN_POINT('',(-2.E-1,1.5E-1,1.518E0));
#4229=VERTEX_POINT('',#4228);
#4230=CARTESIAN_POINT('',(2.E-1,1.5E-1,1.518E0));
#4231=VERTEX_POINT('',#4230);
#4232=CARTESIAN_POINT('',(2.E-1,1.5E-1,1.35E0));
#4233=VERTEX_POINT('',#4232);
#4234=CARTESIAN_POINT('',(2.5E-1,1.5E-1,1.35E0));
#4235=VERTEX_POINT('',#4234);
#4236=CARTESIAN_POINT('',(2.5E-1,0.E0,-1.25E0));
#4237=CARTESIAN_POINT('',(2.5E-1,1.5E-1,-1.25E0));
#4238=VERTEX_POINT('',#4236);
#4239=VERTEX_POINT('',#4237);
#4240=CARTESIAN_POINT('',(-2.5E-1,0.E0,-1.25E0));
#4241=CARTESIAN_POINT('',(-2.5E-1,1.5E-1,-1.25E0));
#4242=VERTEX_POINT('',#4240);
#4243=VERTEX_POINT('',#4241);
#4244=CARTESIAN_POINT('',(-2.5E-1,0.E0,1.25E0));
#4245=CARTESIAN_POINT('',(-2.5E-1,1.5E-1,1.25E0));
#4246=VERTEX_POINT('',#4244);
#4247=VERTEX_POINT('',#4245);
#4248=CARTESIAN_POINT('',(2.5E-1,0.E0,1.25E0));
#4249=CARTESIAN_POINT('',(2.5E-1,1.5E-1,1.25E0));
#4250=VERTEX_POINT('',#4248);
#4251=VERTEX_POINT('',#4249);
#4252=CARTESIAN_POINT('',(0.E0,0.E0,0.E0));
#4253=DIRECTION('',(0.E0,1.E0,0.E0));
#4254=DIRECTION('',(1.E0,0.E0,0.E0));
#4255=AXIS2_PLACEMENT_3D('',#4252,#4253,#4254);
#4256=PLANE('',#4255);
#4258=ORIENTED_EDGE('',*,*,#4257,.T.);
#4260=ORIENTED_EDGE('',*,*,#4259,.T.);
#4262=ORIENTED_EDGE('',*,*,#4261,.T.);
#4264=ORIENTED_EDGE('',*,*,#4263,.T.);
#4266=ORIENTED_EDGE('',*,*,#4265,.T.);
#4268=ORIENTED_EDGE('',*,*,#4267,.T.);
#4270=ORIENTED_EDGE('',*,*,#4269,.T.);
#4272=ORIENTED_EDGE('',*,*,#4271,.T.);
#4274=ORIENTED_EDGE('',*,*,#4273,.T.);
#4276=ORIENTED_EDGE('',*,*,#4275,.T.);
#4278=ORIENTED_EDGE('',*,*,#4277,.T.);
#4280=ORIENTED_EDGE('',*,*,#4279,.T.);
#4282=ORIENTED_EDGE('',*,*,#4281,.T.);
#4284=ORIENTED_EDGE('',*,*,#4283,.T.);
#4286=ORIENTED_EDGE('',*,*,#4285,.T.);
#4288=ORIENTED_EDGE('',*,*,#4287,.T.);
#4290=ORIENTED_EDGE('',*,*,#4289,.T.);
#4292=ORIENTED_EDGE('',*,*,#4291,.T.);
#4294=ORIENTED_EDGE('',*,*,#4293,.T.);
#4296=ORIENTED_EDGE('',*,*,#4295,.T.);
#4298=ORIENTED_EDGE('',*,*,#4297,.T.);
#4300=ORIENTED_EDGE('',*,*,#4299,.T.);
#4302=ORIENTED_EDGE('',*,*,#4301,.T.);
#4304=ORIENTED_EDGE('',*,*,#4303,.T.);
#4306=ORIENTED_EDGE('',*,*,#4305,.T.);
#4308=ORIENTED_EDGE('',*,*,#4307,.T.);
#4310=ORIENTED_EDGE('',*,*,#4309,.T.);
#4312=ORIENTED_EDGE('',*,*,#4311,.T.);
#4313=EDGE_LOOP('',(#4258,#4260,#4262,#4264,#4266,#4268,#4270,#4272,#4274,#4276,
#4278,#4280,#4282,#4284,#4286,#4288,#4290,#4292,#4294,#4296,#4298,#4300,#4302,
#4304,#4306,#4308,#4310,#4312));
#4314=FACE_OUTER_BOUND('',#4313,.F.);
#4315=ADVANCED_FACE('',(#4314),#4256,.F.);
#4316=CARTESIAN_POINT('',(-3.E-1,0.E0,1.25E0));
#4317=DIRECTION('',(0.E0,0.E0,1.E0));
#4318=DIRECTION('',(1.E0,0.E0,0.E0));
#4319=AXIS2_PLACEMENT_3D('',#4316,#4317,#4318);
#4320=PLANE('',#4319);
#4322=ORIENTED_EDGE('',*,*,#4321,.F.);
#4323=ORIENTED_EDGE('',*,*,#4257,.F.);
#4325=ORIENTED_EDGE('',*,*,#4324,.T.);
#4327=ORIENTED_EDGE('',*,*,#4326,.T.);
#4328=EDGE_LOOP('',(#4322,#4323,#4325,#4327));
#4329=FACE_OUTER_BOUND('',#4328,.F.);
#4330=ADVANCED_FACE('',(#4329),#4320,.T.);
#4331=CARTESIAN_POINT('',(-3.E-1,0.E0,1.25E0));
#4332=DIRECTION('',(0.E0,0.E0,1.E0));
#4333=DIRECTION('',(1.E0,0.E0,0.E0));
#4334=AXIS2_PLACEMENT_3D('',#4331,#4332,#4333);
#4335=PLANE('',#4334);
#4337=ORIENTED_EDGE('',*,*,#4336,.T.);
#4339=ORIENTED_EDGE('',*,*,#4338,.T.);
#4341=ORIENTED_EDGE('',*,*,#4340,.F.);
#4342=ORIENTED_EDGE('',*,*,#4273,.F.);
#4343=EDGE_LOOP('',(#4337,#4339,#4341,#4342));
#4344=FACE_OUTER_BOUND('',#4343,.F.);
#4345=ADVANCED_FACE('',(#4344),#4335,.T.);
#4346=CARTESIAN_POINT('',(-2.5E-1,0.E0,1.25E0));
#4347=DIRECTION('',(-1.E0,0.E0,0.E0));
#4348=DIRECTION('',(0.E0,0.E0,1.E0));
#4349=AXIS2_PLACEMENT_3D('',#4346,#4347,#4348);
#4350=PLANE('',#4349);
#4351=ORIENTED_EDGE('',*,*,#4321,.T.);
#4353=ORIENTED_EDGE('',*,*,#4352,.T.);
#4355=ORIENTED_EDGE('',*,*,#4354,.F.);
#4356=ORIENTED_EDGE('',*,*,#4259,.F.);
#4357=EDGE_LOOP('',(#4351,#4353,#4355,#4356));
#4358=FACE_OUTER_BOUND('',#4357,.F.);
#4359=ADVANCED_FACE('',(#4358),#4350,.T.);
#4360=CARTESIAN_POINT('',(0.E0,1.5E-1,0.E0));
#4361=DIRECTION('',(0.E0,1.E0,0.E0));
#4362=DIRECTION('',(1.E0,0.E0,0.E0));
#4363=AXIS2_PLACEMENT_3D('',#4360,#4361,#4362);
#4364=PLANE('',#4363);
#4365=ORIENTED_EDGE('',*,*,#4338,.F.);
#4367=ORIENTED_EDGE('',*,*,#4366,.F.);
#4369=ORIENTED_EDGE('',*,*,#4368,.F.);
#4371=ORIENTED_EDGE('',*,*,#4370,.F.);
#4373=ORIENTED_EDGE('',*,*,#4372,.F.);
#4375=ORIENTED_EDGE('',*,*,#4374,.F.);
#4377=ORIENTED_EDGE('',*,*,#4376,.F.);
#4378=ORIENTED_EDGE('',*,*,#4352,.F.);
#4379=ORIENTED_EDGE('',*,*,#4326,.F.);
#4381=ORIENTED_EDGE('',*,*,#4380,.F.);
#4383=ORIENTED_EDGE('',*,*,#4382,.F.);
#4385=ORIENTED_EDGE('',*,*,#4384,.F.);
#4387=ORIENTED_EDGE('',*,*,#4386,.F.);
#4389=ORIENTED_EDGE('',*,*,#4388,.F.);
#4391=ORIENTED_EDGE('',*,*,#4390,.F.);
#4393=ORIENTED_EDGE('',*,*,#4392,.F.);
#4395=ORIENTED_EDGE('',*,*,#4394,.F.);
#4397=ORIENTED_EDGE('',*,*,#4396,.F.);
#4399=ORIENTED_EDGE('',*,*,#4398,.F.);
#4401=ORIENTED_EDGE('',*,*,#4400,.F.);
#4403=ORIENTED_EDGE('',*,*,#4402,.F.);
#4405=ORIENTED_EDGE('',*,*,#4404,.F.);
#4407=ORIENTED_EDGE('',*,*,#4406,.F.);
#4409=ORIENTED_EDGE('',*,*,#4408,.F.);
#4411=ORIENTED_EDGE('',*,*,#4410,.F.);
#4413=ORIENTED_EDGE('',*,*,#4412,.F.);
#4415=ORIENTED_EDGE('',*,*,#4414,.F.);
#4417=ORIENTED_EDGE('',*,*,#4416,.F.);
#4418=EDGE_LOOP('',(#4365,#4367,#4369,#4371,#4373,#4375,#4377,#4378,#4379,#4381,
#4383,#4385,#4387,#4389,#4391,#4393,#4395,#4397,#4399,#4401,#4403,#4405,#4407,
#4409,#4411,#4413,#4415,#4417));
#4419=FACE_OUTER_BOUND('',#4418,.F.);
#4420=ADVANCED_FACE('',(#4419),#4364,.T.);
#4421=CARTESIAN_POINT('',(2.5E-1,0.E0,1.35E0));
#4422=DIRECTION('',(1.E0,0.E0,0.E0));
#4423=DIRECTION('',(0.E0,0.E0,-1.E0));
#4424=AXIS2_PLACEMENT_3D('',#4421,#4422,#4423);
#4425=PLANE('',#4424);
#4426=ORIENTED_EDGE('',*,*,#4336,.F.);
#4427=ORIENTED_EDGE('',*,*,#4271,.F.);
#4429=ORIENTED_EDGE('',*,*,#4428,.T.);
#4430=ORIENTED_EDGE('',*,*,#4366,.T.);
#4431=EDGE_LOOP('',(#4426,#4427,#4429,#4430));
#4432=FACE_OUTER_BOUND('',#4431,.F.);
#4433=ADVANCED_FACE('',(#4432),#4425,.T.);
#4434=CARTESIAN_POINT('',(2.E-1,0.E0,1.35E0));
#4435=DIRECTION('',(0.E0,0.E0,1.E0));
#4436=DIRECTION('',(1.E0,0.E0,0.E0));
#4437=AXIS2_PLACEMENT_3D('',#4434,#4435,#4436);
#4438=PLANE('',#4437);
#4439=ORIENTED_EDGE('',*,*,#4269,.F.);
#4441=ORIENTED_EDGE('',*,*,#4440,.T.);
#4442=ORIENTED_EDGE('',*,*,#4368,.T.);
#4443=ORIENTED_EDGE('',*,*,#4428,.F.);
#4444=EDGE_LOOP('',(#4439,#4441,#4442,#4443));
#4445=FACE_OUTER_BOUND('',#4444,.F.);
#4446=ADVANCED_FACE('',(#4445),#4438,.T.);
#4447=CARTESIAN_POINT('',(2.E-1,0.E0,1.518E0));
#4448=DIRECTION('',(1.E0,0.E0,0.E0));
#4449=DIRECTION('',(0.E0,0.E0,-1.E0));
#4450=AXIS2_PLACEMENT_3D('',#4447,#4448,#4449);
#4451=PLANE('',#4450);
#4452=ORIENTED_EDGE('',*,*,#4267,.F.);
#4454=ORIENTED_EDGE('',*,*,#4453,.T.);
#4455=ORIENTED_EDGE('',*,*,#4370,.T.);
#4456=ORIENTED_EDGE('',*,*,#4440,.F.);
#4457=EDGE_LOOP('',(#4452,#4454,#4455,#4456));
#4458=FACE_OUTER_BOUND('',#4457,.F.);
#4459=ADVANCED_FACE('',(#4458),#4451,.T.);
#4460=CARTESIAN_POINT('',(-2.E-1,0.E0,1.518E0));
#4461=DIRECTION('',(0.E0,0.E0,1.E0));
#4462=DIRECTION('',(1.E0,0.E0,0.E0));
#4463=AXIS2_PLACEMENT_3D('',#4460,#4461,#4462);
#4464=PLANE('',#4463);
#4465=ORIENTED_EDGE('',*,*,#4265,.F.);
#4467=ORIENTED_EDGE('',*,*,#4466,.T.);
#4468=ORIENTED_EDGE('',*,*,#4372,.T.);
#4469=ORIENTED_EDGE('',*,*,#4453,.F.);
#4470=EDGE_LOOP('',(#4465,#4467,#4468,#4469));
#4471=FACE_OUTER_BOUND('',#4470,.F.);
#4472=ADVANCED_FACE('',(#4471),#4464,.T.);
#4473=CARTESIAN_POINT('',(-2.E-1,0.E0,1.35E0));
#4474=DIRECTION('',(-1.E0,0.E0,0.E0));
#4475=DIRECTION('',(0.E0,0.E0,1.E0));
#4476=AXIS2_PLACEMENT_3D('',#4473,#4474,#4475);
#4477=PLANE('',#4476);
#4478=ORIENTED_EDGE('',*,*,#4263,.F.);
#4480=ORIENTED_EDGE('',*,*,#4479,.T.);
#4481=ORIENTED_EDGE('',*,*,#4374,.T.);
#4482=ORIENTED_EDGE('',*,*,#4466,.F.);
#4483=EDGE_LOOP('',(#4478,#4480,#4481,#4482));
#4484=FACE_OUTER_BOUND('',#4483,.F.);
#4485=ADVANCED_FACE('',(#4484),#4477,.T.);
#4486=CARTESIAN_POINT('',(-2.5E-1,0.E0,1.35E0));
#4487=DIRECTION('',(0.E0,0.E0,1.E0));
#4488=DIRECTION('',(1.E0,0.E0,0.E0));
#4489=AXIS2_PLACEMENT_3D('',#4486,#4487,#4488);
#4490=PLANE('',#4489);
#4491=ORIENTED_EDGE('',*,*,#4261,.F.);
#4492=ORIENTED_EDGE('',*,*,#4354,.T.);
#4493=ORIENTED_EDGE('',*,*,#4376,.T.);
#4494=ORIENTED_EDGE('',*,*,#4479,.F.);
#4495=EDGE_LOOP('',(#4491,#4492,#4493,#4494));
#4496=FACE_OUTER_BOUND('',#4495,.F.);
#4497=ADVANCED_FACE('',(#4496),#4490,.T.);
#4498=CARTESIAN_POINT('',(-3.E-1,0.E0,1.12E0));
#4499=DIRECTION('',(-1.E0,0.E0,0.E0));
#4500=DIRECTION('',(0.E0,0.E0,1.E0));
#4501=AXIS2_PLACEMENT_3D('',#4498,#4499,#4500);
#4502=PLANE('',#4501);
#4504=ORIENTED_EDGE('',*,*,#4503,.T.);
#4505=ORIENTED_EDGE('',*,*,#4380,.T.);
#4506=ORIENTED_EDGE('',*,*,#4324,.F.);
#4507=ORIENTED_EDGE('',*,*,#4311,.F.);
#4508=EDGE_LOOP('',(#4504,#4505,#4506,#4507));
#4509=FACE_OUTER_BOUND('',#4508,.F.);
#4510=ADVANCED_FACE('',(#4509),#4502,.T.);
#4511=CARTESIAN_POINT('',(-1.125E0,0.E0,1.12E0));
#4512=DIRECTION('',(0.E0,0.E0,1.E0));
#4513=DIRECTION('',(1.E0,0.E0,0.E0));
#4514=AXIS2_PLACEMENT_3D('',#4511,#4512,#4513);
#4515=PLANE('',#4514);
#4516=ORIENTED_EDGE('',*,*,#4503,.F.);
#4517=ORIENTED_EDGE('',*,*,#4309,.F.);
#4519=ORIENTED_EDGE('',*,*,#4518,.T.);
#4520=ORIENTED_EDGE('',*,*,#4382,.T.);
#4521=EDGE_LOOP('',(#4516,#4517,#4519,#4520));
#4522=FACE_OUTER_BOUND('',#4521,.F.);
#4523=ADVANCED_FACE('',(#4522),#4515,.T.);
#4524=CARTESIAN_POINT('',(-1.125E0,0.E0,1.12E0));
#4525=DIRECTION('',(0.E0,0.E0,1.E0));
#4526=DIRECTION('',(1.E0,0.E0,0.E0));
#4527=AXIS2_PLACEMENT_3D('',#4524,#4525,#4526);
#4528=PLANE('',#4527);
#4530=ORIENTED_EDGE('',*,*,#4529,.T.);
#4531=ORIENTED_EDGE('',*,*,#4414,.T.);
#4533=ORIENTED_EDGE('',*,*,#4532,.F.);
#4534=ORIENTED_EDGE('',*,*,#4277,.F.);
#4535=EDGE_LOOP('',(#4530,#4531,#4533,#4534));
#4536=FACE_OUTER_BOUND('',#4535,.F.);
#4537=ADVANCED_FACE('',(#4536),#4528,.T.);
#4538=CARTESIAN_POINT('',(-1.125E0,0.E0,-1.12E0));
#4539=DIRECTION('',(-1.E0,0.E0,0.E0));
#4540=DIRECTION('',(0.E0,0.E0,1.E0));
#4541=AXIS2_PLACEMENT_3D('',#4538,#4539,#4540);
#4542=PLANE('',#4541);
#4543=ORIENTED_EDGE('',*,*,#4307,.F.);
#4545=ORIENTED_EDGE('',*,*,#4544,.T.);
#4546=ORIENTED_EDGE('',*,*,#4384,.T.);
#4547=ORIENTED_EDGE('',*,*,#4518,.F.);
#4548=EDGE_LOOP('',(#4543,#4545,#4546,#4547));
#4549=FACE_OUTER_BOUND('',#4548,.F.);
#4550=ADVANCED_FACE('',(#4549),#4542,.T.);
#4551=CARTESIAN_POINT('',(1.125E0,0.E0,-1.12E0));
#4552=DIRECTION('',(0.E0,0.E0,-1.E0));
#4553=DIRECTION('',(-1.E0,0.E0,0.E0));
#4554=AXIS2_PLACEMENT_3D('',#4551,#4552,#4553);
#4555=PLANE('',#4554);
#4557=ORIENTED_EDGE('',*,*,#4556,.F.);
#4558=ORIENTED_EDGE('',*,*,#4281,.F.);
#4560=ORIENTED_EDGE('',*,*,#4559,.T.);
#4561=ORIENTED_EDGE('',*,*,#4410,.T.);
#4562=EDGE_LOOP('',(#4557,#4558,#4560,#4561));
#4563=FACE_OUTER_BOUND('',#4562,.F.);
#4564=ADVANCED_FACE('',(#4563),#4555,.T.);
#4565=CARTESIAN_POINT('',(1.125E0,0.E0,-1.12E0));
#4566=DIRECTION('',(0.E0,0.E0,-1.E0));
#4567=DIRECTION('',(-1.E0,0.E0,0.E0));
#4568=AXIS2_PLACEMENT_3D('',#4565,#4566,#4567);
#4569=PLANE('',#4568);
#4571=ORIENTED_EDGE('',*,*,#4570,.T.);
#4572=ORIENTED_EDGE('',*,*,#4386,.T.);
#4573=ORIENTED_EDGE('',*,*,#4544,.F.);
#4574=ORIENTED_EDGE('',*,*,#4305,.F.);
#4575=EDGE_LOOP('',(#4571,#4572,#4573,#4574));
#4576=FACE_OUTER_BOUND('',#4575,.F.);
#4577=ADVANCED_FACE('',(#4576),#4569,.T.);
#4578=CARTESIAN_POINT('',(3.E-1,0.E0,-1.12E0));
#4579=DIRECTION('',(1.E0,0.E0,0.E0));
#4580=DIRECTION('',(0.E0,0.E0,-1.E0));
#4581=AXIS2_PLACEMENT_3D('',#4578,#4579,#4580);
#4582=PLANE('',#4581);
#4583=ORIENTED_EDGE('',*,*,#4556,.T.);
#4584=ORIENTED_EDGE('',*,*,#4408,.T.);
#4586=ORIENTED_EDGE('',*,*,#4585,.F.);
#4587=ORIENTED_EDGE('',*,*,#4283,.F.);
#4588=EDGE_LOOP('',(#4583,#4584,#4586,#4587));
#4589=FACE_OUTER_BOUND('',#4588,.F.);
#4590=ADVANCED_FACE('',(#4589),#4582,.T.);
#4591=CARTESIAN_POINT('',(3.E-1,0.E0,-1.25E0));
#4592=DIRECTION('',(0.E0,0.E0,-1.E0));
#4593=DIRECTION('',(-1.E0,0.E0,0.E0));
#4594=AXIS2_PLACEMENT_3D('',#4591,#4592,#4593);
#4595=PLANE('',#4594);
#4597=ORIENTED_EDGE('',*,*,#4596,.F.);
#4598=ORIENTED_EDGE('',*,*,#4285,.F.);
#4599=ORIENTED_EDGE('',*,*,#4585,.T.);
#4600=ORIENTED_EDGE('',*,*,#4406,.T.);
#4601=EDGE_LOOP('',(#4597,#4598,#4599,#4600));
#4602=FACE_OUTER_BOUND('',#4601,.F.);
#4603=ADVANCED_FACE('',(#4602),#4595,.T.);
#4604=CARTESIAN_POINT('',(3.E-1,0.E0,-1.25E0));
#4605=DIRECTION('',(0.E0,0.E0,-1.E0));
#4606=DIRECTION('',(-1.E0,0.E0,0.E0));
#4607=AXIS2_PLACEMENT_3D('',#4604,#4605,#4606);
#4608=PLANE('',#4607);
#4610=ORIENTED_EDGE('',*,*,#4609,.T.);
#4611=ORIENTED_EDGE('',*,*,#4390,.T.);
#4613=ORIENTED_EDGE('',*,*,#4612,.F.);
#4614=ORIENTED_EDGE('',*,*,#4301,.F.);
#4615=EDGE_LOOP('',(#4610,#4611,#4613,#4614));
#4616=FACE_OUTER_BOUND('',#4615,.F.);
#4617=ADVANCED_FACE('',(#4616),#4608,.T.);
#4618=CARTESIAN_POINT('',(2.5E-1,0.E0,-1.25E0));
#4619=DIRECTION('',(1.E0,0.E0,0.E0));
#4620=DIRECTION('',(0.E0,0.E0,-1.E0));
#4621=AXIS2_PLACEMENT_3D('',#4618,#4619,#4620);
#4622=PLANE('',#4621);
#4623=ORIENTED_EDGE('',*,*,#4596,.T.);
#4624=ORIENTED_EDGE('',*,*,#4404,.T.);
#4626=ORIENTED_EDGE('',*,*,#4625,.F.);
#4627=ORIENTED_EDGE('',*,*,#4287,.F.);
#4628=EDGE_LOOP('',(#4623,#4624,#4626,#4627));
#4629=FACE_OUTER_BOUND('',#4628,.F.);
#4630=ADVANCED_FACE('',(#4629),#4622,.T.);
#4631=CARTESIAN_POINT('',(2.5E-1,0.E0,-1.35E0));
#4632=DIRECTION('',(0.E0,0.E0,-1.E0));
#4633=DIRECTION('',(-1.E0,0.E0,0.E0));
#4634=AXIS2_PLACEMENT_3D('',#4631,#4632,#4633);
#4635=PLANE('',#4634);
#4636=ORIENTED_EDGE('',*,*,#4289,.F.);
#4637=ORIENTED_EDGE('',*,*,#4625,.T.);
#4638=ORIENTED_EDGE('',*,*,#4402,.T.);
#4640=ORIENTED_EDGE('',*,*,#4639,.F.);
#4641=EDGE_LOOP('',(#4636,#4637,#4638,#4640));
#4642=FACE_OUTER_BOUND('',#4641,.F.);
#4643=ADVANCED_FACE('',(#4642),#4635,.T.);
#4644=CARTESIAN_POINT('',(2.E-1,0.E0,-1.35E0));
#4645=DIRECTION('',(1.E0,0.E0,0.E0));
#4646=DIRECTION('',(0.E0,0.E0,-1.E0));
#4647=AXIS2_PLACEMENT_3D('',#4644,#4645,#4646);
#4648=PLANE('',#4647);
#4649=ORIENTED_EDGE('',*,*,#4291,.F.);
#4650=ORIENTED_EDGE('',*,*,#4639,.T.);
#4651=ORIENTED_EDGE('',*,*,#4400,.T.);
#4653=ORIENTED_EDGE('',*,*,#4652,.F.);
#4654=EDGE_LOOP('',(#4649,#4650,#4651,#4653));
#4655=FACE_OUTER_BOUND('',#4654,.F.);
#4656=ADVANCED_FACE('',(#4655),#4648,.T.);
#4657=CARTESIAN_POINT('',(2.E-1,0.E0,-1.518E0));
#4658=DIRECTION('',(0.E0,0.E0,-1.E0));
#4659=DIRECTION('',(-1.E0,0.E0,0.E0));
#4660=AXIS2_PLACEMENT_3D('',#4657,#4658,#4659);
#4661=PLANE('',#4660);
#4662=ORIENTED_EDGE('',*,*,#4293,.F.);
#4663=ORIENTED_EDGE('',*,*,#4652,.T.);
#4664=ORIENTED_EDGE('',*,*,#4398,.T.);
#4666=ORIENTED_EDGE('',*,*,#4665,.F.);
#4667=EDGE_LOOP('',(#4662,#4663,#4664,#4666));
#4668=FACE_OUTER_BOUND('',#4667,.F.);
#4669=ADVANCED_FACE('',(#4668),#4661,.T.);
#4670=CARTESIAN_POINT('',(-2.E-1,0.E0,-1.518E0));
#4671=DIRECTION('',(-1.E0,0.E0,0.E0));
#4672=DIRECTION('',(0.E0,0.E0,1.E0));
#4673=AXIS2_PLACEMENT_3D('',#4670,#4671,#4672);
#4674=PLANE('',#4673);
#4675=ORIENTED_EDGE('',*,*,#4295,.F.);
#4676=ORIENTED_EDGE('',*,*,#4665,.T.);
#4677=ORIENTED_EDGE('',*,*,#4396,.T.);
#4679=ORIENTED_EDGE('',*,*,#4678,.F.);
#4680=EDGE_LOOP('',(#4675,#4676,#4677,#4679));
#4681=FACE_OUTER_BOUND('',#4680,.F.);
#4682=ADVANCED_FACE('',(#4681),#4674,.T.);
#4683=CARTESIAN_POINT('',(-2.E-1,0.E0,-1.35E0));
#4684=DIRECTION('',(0.E0,0.E0,-1.E0));
#4685=DIRECTION('',(-1.E0,0.E0,0.E0));
#4686=AXIS2_PLACEMENT_3D('',#4683,#4684,#4685);
#4687=PLANE('',#4686);
#4688=ORIENTED_EDGE('',*,*,#4297,.F.);
#4689=ORIENTED_EDGE('',*,*,#4678,.T.);
#4690=ORIENTED_EDGE('',*,*,#4394,.T.);
#4692=ORIENTED_EDGE('',*,*,#4691,.F.);
#4693=EDGE_LOOP('',(#4688,#4689,#4690,#4692));
#4694=FACE_OUTER_BOUND('',#4693,.F.);
#4695=ADVANCED_FACE('',(#4694),#4687,.T.);
#4696=CARTESIAN_POINT('',(-2.5E-1,0.E0,-1.35E0));
#4697=DIRECTION('',(-1.E0,0.E0,0.E0));
#4698=DIRECTION('',(0.E0,0.E0,1.E0));
#4699=AXIS2_PLACEMENT_3D('',#4696,#4697,#4698);
#4700=PLANE('',#4699);
#4701=ORIENTED_EDGE('',*,*,#4609,.F.);
#4702=ORIENTED_EDGE('',*,*,#4299,.F.);
#4703=ORIENTED_EDGE('',*,*,#4691,.T.);
#4704=ORIENTED_EDGE('',*,*,#4392,.T.);
#4705=EDGE_LOOP('',(#4701,#4702,#4703,#4704));
#4706=FACE_OUTER_BOUND('',#4705,.F.);
#4707=ADVANCED_FACE('',(#4706),#4700,.T.);
#4708=CARTESIAN_POINT('',(-3.E-1,0.E0,-1.25E0));
#4709=DIRECTION('',(-1.E0,0.E0,0.E0));
#4710=DIRECTION('',(0.E0,0.E0,1.E0));
#4711=AXIS2_PLACEMENT_3D('',#4708,#4709,#4710);
#4712=PLANE('',#4711);
#4713=ORIENTED_EDGE('',*,*,#4570,.F.);
#4714=ORIENTED_EDGE('',*,*,#4303,.F.);
#4715=ORIENTED_EDGE('',*,*,#4612,.T.);
#4716=ORIENTED_EDGE('',*,*,#4388,.T.);
#4717=EDGE_LOOP('',(#4713,#4714,#4715,#4716));
#4718=FACE_OUTER_BOUND('',#4717,.F.);
#4719=ADVANCED_FACE('',(#4718),#4712,.T.);
#4720=CARTESIAN_POINT('',(1.125E0,0.E0,1.12E0));
#4721=DIRECTION('',(1.E0,0.E0,0.E0));
#4722=DIRECTION('',(0.E0,0.E0,-1.E0));
#4723=AXIS2_PLACEMENT_3D('',#4720,#4721,#4722);
#4724=PLANE('',#4723);
#4725=ORIENTED_EDGE('',*,*,#4279,.F.);
#4726=ORIENTED_EDGE('',*,*,#4532,.T.);
#4727=ORIENTED_EDGE('',*,*,#4412,.T.);
#4728=ORIENTED_EDGE('',*,*,#4559,.F.);
#4729=EDGE_LOOP('',(#4725,#4726,#4727,#4728));
#4730=FACE_OUTER_BOUND('',#4729,.F.);
#4731=ADVANCED_FACE('',(#4730),#4724,.T.);
#4732=CARTESIAN_POINT('',(3.E-1,0.E0,1.25E0));
#4733=DIRECTION('',(1.E0,0.E0,0.E0));
#4734=DIRECTION('',(0.E0,0.E0,-1.E0));
#4735=AXIS2_PLACEMENT_3D('',#4732,#4733,#4734);
#4736=PLANE('',#4735);
#4737=ORIENTED_EDGE('',*,*,#4529,.F.);
#4738=ORIENTED_EDGE('',*,*,#4275,.F.);
#4739=ORIENTED_EDGE('',*,*,#4340,.T.);
#4740=ORIENTED_EDGE('',*,*,#4416,.T.);
#4741=EDGE_LOOP('',(#4737,#4738,#4739,#4740));
#4742=FACE_OUTER_BOUND('',#4741,.F.);
#4743=ADVANCED_FACE('',(#4742),#4736,.T.);
#4744=CLOSED_SHELL('',(#4315,#4330,#4345,#4359,#4420,#4433,#4446,#4459,#4472,
#4485,#4497,#4510,#4523,#4537,#4550,#4564,#4577,#4590,#4603,#4617,#4630,#4643,
#4656,#4669,#4682,#4695,#4707,#4719,#4731,#4743));
#4745=MANIFOLD_SOLID_BREP('',#4744);
#4746=FILL_AREA_STYLE_COLOUR('',#22);
#4747=FILL_AREA_STYLE('',(#4746));
#4748=SURFACE_STYLE_FILL_AREA(#4747);
#4749=SURFACE_SIDE_STYLE('',(#4748));
#4750=SURFACE_STYLE_USAGE(.BOTH.,#4749);
#4751=PRESENTATION_STYLE_ASSIGNMENT((#4750));
#3551=STYLED_ITEM('',(#4751),#4745);
#4753=DIMENSIONAL_EXPONENTS(0.E0,0.E0,0.E0,0.E0,0.E0,0.E0,0.E0);
#4755=PLANE_ANGLE_MEASURE_WITH_UNIT(PLANE_ANGLE_MEASURE(1.745329251994E-2),
#4754);
#4756=(CONVERSION_BASED_UNIT('DEGREE',#4755)NAMED_UNIT(*)PLANE_ANGLE_UNIT());
#4758=UNCERTAINTY_MEASURE_WITH_UNIT(LENGTH_MEASURE(3.781686375045E-4),#4752,
'closure',
'Maximum model space distance between geometric entities at asserted connectivities');
#4759=(GEOMETRIC_REPRESENTATION_CONTEXT(3)GLOBAL_UNCERTAINTY_ASSIGNED_CONTEXT((
#4758))GLOBAL_UNIT_ASSIGNED_CONTEXT((#4752,#4756,#4757))REPRESENTATION_CONTEXT(
'ID4','3'));
#4760=CARTESIAN_POINT('',(0.E0,0.E0,0.E0));
#4761=DIRECTION('',(0.E0,0.E0,1.E0));
#4762=DIRECTION('',(1.E0,0.E0,0.E0));
#4765=MECHANICAL_CONTEXT('',#2819,'mechanical');
#4766=PRODUCT('PWP0014K_DAP','PWP0014K_DAP','NOT SPECIFIED',(#4765));
#4767=PRODUCT_DEFINITION_FORMATION_WITH_SPECIFIED_SOURCE('7','LAST_VERSION',
#4766,.MADE.);
#4773=CARTESIAN_POINT('',(0.E0,0.E0,1.3E-1));
#4774=DIRECTION('',(0.E0,-1.E0,0.E0));
#4775=DIRECTION('',(1.E0,0.E0,0.E0));
#4776=AXIS2_PLACEMENT_3D('',#4773,#4774,#4775);
#4777=ITEM_DEFINED_TRANSFORMATION('','',#4763,#4776);
#4778=(REPRESENTATION_RELATIONSHIP('','',#4764,#2830)REPRESENTATION_RELATIONSHIP_WITH_TRANSFORMATION(#4777)SHAPE_REPRESENTATION_RELATIONSHIP());
#4779=CONTEXT_DEPENDENT_SHAPE_REPRESENTATION(#4778,#4772);
#4781=DIMENSIONAL_EXPONENTS(0.E0,0.E0,0.E0,0.E0,0.E0,0.E0,0.E0);
#4783=PLANE_ANGLE_MEASURE_WITH_UNIT(PLANE_ANGLE_MEASURE(1.745329251994E-2),
#4782);
#4784=(CONVERSION_BASED_UNIT('DEGREE',#4783)NAMED_UNIT(*)PLANE_ANGLE_UNIT());
#4786=UNCERTAINTY_MEASURE_WITH_UNIT(LENGTH_MEASURE(8.336966097856E-4),#4780,
'closure',
'Maximum model space distance between geometric entities at asserted connectivities');
#4787=(GEOMETRIC_REPRESENTATION_CONTEXT(3)GLOBAL_UNCERTAINTY_ASSIGNED_CONTEXT((
#4786))GLOBAL_UNIT_ASSIGNED_CONTEXT((#4780,#4784,#4785))REPRESENTATION_CONTEXT(
'ID5','3'));
#4788=CARTESIAN_POINT('',(0.E0,0.E0,0.E0));
#4789=DIRECTION('',(0.E0,0.E0,1.E0));
#4790=DIRECTION('',(1.E0,0.E0,0.E0));
#4792=MECHANICAL_DESIGN_GEOMETRIC_PRESENTATION_REPRESENTATION('',(#36,#43,#50,
#57,#64,#71,#78,#85,#92,#99,#106,#113,#120,#127,#134,#141,#148,#155,#162,#169,
#176,#183,#190,#197,#204,#211,#218,#225,#232,#239,#246,#253,#260,#267,#275,#283,
#290,#297,#305,#313,#320,#327,#334,#341,#348,#356,#364,#372,#380,#388,#396,#404,
#412,#425,#438,#445,#452,#459,#472,#485,#492,#499,#506,#519,#532,#539,#546,#553,
#561,#568,#575,#582,#590,#597,#604,#611,#619,#626,#634,#641,#649,#657,#665,#673,
#680,#688,#695,#702,#709,#716,#723,#731,#738,#746,#753,#761,#769,#777,#790,#803,
#810,#817,#824,#832,#840,#847,#854,#861,#868,#875,#882,#890,#898,#906,#914,#922,
#930,#938,#946,#953,#960,#967,#975,#983,#991,#999,#1007,#1015,#1023,#1031,#1038,
#1045,#1052,#1059,#1066,#1073,#1080,#1087,#1094,#1101,#1108,#1115,#1122,#1129,
#1136,#1143,#1150,#1157,#1164,#1171,#1178,#1185,#1192,#1199,#1206,#1213,#1220,
#1227,#1234,#1241,#1248,#1255,#1262,#1269,#1276,#1283,#1290,#1297,#1304,#1311,
#1318,#1325,#1332,#1339,#1346,#1353,#1360,#1367,#1374,#1381,#1388,#1395,#1402,
#1409,#1416,#1423,#28,#2848,#2855,#2862,#2869,#2876,#2884,#2891,#2898,#2905,
#2912,#2919,#2926,#2933,#2940,#2948,#2956,#2963,#2970,#2977,#2984,#2991,#2998,
#3006,#3014,#3021,#3028,#3036,#3043,#3050,#3057,#3064,#3072,#3079,#3086,#3093,
#3100,#2840,#3558,#3565,#3572,#3579,#3586,#3593,#3600,#3607,#3614,#3621,#3628,
#3635,#3642,#3649,#3656,#3663,#3670,#3677,#3684,#3691,#3698,#3705,#3712,#3719,
#3726,#3733,#3740,#3747,#3754,#3761,#3768,#3775,#3782,#3789,#3796,#3803,#3810,
#3817,#3824,#3831,#3838,#3845,#3852,#3859,#3866,#3873,#3880,#3887,#3894,#3901,
#3908,#3915,#3922,#3929,#3936,#3943,#3950,#3957,#3964,#3971,#3978,#3985,#3992,
#3999,#4006,#4013,#4020,#4027,#4034,#4041,#4048,#4055,#4062,#4069,#4076,#4083,
#4090,#4097,#4104,#4111,#4118,#4125,#4132,#4139,#3551),#4787);
#4793=DESIGN_CONTEXT('',#2819,'design');
#4794=MECHANICAL_CONTEXT('',#2819,'mechanical');
#4795=PRODUCT('PWP0014K_ASM','PWP0014K_ASM','NOT SPECIFIED',(#4794));
#4796=PRODUCT_DEFINITION_FORMATION_WITH_SPECIFIED_SOURCE('86','LAST_VERSION',
#4795,.MADE.);
#4798=PRODUCT_CATEGORY('part','');
#4799=PRODUCT_RELATED_PRODUCT_CATEGORY('assembly','',(#4795));
#4800=PRODUCT_CATEGORY_RELATIONSHIP('','',#4798,#4799);
#4801=PRODUCT_CATEGORY('part','');
#4802=PRODUCT_RELATED_PRODUCT_CATEGORY('detail','',(#2823,#3391,#3537,#4766));
#4803=PRODUCT_CATEGORY_RELATIONSHIP('','',#4801,#4802);
#4804=SECURITY_CLASSIFICATION_LEVEL('unclassified');
#4805=SECURITY_CLASSIFICATION('','',#4804);
#4806=CC_DESIGN_SECURITY_CLASSIFICATION(#4805,(#2824,#3392,#3538,#4767,#4796,
#2831,#3396,#3405,#3414,#3423,#3432,#3441,#3450,#3459,#3468,#3477,#3486,#3495,
#3504,#3513,#3542,#4771));
#4807=APPROVAL_STATUS('approved');
#4808=APPROVAL(#4807,'');
#4809=CC_DESIGN_APPROVAL(#4808,(#4805,#2824,#3392,#3538,#4767,#4796,#2825,#3393,
#3539,#4768,#4797));
#4810=CALENDAR_DATE(123,1,6);
#4811=COORDINATED_UNIVERSAL_TIME_OFFSET(7,0,.BEHIND.);
#4812=LOCAL_TIME(7,46,5.5E1,#4811);
#4813=DATE_AND_TIME(#4810,#4812);
#4814=APPROVAL_DATE_TIME(#4813,#4808);
#4815=DATE_TIME_ROLE('creation_date');
#4816=CC_DESIGN_DATE_AND_TIME_ASSIGNMENT(#4813,#4815,(#2825,#3393,#3539,#4768,
#4797));
#4817=DATE_TIME_ROLE('classification_date');
#4818=CC_DESIGN_DATE_AND_TIME_ASSIGNMENT(#4813,#4817,(#4805));
#4819=PERSON('UNSPECIFIED','UNSPECIFIED',$,$,$,$);
#4820=ORGANIZATION('UNSPECIFIED','UNSPECIFIED','UNSPECIFIED');
#4821=PERSON_AND_ORGANIZATION(#4819,#4820);
#4822=APPROVAL_ROLE('approver');
#4823=APPROVAL_PERSON_ORGANIZATION(#4821,#4808,#4822);
#4824=PERSON_AND_ORGANIZATION_ROLE('creator');
#4825=CC_DESIGN_PERSON_AND_ORGANIZATION_ASSIGNMENT(#4821,#4824,(#2824,#3392,
#3538,#4767,#4796,#2825,#3393,#3539,#4768,#4797));
#4826=PERSON_AND_ORGANIZATION_ROLE('design_supplier');
#4827=CC_DESIGN_PERSON_AND_ORGANIZATION_ASSIGNMENT(#4821,#4826,(#2824,#3392,
#3538,#4767,#4796));
#4828=PERSON_AND_ORGANIZATION_ROLE('classification_officer');
#4829=CC_DESIGN_PERSON_AND_ORGANIZATION_ASSIGNMENT(#4821,#4828,(#4805));
#4830=PERSON_AND_ORGANIZATION_ROLE('design_owner');
#4831=CC_DESIGN_PERSON_AND_ORGANIZATION_ASSIGNMENT(#4821,#4830,(#4795,#2823,
#3391,#3537,#4766));
#1=COLOUR_RGB('',0.E0,4.3E-1,1.E0);
#2=COLOUR_RGB('',0.E0,6.6E-1,0.E0);
#3=COLOUR_RGB('',9.8039E-2,9.8039E-2,9.8039E-2);
#4=COLOUR_RGB('',1.80392E-1,2.7451E-1,9.8039E-2);
#5=COLOUR_RGB('',3.E-1,1.29412E-1,2.5098E-1);
#6=COLOUR_RGB('',3.13725E-1,3.13725E-1,3.13725E-1);
#7=COLOUR_RGB('',3.2E-1,4.9E-1,1.76471E-1);
#8=COLOUR_RGB('',3.5E-1,3.5E-1,3.5E-1);
#9=COLOUR_RGB('',3.92157E-1,3.92157E-1,3.92157E-1);
#10=COLOUR_RGB('',5.7E-1,0.E0,1.E0);
#11=COLOUR_RGB('',5.9E-1,3.E-1,0.E0);
#12=COLOUR_RGB('',6.E-1,6.E-1,6.E-1);
#13=COLOUR_RGB('',6.2E-1,3.3E-1,2.3E-1);
#14=COLOUR_RGB('',6.35294E-1,6.86275E-1,7.4902E-1);
#15=COLOUR_RGB('',6.66667E-1,6.66667E-1,6.66667E-1);
#16=COLOUR_RGB('',6.9E-1,0.E0,0.E0);
#17=COLOUR_RGB('',7.E-1,7.E-1,7.E-1);
#18=COLOUR_RGB('',8.23529E-1,7.05882E-1,4.31373E-1);
#19=COLOUR_RGB('',8.39216E-1,8.90196E-1,7.68627E-1);
#20=COLOUR_RGB('',8.62745E-1,4.98039E-1,3.92157E-1);
#21=COLOUR_RGB('',8.7E-1,7.5E-1,4.9E-1);
#22=COLOUR_RGB('',8.82353E-1,8.82353E-1,8.82353E-1);
#23=COLOUR_RGB('',9.80392E-1,9.80392E-1,9.80392E-1);
#24=COLOUR_RGB('',9.9E-1,1.E0,0.E0);
#25=COLOUR_RGB('',1.E0,5.E-1,0.E0);
#26=COLOUR_RGB('',1.E0,6.19608E-1,5.17647E-1);
#27=DRAUGHTING_PRE_DEFINED_COLOUR('white');
#272=B_SPLINE_CURVE_WITH_KNOTS('',3,(#268,#269,#270,#271),.UNSPECIFIED.,.F.,.F.,
(4,4),(0.E0,1.E0),.UNSPECIFIED.);
#280=B_SPLINE_CURVE_WITH_KNOTS('',3,(#276,#277,#278,#279),.UNSPECIFIED.,.F.,.F.,
(4,4),(0.E0,1.E0),.UNSPECIFIED.);
#302=B_SPLINE_CURVE_WITH_KNOTS('',3,(#298,#299,#300,#301),.UNSPECIFIED.,.F.,.F.,
(4,4),(0.E0,1.E0),.UNSPECIFIED.);
#310=B_SPLINE_CURVE_WITH_KNOTS('',3,(#306,#307,#308,#309),.UNSPECIFIED.,.F.,.F.,
(4,4),(0.E0,1.E0),.UNSPECIFIED.);
#353=B_SPLINE_CURVE_WITH_KNOTS('',3,(#349,#350,#351,#352),.UNSPECIFIED.,.F.,.F.,
(4,4),(0.E0,1.E0),.UNSPECIFIED.);
#361=B_SPLINE_CURVE_WITH_KNOTS('',3,(#357,#358,#359,#360),.UNSPECIFIED.,.F.,.F.,
(4,4),(0.E0,1.E0),.UNSPECIFIED.);
#369=CIRCLE('',#368,1.E-1);
#377=CIRCLE('',#376,1.E-1);
#385=CIRCLE('',#384,1.E-1);
#393=CIRCLE('',#392,1.E-1);
#401=CIRCLE('',#400,1.E-1);
#409=CIRCLE('',#408,1.E-1);
#422=B_SPLINE_CURVE_WITH_KNOTS('',3,(#413,#414,#415,#416,#417,#418,#419,#420,
#421),.UNSPECIFIED.,.F.,.F.,(4,1,1,1,1,1,4),(0.E0,1.666666666667E-1,
3.333333333333E-1,5.E-1,6.666666666667E-1,8.333333333333E-1,1.E0),
.UNSPECIFIED.);
#435=B_SPLINE_CURVE_WITH_KNOTS('',3,(#426,#427,#428,#429,#430,#431,#432,#433,
#434),.UNSPECIFIED.,.F.,.F.,(4,1,1,1,1,1,4),(0.E0,1.666666666667E-1,
3.333333333333E-1,5.E-1,6.666666666667E-1,8.333333333333E-1,1.E0),
.UNSPECIFIED.);
#469=B_SPLINE_CURVE_WITH_KNOTS('',3,(#460,#461,#462,#463,#464,#465,#466,#467,
#468),.UNSPECIFIED.,.F.,.F.,(4,1,1,1,1,1,4),(0.E0,1.666666666667E-1,
3.333333333333E-1,5.E-1,6.666666666667E-1,8.333333333333E-1,1.E0),
.UNSPECIFIED.);
#482=B_SPLINE_CURVE_WITH_KNOTS('',3,(#473,#474,#475,#476,#477,#478,#479,#480,
#481),.UNSPECIFIED.,.F.,.F.,(4,1,1,1,1,1,4),(0.E0,1.666666666667E-1,
3.333333333333E-1,5.E-1,6.666666666667E-1,8.333333333333E-1,1.E0),
.UNSPECIFIED.);
#516=B_SPLINE_CURVE_WITH_KNOTS('',3,(#507,#508,#509,#510,#511,#512,#513,#514,
#515),.UNSPECIFIED.,.F.,.F.,(4,1,1,1,1,1,4),(0.E0,1.666666666667E-1,
3.333333333333E-1,5.E-1,6.666666666667E-1,8.333333333333E-1,1.E0),
.UNSPECIFIED.);
#529=B_SPLINE_CURVE_WITH_KNOTS('',3,(#520,#521,#522,#523,#524,#525,#526,#527,
#528),.UNSPECIFIED.,.F.,.F.,(4,1,1,1,1,1,4),(0.E0,1.666666666667E-1,
3.333333333333E-1,5.E-1,6.666666666667E-1,8.333333333333E-1,1.E0),
.UNSPECIFIED.);
#558=B_SPLINE_CURVE_WITH_KNOTS('',3,(#554,#555,#556,#557),.UNSPECIFIED.,.F.,.F.,
(4,4),(0.E0,1.E0),.UNSPECIFIED.);
#587=B_SPLINE_CURVE_WITH_KNOTS('',3,(#583,#584,#585,#586),.UNSPECIFIED.,.F.,.F.,
(4,4),(0.E0,1.E0),.UNSPECIFIED.);
#616=B_SPLINE_CURVE_WITH_KNOTS('',3,(#612,#613,#614,#615),.UNSPECIFIED.,.F.,.F.,
(4,4),(0.E0,1.E0),.UNSPECIFIED.);
#631=B_SPLINE_CURVE_WITH_KNOTS('',3,(#627,#628,#629,#630),.UNSPECIFIED.,.F.,.F.,
(4,4),(0.E0,1.E0),.UNSPECIFIED.);
#646=CIRCLE('',#645,1.E-1);
#654=CIRCLE('',#653,1.E-1);
#662=CIRCLE('',#661,1.E-1);
#670=B_SPLINE_CURVE_WITH_KNOTS('',3,(#666,#667,#668,#669),.UNSPECIFIED.,.F.,.F.,
(4,4),(0.E0,1.E0),.UNSPECIFIED.);
#685=B_SPLINE_CURVE_WITH_KNOTS('',3,(#681,#682,#683,#684),.UNSPECIFIED.,.F.,.F.,
(4,4),(0.E0,1.E0),.UNSPECIFIED.);
#728=B_SPLINE_CURVE_WITH_KNOTS('',3,(#724,#725,#726,#727),.UNSPECIFIED.,.F.,.F.,
(4,4),(0.E0,1.E0),.UNSPECIFIED.);
#743=B_SPLINE_CURVE_WITH_KNOTS('',3,(#739,#740,#741,#742),.UNSPECIFIED.,.F.,.F.,
(4,4),(0.E0,1.E0),.UNSPECIFIED.);
#758=CIRCLE('',#757,1.E-1);
#766=CIRCLE('',#765,1.E-1);
#774=CIRCLE('',#773,1.E-1);
#787=B_SPLINE_CURVE_WITH_KNOTS('',3,(#778,#779,#780,#781,#782,#783,#784,#785,
#786),.UNSPECIFIED.,.F.,.F.,(4,1,1,1,1,1,4),(0.E0,1.666666666667E-1,
3.333333333333E-1,5.E-1,6.666666666667E-1,8.333333333333E-1,1.E0),
.UNSPECIFIED.);
#800=B_SPLINE_CURVE_WITH_KNOTS('',3,(#791,#792,#793,#794,#795,#796,#797,#798,
#799),.UNSPECIFIED.,.F.,.F.,(4,1,1,1,1,1,4),(0.E0,1.666666666667E-1,
3.333333333333E-1,5.E-1,6.666666666667E-1,8.333333333333E-1,1.E0),
.UNSPECIFIED.);
#829=CIRCLE('',#828,4.E-1);
#837=CIRCLE('',#836,4.E-1);
#887=CIRCLE('',#886,4.E-1);
#895=CIRCLE('',#894,4.E-1);
#903=CIRCLE('',#902,1.E-1);
#911=CIRCLE('',#910,1.E-1);
#919=CIRCLE('',#918,1.E-1);
#927=CIRCLE('',#926,1.E-1);
#935=CIRCLE('',#934,1.E-1);
#943=CIRCLE('',#942,1.E-1);
#972=B_SPLINE_CURVE_WITH_KNOTS('',3,(#968,#969,#970,#971),.UNSPECIFIED.,.F.,.F.,
(4,4),(0.E0,1.E0),.UNSPECIFIED.);
#980=B_SPLINE_CURVE_WITH_KNOTS('',3,(#976,#977,#978,#979),.UNSPECIFIED.,.F.,.F.,
(4,4),(0.E0,1.E0),.UNSPECIFIED.);
#988=CIRCLE('',#987,1.E-1);
#996=CIRCLE('',#995,1.E-1);
#1004=CIRCLE('',#1003,1.E-1);
#1012=CIRCLE('',#1011,1.E-1);
#1020=CIRCLE('',#1019,1.E-1);
#1028=CIRCLE('',#1027,1.E-1);
#1649=EDGE_CURVE('',#1438,#1439,#32,.T.);
#1651=EDGE_CURVE('',#1495,#1438,#40,.T.);
#1653=EDGE_CURVE('',#1493,#1495,#47,.T.);
#1655=EDGE_CURVE('',#1439,#1493,#54,.T.);
#1659=EDGE_CURVE('',#1558,#1559,#61,.T.);
#1661=EDGE_CURVE('',#1571,#1558,#68,.T.);
#1663=EDGE_CURVE('',#1577,#1571,#75,.T.);
#1665=EDGE_CURVE('',#1617,#1577,#82,.T.);
#1667=EDGE_CURVE('',#1631,#1617,#89,.T.);
#1669=EDGE_CURVE('',#1629,#1631,#96,.T.);
#1671=EDGE_CURVE('',#1627,#1629,#103,.T.);
#1673=EDGE_CURVE('',#1625,#1627,#110,.T.);
#1675=EDGE_CURVE('',#1623,#1625,#117,.T.);
#1677=EDGE_CURVE('',#1621,#1623,#124,.T.);
#1679=EDGE_CURVE('',#1575,#1621,#131,.T.);
#1681=EDGE_CURVE('',#1573,#1575,#138,.T.);
#1683=EDGE_CURVE('',#1569,#1573,#145,.T.);
#1685=EDGE_CURVE('',#1567,#1569,#152,.T.);
#1687=EDGE_CURVE('',#1565,#1567,#159,.T.);
#1689=EDGE_CURVE('',#1564,#1565,#166,.T.);
#1691=EDGE_CURVE('',#1583,#1564,#173,.T.);
#1693=EDGE_CURVE('',#1619,#1583,#180,.T.);
#1695=EDGE_CURVE('',#1643,#1619,#187,.T.);
#1697=EDGE_CURVE('',#1641,#1643,#194,.T.);
#1699=EDGE_CURVE('',#1639,#1641,#201,.T.);
#1701=EDGE_CURVE('',#1637,#1639,#208,.T.);
#1703=EDGE_CURVE('',#1635,#1637,#215,.T.);
#1705=EDGE_CURVE('',#1633,#1635,#222,.T.);
#1707=EDGE_CURVE('',#1581,#1633,#229,.T.);
#1709=EDGE_CURVE('',#1579,#1581,#236,.T.);
#1711=EDGE_CURVE('',#1561,#1579,#243,.T.);
#1713=EDGE_CURVE('',#1559,#1561,#250,.T.);
#1723=EDGE_CURVE('',#1434,#1435,#257,.T.);
#1725=EDGE_CURVE('',#1434,#1438,#401,.T.);
#1728=EDGE_CURVE('',#1439,#1435,#1028,.T.);
#1739=EDGE_CURVE('',#1485,#1435,#264,.T.);
#1741=EDGE_CURVE('',#1484,#1485,#272,.T.);
#1743=EDGE_CURVE('',#1484,#1527,#821,.T.);
#1745=EDGE_CURVE('',#1526,#1527,#280,.T.);
#1747=EDGE_CURVE('',#1526,#1434,#287,.T.);
#1757=EDGE_CURVE('',#1486,#1491,#317,.T.);
#1759=EDGE_CURVE('',#1485,#1486,#787,.T.);
#1762=EDGE_CURVE('',#1435,#1491,#1020,.T.);
#1772=EDGE_CURVE('',#1462,#1463,#294,.T.);
#1774=EDGE_CURVE('',#1467,#1462,#302,.T.);
#1776=EDGE_CURVE('',#1467,#1487,#550,.T.);
#1778=EDGE_CURVE('',#1486,#1487,#310,.T.);
#1781=EDGE_CURVE('',#1491,#1463,#324,.T.);
#1791=EDGE_CURVE('',#1458,#1459,#331,.T.);
#1793=EDGE_CURVE('',#1462,#1458,#516,.T.);
#1796=EDGE_CURVE('',#1463,#1459,#996,.T.);
#1807=EDGE_CURVE('',#1459,#1497,#338,.T.);
#1809=EDGE_CURVE('',#1503,#1497,#345,.T.);
#1811=EDGE_CURVE('',#1507,#1503,#353,.T.);
#1813=EDGE_CURVE('',#1507,#1468,#496,.T.);
#1815=EDGE_CURVE('',#1458,#1468,#361,.T.);
#1826=EDGE_CURVE('',#1495,#1497,#385,.T.);
#1829=EDGE_CURVE('',#1459,#1493,#988,.T.);
#1839=EDGE_CURVE('',#1501,#1495,#369,.T.);
#1841=EDGE_CURVE('',#1497,#1501,#377,.T.);
#1853=EDGE_CURVE('',#1438,#1531,#393,.T.);
#1855=EDGE_CURVE('',#1501,#1531,#957,.T.);
#1868=EDGE_CURVE('',#1531,#1434,#409,.T.);
#1879=EDGE_CURVE('',#1525,#1526,#422,.T.);
#1881=EDGE_CURVE('',#1525,#1531,#964,.T.);
#1892=EDGE_CURVE('',#1523,#1524,#456,.T.);
#1894=EDGE_CURVE('',#1524,#1525,#972,.T.);
#1898=EDGE_CURVE('',#1529,#1527,#814,.T.);
#1900=EDGE_CURVE('',#1529,#1520,#728,.T.);
#1902=EDGE_CURVE('',#1520,#1518,#435,.T.);
#1904=EDGE_CURVE('',#1518,#1523,#685,.T.);
#1914=EDGE_CURVE('',#1510,#1508,#442,.T.);
#1916=EDGE_CURVE('',#1524,#1508,#449,.T.);
#1919=EDGE_CURVE('',#1523,#1510,#677,.T.);
#1929=EDGE_CURVE('',#1506,#1507,#503,.T.);
#1932=EDGE_CURVE('',#1503,#1500,#469,.T.);
#1934=EDGE_CURVE('',#1500,#1508,#980,.T.);
#1937=EDGE_CURVE('',#1510,#1511,#670,.T.);
#1939=EDGE_CURVE('',#1511,#1512,#482,.T.);
#1941=EDGE_CURVE('',#1512,#1506,#631,.T.);
#1951=EDGE_CURVE('',#1470,#1468,#489,.T.);
#1955=EDGE_CURVE('',#1506,#1470,#623,.T.);
#1965=EDGE_CURVE('',#1466,#1467,#536,.T.);
#1971=EDGE_CURVE('',#1470,#1471,#616,.T.);
#1973=EDGE_CURVE('',#1471,#1472,#529,.T.);
#1975=EDGE_CURVE('',#1472,#1466,#558,.T.);
#1986=EDGE_CURVE('',#1466,#1489,#594,.T.);
#1988=EDGE_CURVE('',#1489,#1487,#543,.T.);
#2000=EDGE_CURVE('',#1474,#1472,#565,.T.);
#2002=EDGE_CURVE('',#1474,#1476,#572,.T.);
#2004=EDGE_CURVE('',#1476,#1480,#579,.T.);
#2006=EDGE_CURVE('',#1489,#1480,#587,.T.);
#2019=EDGE_CURVE('',#1451,#1471,#608,.T.);
#2021=EDGE_CURVE('',#1451,#1474,#911,.T.);
#2031=EDGE_CURVE('',#1450,#1451,#601,.T.);
#2037=EDGE_CURVE('',#1450,#1512,#638,.T.);
#2048=EDGE_CURVE('',#1450,#1454,#654,.T.);
#2050=EDGE_CURVE('',#1454,#1455,#858,.T.);
#2052=EDGE_CURVE('',#1455,#1451,#919,.T.);
#2062=EDGE_CURVE('',#1454,#1514,#646,.T.);
#2065=EDGE_CURVE('',#1514,#1450,#662,.T.);
#2075=EDGE_CURVE('',#1516,#1514,#699,.T.);
#2077=EDGE_CURVE('',#1516,#1447,#943,.T.);
#2079=EDGE_CURVE('',#1447,#1454,#865,.T.);
#2093=EDGE_CURVE('',#1516,#1518,#692,.T.);
#2096=EDGE_CURVE('',#1514,#1511,#706,.T.);
#2108=EDGE_CURVE('',#1443,#1520,#720,.T.);
#2110=EDGE_CURVE('',#1443,#1516,#927,.T.);
#2120=EDGE_CURVE('',#1442,#1443,#713,.T.);
#2124=EDGE_CURVE('',#1483,#1529,#735,.T.);
#2126=EDGE_CURVE('',#1478,#1483,#743,.T.);
#2128=EDGE_CURVE('',#1442,#1478,#750,.T.);
#2139=EDGE_CURVE('',#1442,#1446,#774,.T.);
#2141=EDGE_CURVE('',#1446,#1447,#844,.T.);
#2143=EDGE_CURVE('',#1447,#1443,#935,.T.);
#2153=EDGE_CURVE('',#1476,#1442,#758,.T.);
#2155=EDGE_CURVE('',#1446,#1476,#766,.T.);
#2167=EDGE_CURVE('',#1480,#1478,#800,.T.);
#2179=EDGE_CURVE('',#1483,#1484,#807,.T.);
#2208=EDGE_CURVE('',#1455,#1446,#851,.T.);
#2212=EDGE_CURVE('',#1474,#1455,#903,.T.);
#2228=EDGE_CURVE('',#1430,#1431,#829,.T.);
#2230=EDGE_CURVE('',#1431,#1430,#837,.T.);
#2241=EDGE_CURVE('',#1431,#1427,#879,.T.);
#2243=EDGE_CURVE('',#1426,#1427,#887,.T.);
#2245=EDGE_CURVE('',#1430,#1426,#872,.T.);
#2257=EDGE_CURVE('',#1427,#1426,#895,.T.);
#2312=EDGE_CURVE('',#1500,#1501,#950,.T.);
#2341=EDGE_CURVE('',#1493,#1463,#1004,.T.);
#2352=EDGE_CURVE('',#1491,#1439,#1012,.T.);
#2376=EDGE_CURVE('',#1559,#1535,#1049,.T.);
#2378=EDGE_CURVE('',#1534,#1535,#1245,.T.);
#2380=EDGE_CURVE('',#1558,#1534,#1035,.T.);
#2391=EDGE_CURVE('',#1561,#1541,#1042,.T.);
#2393=EDGE_CURVE('',#1535,#1541,#1252,.T.);
#2405=EDGE_CURVE('',#1565,#1538,#1329,.T.);
#2407=EDGE_CURVE('',#1543,#1538,#1140,.T.);
#2409=EDGE_CURVE('',#1564,#1543,#1056,.T.);
#2420=EDGE_CURVE('',#1579,#1553,#1070,.T.);
#2422=EDGE_CURVE('',#1541,#1553,#1259,.T.);
#2434=EDGE_CURVE('',#1581,#1613,#1063,.T.);
#2436=EDGE_CURVE('',#1553,#1613,#1266,.T.);
#2447=EDGE_CURVE('',#1583,#1555,#1322,.T.);
#2449=EDGE_CURVE('',#1615,#1555,#1126,.T.);
#2451=EDGE_CURVE('',#1619,#1615,#1077,.T.);
#2463=EDGE_CURVE('',#1633,#1598,#1084,.T.);
#2465=EDGE_CURVE('',#1613,#1598,#1273,.T.);
#2477=EDGE_CURVE('',#1635,#1599,#1091,.T.);
#2479=EDGE_CURVE('',#1598,#1599,#1280,.T.);
#2491=EDGE_CURVE('',#1637,#1601,#1098,.T.);
#2493=EDGE_CURVE('',#1599,#1601,#1287,.T.);
#2505=EDGE_CURVE('',#1639,#1603,#1105,.T.);
#2507=EDGE_CURVE('',#1601,#1603,#1294,.T.);
#2519=EDGE_CURVE('',#1641,#1605,#1112,.T.);
#2521=EDGE_CURVE('',#1603,#1605,#1301,.T.);
#2533=EDGE_CURVE('',#1643,#1607,#1119,.T.);
#2535=EDGE_CURVE('',#1605,#1607,#1308,.T.);
#2548=EDGE_CURVE('',#1607,#1615,#1315,.T.);
#2560=EDGE_CURVE('',#1555,#1543,#1133,.T.);
#2563=EDGE_CURVE('',#1538,#1539,#1147,.T.);
#2565=EDGE_CURVE('',#1539,#1545,#1154,.T.);
#2567=EDGE_CURVE('',#1545,#1549,#1161,.T.);
#2569=EDGE_CURVE('',#1549,#1609,#1168,.T.);
#2571=EDGE_CURVE('',#1609,#1586,#1175,.T.);
#2573=EDGE_CURVE('',#1586,#1587,#1182,.T.);
#2575=EDGE_CURVE('',#1587,#1589,#1189,.T.);
#2577=EDGE_CURVE('',#1589,#1591,#1196,.T.);
#2579=EDGE_CURVE('',#1591,#1593,#1203,.T.);
#2581=EDGE_CURVE('',#1593,#1595,#1210,.T.);
#2583=EDGE_CURVE('',#1595,#1611,#1217,.T.);
#2585=EDGE_CURVE('',#1611,#1551,#1224,.T.);
#2587=EDGE_CURVE('',#1551,#1547,#1231,.T.);
#2589=EDGE_CURVE('',#1547,#1534,#1238,.T.);
#2623=EDGE_CURVE('',#1567,#1539,#1343,.T.);
#2636=EDGE_CURVE('',#1569,#1545,#1336,.T.);
#2651=EDGE_CURVE('',#1571,#1547,#1350,.T.);
#2662=EDGE_CURVE('',#1573,#1549,#1364,.T.);
#2675=EDGE_CURVE('',#1575,#1609,#1357,.T.);
#2687=EDGE_CURVE('',#1577,#1551,#1420,.T.);
#2690=EDGE_CURVE('',#1617,#1611,#1371,.T.);
#2702=EDGE_CURVE('',#1621,#1586,#1378,.T.);
#2715=EDGE_CURVE('',#1623,#1587,#1385,.T.);
#2728=EDGE_CURVE('',#1625,#1589,#1392,.T.);
#2741=EDGE_CURVE('',#1627,#1591,#1399,.T.);
#2754=EDGE_CURVE('',#1629,#1593,#1406,.T.);
#2767=EDGE_CURVE('',#1631,#1595,#1413,.T.);
#2806=(LENGTH_UNIT()NAMED_UNIT(*)SI_UNIT(.MILLI.,.METRE.));
#2808=(NAMED_UNIT(*)PLANE_ANGLE_UNIT()SI_UNIT($,.RADIAN.));
#2811=(NAMED_UNIT(*)SI_UNIT($,.STERADIAN.)SOLID_ANGLE_UNIT());
#2817=AXIS2_PLACEMENT_3D('',#2814,#2815,#2816);
#2818=ADVANCED_BREP_SHAPE_REPRESENTATION('',(#2817,#2799),#2813);
#2825=PRODUCT_DEFINITION('design','',#2824,#2821);
#2826=PRODUCT_DEFINITION_SHAPE('','SHAPE FOR PWP0014K_BODY.',#2825);
#2827=SHAPE_DEFINITION_REPRESENTATION(#2826,#2818);
#2828=SHAPE_DEFINITION_REPRESENTATION(#2829,#2830);
#2829=PRODUCT_DEFINITION_SHAPE('','SHAPE FOR PWP0014K_ASM.',#4797);
#2830=SHAPE_REPRESENTATION('',(#2836,#3401,#3410,#3419,#3428,#3437,#3446,#3455,
#3464,#3473,#3482,#3491,#3500,#3509,#3518,#3547,#4776,#4791),#4787);
#2831=NEXT_ASSEMBLY_USAGE_OCCURRENCE('0','Next assembly relationship',
'PWP0014K_BODY',#4797,#2825,$);
#2832=PRODUCT_DEFINITION_SHAPE('Placement #0',
'Placement of PWP0014K_BODY with respect to PWP0014K_ASM',#2831);
#2845=CIRCLE('',#2844,3.E-1);
#2881=CIRCLE('',#2880,3.E-1);
#2945=CIRCLE('',#2944,1.5E-1);
#2953=CIRCLE('',#2952,1.5E-1);
#3003=CIRCLE('',#3002,1.5E-1);
#3011=CIRCLE('',#3010,1.5E-1);
#3033=CIRCLE('',#3032,3.E-1);
#3069=CIRCLE('',#3068,3.E-1);
#3154=EDGE_CURVE('',#3135,#3136,#2845,.T.);
#3156=EDGE_CURVE('',#3135,#3123,#2852,.T.);
#3158=EDGE_CURVE('',#3119,#3123,#3003,.T.);
#3160=EDGE_CURVE('',#3119,#3103,#2859,.T.);
#3162=EDGE_CURVE('',#3103,#3104,#2866,.T.);
#3164=EDGE_CURVE('',#3104,#3144,#2873,.T.);
#3166=EDGE_CURVE('',#3143,#3144,#2881,.T.);
#3168=EDGE_CURVE('',#3143,#3131,#2888,.T.);
#3170=EDGE_CURVE('',#3127,#3131,#2945,.T.);
#3172=EDGE_CURVE('',#3127,#3111,#2895,.T.);
#3174=EDGE_CURVE('',#3111,#3112,#2902,.T.);
#3176=EDGE_CURVE('',#3112,#3136,#2909,.T.);
#3187=EDGE_CURVE('',#3138,#3136,#2916,.T.);
#3189=EDGE_CURVE('',#3138,#3140,#3033,.T.);
#3191=EDGE_CURVE('',#3140,#3135,#3018,.T.);
#3203=EDGE_CURVE('',#3112,#3116,#2923,.T.);
#3205=EDGE_CURVE('',#3116,#3138,#3040,.T.);
#3216=EDGE_CURVE('',#3111,#3115,#2930,.T.);
#3218=EDGE_CURVE('',#3115,#3116,#3047,.T.);
#3229=EDGE_CURVE('',#3127,#3128,#2937,.T.);
#3231=EDGE_CURVE('',#3128,#3115,#3054,.T.);
#3245=EDGE_CURVE('',#3131,#3132,#2967,.T.);
#3247=EDGE_CURVE('',#3132,#3128,#2953,.T.);
#3257=EDGE_CURVE('',#3148,#3143,#2960,.T.);
#3259=EDGE_CURVE('',#3132,#3148,#3061,.T.);
#3272=EDGE_CURVE('',#3146,#3144,#2974,.T.);
#3274=EDGE_CURVE('',#3146,#3148,#3069,.T.);
#3287=EDGE_CURVE('',#3104,#3108,#2981,.T.);
#3289=EDGE_CURVE('',#3108,#3146,#3076,.T.);
#3300=EDGE_CURVE('',#3103,#3107,#2988,.T.);
#3302=EDGE_CURVE('',#3107,#3108,#3083,.T.);
#3313=EDGE_CURVE('',#3119,#3120,#2995,.T.);
#3315=EDGE_CURVE('',#3120,#3107,#3090,.T.);
#3329=EDGE_CURVE('',#3123,#3124,#3025,.T.);
#3331=EDGE_CURVE('',#3124,#3120,#3011,.T.);
#3342=EDGE_CURVE('',#3124,#3140,#3097,.T.);
#3377=(LENGTH_UNIT()NAMED_UNIT(*)SI_UNIT(.MILLI.,.METRE.));
#3379=(NAMED_UNIT(*)PLANE_ANGLE_UNIT()SI_UNIT($,.RADIAN.));
#3382=(NAMED_UNIT(*)SI_UNIT($,.STERADIAN.)SOLID_ANGLE_UNIT());
#3388=AXIS2_PLACEMENT_3D('',#3385,#3386,#3387);
#3389=ADVANCED_BREP_SHAPE_REPRESENTATION('',(#3388,#3370),#3384);
#3393=PRODUCT_DEFINITION('design','',#3392,#2821);
#3394=PRODUCT_DEFINITION_SHAPE('','SHAPE FOR PWP0014K_LEAD.',#3393);
#3395=SHAPE_DEFINITION_REPRESENTATION(#3394,#3389);
#3396=NEXT_ASSEMBLY_USAGE_OCCURRENCE('1','Next assembly relationship',
'PWP0014K_LEAD',#4797,#3393,$);
#3397=PRODUCT_DEFINITION_SHAPE('Placement #1',
'Placement of PWP0014K_LEAD with respect to PWP0014K_ASM',#3396);
#3405=NEXT_ASSEMBLY_USAGE_OCCURRENCE('2','Next assembly relationship',
'PWP0014K_LEAD',#4797,#3393,$);
#3406=PRODUCT_DEFINITION_SHAPE('Placement #2',
'Placement of PWP0014K_LEAD with respect to PWP0014K_ASM',#3405);
#3414=NEXT_ASSEMBLY_USAGE_OCCURRENCE('3','Next assembly relationship',
'PWP0014K_LEAD',#4797,#3393,$);
#3415=PRODUCT_DEFINITION_SHAPE('Placement #3',
'Placement of PWP0014K_LEAD with respect to PWP0014K_ASM',#3414);
#3423=NEXT_ASSEMBLY_USAGE_OCCURRENCE('4','Next assembly relationship',
'PWP0014K_LEAD',#4797,#3393,$);
#3424=PRODUCT_DEFINITION_SHAPE('Placement #4',
'Placement of PWP0014K_LEAD with respect to PWP0014K_ASM',#3423);
#3432=NEXT_ASSEMBLY_USAGE_OCCURRENCE('5','Next assembly relationship',
'PWP0014K_LEAD',#4797,#3393,$);
#3433=PRODUCT_DEFINITION_SHAPE('Placement #5',
'Placement of PWP0014K_LEAD with respect to PWP0014K_ASM',#3432);
#3441=NEXT_ASSEMBLY_USAGE_OCCURRENCE('6','Next assembly relationship',
'PWP0014K_LEAD',#4797,#3393,$);
#3442=PRODUCT_DEFINITION_SHAPE('Placement #6',
'Placement of PWP0014K_LEAD with respect to PWP0014K_ASM',#3441);
#3450=NEXT_ASSEMBLY_USAGE_OCCURRENCE('7','Next assembly relationship',
'PWP0014K_LEAD',#4797,#3393,$);
#3451=PRODUCT_DEFINITION_SHAPE('Placement #7',
'Placement of PWP0014K_LEAD with respect to PWP0014K_ASM',#3450);
#3459=NEXT_ASSEMBLY_USAGE_OCCURRENCE('8','Next assembly relationship',
'PWP0014K_LEAD',#4797,#3393,$);
#3460=PRODUCT_DEFINITION_SHAPE('Placement #8',
'Placement of PWP0014K_LEAD with respect to PWP0014K_ASM',#3459);
#3468=NEXT_ASSEMBLY_USAGE_OCCURRENCE('9','Next assembly relationship',
'PWP0014K_LEAD',#4797,#3393,$);
#3469=PRODUCT_DEFINITION_SHAPE('Placement #9',
'Placement of PWP0014K_LEAD with respect to PWP0014K_ASM',#3468);
#3477=NEXT_ASSEMBLY_USAGE_OCCURRENCE('10','Next assembly relationship',
'PWP0014K_LEAD',#4797,#3393,$);
#3478=PRODUCT_DEFINITION_SHAPE('Placement #10',
'Placement of PWP0014K_LEAD with respect to PWP0014K_ASM',#3477);
#3486=NEXT_ASSEMBLY_USAGE_OCCURRENCE('11','Next assembly relationship',
'PWP0014K_LEAD',#4797,#3393,$);
#3487=PRODUCT_DEFINITION_SHAPE('Placement #11',
'Placement of PWP0014K_LEAD with respect to PWP0014K_ASM',#3486);
#3495=NEXT_ASSEMBLY_USAGE_OCCURRENCE('12','Next assembly relationship',
'PWP0014K_LEAD',#4797,#3393,$);
#3496=PRODUCT_DEFINITION_SHAPE('Placement #12',
'Placement of PWP0014K_LEAD with respect to PWP0014K_ASM',#3495);
#3504=NEXT_ASSEMBLY_USAGE_OCCURRENCE('13','Next assembly relationship',
'PWP0014K_LEAD',#4797,#3393,$);
#3505=PRODUCT_DEFINITION_SHAPE('Placement #13',
'Placement of PWP0014K_LEAD with respect to PWP0014K_ASM',#3504);
#3513=NEXT_ASSEMBLY_USAGE_OCCURRENCE('14','Next assembly relationship',
'PWP0014K_LEAD',#4797,#3393,$);
#3514=PRODUCT_DEFINITION_SHAPE('Placement #14',
'Placement of PWP0014K_LEAD with respect to PWP0014K_ASM',#3513);
#3522=(LENGTH_UNIT()NAMED_UNIT(*)SI_UNIT(.MILLI.,.METRE.));
#3524=(NAMED_UNIT(*)PLANE_ANGLE_UNIT()SI_UNIT($,.RADIAN.));
#3527=(NAMED_UNIT(*)SI_UNIT($,.STERADIAN.)SOLID_ANGLE_UNIT());
#3533=AXIS2_PLACEMENT_3D('',#3530,#3531,#3532);
#3534=SHAPE_REPRESENTATION('',(#3533),#3529);
#3539=PRODUCT_DEFINITION('design','',#3538,#3535);
#3540=PRODUCT_DEFINITION_SHAPE('','SHAPE FOR PWP0014K_PIN1.',#3539);
#3541=SHAPE_DEFINITION_REPRESENTATION(#3540,#3534);
#3542=NEXT_ASSEMBLY_USAGE_OCCURRENCE('15','Next assembly relationship',
'PWP0014K_PIN1',#4797,#3539,$);
#3543=PRODUCT_DEFINITION_SHAPE('Placement #15',
'Placement of PWP0014K_PIN1 with respect to PWP0014K_ASM',#3542);
#4257=EDGE_CURVE('',#4166,#4246,#3555,.T.);
#4259=EDGE_CURVE('',#4246,#4202,#3562,.T.);
#4261=EDGE_CURVE('',#4202,#4203,#3569,.T.);
#4263=EDGE_CURVE('',#4203,#4205,#3576,.T.);
#4265=EDGE_CURVE('',#4205,#4207,#3583,.T.);
#4267=EDGE_CURVE('',#4207,#4209,#3590,.T.);
#4269=EDGE_CURVE('',#4209,#4211,#3597,.T.);
#4271=EDGE_CURVE('',#4211,#4250,#3604,.T.);
#4273=EDGE_CURVE('',#4250,#4170,#3611,.T.);
#4275=EDGE_CURVE('',#4170,#4178,#3618,.T.);
#4277=EDGE_CURVE('',#4178,#4146,#3625,.T.);
#4279=EDGE_CURVE('',#4146,#4147,#3632,.T.);
#4281=EDGE_CURVE('',#4147,#4182,#3639,.T.);
#4283=EDGE_CURVE('',#4182,#4158,#3646,.T.);
#4285=EDGE_CURVE('',#4158,#4238,#3653,.T.);
#4287=EDGE_CURVE('',#4238,#4190,#3660,.T.);
#4289=EDGE_CURVE('',#4190,#4191,#3667,.T.);
#4291=EDGE_CURVE('',#4191,#4193,#3674,.T.);
#4293=EDGE_CURVE('',#4193,#4195,#3681,.T.);
#4295=EDGE_CURVE('',#4195,#4197,#3688,.T.);
#4297=EDGE_CURVE('',#4197,#4199,#3695,.T.);
#4299=EDGE_CURVE('',#4199,#4242,#3702,.T.);
#4301=EDGE_CURVE('',#4242,#4162,#3709,.T.);
#4303=EDGE_CURVE('',#4162,#4186,#3716,.T.);
#4305=EDGE_CURVE('',#4186,#4142,#3723,.T.);
#4307=EDGE_CURVE('',#4142,#4143,#3730,.T.);
#4309=EDGE_CURVE('',#4143,#4174,#3737,.T.);
#4311=EDGE_CURVE('',#4174,#4166,#3744,.T.);
#4321=EDGE_CURVE('',#4246,#4247,#3751,.T.);
#4324=EDGE_CURVE('',#4166,#4167,#3758,.T.);
#4326=EDGE_CURVE('',#4167,#4247,#3828,.T.);
#4336=EDGE_CURVE('',#4250,#4251,#3765,.T.);
#4338=EDGE_CURVE('',#4251,#4171,#3772,.T.);
#4340=EDGE_CURVE('',#4170,#4171,#4136,.T.);
#4352=EDGE_CURVE('',#4247,#4226,#3821,.T.);
#4354=EDGE_CURVE('',#4202,#4226,#4003,.T.);
#4366=EDGE_CURVE('',#4235,#4251,#3779,.T.);
#4368=EDGE_CURVE('',#4233,#4235,#3786,.T.);
#4370=EDGE_CURVE('',#4231,#4233,#3793,.T.);
#4372=EDGE_CURVE('',#4229,#4231,#3800,.T.);
#4374=EDGE_CURVE('',#4227,#4229,#3807,.T.);
#4376=EDGE_CURVE('',#4226,#4227,#3814,.T.);
#4380=EDGE_CURVE('',#4175,#4167,#3835,.T.);
#4382=EDGE_CURVE('',#4151,#4175,#3842,.T.);
#4384=EDGE_CURVE('',#4150,#4151,#3849,.T.);
#4386=EDGE_CURVE('',#4187,#4150,#3856,.T.);
#4388=EDGE_CURVE('',#4163,#4187,#3863,.T.);
#4390=EDGE_CURVE('',#4243,#4163,#3870,.T.);
#4392=EDGE_CURVE('',#4223,#4243,#3877,.T.);
#4394=EDGE_CURVE('',#4221,#4223,#3884,.T.);
#4396=EDGE_CURVE('',#4219,#4221,#3891,.T.);
#4398=EDGE_CURVE('',#4217,#4219,#3898,.T.);
#4400=EDGE_CURVE('',#4215,#4217,#3905,.T.);
#4402=EDGE_CURVE('',#4214,#4215,#3912,.T.);
#4404=EDGE_CURVE('',#4239,#4214,#3919,.T.);
#4406=EDGE_CURVE('',#4159,#4239,#3926,.T.);
#4408=EDGE_CURVE('',#4183,#4159,#3933,.T.);
#4410=EDGE_CURVE('',#4155,#4183,#3940,.T.);
#4412=EDGE_CURVE('',#4154,#4155,#3947,.T.);
#4414=EDGE_CURVE('',#4179,#4154,#3954,.T.);
#4416=EDGE_CURVE('',#4171,#4179,#3961,.T.);
#4428=EDGE_CURVE('',#4211,#4235,#3968,.T.);
#4440=EDGE_CURVE('',#4209,#4233,#3975,.T.);
#4453=EDGE_CURVE('',#4207,#4231,#3982,.T.);
#4466=EDGE_CURVE('',#4205,#4229,#3989,.T.);
#4479=EDGE_CURVE('',#4203,#4227,#3996,.T.);
#4503=EDGE_CURVE('',#4174,#4175,#4010,.T.);
#4518=EDGE_CURVE('',#4143,#4151,#4017,.T.);
#4529=EDGE_CURVE('',#4178,#4179,#4024,.T.);
#4532=EDGE_CURVE('',#4146,#4154,#4129,.T.);
#4544=EDGE_CURVE('',#4142,#4150,#4031,.T.);
#4556=EDGE_CURVE('',#4182,#4183,#4038,.T.);
#4559=EDGE_CURVE('',#4147,#4155,#4045,.T.);
#4570=EDGE_CURVE('',#4186,#4187,#4052,.T.);
#4585=EDGE_CURVE('',#4158,#4159,#4066,.T.);
#4596=EDGE_CURVE('',#4238,#4239,#4059,.T.);
#4609=EDGE_CURVE('',#4242,#4243,#4073,.T.);
#4612=EDGE_CURVE('',#4162,#4163,#4122,.T.);
#4625=EDGE_CURVE('',#4190,#4214,#4080,.T.);
#4639=EDGE_CURVE('',#4191,#4215,#4087,.T.);
#4652=EDGE_CURVE('',#4193,#4217,#4094,.T.);
#4665=EDGE_CURVE('',#4195,#4219,#4101,.T.);
#4678=EDGE_CURVE('',#4197,#4221,#4108,.T.);
#4691=EDGE_CURVE('',#4199,#4223,#4115,.T.);
#4752=(LENGTH_UNIT()NAMED_UNIT(*)SI_UNIT(.MILLI.,.METRE.));
#4754=(NAMED_UNIT(*)PLANE_ANGLE_UNIT()SI_UNIT($,.RADIAN.));
#4757=(NAMED_UNIT(*)SI_UNIT($,.STERADIAN.)SOLID_ANGLE_UNIT());
#4763=AXIS2_PLACEMENT_3D('',#4760,#4761,#4762);
#4764=ADVANCED_BREP_SHAPE_REPRESENTATION('',(#4763,#4745),#4759);
#4768=PRODUCT_DEFINITION('design','',#4767,#3535);
#4769=PRODUCT_DEFINITION_SHAPE('','SHAPE FOR PWP0014K_DAP.',#4768);
#4770=SHAPE_DEFINITION_REPRESENTATION(#4769,#4764);
#4771=NEXT_ASSEMBLY_USAGE_OCCURRENCE('16','Next assembly relationship',
'PWP0014K_DAP',#4797,#4768,$);
#4772=PRODUCT_DEFINITION_SHAPE('Placement #16',
'Placement of PWP0014K_DAP with respect to PWP0014K_ASM',#4771);
#4780=(LENGTH_UNIT()NAMED_UNIT(*)SI_UNIT(.MILLI.,.METRE.));
#4782=(NAMED_UNIT(*)PLANE_ANGLE_UNIT()SI_UNIT($,.RADIAN.));
#4785=(NAMED_UNIT(*)SI_UNIT($,.STERADIAN.)SOLID_ANGLE_UNIT());
#4791=AXIS2_PLACEMENT_3D('',#4788,#4789,#4790);
#4797=PRODUCT_DEFINITION('design','',#4796,#4793);
ENDSEC;
END-ISO-10303-21;
